Id,Label,username,name,profile_image_url
1241033778329317376,Zer0Proto,Zer0Proto,🍓Reggie/Comet🍒,https://pbs.twimg.com/profile_images/2070995071282085888/lI5VWYzo_normal.jpg
582230335,updatecultura,updatecultura,updatecultura,https://pbs.twimg.com/profile_images/2067452413443747840/GF5JV8Ij_normal.jpg
2047054922928005120,Tama_shiin,Tama_shiin,Imu Arashi,https://pbs.twimg.com/profile_images/2084161324125421568/3Z_NP6Jo_normal.jpg
2806914710,thegameawards,thegameawards,thegameawards,https://pbs.twimg.com/profile_images/1959280062865252352/J2YGXOy9_normal.png
809153154231238657,notreezy,notreezy,terror squad puerto rican,https://pbs.twimg.com/profile_images/1927120176958275584/kt6aLJdi_normal.jpg
1246970002823172096,shaTIRED,shaTIRED,shaTIRED,https://pbs.twimg.com/profile_images/1892741534597963776/afk83lws_normal.jpg
1468594331812769792,JJs_Tweetss,JJs_Tweetss,Jaime Habets,https://pbs.twimg.com/profile_images/1956416230350262272/7CFJJ42r_normal.jpg
9451052,geoffkeighley,geoffkeighley,geoffkeighley,https://pbs.twimg.com/profile_images/1741890087632416769/THjct0fn_normal.jpg
1871452698593361923,4AlaskaAmerican,4AlaskaAmerican,4 America,https://pbs.twimg.com/profile_images/1973876013529812992/GKnkapJ7_normal.jpg
264119038,JohnMcCloy,JohnMcCloy,JohnMcCloy,https://pbs.twimg.com/profile_images/703229624201945088/GyhnQ9bY_normal.jpg
1072272064176885760,RosaJerKing,RosaJerKing,KingJeremiahRosèBlack,https://pbs.twimg.com/profile_images/2064421841280659456/mX73tGI8_normal.jpg
988949341028024320,denymkhol,denymkhol,denymkhol,https://pbs.twimg.com/profile_images/2085547299942367232/xKVV-jQp_normal.jpg
360184824,LexieSloan,LexieSloan,Jenna ✡︎,https://pbs.twimg.com/profile_images/2050169992100937728/6duQOagS_normal.jpg
14780915,RollingStone,RollingStone,RollingStone,https://pbs.twimg.com/profile_images/1976248415068532736/GlyRd63M_normal.jpg
163625375,its_dalilaaaa,its_dalilaaaa,Your Queen ✨,https://pbs.twimg.com/profile_images/1847449809860345857/8eXrsHVp_normal.jpg
1320483313518321664,virgilsbride,virgilsbride,virgilsbride,https://pbs.twimg.com/profile_images/1827537076243341312/BrzBCzto_normal.jpg
164410319,ChrisV323,ChrisV323,ℭ𝔥𝔯𝔦𝔰 シ,https://pbs.twimg.com/profile_images/2020782260539297792/LJh3Cr6h_normal.jpg
1486473049146904576,InternetH0F,InternetH0F,InternetH0F,https://pbs.twimg.com/profile_images/1568417445211152388/YsUHG-Ea_normal.jpg
1697051037922930688,mumboyoong,mumboyoong,momoboop,https://pbs.twimg.com/profile_images/2046408302129803264/8ulIRwHL_normal.jpg
1316655254306394112,TheGameVerse,TheGameVerse,TheGameVerse,https://pbs.twimg.com/profile_images/2083822157470240768/XSkJ5RUi_normal.jpg
1464043285941567490,fimonney,fimonney,Raheem Clan 👺,https://pbs.twimg.com/profile_images/2019264064732438528/ioAKZBIr_normal.jpg
379141685,ddddduen,ddddduen,ddd,https://pbs.twimg.com/profile_images/2051223158385238016/p1I6IkNO_normal.jpg
16331010,TMZ,TMZ,TMZ,https://pbs.twimg.com/profile_images/1984736147386613766/ZhO2bCxn_normal.jpg
1267857595647307776,ace_afire,ace_afire,Ace 🇺🇲,https://pbs.twimg.com/profile_images/2016001229210386432/AVzohruV_normal.jpg
1068979713677426689,jorgean82114220,jorgean82114220,jorge antonio,https://pbs.twimg.com/profile_images/1069006184240230400/3dY2VRhA_normal.jpg
38469386,KTSMtv,KTSMtv,KTSMtv,https://pbs.twimg.com/profile_images/1976482250905546752/qj9fS9KY_normal.jpg
1330132485477445633,ButtercupSasha,ButtercupSasha,Bubbles,https://pbs.twimg.com/profile_images/1356635763157458945/JJhQdYDp_normal.jpg
1334293381938343937,manonfilms,manonfilms,manonfilms,https://pbs.twimg.com/profile_images/2088492244378550273/bhGNsjw5_normal.jpg
1140360857735565313,ZyaireJones9,ZyaireJones9,zboi,https://pbs.twimg.com/profile_images/2061285203520237570/O3--hxjB_normal.jpg
1550347852026724354,ToonHive,ToonHive,ToonHive,https://pbs.twimg.com/profile_images/1819527388918677504/jqvlDxWk_normal.jpg
2655565837,MorganWstarr,MorganWstarr,Morg,https://pbs.twimg.com/profile_images/2050396835701764096/UXLmcnPD_normal.jpg
911917921,ERNIEMINAJ,ERNIEMINAJ,Ernie🩵,https://pbs.twimg.com/profile_images/2008368912526962691/plkkvB6I_normal.jpg
1736076895882555392,TheLunarSurfer,TheLunarSurfer,TheLunarSurfer,https://pbs.twimg.com/profile_images/1736077465200513024/HIC4x8gk_normal.jpg
962192995998142465,diegodeisaac,diegodeisaac,Diego de Isaac,https://pbs.twimg.com/profile_images/1963330377172328448/1cTogwVk_normal.jpg
1465543101259431939,NewbsNeutral,NewbsNeutral,Patrick Santi,https://pbs.twimg.com/profile_images/1468462184267190274/M0s1h129_normal.jpg
1365486221204586496,meltborne,meltborne,meltborne,https://pbs.twimg.com/profile_images/1872345854532571136/dF6NV2F__normal.jpg
872816684,aduttiee,aduttiee,aduttiee,https://pbs.twimg.com/profile_images/1963829055599616000/N3Hpf9-B_normal.jpg
217438534,solelynostalgia,solelynostalgia,solelynostalgia,https://pbs.twimg.com/profile_images/1986482892701052928/vdXkRAil_normal.jpg
46000418,Tehlaaaaaaaaaa_,Tehlaaaaaaaaaa_,🍫🍑,https://pbs.twimg.com/profile_images/2023043925401874432/8JJpW62h_normal.jpg
1936586957661913088,kyythemuse,kyythemuse,ky🪽🤍,https://pbs.twimg.com/profile_images/2076522682896539648/HEQ4g_WD_normal.jpg
298669470,LordGoldie615,LordGoldie615,THE MAYOR,https://pbs.twimg.com/profile_images/2055044569935302658/JU_qfOTw_normal.jpg
15553222,consequence,consequence,consequence,https://pbs.twimg.com/profile_images/1379621661104869376/O7pQDCB__normal.jpg
879043915613163520,missminahh,missminahh,taeja📔,https://pbs.twimg.com/profile_images/1891242210114359296/ZznrF7Er_normal.jpg
264464195,taecocky,taecocky,taecocky,https://pbs.twimg.com/profile_images/2065226747960860672/f4Ns364Q_normal.jpg
1212656279656656897,thejessecorona_,thejessecorona_,Jesse Corona ™️,https://pbs.twimg.com/profile_images/2056657845806837760/AotTOH8I_normal.jpg
1679206110559891476,cinnomng1rl,cinnomng1rl,cinnomng1rl,https://pbs.twimg.com/profile_images/2088806424415481856/s5sKimUC_normal.jpg
1582412126131560449,unyieldingmale,unyieldingmale,El P,https://pbs.twimg.com/profile_images/1862112720922853376/i0kcbjuv_normal.jpg
1856748184841682944,Kraytur3,Kraytur3,Kraytur3,https://pbs.twimg.com/profile_images/2065137203399815168/KhQdQ62w_normal.jpg
1612195093196279808,LemonySwirls,LemonySwirls,Lemon🇻🇦,https://pbs.twimg.com/profile_images/2086201418436780032/wzNCMNhN_normal.jpg
844089874412052480,BillArnoldTeach,BillArnoldTeach,BillArnoldTeach,https://pbs.twimg.com/profile_images/1862473352079618048/n8-oi0f2_normal.jpg
1062097760650964992,LindsayGF96,LindsayGF96,⋆.ೃ࿔🌸*:･𐙚˚࿔Lindsay𝜗𝜚˚𝄞⨾𓍢ִ໋🎧ྀི♬ ♡,https://pbs.twimg.com/profile_images/2087360551135444992/VWMPAx-N_normal.jpg
50947524,JermaineWatkins,JermaineWatkins,JermaineWatkins,https://pbs.twimg.com/profile_images/673642447331827713/b6DU9fc1_normal.jpg
2452013688,FYK___01,FYK___01,AA⁷,https://pbs.twimg.com/profile_images/1666000527430172677/8HkdRua4_normal.jpg
231231893,linalorenabc,linalorenabc,lina lorena ✨🪷,https://pbs.twimg.com/profile_images/2089213530486571008/DssgViWm_normal.jpg
769996926246916101,plainpotatotay,plainpotatotay,plainpotatotay,https://pbs.twimg.com/profile_images/1874374816804802560/Hf2Sa32q_normal.jpg
1704267748841304064,fcknlisa,fcknlisa,★ LIISA ★,https://pbs.twimg.com/profile_images/2061214355027369987/Ch0p-Qkb_normal.jpg
1416927705812045824,shaynefreeman19,shaynefreeman19,shaynefreeman19,https://pbs.twimg.com/profile_images/2086056833022648321/JTQg0duV_normal.jpg
226333936,jedidoll_,jedidoll_,🎀 bel 🎀,https://pbs.twimg.com/profile_images/2049910117831688193/0XeTiesu_normal.jpg
188970357,beltranpal,beltranpal,𝔪𝔬𝔯𝔦𝔱𝔷 𝔰𝔱𝔦𝔢𝔣𝔢𝔩,https://pbs.twimg.com/profile_images/1763452530007158784/bHWh8SdI_normal.jpg
1590534110325481472,cozyplup,cozyplup,cozyplup,https://pbs.twimg.com/profile_images/2033632003283718144/lCiqGqw2_normal.jpg
1128440485113020417,CarlosM74425803,CarlosM74425803,Carlos Miramon,https://abs.twimg.com/sticky/default_profile_images/default_profile_normal.png
78055602,georgeoketch12,georgeoketch12,George Oketch Korigah,https://pbs.twimg.com/profile_images/2007483631426572288/lfAR-69N_normal.jpg
759251,CNN,CNN,CNN,https://pbs.twimg.com/profile_images/1669780523911110656/K9gaaM1g_normal.jpg
2036270645596860416,OroroTchallaa,OroroTchallaa,Ororo👑,https://pbs.twimg.com/profile_images/2088782729080893440/DL74X9xB_normal.jpg
63514682,DavidLeavitt,DavidLeavitt,DavidLeavitt,https://pbs.twimg.com/profile_images/1398431150343954433/WS1favdQ_normal.jpg
1695659344908742656,PAIUTEzero23,PAIUTEzero23,PAIUTE023,https://pbs.twimg.com/profile_images/1746666309797224448/anG0aH8x_normal.jpg
975071626130808833,JacqvanBlerk,JacqvanBlerk,Jacq,https://pbs.twimg.com/profile_images/1878711012746010624/LUKoiCHd_normal.jpg
66007760,eclarim_,eclarim_,🌸 𝔐𝔦𝔯𝔞𝔠𝔩𝔢 🌸,https://pbs.twimg.com/profile_images/1670246858399313920/FS0laZCX_normal.jpg
757507041053343744,SPavlisak,SPavlisak,Slavomír Pavlišák - HubrisVR on PSVR2 💖,https://pbs.twimg.com/profile_images/1866129897891995648/ifw71QTj_normal.jpg
1928548814,thelegacyofnerd,thelegacyofnerd,thelegacyofnerd,https://pbs.twimg.com/profile_images/1946233727182381058/3IDpAAyj_normal.jpg
1033790408046723073,DedeHedge,DedeHedge,Dédé,https://pbs.twimg.com/profile_images/1786837633953570816/u-Fh1cNA_normal.jpg
1028819755099140097,Ty2xTV,Ty2xTV,💯K Ty2x,https://pbs.twimg.com/profile_images/1434297619539501067/oijOpaZT_normal.jpg
247540604,_blahshutup,_blahshutup,Youtube: Life With Goochie,https://pbs.twimg.com/profile_images/1962731682445889536/9fgSsuOC_normal.jpg
1372704140,_x_brianna__,_x_brianna__,Bri💓,https://pbs.twimg.com/profile_images/1960393536093708289/c8NU__7n_normal.jpg
30787476,GiovannaWorld_,GiovannaWorld_,Selena Blanco ≏,https://pbs.twimg.com/profile_images/1674593195102011392/saj_hFwO_normal.jpg
1694163320943878144,Cmalinski124119,Cmalinski124119,CGM,https://pbs.twimg.com/profile_images/1695271926837682176/AyYE3ZIJ_normal.jpg
165727849,choihiLario,choihiLario,Choi Hilario,https://pbs.twimg.com/profile_images/1221749683158056961/tahxUZnU_normal.jpg
1266213269628497921,Flelz2003,Flelz2003,Feli Lagunes,https://pbs.twimg.com/profile_images/1959409141937565696/OteoFfOR_normal.jpg
1795825365321170945,oniichanph,oniichanph,oniichanph,https://pbs.twimg.com/profile_images/1857471604718264320/TZljk-KO_normal.jpg
1300550467194363905,rkiveindigo0613,rkiveindigo0613,amethyst⁷ saw butterfly live 🦋,https://pbs.twimg.com/profile_images/2033257190375514112/Ng0GbcJl_normal.jpg
1138458175663988738,PopBase,PopBase,PopBase,https://pbs.twimg.com/profile_images/1268086791443230737/BRGz4AiW_normal.jpg
1800456802837880832,larssyoung,larssyoung,Sky Lin,https://pbs.twimg.com/profile_images/2085585010766016512/w0KMVlsw_normal.jpg
1307921442865131520,aaandromedaaaa,aaandromedaaaa,montse,https://pbs.twimg.com/profile_images/2084484169573203968/7P6CzPDl_normal.jpg
325366727,salamilayni,salamilayni,Redd.,https://pbs.twimg.com/profile_images/1957678717825871875/DJorCDsS_normal.jpg
1112331668248059906,sleepypapillon,sleepypapillon,🦋 🇫🇷,https://pbs.twimg.com/profile_images/2050071225024581632/LMfx4ca5_normal.jpg
1058744063426387968,weightycarlos,weightycarlos,𝑃𝐼𝑁𝐾𝐹𝐼𝑁𝐼𝑇𝐸 𝑠𝑢𝑝𝑒𝑟𝑖𝑜𝑟 🇵🇸,https://pbs.twimg.com/profile_images/1690180811713359873/9t2RBgWN_normal.jpg
117518298,shvnique,shvnique,shvnique,https://pbs.twimg.com/profile_images/1856445373792796672/S0hIayMB_normal.jpg
1295305002043482112,poptropica521,poptropica521,BodaciousT🍸,https://pbs.twimg.com/profile_images/2002236310237360128/-lU97z7h_normal.jpg
1298153582500499457,parasocialyte,parasocialyte,parasocialyte,https://pbs.twimg.com/profile_images/2078351667846610944/DX-uCGEx_normal.jpg
1095789050416508934,Aleszanderizsk,Aleszanderizsk,Un tal Aleszander,https://pbs.twimg.com/profile_images/1265857536080609285/Sh-zxFMA_normal.jpg
17525171,Variety,Variety,Variety,https://pbs.twimg.com/profile_images/1610752949550186496/X5zYP9oV_normal.jpg
1097634106689622017,ScorchingI,ScorchingI,Scorching Imaginations,https://pbs.twimg.com/profile_images/1530564680158171136/QkqMGC14_normal.jpg
1163657030038622208,plumbarb_,plumbarb_,plumbarb🦄,https://pbs.twimg.com/profile_images/2077513173507141632/k-uONKK5_normal.jpg
750396974436868096,ellendc6,ellendc6,Elena 🪸,https://pbs.twimg.com/profile_images/1850253467970920449/hxWbmPHP_normal.jpg
1251668622965116935,Nefe_ig,Nefe_ig,.,https://pbs.twimg.com/profile_images/1988785676695875584/KN6SyLwE_normal.jpg
3117314104,Drebae_,Drebae_,Drebae_,https://pbs.twimg.com/profile_images/2074988104352755712/ODPTOhd9_normal.jpg
477868460,Shay_K_One,Shay_K_One,Shaaay⁷ 🌙💜✨️They don’t know ´bout us💜 ⦿ ☰ ☲ 🪭,https://pbs.twimg.com/profile_images/2047001746220703746/HCwtLy-i_normal.jpg
488273610,BeesaKut,BeesaKut,Ta Gilindoda🌻,https://pbs.twimg.com/profile_images/1875263614283591680/Y9QjHE0p_normal.jpg
1034822079453908993,MundaneKing,MundaneKing,Mundane Quarry King,https://pbs.twimg.com/profile_images/1060240440400666624/cx4H3d7f_normal.jpg
45500908,FiorellaIsabelM,FiorellaIsabelM,FiorellaIsabelM,https://pbs.twimg.com/profile_images/2073553994316697600/-J826txf_normal.jpg
1782256771928834048,Nick302532,Nick302532,nick nick nick,https://pbs.twimg.com/profile_images/1782256859178848256/6jWNnHFa_normal.png
1339619325578240000,FilmUpdates,FilmUpdates,FilmUpdates,https://pbs.twimg.com/profile_images/1339620577523462147/8Sb_cCzd_normal.jpg
62898520,CazadoraDL3tras,CazadoraDL3tras,Sky 📚,https://pbs.twimg.com/profile_images/2083618141117018112/yafBiocM_normal.jpg
17469289,nypost,nypost,nypost,https://pbs.twimg.com/profile_images/2073490215327715328/4wOfTM9__normal.jpg
807441800428294144,SergioPimwong,SergioPimwong,Sergio Pimwong,https://pbs.twimg.com/profile_images/1979778498974621696/kr8w_YaK_normal.jpg
751338263051276288,ShibakuClan,ShibakuClan,Abrar Shah Ahmed,https://pbs.twimg.com/profile_images/1989761213535035392/JdYRufa2_normal.jpg
1948940806515011584,urfavlibra43298,urfavlibra43298,🎧🎀,https://pbs.twimg.com/profile_images/2080353665781555200/VqEsBBRz_normal.jpg
1195886345236824064,nighttshroud,nighttshroud,luis,https://pbs.twimg.com/profile_images/2064605571878453248/IgRDVL96_normal.jpg
1121169539503411200,moonymohan,moonymohan,ava,https://pbs.twimg.com/profile_images/2028346270805565440/rzzC_j3B_normal.jpg
1118898897131319296,CarterJahad,CarterJahad,CarterJahad,https://pbs.twimg.com/profile_images/1972435976514359296/RCx3r8HH_normal.jpg
630578244,Team_DRC7,Team_DRC7,Diego R. Cortez,https://pbs.twimg.com/profile_images/2379936708/2012-04-07-211154_normal.jpg
1095233856016244736,TropicalMaku,TropicalMaku,TropicalMaku,https://pbs.twimg.com/profile_images/1512415535681912833/bkEW7p-Q_normal.jpg
3050726371,thisgirlrhyan,thisgirlrhyan,Rhylizzle,https://pbs.twimg.com/profile_images/1836132388575023104/BH2n2D6X_normal.jpg
1520382036799803394,TXSpike7,TXSpike7,Spike,https://pbs.twimg.com/profile_images/1609943865850531840/W2tnkXcH_normal.jpg
2049539426762502144,monsterkillah32,monsterkillah32,Monster Killah,https://pbs.twimg.com/profile_images/2086632975068803072/yG7E6gGc_normal.jpg
594136396,lexaproqueen_,lexaproqueen_,‎ᗢᱬ,https://pbs.twimg.com/profile_images/1824106896896241664/00fvRd7X_normal.jpg
118921356,DanaPlusMarie,DanaPlusMarie,.,https://pbs.twimg.com/profile_images/2064214849840623616/DHCVKly2_normal.jpg
766015404,ja_4033,ja_4033,ねり・チャギ,https://pbs.twimg.com/profile_images/1444631044334886912/NNMEVf8t_normal.jpg
1507122304093982722,TheCartoonBase,TheCartoonBase,TheCartoonBase,https://pbs.twimg.com/profile_images/1669774262608035873/lFW6jimN_normal.jpg
984173883648507905,buckybears,buckybears,E🫧 diabolengo,https://pbs.twimg.com/profile_images/1743044580369432576/I_PNdLbn_normal.jpg
1121320472275226624,vbarn3s,vbarn3s,vbarn3s,https://pbs.twimg.com/profile_images/1617919566092304389/1Ru5lGPW_normal.jpg
1441852693228621832,mskawaiimiranda,mskawaiimiranda,Miranda,https://pbs.twimg.com/profile_images/2068183229950046208/38uefOd9_normal.jpg
1788729396401930241,southerngraps,southerngraps,cal,https://pbs.twimg.com/profile_images/2074857464357363712/pCo0zZw9_normal.jpg
52712735,Schultz_Report,Schultz_Report,Schultz_Report,https://pbs.twimg.com/profile_images/1939574622590230528/3niY4RmY_normal.jpg
1337952890388967426,Mariibear1,Mariibear1,itz.marii._,https://pbs.twimg.com/profile_images/1597469817711345664/VK7BX0J3_normal.jpg
1099869812774264833,missgoodpuss444,missgoodpuss444,"oops, i peed a lil bit ♡",https://pbs.twimg.com/profile_images/2088876878002286592/WuvAkrq5_normal.jpg
3127725327,Jei_Mirell,Jei_Mirell,Mirell Moore,https://pbs.twimg.com/profile_images/1874682067679621121/kU2KjZEm_normal.jpg
1606871140542341120,memo1310382744,memo1310382744,memo13,https://pbs.twimg.com/profile_images/1940914655905652736/RNe2Kcgs_normal.jpg
1367147654073974784,tears_bysc,tears_bysc,.,https://pbs.twimg.com/profile_images/2080172935659089920/CHO39PPV_normal.jpg
1241081219258908676,crabstain,crabstain,Crabstain,https://pbs.twimg.com/profile_images/2080669285186203648/7bx93hy-_normal.jpg
1666605695750242304,db9bri,db9bri,BRIZILLA,https://pbs.twimg.com/profile_images/2040973374281986048/LfUMj466_normal.jpg
2169361549,AlyricLumpkin__,AlyricLumpkin__,al🫶🏽,https://pbs.twimg.com/profile_images/1856135521468030976/yNBELON1_normal.jpg
2210325193,GothicAsura7,GothicAsura7,Asura Kimura,https://pbs.twimg.com/profile_images/1414448590337069060/cKXPw9B5_normal.jpg
887353242497273856,MrPopOfficial,MrPopOfficial,MrPopOfficial,https://pbs.twimg.com/profile_images/1954035856320176128/sUQC4LKI_normal.jpg
450163337,Ted543,Ted543,Craig Gordon,https://pbs.twimg.com/profile_images/732472110145146881/dRmvJEEN_normal.jpg
18957524,SYFY,SYFY,SYFY,https://pbs.twimg.com/profile_images/2080363434902753280/DYj_IhfU_normal.jpg
1061031881825755137,JimSanc04253783,JimSanc04253783,Jim Sanchez,https://pbs.twimg.com/profile_images/1466636161271668741/5kSUAE01_normal.jpg
995936502311014402,LillianVikingDK,LillianVikingDK,Lillian@mcocph,https://pbs.twimg.com/profile_images/2083344555504533504/96GpUgKb_normal.jpg
770373873036500992,Suzierizzo1,Suzierizzo1,Suzierizzo1,https://pbs.twimg.com/profile_images/2039394362690600960/zz_DUGxo_normal.jpg
2283693149,MissSagxo,MissSagxo,Miss Sagiterrorist,https://pbs.twimg.com/profile_images/1544322709513027585/fQR13Old_normal.jpg
1630432642653978624,Bbw_Mimi_,Bbw_Mimi_,Goddess BBW Mimi 💦,https://pbs.twimg.com/profile_images/1917827727991746560/9C8PHDzF_normal.jpg
2764080110,diancuh,diancuh,diancuh,https://pbs.twimg.com/profile_images/2082338028589142016/JaH3QxnW_normal.jpg
1045712311896481794,_lalalaurenn_,_lalalaurenn_,Lauren 🦋,https://pbs.twimg.com/profile_images/2066194447927271424/Hn8m9R-u_normal.jpg
1880926819589009408,chrryyangels,chrryyangels,cherry ❦,https://pbs.twimg.com/profile_images/2047595603153268736/_xzeuMM4_normal.jpg
240096389,TNYork91,TNYork91,Taylor York,https://pbs.twimg.com/profile_images/657676225197035520/yHwOfKch_normal.jpg
780460754910732288,DiscussingFilm,DiscussingFilm,DiscussingFilm,https://pbs.twimg.com/profile_images/1706429397467549696/hmvwfChQ_normal.jpg
2316811898,gpotranks,gpotranks,Genesis in V.E.H. ,https://pbs.twimg.com/profile_images/428456928352542721/Qf_VS3If_normal.png
28785486,ABC,ABC,ABC,https://pbs.twimg.com/profile_images/1605211963096801282/3flU1i5o_normal.jpg
1234643922116321280,bojackquotehere,bojackquotehere,matticus,https://pbs.twimg.com/profile_images/2087322138898214912/0JQMKsPm_normal.jpg
1608512579303006209,mustyfetus,mustyfetus,alex 🍉,https://pbs.twimg.com/profile_images/2086126284149837825/B4nKvdZc_normal.jpg
2320459087,tjmaceff,tjmaceff,T. Mace-y,https://pbs.twimg.com/profile_images/2021599833824567296/f2rNsEk8_normal.jpg
1295971095342915586,AndwesKelcey,AndwesKelcey,Animefan7789,https://pbs.twimg.com/profile_images/1753827612227465216/0vK3vhy3_normal.jpg
4429003533,PopCrave,PopCrave,PopCrave,https://pbs.twimg.com/profile_images/1394266006395228162/qIjjvzl7_normal.jpg
571066361,ThatBunnyKaze,ThatBunnyKaze,Kaze 🐇,https://pbs.twimg.com/profile_images/2047767395427635201/c2nIyCcR_normal.jpg
1561659743554478080,DumkeyJr,DumkeyJr,Nokey,https://pbs.twimg.com/profile_images/1561667179476557824/RI_xfafK_normal.jpg
869472613332078592,Anci3nt_Marin3r,Anci3nt_Marin3r,The Ancient Mariner,https://pbs.twimg.com/profile_images/885497476379226112/DD4dqEzg_normal.jpg
2725735737,tallandfemme,tallandfemme,elizabeth,https://pbs.twimg.com/profile_images/2061700594809622528/30gessCu_normal.jpg
59182334,LibraCharlie,LibraCharlie,Charlie A,https://pbs.twimg.com/profile_images/1306618172481601538/2aTEphOX_normal.jpg
1335893064213270530,cheerfeds,cheerfeds,CIA,https://pbs.twimg.com/profile_images/2040913124656660480/DGW0WB1C_normal.jpg
120814351,thatdamnbobby,thatdamnbobby,Fuck Ass Bob,https://pbs.twimg.com/profile_images/1782289029343420416/1LGoeSJ9_normal.jpg
452540168,DailyLoud,DailyLoud,DailyLoud,https://pbs.twimg.com/profile_images/1907818020245794816/Xhm36eAp_normal.jpg
17446621,THR,THR,THR,https://pbs.twimg.com/profile_images/528317230367268865/Po8lHinI_normal.jpeg
1193761285948743680,notgwendalupe,notgwendalupe,notgwendalupe,https://pbs.twimg.com/profile_images/2084666047081361408/iAZ_n7Ge_normal.jpg
811682960743264256,TheAfrocentricI,TheAfrocentricI,TheAfrocentricI,https://pbs.twimg.com/profile_images/1791149231673126913/Swe1DAX-_normal.jpg
1412015449009700866,HoseaXHosea,HoseaXHosea,Hosea,https://pbs.twimg.com/profile_images/2025402677740408833/BPzccVY-_normal.jpg
1353875048453476352,CuzzinTeddy,CuzzinTeddy,KO,https://pbs.twimg.com/profile_images/1540126693259563008/LJEpaQcR_normal.jpg
1212877683547242497,zerblnk,zerblnk,yop🤞🏽ˢ⁵🏰,https://pbs.twimg.com/profile_images/1802136759737724928/UGfCoBvR_normal.jpg
4720900873,localtwunkk,localtwunkk,nico,https://pbs.twimg.com/profile_images/2069308687240613888/Y5j8uF-P_normal.jpg
23573289,LuvTrinity,LuvTrinity,Lovey,https://pbs.twimg.com/profile_images/1464903468/Eye2_normal.jpg
766087591,harithhillman,harithhillman,𝘩𝘢𝘳𝘪𝘵𝘩,https://pbs.twimg.com/profile_images/1797241793534468096/gr1-Mojd_normal.jpg
1562594565692932096,trulydejah,trulydejah,dejah 🎀.,https://pbs.twimg.com/profile_images/2088664642734239744/K_i1N2lt_normal.jpg
2283611611,jkbl3003,jkbl3003,HolographicWaffle,https://pbs.twimg.com/profile_images/2050005185141870593/GQbnN6Mu_normal.jpg
1451642977890316290,carriebradshart,carriebradshart,Louis,https://pbs.twimg.com/profile_images/1969180350698905600/edSfUbtc_normal.jpg
1653951096,GoodfatherL,GoodfatherL,Andrés Totoro,https://pbs.twimg.com/profile_images/1628806327974625281/MEaPpyvR_normal.jpg
1115495508519182336,CultureCrave,CultureCrave,CultureCrave,https://pbs.twimg.com/profile_images/1852843670455918593/s4KQ-54f_normal.jpg
111204380,with_an_a,with_an_a,jia 🍂,https://pbs.twimg.com/profile_images/1270924243786596352/H2MUukdx_normal.jpg
1216745810966302728,tearyboi,tearyboi,Pasta Weed,https://pbs.twimg.com/profile_images/2064985728291856384/2VeIvutf_normal.jpg
1217218483047538688,webspinnax,webspinnax,yappstar💫🎀,https://pbs.twimg.com/profile_images/1895813518152085504/BxMp988m_normal.jpg
1729259028,nayeondaphne,nayeondaphne,daria,https://pbs.twimg.com/profile_images/2088197830192021505/qSG00Ldc_normal.jpg
1627806603113033728,tifasglove,tifasglove,naim reid shady facts,https://pbs.twimg.com/profile_images/2088792379260067840/LlCtix6q_normal.jpg
1413288812562821121,julianmiflaco,julianmiflaco,julianmiflaco,https://pbs.twimg.com/profile_images/2064361262872408065/AyNtyjau_normal.jpg
1193035614985375749,HerzenReine,HerzenReine,Reine Herzen 🌹,https://pbs.twimg.com/profile_images/1789870769553477633/GJT9ipvC_normal.jpg
179583592,khinsider,khinsider,khinsider,https://pbs.twimg.com/profile_images/1135723726283071488/LHu5qS5m_normal.png
857788521146462208,Chazz_chvzz,Chazz_chvzz,🔮Oracle Mami🔮,https://pbs.twimg.com/profile_images/1570955221727051785/ftg9j3Cd_normal.jpg
2067421019858698240,PIGS4WS,PIGS4WS,* ‍𝖇𝐫𝐞𝐚𝐤 ‍𝐭𝐡𝐞 ‍𝑐ℎ𝑎𝑖𝑛.,https://pbs.twimg.com/profile_images/2086683859123576832/RngEzHGE_normal.png
1745624791397326848,KillerQueenVI_,KillerQueenVI_,KillerQueenVI_,https://pbs.twimg.com/profile_images/2071235439374356480/ToPhOjFF_normal.jpg
2562783095,RECKNR_,RECKNR_,Tonio,https://pbs.twimg.com/profile_images/1529674104193748992/PGh46UV8_normal.jpg
1331765377316122626,zzznobasicc,zzznobasicc,c.,https://pbs.twimg.com/profile_images/2081981763983659008/jzoPzSGK_normal.jpg
3085483197,Ify_anyi1,Ify_anyi1,/a/nyi🌶️,https://pbs.twimg.com/profile_images/2077496202396917760/2JPm7Y3R_normal.jpg
286998245,Phil_Lewis_,Phil_Lewis_,Phil_Lewis_,https://pbs.twimg.com/profile_images/1620771933770993666/G1SEtN9d_normal.jpg
1651801709251788804,victoria_delmon,victoria_delmon,Victoria Delmon,https://pbs.twimg.com/profile_images/1856516431275347968/aCv26W0y_normal.jpg
259378005,MonicaBeatriz24,MonicaBeatriz24,Mônica Beatriz de Fátima🦁🥰💋,https://pbs.twimg.com/profile_images/2076055691618332672/D2KLXtzT_normal.jpg
1474477049679077380,AKwesiYesterday,AKwesiYesterday,Mr. Monday 🌬️🌤️,https://pbs.twimg.com/profile_images/2061097508911079425/e4mxVCVd_normal.jpg
101893838,livingthroughJ,livingthroughJ,livingthroughJ,https://pbs.twimg.com/profile_images/1959029763445563393/SHIjFykj_normal.jpg
861892656770596864,echobean_,echobean_,🖤Lucy❤ @ Granblue again 😔,https://pbs.twimg.com/profile_images/2005198629288435712/x6U3BMd-_normal.jpg
1069747185426853888,Skiplo2,Skiplo2,Skiplo-wave,https://pbs.twimg.com/profile_images/2085734060765192192/NDICWyyC_normal.jpg
2880304272,vnsianevaeh,vnsianevaeh,📿 Leonora (𝐿.𝐻.),https://pbs.twimg.com/profile_images/2058070172666408960/-sQgajAF_normal.jpg
1249542350386290689,finalgirlsonia,finalgirlsonia,finalgirlsonia,https://pbs.twimg.com/profile_images/2007964054409920513/VZeiZ44V_normal.jpg
27435258,omari_rose,omari_rose,Naj Omari 🐻⬇️,https://pbs.twimg.com/profile_images/1591489591596523520/syQ8b72o_normal.jpg
38220143,JL__2,JL__2,✊🏾💯 Mugiwara Driz ☠️,https://pbs.twimg.com/profile_images/2020720365241004032/MIUdroXh_normal.jpg
234926964,M_Vigik,M_Vigik,Anne Finnelan,https://pbs.twimg.com/profile_images/1208845723/white-star1_normal.png
1528611203471265794,hooniesuckle,hooniesuckle,vic 𐙚,https://pbs.twimg.com/profile_images/2083693202041659394/NxUO_eTs_normal.jpg
2508890578,dreasloves,dreasloves,Andrea,https://pbs.twimg.com/profile_images/715754223682629634/Uxyg5gq-_normal.jpg
534023,alx,alx,alx,https://pbs.twimg.com/profile_images/2088407781397135360/tR2eiJ4h_normal.jpg
1580402992238526465,NelkBSI,NelkBSI,N.B.S.I 🏳️‍🌈,https://pbs.twimg.com/profile_images/1581009068050849795/FzHzrQGG_normal.jpg
2893205020,mizethat,mizethat,Pam. 🏳️‍🌈,https://pbs.twimg.com/profile_images/1987962429964218368/lITfwIXl_normal.jpg
1301888576951476226,kennysroys,kennysroys,kennysroys,https://pbs.twimg.com/profile_images/2036525886351220738/Gbo6pCue_normal.jpg
1247835134,Leslie_V92,Leslie_V92,Leslie Mabel,https://pbs.twimg.com/profile_images/1961297830259183617/eyCKtQ5b_normal.jpg
118851968,kenzie__xcx,kenzie__xcx,kenzie__xcx,https://pbs.twimg.com/profile_images/2036883752799051776/n-x1OJrX_normal.jpg
39292745,NahashonKimemia,NahashonKimemia,Nahashon Kimemia,https://pbs.twimg.com/profile_images/1458392017692676099/uAhYw-Uj_normal.jpg
19463681,SnarkAvenue,SnarkAvenue,Dawn-Marie X 💫,https://pbs.twimg.com/profile_images/2087866838835236864/6WT0JrGl_normal.jpg
1640929196,mmpadellan,mmpadellan,mmpadellan,https://pbs.twimg.com/profile_images/1286711762725871617/gA2IaqbR_normal.jpg
1846753233345134593,ilovehumperdoo,ilovehumperdoo,CARDIINOCHEZ_,https://pbs.twimg.com/profile_images/1944670873228922880/GTf1gS9R_normal.jpg
765208928657387520,2000sphase,2000sphase,2000sphase,https://pbs.twimg.com/profile_images/1659245806396768275/SrCn9kQy_normal.jpg
44532621,Fresh1ey,Fresh1ey,"J.Hardin, CSM",https://pbs.twimg.com/profile_images/2087199095278436352/hacB1-CD_normal.jpg
2159158659,Monkey_118,Monkey_118,A BAD BITCH! (Taj),https://pbs.twimg.com/profile_images/2083609923062026241/cWPfL5ad_normal.jpg
192131622,jeztify,jeztify,Jesper Tan,https://abs.twimg.com/sticky/default_profile_images/default_profile_normal.png
949898869,NextBestPicture,NextBestPicture,NextBestPicture,https://pbs.twimg.com/profile_images/2035126555072970752/xCFGAzZu_normal.jpg
1219289254645256193,Skullkillerz175,Skullkillerz175,skullkillerz175,https://pbs.twimg.com/profile_images/1662295551952711681/h9qSvzkf_normal.jpg
1521793259479216129,f_oneputtana,f_oneputtana,f_oneputtana,https://pbs.twimg.com/profile_images/2088924970491772928/u6Jso_QQ_normal.jpg
237913099,Brenda_mty86,Brenda_mty86,Clueless_mty86,https://pbs.twimg.com/profile_images/1420953405930016769/1MPUzhPi_normal.jpg
1110631566319996928,Lucasolasunkan1,Lucasolasunkan1,ogidan.jnr,https://pbs.twimg.com/profile_images/2012893113111420928/d9Ck7TmG_normal.jpg
428333,cnnbrk,cnnbrk,cnnbrk,https://pbs.twimg.com/profile_images/925092227667304448/fAY1HUu3_normal.jpg
1129633388699299840,BigBagHARV,BigBagHARV,Live Más,https://pbs.twimg.com/profile_images/2063326514481954816/0QT-tAlu_normal.jpg
1851434488233877504,neuteredtwink,neuteredtwink,chayenne ɞ,https://pbs.twimg.com/profile_images/2075371697205567488/iISYhop9_normal.jpg
953309147830906881,BaeBaeMamba,BaeBaeMamba,𝔇𝔞𝔅𝔞𝔢𝔅𝔞𝔢🦚,https://pbs.twimg.com/profile_images/2039133275437010944/2EM72_JK_normal.jpg
2883841,enews,enews,enews,https://pbs.twimg.com/profile_images/1589726783917654020/DqxOturq_normal.jpg
1448475388292870147,RedReignSapph,RedReignSapph,Red Reign & Sapphire,https://pbs.twimg.com/profile_images/1454550840140877833/hKvUS2IV_normal.jpg
1626197654874083330,cassol_ronnie,cassol_ronnie,ronnie cassol,https://pbs.twimg.com/profile_images/1626660052189732865/GxV9XBiF_normal.jpg
1338867940792254465,CinemaTweets1,CinemaTweets1,CinemaTweets1,https://pbs.twimg.com/profile_images/1339063300340903942/mQ02A8LH_normal.jpg
720030721331630081,Ramossss___,Ramossss___,💋,https://pbs.twimg.com/profile_images/1926024802239643649/OezCctv2_normal.jpg
840579009750659072,ShellSmarts,ShellSmarts,Donatello Hamato: The Brains of the Four Brothers,https://pbs.twimg.com/profile_images/965314023175565312/oDxy5QV6_normal.jpg
1363585324660776970,animeupdates,animeupdates,animeupdates,https://pbs.twimg.com/profile_images/2010821631636123648/xsHY0Wg4_normal.jpg
135470893,_Teegan__,_Teegan__,MaNdaba,https://pbs.twimg.com/profile_images/2079473714203115520/2GhLoB9c_normal.jpg
3454487481,IAmImaniii,IAmImaniii,Imaanï,https://pbs.twimg.com/profile_images/1966024276668030976/VjjE8gLt_normal.jpg
116112149,ItsClaudioh,ItsClaudioh,Claudioh!,https://pbs.twimg.com/profile_images/1958561915250114560/JtaA3Nxj_normal.jpg
2401644510,MissRivia,MissRivia,MissRivia_VO,https://pbs.twimg.com/profile_images/1912099760862838784/ce86S-4B_normal.jpg
1654219402261192705,moizetwal,moizetwal,Moi🤭💁🏽‍♀️,https://pbs.twimg.com/profile_images/2087701720755318784/sX6vg17N_normal.jpg
1950196015,justbreee,justbreee,B.,https://pbs.twimg.com/profile_images/1867831479411126272/3o8EzXaD_normal.jpg
389557534,xstoopkid,xstoopkid,CJ | EVE 6,https://pbs.twimg.com/profile_images/2046436102844919808/c3XNOFme_normal.jpg
2803025889,afrokami,afrokami,afrokami,https://pbs.twimg.com/profile_images/2088821030152278017/9Fe9aISw_normal.jpg
521032823,ThatAriesGuy,ThatAriesGuy,MaitoGuy,https://pbs.twimg.com/profile_images/1524447396771639300/sqyDn6f__normal.jpg
1526400398851985409,jinfinancas,jinfinancas,•ᴗ•,https://pbs.twimg.com/profile_images/1611123343259832322/U9yjzz4T_normal.jpg
1153938158456725505,HectormexiXIII,HectormexiXIII,HectormexiXIII,https://pbs.twimg.com/profile_images/2055213105202991105/JlPe_g_F_normal.jpg
1419358421644685315,sukiisukii18,sukiisukii18,cherry,https://pbs.twimg.com/profile_images/2041670605309878272/cnsonIBt_normal.jpg
1686042628314341376,FOURTUN4TE,FOURTUN4TE,miles 🍀,https://pbs.twimg.com/profile_images/2082716977018085376/tRls8UkJ_normal.jpg
1869135794612338688,yvesdr0pper,yvesdr0pper,cza,https://pbs.twimg.com/profile_images/2088208819583438848/dgU9BmBL_normal.jpg
2060746723337936896,bobnews2026,bobnews2026,Bob News,https://pbs.twimg.com/profile_images/2063313409794535424/ncFGNIJy_normal.jpg
1226800872610508800,iheartk4mi,iheartk4mi,kami,https://pbs.twimg.com/profile_images/2086960876855177216/GLKQopFF_normal.jpg
800586232224878592,AAlessG,AAlessG,Aless✨,https://pbs.twimg.com/profile_images/2069491898004189184/7IzlcJsa_normal.jpg
336950952,kalexjoyt,kalexjoyt,kale,https://pbs.twimg.com/profile_images/1955692220692004866/5YtCX7DC_normal.jpg
1970315429693530114,BriannaTay54448,BriannaTay54448,Brianna Taylor,https://abs.twimg.com/sticky/default_profile_images/default_profile_normal.png
1323021366392750081,SWITCHPOSlTIONS,SWITCHPOSlTIONS,Enmanuel,https://pbs.twimg.com/profile_images/1685300184475963392/oPwDhHJB_normal.jpg
1514652522614607881,hoshi__404,hoshi__404,☆ HØ$HI ☆,https://pbs.twimg.com/profile_images/2084881032071790592/sT8OFggu_normal.jpg
1812264516996210688,lightheavenli,lightheavenli,bloom later,https://pbs.twimg.com/profile_images/2032204443937275904/8a_Y_a8Y_normal.jpg
3182221356,KingWLDFREHTX1,KingWLDFREHTX1,Andrew P. Stewart /🤴🏽 WLDFRE,https://pbs.twimg.com/profile_images/2054405491296460800/Bqus4VyS_normal.jpg
21257791,capitanjack,capitanjack,ALBERTO SANCHEZ,https://pbs.twimg.com/profile_images/1196506324/madmen_icon_normal.jpg
1031040467247357952,Kasai_101,Kasai_101,Kitsune.101🦊📺|| (comms open),https://pbs.twimg.com/profile_images/2006861828492849153/FFXx4L7q_normal.jpg
794661033340182528,SpaceKaijuu,SpaceKaijuu,SpaceKaijuu,https://pbs.twimg.com/profile_images/2063824104566804481/FpFQzF8T_normal.jpg
1396276029501722624,NeonAng16253768,NeonAng16253768,ANGELS ARE MACHINES,https://pbs.twimg.com/profile_images/1735123592252215296/JApcg6w4_normal.jpg
362856903,silvesus,silvesus,Susan Silveira,https://pbs.twimg.com/profile_images/1047685494513885184/X2uGDFAl_normal.jpg
262495825,softtail65,softtail65,softtail65,https://pbs.twimg.com/profile_images/1326141020472561666/5ajORaZj_normal.jpg
2732751833,Blackwindxiii,Blackwindxiii,BWL,https://pbs.twimg.com/profile_images/496039131605377024/UNTEyjRg_normal.jpeg
1519385353660080129,Prolotario1,Prolotario1,Prolotario1,https://pbs.twimg.com/profile_images/1921972838325493760/tmBYa9-y_normal.jpg
1273196337971040256,YFarah_,YFarah_,Yusuf,https://pbs.twimg.com/profile_images/2088707827963482112/PDMS_rQU_normal.jpg
1609620531774464001,_TruthZone_,_TruthZone_,_TruthZone_,https://pbs.twimg.com/profile_images/2061646923786829824/g1krNnmK_normal.jpg
997395925915000833,rhapsodyloki,rhapsodyloki,Amy,https://pbs.twimg.com/profile_images/2069247011602460672/nI81egA3_normal.jpg
192431526,JWAndrews11,JWAndrews11,Joshua William Andrews ❤️‍🔥🧣💎,https://pbs.twimg.com/profile_images/1739475729262252032/_wbsHb8n_normal.jpg
2832853095,starflower133,starflower133,Catisdabarbie_,https://pbs.twimg.com/profile_images/2020572383778893824/B_tEMKc6_normal.jpg
1316493639049191425,KillDaDJ_,KillDaDJ_,KillDaDJ_,https://pbs.twimg.com/profile_images/2067425058566422528/6xZcts1G_normal.jpg
19166468,sxm_1324,sxm_1324,Samantha 💀,https://pbs.twimg.com/profile_images/2032131619255918601/IkQMENjK_normal.jpg
1646492992566353921,LauraEdger38880,LauraEdger38880,Laura Edgerly,https://pbs.twimg.com/profile_images/1646493062762315777/v3vUOyd8_normal.jpg
1245145064025751552,auttie2turnt,auttie2turnt,still thotumn,https://pbs.twimg.com/profile_images/1387272536040349696/GXmx_lXr_normal.jpg
1545426893788401668,LightbrightVon,LightbrightVon,𝒱𝑜𝓃 🏀,https://pbs.twimg.com/profile_images/2073808604935643136/t_8Lpm4k_normal.jpg
83756313,foxes107,foxes107,Eduardo,https://pbs.twimg.com/profile_images/1856033993944104960/LY1hp16Z_normal.jpg
139283076,KHGuides,KHGuides,KHGuides,https://pbs.twimg.com/profile_images/1685045052089790466/63cvBMZk_normal.png
997890467697115136,chubbb34r,chubbb34r,chubbb34r,https://pbs.twimg.com/profile_images/1929794749718056960/lPQgePMC_normal.jpg
1248585282720608260,animefeelsx_,animefeelsx_,animefeelsx_,https://pbs.twimg.com/profile_images/1248585422046781441/Hr5ERkLk_normal.jpg
1214370835382906880,sydneesiarraa,sydneesiarraa,SYD †,https://pbs.twimg.com/profile_images/2015636145485357057/RBeDCExA_normal.jpg
2056396875234983937,_iamcarlab,_iamcarlab,Carla Fannibal conoció a Mads Mikkelsen en la CCXP,https://pbs.twimg.com/profile_images/2056397517206831104/bMKC1fU7_normal.jpg
1519398112636329989,ForestHart3,ForestHart3,Forest Hart,https://pbs.twimg.com/profile_images/1669926173868978180/IzFMkoSm_normal.jpg
1873816363103641606,BethanyForTruth,BethanyForTruth,BethanyForTruth,https://pbs.twimg.com/profile_images/2057314677701459968/qRNAHj1i_normal.jpg
45065329,daniiiphantom__,daniiiphantom__,ethereal bombshell 🌻,https://pbs.twimg.com/profile_images/2070953069320499200/3W8urCz__normal.jpg
1297644759897518081,Lookinfortroub2,Lookinfortroub2,Lookinfortrouble,https://pbs.twimg.com/profile_images/1297645342960361472/W-l4QiaL_normal.jpg
3266823482,alovee__,alovee__,ALO,https://pbs.twimg.com/profile_images/2081212483419897857/0TQ6tgbp_normal.jpg
534457596,ayobigteo,ayobigteo,KeyBlade Baddie Protector🗝️❤️,https://pbs.twimg.com/profile_images/2082262663271272448/XifDIOeF_normal.jpg
461921570,markpva,markpva,mar,https://pbs.twimg.com/profile_images/1798175093459218432/GnQzdCw3_normal.jpg
1153513600759271426,juliveronn,juliveronn,Julii ⭐⭐⭐,https://pbs.twimg.com/profile_images/1308203707784400896/WWy5NxE-_normal.jpg
1549600806118207489,Franchiauhh,Franchiauhh,Franch | JJJ enthusiast 🦊🐯,https://pbs.twimg.com/profile_images/2078669446965805056/SKUYO5ps_normal.jpg
22816349,Bozzyman,Bozzyman,The Bozzyman,https://pbs.twimg.com/profile_images/1978970733976997888/HFkG6gM1_normal.jpg
1599768151,jaimarim,jaimarim,Jaimari,https://pbs.twimg.com/profile_images/1983553602141507584/j9Nfrvsp_normal.jpg
1214299396503769088,KurlyChrisTV,KurlyChrisTV,KurlyChris,https://pbs.twimg.com/profile_images/2059817636578684928/mpTNZ9UW_normal.jpg
1597364389048614912,PolymarketBlitz,PolymarketBlitz,PolymarketBlitz,https://pbs.twimg.com/profile_images/1930227786804793344/C0MhZXHI_normal.jpg
1652582785448652800,yessirskidubs,yessirskidubs,🪬🏆Warrior Wintality🏆🪬,https://pbs.twimg.com/profile_images/1980512758756990976/AJ7abS3D_normal.jpg
1121442122115186689,rnevermore04,rnevermore04,Raven,https://pbs.twimg.com/profile_images/1572455433562095616/yb2iiP-s_normal.jpg
421323891,longlivenipsey_,longlivenipsey_,Catcher Freeman,https://pbs.twimg.com/profile_images/2076408063066615808/Wh23oMto_normal.jpg
267530507,rockstarryah,rockstarryah,baby,https://pbs.twimg.com/profile_images/2046748193858134016/1X1y6fLI_normal.jpg
1119280172753092608,NGUBESIZWE_M,NGUBESIZWE_M,KHASH🇿🇦,https://pbs.twimg.com/profile_images/1908400786255556608/9jbSfO9I_normal.jpg
1026464077198123008,ViperousVT,ViperousVT,Viperous ヴァイペラス VT 🐍LamiaVtuber🐍🕹,https://pbs.twimg.com/profile_images/2009133146550267904/dq3fVYV9_normal.jpg
24838127,Feeblyy,Feeblyy,Phoebe,https://pbs.twimg.com/profile_images/1753480396317364225/whwZlesk_normal.jpg
1569829620366643200,dunnie_beater,dunnie_beater,DunnieBeater,https://pbs.twimg.com/profile_images/1569830010168516608/sgyn84Q__normal.jpg
728819442621153280,Neutronomicon,Neutronomicon,Pip 🇵🇸,https://pbs.twimg.com/profile_images/1284630853776105472/sTPPYbvY_normal.jpg
289713680,DevonJack_15,DevonJack_15,Devon,https://pbs.twimg.com/profile_images/2089153616804253696/emanI2Lh_normal.jpg
48583562,lizicea7x,lizicea7x,Elizabeth,https://pbs.twimg.com/profile_images/893027563940921345/px96xBZ-_normal.jpg
171211056,Ichikyo57,Ichikyo57,Ichikyo,https://pbs.twimg.com/profile_images/1609058117211377665/5j-zH6xI_normal.jpg
1006631260704239616,NoisyPixelNews,NoisyPixelNews,NoisyPixelNews,https://pbs.twimg.com/profile_images/1608219647077146625/dG78ojfb_normal.jpg
1749647977713463296,le9nhart,le9nhart,ภana,https://pbs.twimg.com/profile_images/2073588701309853696/zZME3Zw1_normal.jpg
2967151468,Kinds_Mckenzie,Kinds_Mckenzie,Kinds Mckenzie,https://pbs.twimg.com/profile_images/1460821878772219904/cIXVqDEx_normal.jpg
1703843845925224448,MaySantos516,MaySantos516,SaffireMama70,https://pbs.twimg.com/profile_images/2084186774767828992/Pe_2uOhC_normal.jpg
1551113627444338688,Spiral_Rain316,Spiral_Rain316,Nites Angel,https://pbs.twimg.com/profile_images/2076370814161567745/eFcmqi9r_normal.jpg
599532695,AuraJosh,AuraJosh,Joshua Oz,https://pbs.twimg.com/profile_images/1702663604430888960/W7IQyIO4_normal.jpg
843449460416004096,NorVahn,NorVahn,Vahn,https://pbs.twimg.com/profile_images/1974266843398287360/H0aHbhcD_normal.jpg
1185401757867937792,nerdy_zekrom,nerdy_zekrom,NerdyZekrom,https://pbs.twimg.com/profile_images/1935521108762992640/G5392mvK_normal.jpg
798280604,fhilipecrash,fhilipecrash,chillis,https://pbs.twimg.com/profile_images/2089160878771810304/Aybl0mAs_normal.jpg
22650211,GMA,GMA,GMA,https://pbs.twimg.com/profile_images/1934627597931171840/CYHoWPC8_normal.jpg
755924286628466688,frxxsia,frxxsia,fré.,https://pbs.twimg.com/profile_images/1969171869484847104/kJs_MEHB_normal.jpg
1474732444867829760,sooprettyi,sooprettyi,Nene🦋🫧,https://pbs.twimg.com/profile_images/2055349960766337024/En5yTf-H_normal.jpg
1866246646922956800,DstandsforDark,DstandsforDark,DstandsforDarkness,https://pbs.twimg.com/profile_images/1866247145558360064/84n8-UTh_normal.jpg
2205576643,rojas2465,rojas2465,Jaime Rojas,https://pbs.twimg.com/profile_images/575660249899622401/kNaMQ42F_normal.jpeg
2069650165208657920,Voidnir,Voidnir,ʙᴜɴɴʏ 🍹,https://pbs.twimg.com/profile_images/2069651780078653440/YIfJGjz0_normal.jpg
883028436863922176,KaePatrece,KaePatrece,KAE PATRECE,https://pbs.twimg.com/profile_images/1990355624291438592/pdFQwfsZ_normal.jpg
1564301481624453122,aaron3p_,aaron3p_,ari ･˚｡✧˚⋆｡･ 🇦🇷☀️,https://pbs.twimg.com/profile_images/2078610033693130752/_y3qN1rI_normal.jpg
1297308885837996037,GlowedMonemaker,GlowedMonemaker,GlowedMonemaker,https://pbs.twimg.com/profile_images/2062349248801505280/dr15vqIi_normal.jpg
1792843461517062144,DrewMargolis84,DrewMargolis84,Drew Margolis,https://abs.twimg.com/sticky/default_profile_images/default_profile_normal.png
1394680198705123329,mazemoore,mazemoore,mazemoore,https://pbs.twimg.com/profile_images/1615800151750152208/qeY0l05r_normal.jpg
231955131,MIKEEASTTT,MIKEEASTTT,MIKENJOKU,https://pbs.twimg.com/profile_images/878459073682952192/4_nRrsSf_normal.jpg
323401248,Shehasnoname_,Shehasnoname_,👑🤑💫✨,https://pbs.twimg.com/profile_images/2077388910393483264/wHNStKbA_normal.jpg
1655086260006912002,CarrKyree_,CarrKyree_,A KC Company,https://pbs.twimg.com/profile_images/1655097013657124864/ERKC_s98_normal.jpg
903223524445257729,MoviesThatMaher,MoviesThatMaher,MoviesThatMaher,https://pbs.twimg.com/profile_images/1900900832352083968/SIV3uz0n_normal.jpg
1384890479066628101,moxxymillionss,moxxymillionss,meow,https://pbs.twimg.com/profile_images/1944647823917543424/oisUGjE3_normal.jpg
713710200,RJHardcoreDove,RJHardcoreDove,RJ Dove,https://pbs.twimg.com/profile_images/2427647932/CM_Punk_and_I_normal.jpg
1505789460973240321,ladientista,ladientista,valessssssita,https://pbs.twimg.com/profile_images/2059017573404987392/ZnwcNOVF_normal.jpg
1550534415528386561,EmotionsGreen,EmotionsGreen,Eli - Liberation🖤🔱❤️,https://pbs.twimg.com/profile_images/2056638906985050112/MrAD1OvO_normal.jpg
2230572757,brocco_lix,brocco_lix,Máximo de Barros,https://pbs.twimg.com/profile_images/1980085327021608960/U6gOmDeu_normal.jpg
1522133883822780417,FreeTheTruth22,FreeTheTruth22,🇺🇲 Ryan 🇺🇲,https://pbs.twimg.com/profile_images/1856234891718897665/mRjiChS3_normal.jpg
76480273,RenzoSupreme,RenzoSupreme,獣の王 ☯️🪬,https://pbs.twimg.com/profile_images/2057568168034402304/d7jSaTbI_normal.jpg
1090319491957968901,kaezius,kaezius,Kae,https://pbs.twimg.com/profile_images/1730710188145905664/QtawviDo_normal.jpg
61550741,IshmaelRJohnson,IshmaelRJohnson,IshmaelRJohnson,https://pbs.twimg.com/profile_images/2058971745822953472/EOQKoM9-_normal.jpg
1487308647340208129,316whatupz1,316whatupz1,316whatupz,https://pbs.twimg.com/profile_images/1487317993117814785/Qr9Zj4QD_normal.jpg
919579973068800000,interrupted99,interrupted99,Interrupted 🍷 ⁷ 💿,https://pbs.twimg.com/profile_images/1079770436278185984/6gyJDx74_normal.jpg
1673829306613497856,3aithL3asir,3aithL3asir,expired PPP Loan,https://pbs.twimg.com/profile_images/1694837025772343296/NilSOTvz_normal.jpg
850422241812787200,MorbidHumor101,MorbidHumor101,𝓦𝓲𝓷𝓰𝓮𝓭 𝓕𝓪𝓰𝓰𝓸𝓽 𝓸𝓯 𝓡𝓪,https://pbs.twimg.com/profile_images/1880523637091926016/qQXIAN_S_normal.jpg
291844821,ILove3M,ILove3M,✮⋆Sophie🇨🇵,https://pbs.twimg.com/profile_images/1699500872693092352/OYZaBPyf_normal.jpg
1601086131537252352,MyrtlesGirdles,MyrtlesGirdles,Myrtle,https://pbs.twimg.com/profile_images/1840013776613191682/nP9K6wJt_normal.jpg
1638262165269368846,SteveLovesAmmo,SteveLovesAmmo,SteveLovesAmmo,https://pbs.twimg.com/profile_images/2081179835762610176/cwAnbGrr_normal.jpg
1431689979269353474,scalestartupss,scalestartupss,Muhammad Adil,https://pbs.twimg.com/profile_images/1596717137619566592/cV2-yY08_normal.jpg
3250396856,J4YLIN__,J4YLIN__,J,https://pbs.twimg.com/profile_images/2006522557080494080/B5BX3akf_normal.jpg
1745223089414197249,brunettebimb00,brunettebimb00,SunSucker2000,https://pbs.twimg.com/profile_images/2052264228128428037/aUxklvJ__normal.jpg
1917907919687073792,avoiruins,avoiruins,🫧,https://pbs.twimg.com/profile_images/2052875659895287808/dRbO0XP2_normal.jpg
1333534273140355073,makevoumine,makevoumine,makevoumine,https://pbs.twimg.com/profile_images/2088790408000151552/h9gVDYdi_normal.jpg
239912825,LifeThatGoesOn,LifeThatGoesOn,Eman 9/18,https://pbs.twimg.com/profile_images/2021242545976565760/Z3icMScx_normal.jpg
300120840,KayMastura,KayMastura,Rêveuse,https://pbs.twimg.com/profile_images/1258978882251894790/9Bu2Cq05_normal.jpg
400489691,LeMysterio,LeMysterio,Arvin Rao,https://pbs.twimg.com/profile_images/1032836897205145601/7CKtTiup_normal.jpg
1344811071450836998,jiaraforever1,jiaraforever1,Liliana | mooncovey + shse cannon soon 💞,https://pbs.twimg.com/profile_images/1945912702523641857/VQ9d-AFU_normal.jpg
3242535054,kumv_tv,kumv_tv,KUMV-TV,https://pbs.twimg.com/profile_images/1703883697374498816/1qTzH5Gc_normal.jpg
18079519,KFYRTV,KFYRTV,KFYR-TV,https://pbs.twimg.com/profile_images/1588949879807672320/WNmk6l4G_normal.jpg
730590358967443458,JoeSkurzTV,JoeSkurzTV,Joe Skurzewski 🎥,https://pbs.twimg.com/profile_images/1048590655784714241/zMXR289t_normal.jpg
227046073,KMOT_TV,KMOT_TV,KMOT,https://pbs.twimg.com/profile_images/1588949489552867330/txEVSja3_normal.jpg
1874732020682706944,wheresmyfem,wheresmyfem,bambi ꨄ︎,https://pbs.twimg.com/profile_images/2087328701947977728/siEFjiSg_normal.jpg
872053050483060736,LoloEtny,LoloEtny,LOLO,https://pbs.twimg.com/profile_images/2010257327274725376/jOwzwHzf_normal.jpg
1316632013470867456,Giftylee_,Giftylee_,Giftylee_,https://pbs.twimg.com/profile_images/1596874475869446146/fUiCggg9_normal.jpg
172643118,Aye_Nique,Aye_Nique,tylishaunique,https://pbs.twimg.com/profile_images/1567597789370097668/f5f9XYsW_normal.jpg
975195434,spicebae_,spicebae_,spicebae_,https://pbs.twimg.com/profile_images/2055463379242778624/uoFwsXyr_normal.jpg
2043506716717805568,gcforeverac,gcforeverac,gc activist,https://abs.twimg.com/sticky/default_profile_images/default_profile_normal.png
622634508,chaynes11_,chaynes11_,C 🧸,https://pbs.twimg.com/profile_images/1884845870853603328/_4zU2xek_normal.jpg
1382784423234445315,bbydrewblue,bbydrewblue,bbydrewblue,https://pbs.twimg.com/profile_images/2039043317128925185/tVlLL6Zu_normal.jpg
701067845732589568,forever20tysi6,forever20tysi6,"Last Name, Ever. First Name, Greatest.",https://pbs.twimg.com/profile_images/2051079697136562176/7W38G5p5_normal.jpg
1432553883386224643,judas_dunne,judas_dunne,Saulz,https://pbs.twimg.com/profile_images/1846352442121711616/0i-etH2f_normal.jpg
1346940628446437378,EVILSCRE4M,EVILSCRE4M,EVILSCRE4M,https://pbs.twimg.com/profile_images/2087689675737550848/QEbwpCkJ_normal.jpg
1170588266,JuliunHarris445,JuliunHarris445,Juliun Harris,https://pbs.twimg.com/profile_images/1460139212792074244/s3j2BjLg_normal.jpg
204194096,NeverTheKidd,NeverTheKidd,Sydney Conley,https://pbs.twimg.com/profile_images/1843068945386921984/f-zBjJuH_normal.jpg
1242690743853965312,_shaywheeler_,_shaywheeler_,Shay - 🇵🇸,https://pbs.twimg.com/profile_images/1617607446809219091/cF605FWu_normal.jpg
476395957,sassyashieOG,sassyashieOG,Ashley 😷💜🟧,https://pbs.twimg.com/profile_images/1736610867268009984/mFXD6c5k_normal.jpg
1192172366,ArnoldMendoza99,ArnoldMendoza99,Arnold Mendoza,https://pbs.twimg.com/profile_images/1736890229452337152/UvzBBx4e_normal.jpg
2085048065551974400,Brendag67rv,Brendag67rv,Brenda,https://pbs.twimg.com/profile_images/2085091589722898432/zKfE1lg2_normal.jpg
3241128335,LiLDM3_,LiLDM3_,DM3,https://pbs.twimg.com/profile_images/2061678995247177728/6Z-4HnPI_normal.jpg
296526496,RomainDhu,RomainDhu,☆Romain☆,https://pbs.twimg.com/profile_images/2069805143185375232/ih53duqs_normal.jpg
284900954,rotzeo_,rotzeo_,Ro,https://pbs.twimg.com/profile_images/2062693584693043200/_n6v4u-K_normal.jpg
64001246,hypercamila,hypercamila,.,https://pbs.twimg.com/profile_images/1678956882000502784/d52mg-f8_normal.jpg
1792320076261007360,StefanGerards_,StefanGerards_,Stefan,https://pbs.twimg.com/profile_images/1820135834206552064/ub7vq0XW_normal.jpg
1840165736116785152,Joycesburnerrr,Joycesburnerrr,joyyyyy🧚🏾‍♀️ 🇨🇩,https://pbs.twimg.com/profile_images/2074009460767424513/njogA0rL_normal.jpg
25195304,stuffTramsays,stuffTramsays,Shrimp Rice Roll ❁ ❂,https://pbs.twimg.com/profile_images/1913334706336391168/1iTt1BuD_normal.jpg
1403014008781770758,__cyndaquillll,__cyndaquillll,__cyndaquillll,https://pbs.twimg.com/profile_images/2086668242366738432/v5Hrf3Lv_normal.jpg
404617012,fcknnliv_,fcknnliv_,livvs,https://pbs.twimg.com/profile_images/2056144844620460032/nSvv0I2S_normal.jpg
1889266016313647104,ABrunson62194,ABrunson62194,Alara Brunson🦋,https://pbs.twimg.com/profile_images/2086833398341844992/ObYpT3gX_normal.jpg
1972606407527600128,roadIIrecovery,roadIIrecovery,vigo,https://pbs.twimg.com/profile_images/2060152178073886723/wJTjmA2Q_normal.jpg
876220811195158528,ideyback,ideyback,ILO,https://pbs.twimg.com/profile_images/1350704524177133570/Tc3hbQux_normal.jpg
2877960079,amberxitaaa,amberxitaaa,A M B E R,https://pbs.twimg.com/profile_images/2079004815229886464/qrcJRhpg_normal.jpg
1449494588268421121,mpdadonnn,mpdadonnn,MP,https://pbs.twimg.com/profile_images/2086322118145269760/10a1Wxo-_normal.jpg
1333648715895234560,JaiAreBaboon,JaiAreBaboon,Jai Am Weasel,https://pbs.twimg.com/profile_images/1364394651986239488/BVy3GLGq_normal.jpg
175208064,Sunfleur_seeds,Sunfleur_seeds,Nicole 🇨🇴,https://pbs.twimg.com/profile_images/1848126418942558208/oVzgXhNR_normal.jpg
847964716622336000,haringchloe,haringchloe,Chloe,https://pbs.twimg.com/profile_images/2077512419320922113/rJTpx0uI_normal.jpg
1431893959299772416,2ndaryProtocol,2ndaryProtocol,2ndaryProtocol,https://pbs.twimg.com/profile_images/1434523053669629953/U9G7vJMG_normal.jpg
2037672978784165888,TreLtamf,TreLtamf,Tre L,https://abs.twimg.com/sticky/default_profile_images/default_profile_normal.png
522500536,LIVRAREbaby,LIVRAREbaby,LIV THE RARE GAL,https://pbs.twimg.com/profile_images/1872682149620453377/e9vd90LJ_normal.jpg
1357001353818746882,JustGlobalJae,JustGlobalJae,Jae⚡️,https://pbs.twimg.com/profile_images/1533348616680755201/VUNejk6U_normal.jpg
201809853,Ruben_A_Gaspar,Ruben_A_Gaspar,Rubén,https://pbs.twimg.com/profile_images/1741515387877953536/EI8PCYV1_normal.jpg
3158131,Lucid00,Lucid00,Lucid00.com,https://pbs.twimg.com/profile_images/458705414893215746/iTccNpV1_normal.jpeg
1362661062718361604,KeeleJosi,KeeleJosi,🥂Josi 🦋keele 🌵🍷🥂,https://pbs.twimg.com/profile_images/2085204303665664000/pKYRb7Ke_normal.jpg
1478563993572814848,inspirebyliving,inspirebyliving,inspirebyliving,https://pbs.twimg.com/profile_images/2064321082576830465/vhc74Ty7_normal.jpg
224451493,MesousaGaby,MesousaGaby,Hekapoo Vs. The Legion Of Affliction is on AO3!,https://pbs.twimg.com/profile_images/1346660442320592896/fP6CxDrY_normal.jpg
1476947500623929460,2328z,2328z,Vis,https://pbs.twimg.com/profile_images/2067537636999184384/Uebionli_normal.jpg
2986174645,kibabyyy_,kibabyyy_,👸🏾,https://pbs.twimg.com/profile_images/2082994886328954880/ndCJmIkC_normal.jpg
1316024698325536771,diorr_jadore,diorr_jadore,jadorekorionne,https://pbs.twimg.com/profile_images/1709262071467008000/IXLTJ9JK_normal.jpg
231963208,94finest_,94finest_,🦂,https://pbs.twimg.com/profile_images/2081761049766670336/aJDBj4fc_normal.jpg
2705450518,jxhnxsxng,jxhnxsxng,jxhnxsxng •ᴗ•,https://pbs.twimg.com/profile_images/1748945399631474688/djK1TiqR_normal.jpg
921135794756055040,Gracideaa,Gracideaa,吴逸骐,https://pbs.twimg.com/profile_images/1263822922428198912/nMdDd52q_normal.jpg
2941838986,vikzvapor,vikzvapor,v,https://pbs.twimg.com/profile_images/2067302088665702400/2fecz0bx_normal.jpg
1463171748,VampireKing93,VampireKing93,PETAL 🌼,https://pbs.twimg.com/profile_images/1997624197196185600/1ensvyr4_normal.jpg
782769241,silvia_inc,silvia_inc,Sílvia,https://pbs.twimg.com/profile_images/515914056834629632/Hkgx5fcA_normal.jpeg
386892082,SuccYuhMadda,SuccYuhMadda,Eren Yeager is on the right side of history,https://pbs.twimg.com/profile_images/1440235956083167240/5nP23kmL_normal.jpg
1948510600000077824,therealpork11,therealpork11,anna,https://pbs.twimg.com/profile_images/2013971672261431296/w8sToOkK_normal.jpg
1838694328245551104,isaiahsofyne,isaiahsofyne,isaiahsofyne,https://pbs.twimg.com/profile_images/1990612736120586240/f1FuYyOX_normal.jpg
54010460,7celo,7celo,🍍Celo,https://pbs.twimg.com/profile_images/2081225675474714624/ci-nXKqT_normal.jpg
845266010504597504,Shannonsspanx,Shannonsspanx,Shannonsspanx,https://pbs.twimg.com/profile_images/2081498206723059712/jWlvmChk_normal.jpg
1101757790727692288,iii_skywalker,iii_skywalker,Luke (Cdub) Skywalker III,https://pbs.twimg.com/profile_images/1957842125510602752/wyeQV8y2_normal.jpg
2009770113428541440,Boston1551death,Boston1551death,1551Bean,https://pbs.twimg.com/profile_images/2087780575566282752/bNM945MZ_normal.jpg
138913789,badgirledition,badgirledition,stanley’s crossword puzzle,https://pbs.twimg.com/profile_images/1342102379085377542/AqPFekxG_normal.jpg
2323238577,SeanAPEx,SeanAPEx,SEAN. U™ ショーン • ウ,https://pbs.twimg.com/profile_images/1832827886463520770/4v9km5G6_normal.jpg
1450382058493186052,OHassock,OHassock,12345.king,https://pbs.twimg.com/profile_images/1736754618791612417/_r8hrcGC_normal.jpg
1338918866840383490,TrshVibes,TrshVibes,MJ | P6 is real!,https://pbs.twimg.com/profile_images/2085227034574217216/vRYMszG7_normal.jpg
2021844265060503552,IaorTsireeey3,IaorTsireeey3,𑄝੭ Hailey is Kiri's secret whimsical twin݁ ˖Ი𐑼⋆,https://pbs.twimg.com/profile_images/2089179137386631168/fSvW8hJN_normal.jpg
709725797,kaylamaesweeney,kaylamaesweeney,Kaylamae,https://pbs.twimg.com/profile_images/1895856031915266048/FiO3S6ii_normal.jpg
83394414,roseisagee,roseisagee,ROZAAAY KAMABOKO ♡ 🇵🇸,https://pbs.twimg.com/profile_images/1856118184677720064/-0UYuOE__normal.jpg
1849953992518008834,RyanJ878,RyanJ878,Ryan,https://pbs.twimg.com/profile_images/1897045865224642560/8Bi-I5ob_normal.jpg
1365142346573221892,nncoggnito,nncoggnito,🌱🐉,https://pbs.twimg.com/profile_images/1975483024373686272/ujyJcgIr_normal.jpg
63295113,_muvakiing,_muvakiing,Sade ୨୧,https://pbs.twimg.com/profile_images/1886942727406759936/uyohIry__normal.jpg
4872480334,sarahtun19,sarahtun19,sarah 🌻,https://pbs.twimg.com/profile_images/1702908129736851456/0AcbZDnG_normal.jpg
484381012,AryaDarkStark,AryaDarkStark,Nevermore,https://pbs.twimg.com/profile_images/2088925243108642816/5dGg4YQL_normal.jpg
838664052045975554,Aubrey_Senyolo,Aubrey_Senyolo,Aubrey_Senyolo,https://pbs.twimg.com/profile_images/1541335930522550273/IM9NbGpD_normal.jpg
704015678823596033,irlbigke,irlbigke,kedabigone,https://pbs.twimg.com/profile_images/2056137166586064897/qnlaYDqs_normal.jpg
1289283593097940995,tesssa_md,tesssa_md,tessa,https://pbs.twimg.com/profile_images/2045051026508578816/dmSA9_0J_normal.jpg
1417141817355771906,GeorginaDriver,GeorginaDriver,Ginna_Sesshomaru_Driver,https://pbs.twimg.com/profile_images/2038846836451192832/Ef2I2NSt_normal.jpg
1470972149754216455,1mdGinger,1mdGinger,Ginger 1MD,https://pbs.twimg.com/profile_images/2040225055448121345/ke-OUjsz_normal.jpg
1802399137100435456,ctrldove,ctrldove,ctrldove,https://pbs.twimg.com/profile_images/2089159859929243648/G4nfG7Cy_normal.jpg
1925294199685136384,useer288_,useer288_,user,https://pbs.twimg.com/profile_images/2081880629436715008/5jEX7KOg_normal.jpg
2015638705013231616,CaptnHookLeft,CaptnHookLeft,Captn Left Hook (ALT),https://pbs.twimg.com/profile_images/2015640375919005697/J0FWD5De_normal.jpg
1873894092809101312,timcito04,timcito04,timcito,https://pbs.twimg.com/profile_images/2088634726928052224/N5H_ges0_normal.jpg
819385648243044352,ROB2the5thPOWER,ROB2the5thPOWER,robert POWER⁵,https://pbs.twimg.com/profile_images/1794511594136985600/hFLET34V_normal.jpg
64096337,iamtycole,iamtycole,iamtycole,https://pbs.twimg.com/profile_images/2004960523025055744/aN7L60tv_normal.jpg
1907138370729373696,karm3nx,karm3nx,karmen khabz ❤️,https://pbs.twimg.com/profile_images/2087389753746587648/KC4Gwb6Q_normal.jpg
1601195391680233472,de_bie1,de_bie1,James,https://pbs.twimg.com/profile_images/1966139641263792128/XWWwSYOJ_normal.jpg
1388794050338336768,jnknest,jnknest,mat,https://pbs.twimg.com/profile_images/2015437979850833920/xR1l8kts_normal.jpg
1835194227065499648,c1pricorn,c1pricorn,𝔨𝔨 ' is seeing bruno 9/6 ゜୨۪୧,https://pbs.twimg.com/profile_images/2074532805422325760/l9UTk_SY_normal.jpg
2273280846,ReaperknightX,ReaperknightX,Reaperknight,https://pbs.twimg.com/profile_images/2066953666314051584/ZrqAg_vP_normal.jpg
3129781049,sharlizemonet,sharlizemonet,SHAR,https://pbs.twimg.com/profile_images/2087261988141367296/-ziVLfsc_normal.jpg
150335378,cinnaMENA,cinnaMENA,cinnamena.bsky.social,https://pbs.twimg.com/profile_images/1866616698440130560/hSzA35W4_normal.jpg
16506565,MikelJoshua,MikelJoshua,Mikel Joshua,https://pbs.twimg.com/profile_images/2087442169975959552/nY_1JlU2_normal.jpg
1380621463775027200,MitchySethy,MitchySethy,Mitchster,https://pbs.twimg.com/profile_images/1974560703429095424/Yl2JWF9B_normal.jpg
939483319825240064,ricswervo,ricswervo,007,https://pbs.twimg.com/profile_images/1685227006525362176/rtOPAaPs_normal.jpg
409324180,lesbianyog,lesbianyog,A.⚢,https://pbs.twimg.com/profile_images/2069789008087916544/Z4lc475H_normal.jpg
1429829865742667776,y2kpopart,y2kpopart,y2kpopart,https://pbs.twimg.com/profile_images/2076081312067100672/f4YFr0Xs_normal.jpg
1992858780468682752,kittykat23347,kittykat23347,Zy,https://pbs.twimg.com/profile_images/1992858996668043264/UnuVPCY1_normal.jpg
1082562762968985602,Streliziia,Streliziia,nikko,https://pbs.twimg.com/profile_images/2088496804686069760/R7xAoCuc_normal.jpg
3069127473,KingEphemera,KingEphemera,KingEphemera,https://pbs.twimg.com/profile_images/2088777140229505024/hBYJyI1i_normal.jpg
711637877097037824,LumaDream,LumaDream,Rjdz,https://pbs.twimg.com/profile_images/1890338794387238912/UdhDg0AU_normal.jpg
1509136716069838851,Katarafan__12,Katarafan__12,Avatar fan 🌊🪨🔥🌪🇸🇴,https://pbs.twimg.com/profile_images/2002333351886065664/sLobIDJJ_normal.jpg
48406413,tay_torrez,tay_torrez,🧐,https://pbs.twimg.com/profile_images/1709923218729865216/guv49wR5_normal.jpg
1811156204451762176,nomiieXO,nomiieXO,gem'ini 💎,https://pbs.twimg.com/profile_images/2076552778915119104/LJBYeUm1_normal.jpg
1284972369895923713,NightBunny9,NightBunny9,Night Bunny,https://pbs.twimg.com/profile_images/1992990621263400960/4rSV4Hiz_normal.jpg
34507278,souljahsingh,souljahsingh,SouljahSingh,https://pbs.twimg.com/profile_images/1544046558714413056/YED375b4_normal.jpg
1786974446978293761,jazindnd,jazindnd,⚢🦂⭐,https://pbs.twimg.com/profile_images/2088489950736003072/jMk1C5g5_normal.jpg
1655269857850699777,VeduTweets,VeduTweets,Vedant,https://pbs.twimg.com/profile_images/1980008722647650304/V47tqbOM_normal.jpg
91726226,SMObserved,SMObserved,Santa Monica Observer Newspaper.,https://pbs.twimg.com/profile_images/1210680801848778752/MpjtSU79_normal.jpg
882408443235123200,Barbiieskenn,Barbiieskenn,𝐇𝐞𝐚𝐯𝐞𝐧.🤍,https://pbs.twimg.com/profile_images/2062010790832377856/GOGjvdgf_normal.jpg
1415146411725836291,shiologyy,shiologyy,🏵️,https://pbs.twimg.com/profile_images/2062445408358477824/4L2Kkv5R_normal.jpg
1645235072633655298,edenleadpaint,edenleadpaint,Salsa Limon,https://pbs.twimg.com/profile_images/1901145247138058240/M6GqPISJ_normal.jpg
935301526846889984,elliecarioca,elliecarioca,sat,https://pbs.twimg.com/profile_images/2087698479942397952/a_sbnx6W_normal.jpg
1028031492390367236,mistydayzed,mistydayzed,∞ monica / mickey ♡,https://pbs.twimg.com/profile_images/1898546945905328128/mMmgZt4x_normal.jpg
602443921,lizbethozu,lizbethozu,𝐋𝐢𝐳,https://pbs.twimg.com/profile_images/2014091230984933376/1unrSXTN_normal.jpg
1338940540642078721,ThanosWaasRight,ThanosWaasRight,purugly Maximoff,https://pbs.twimg.com/profile_images/2086581114659880960/z5cbZR1u_normal.jpg
333673658,ColaBasicAss,ColaBasicAss,TheeColaP ✨,https://pbs.twimg.com/profile_images/1952779240929202176/Uloj9LPI_normal.jpg
2057989099550826496,julianmenzj37,julianmenzj37,Julian Mendoza,https://pbs.twimg.com/profile_images/2072319420664610816/amrOYFVA_normal.jpg
1886178614988648448,EveWhite1968,EveWhite1968,Eve W,https://pbs.twimg.com/profile_images/1968748804716249089/KylxRF2K_normal.jpg
796939233185255425,TruthFairy131,TruthFairy131,Lozzy B 🇦🇺𝕏,https://pbs.twimg.com/profile_images/2030266122323554304/wrdLEwiU_normal.jpg
1364096806200569860,Alexing1235,Alexing1235,ventifying☆☆☆//is Mavuika haver!!!!!,https://pbs.twimg.com/profile_images/1998181228777029632/EJShGftb_normal.jpg
1531510481625784320,Oskwaky,Oskwaky,Breezy,https://pbs.twimg.com/profile_images/1883630971007766528/rtA4-FwU_normal.jpg
3310916953,g3ne0,g3ne0,gene,https://pbs.twimg.com/profile_images/1858948255272648704/KYkfu3SI_normal.jpg
1261322555136397312,greeicxkarol,greeicxkarol,yuli,https://pbs.twimg.com/profile_images/1692050304580149248/CgV2RxNP_normal.jpg
2076544094726135808,HomerWillour,HomerWillour,Homer Willour,https://pbs.twimg.com/profile_images/2076544180738822145/DftlquQQ_normal.jpg
1967187986031968257,WayneKing984154,WayneKing984154,Wayne King,https://pbs.twimg.com/profile_images/2037448897941909504/Utqhjl3a_normal.jpg
1722014154322575360,BasilTheGreat,BasilTheGreat,BasilTheGreat,https://pbs.twimg.com/profile_images/1870853024798715904/f7G0cKa9_normal.jpg
1891332253076389888,Tijlyn,Tijlyn,mocha🎀,https://pbs.twimg.com/profile_images/2074911872327860224/TNyMlz-j_normal.jpg
1866360294928265216,WellingtonAGC96,WellingtonAGC96,Wellington A Gomez C,https://pbs.twimg.com/profile_images/2058615615712034816/WHITgzHW_normal.jpg
1341952822812749824,RoseParamore77,RoseParamore77,Rose 👽.,https://pbs.twimg.com/profile_images/2086992276954251264/7HLyYWJS_normal.jpg
29063026,JonAlba,JonAlba,JonAlba,https://pbs.twimg.com/profile_images/1887195793699770368/CqWYO5CU_normal.jpg
150038243,CrimsonEsper,CrimsonEsper,✨CrimsonEsper✨,https://pbs.twimg.com/profile_images/2015508878469828608/2RTbghuQ_normal.jpg
55396269,mtanee,mtanee,"Marshawna MBA, EA 💰",https://pbs.twimg.com/profile_images/1653463513896046592/zgdEbTkc_normal.jpg
772937681777025024,janethgil13,janethgil13,ing. energías,https://pbs.twimg.com/profile_images/2006965992837074944/qZmWtNCJ_normal.jpg
147875185,Jasso0801,Jasso0801,🌬️ MonoArtic'O🤟🏽🐵,https://pbs.twimg.com/profile_images/1907199469139173376/DMxhCaN5_normal.jpg
1270104123678035969,folkloreput,folkloreput,𝚝𝚑𝚊𝚒𝚜,https://pbs.twimg.com/profile_images/2077407903615528960/975dMC7W_normal.jpg
1132437687464595457,crankyvillagers,crankyvillagers,milk,https://pbs.twimg.com/profile_images/2079924630152757248/dbyd4qVr_normal.png
1205176335615897600,just19909829,just19909829,just🇯🇲,https://pbs.twimg.com/profile_images/1236854847384715266/0J3sjfoH_normal.jpg
3062429588,wwurmple,wwurmple,Omar,https://pbs.twimg.com/profile_images/1496763370292219907/S8PwbnVA_normal.jpg
1685453351113179136,slpyskyler,slpyskyler,⋆˚☾🍰♬꯱ᥣׁ℘ᨮׁׅׅׅ֮꯱ꀘᨮׁ♬🏳️‍⚧️☽˚⋆,https://pbs.twimg.com/profile_images/2062738061222391809/SWmwJeRu_normal.jpg
1320141671011651586,beautireii,beautireii,cami saw autumn leaves & gogo🪭,https://pbs.twimg.com/profile_images/2062243838593245184/T-gIFloo_normal.jpg
826097916481794050,Ninja_Gamer735,Ninja_Gamer735,JayJay,https://pbs.twimg.com/profile_images/2067110796526546944/ZL0yNOHR_normal.jpg
1049054859520090113,CovfefeChan,CovfefeChan,CovfefeChan,https://pbs.twimg.com/profile_images/2038166278788247552/UP39YsOU_normal.jpg
1506964145924554754,frameworkdaisy,frameworkdaisy,hayden panettiere facts,https://pbs.twimg.com/profile_images/2025781092293414913/42xRrRik_normal.jpg
1998571700611592196,milosdavila,milosdavila,Milos D.,https://pbs.twimg.com/profile_images/1998578445295443968/uM85ePbh_normal.jpg
317048701,ItsFayDuhhh,ItsFayDuhhh,Proud Bagonian,https://pbs.twimg.com/profile_images/1782441764407668736/NizE5isG_normal.jpg
385129118,JoseBob21,JoseBob21,Jose Bobadilla,https://pbs.twimg.com/profile_images/2017798776275230720/X5zRdNth_normal.jpg
273254214,KH13com,KH13com,KH13com,https://pbs.twimg.com/profile_images/1645868435094794240/VHuIovcu_normal.jpg
1555765619051610112,iluvjonathand,iluvjonathand,B,https://pbs.twimg.com/profile_images/1992028452325617664/IUjrH8Ii_normal.jpg
1493901283665002497,buzzy_bee221,buzzy_bee221,Bee🚦,https://pbs.twimg.com/profile_images/1882251144451571713/mLWTvfm4_normal.jpg
2084015514662088705,Reetzvym1o,Reetzvym1o,Reetzvy,https://pbs.twimg.com/profile_images/2087878700473675776/U03m1M8g_normal.jpg
1630581066686939140,raf1867,raf1867,🩷R.A.Y⭐️🆓🇵🇸🇺🇦🇨🇩🇭🇹🇸🇩🇾🇪🇻🇪🇱🇧,https://pbs.twimg.com/profile_images/2088300394908889088/qfwZV1r4_normal.jpg
1588222885704990720,BaileyOGrady,BaileyOGrady,Bailey O‘Grady,https://pbs.twimg.com/profile_images/1992293301651697664/HrnyN9Eu_normal.jpg
789321350477410304,Muhasaaa,Muhasaaa,Mutheleo,https://pbs.twimg.com/profile_images/2039044356217470977/jz-XnV-f_normal.jpg
4809056896,stateof_red,stateof_red,andy (Taylor's version) 🇨🇴,https://pbs.twimg.com/profile_images/1612331766764773378/CdaZzXCy_normal.jpg
1918968732,KeIhilani,KeIhilani,Mika,https://pbs.twimg.com/profile_images/1698121041309216768/oHTpD9xe_normal.jpg
76766018,Dexerto,Dexerto,Dexerto,https://pbs.twimg.com/profile_images/1714301666445402112/5U5myYFv_normal.jpg
1400161750381740041,satorudollz,satorudollz,DE LA FUENTE IN🇪🇸🇪🇸🏆🏆,https://pbs.twimg.com/profile_images/2078993900375564289/J2Sb6g2M_normal.jpg
1341513951633412096,withbrotherbro,withbrotherbro,withbrotherbro,https://pbs.twimg.com/profile_images/1341517808585289731/TxPujT1Y_normal.jpg
1374480762162974721,ANTiiapologetic,ANTiiapologetic,Diamonds are the FRIEND OF R9,https://pbs.twimg.com/profile_images/1920283449300021248/DDnHCanO_normal.jpg
1542213625,_fairrlylocal,_fairrlylocal,the mortal messenger |-/,https://pbs.twimg.com/profile_images/2080019533742604288/SOdd_61R_normal.jpg
1505018187229896706,SEXYBLACKMTF,SEXYBLACKMTF,𝐖𝐔𝐍𝐍𝐀 ★,https://pbs.twimg.com/profile_images/2073635434593202176/Yql4ENp1_normal.jpg
2046717408493121536,xylokilz,xylokilz,x,https://pbs.twimg.com/profile_images/2088970680154910720/9fmu7LKd_normal.jpg
52415376,pez1963,pez1963,P-E-Z,https://pbs.twimg.com/profile_images/843239248773836801/yfkNy4K__normal.jpg
755712929543008258,flamingarc,flamingarc,unlimited SHEZ! works,https://pbs.twimg.com/profile_images/2065188734157369344/HPX6MOcC_normal.jpg
354408207,JustKendall93,JustKendall93,QueenKDoll 💁🏽‍♀️🏳️‍🌈🏳️‍🌈,https://pbs.twimg.com/profile_images/2057881147539902464/Hijf8ORa_normal.jpg
1959004819613466624,LiaBurn2000,LiaBurn2000,Lia,https://pbs.twimg.com/profile_images/1959005130172284928/HTVrOJ5O_normal.jpg
44415050,nesspaola,nesspaola,ness,https://pbs.twimg.com/profile_images/2074934570630447104/VDyW-Z-Z_normal.jpg
2259733068,zarjeeling,zarjeeling,spiderzar,https://pbs.twimg.com/profile_images/2074962337933479936/gtNBEHRD_normal.jpg
4487471599,kloudbby,kloudbby,Cloud 🍉,https://pbs.twimg.com/profile_images/2081760076855902208/RyyGfj0n_normal.jpg
4337589853,tortagula,tortagula,nadia 🥸🦦,https://pbs.twimg.com/profile_images/2062793727480057856/rPCOdn-h_normal.jpg
1288571710157946881,marinaanahii,marinaanahii,M,https://pbs.twimg.com/profile_images/2056973568119066624/Ak71O0ri_normal.jpg
166655652,ItsKuyaRico,ItsKuyaRico,Rico,https://pbs.twimg.com/profile_images/1806393672520654848/vRYhMBbf_normal.jpg
1504187252674633728,ellaestoxina,ellaestoxina,tocsi mis AMORES 💜,https://pbs.twimg.com/profile_images/2066765146496577536/2DZTxwlK_normal.jpg
1183606359951982593,zzataras,zzataras,hannah ⟢,https://pbs.twimg.com/profile_images/1888725097437102080/EsRJq988_normal.jpg
1883934270978166784,Velvet_Truth,Velvet_Truth,Polonian Promise 📀,https://pbs.twimg.com/profile_images/2087792362760069120/URw8bwE0_normal.jpg
1659369102769618944,AliXponential,AliXponential,Ali X,https://pbs.twimg.com/profile_images/2044744400463360000/uPXE-Jim_normal.jpg
1904644345329836032,iammeimiller,iammeimiller,Tinfoil Lady,https://pbs.twimg.com/profile_images/1946499900314664960/RTvqt5st_normal.jpg
1949863208933634048,foffmibilt23474,foffmibilt23474,TryingSomethings,https://pbs.twimg.com/profile_images/2089206180249751553/cDwcRx4N_normal.jpg
1147329967203766274,RiseFallNickBck,RiseFallNickBck,RiseFallNickBck,https://pbs.twimg.com/profile_images/1400292170079293443/9cf8vHvJ_normal.jpg
738063734,metalmsscre666,metalmsscre666,Andy,https://pbs.twimg.com/profile_images/1929662443027886080/c-4j3rO5_normal.png
792703790,anagioo,anagioo,realbelieberyouknowme,https://pbs.twimg.com/profile_images/2047297491213619200/0eibcSrK_normal.jpg
1130562247955234821,modamodred,modamodred,lupe,https://pbs.twimg.com/profile_images/2087739687175593984/a_050jBX_normal.jpg
1649245808460701697,cortizedx,cortizedx,r just saw cortis 💚,https://pbs.twimg.com/profile_images/2087008861807054849/7tar0eGR_normal.jpg
1279669362845052930,sailor__sue,sailor__sue,susie,https://pbs.twimg.com/profile_images/2086694046614056960/Uwdya8og_normal.jpg
601890942,macostida,macostida,macostida,https://pbs.twimg.com/profile_images/1992137363150262273/5WpNRMZH_normal.jpg
1183395285420138498,scikoro,scikoro,Shammy🇳🇬,https://pbs.twimg.com/profile_images/2078186436642115584/kWIXlxr-_normal.jpg
757113188135469056,PinuelasXimena,PinuelasXimena,X,https://pbs.twimg.com/profile_images/1635178416185155586/-HvM6a3G_normal.jpg
2005331515132321792,HarafiaVA,HarafiaVA,Michayah Anthony 🤍,https://pbs.twimg.com/profile_images/2033978980932718594/TWzhU0-W_normal.jpg
1633998381524852736,DwayneJak,DwayneJak,Dwayne88,https://pbs.twimg.com/profile_images/1951495511527268353/SIpN1NKO_normal.jpg
1565810016,tloumothx,tloumothx,ǝpǝɟ🦸🏻☄️,https://pbs.twimg.com/profile_images/2087272373686882304/dN6LWjkK_normal.jpg
1532001511986823168,anyonejailey,anyonejailey,máh 🇧🇷,https://pbs.twimg.com/profile_images/2079683441705025536/7o-ntF3m_normal.jpg
448567062,NacaFierce,NacaFierce,Mariana,https://pbs.twimg.com/profile_images/1852050660629401600/Xvzshksm_normal.jpg
242406213,sultmiz,sultmiz,sult mirz,https://pbs.twimg.com/profile_images/1688106086526484480/_pbE5_rw_normal.jpg
1850234798,WilliamPina3,WilliamPina3,William Pina,https://pbs.twimg.com/profile_images/1077314452595167232/qt2pK88a_normal.jpg
2027673283106344960,Blazinaura1,Blazinaura1,Blazinaura,https://pbs.twimg.com/profile_images/2065648318294695936/jOuv7IY0_normal.jpg
1778615446121381888,QueenG940,QueenG940,QueenG940,https://pbs.twimg.com/profile_images/2024080563355672576/gbWBWlzw_normal.jpg
1265409720648699904,Jessica31169090,Jessica31169090,Tuky W.,https://pbs.twimg.com/profile_images/2029354945057574912/7l3XA8vi_normal.jpg
1855090101908279296,AlanSantos34601,AlanSantos34601,k1ss,https://pbs.twimg.com/profile_images/2074530311166164992/1cxvL0LY_normal.jpg
2862542385,The_Perlito,The_Perlito,Perlo,https://pbs.twimg.com/profile_images/2052877967529836550/G5nNzm4N_normal.jpg
1203458191453048837,GricelTango,GricelTango,Tango Gricel,https://pbs.twimg.com/profile_images/1355098512518688774/BRpKS7gB_normal.jpg
247667197,DemiDestined,DemiDestined,YoungAirbender🌪️🌊⛰️🔥,https://pbs.twimg.com/profile_images/2073773460896051200/XL6AJfQl_normal.jpg
1237094182092767237,_NewsCentral,_NewsCentral,News Central,https://pbs.twimg.com/profile_images/1373056430077526021/c6uWly-M_normal.jpg
1546709193725542400,TheNixUniverse,TheNixUniverse,NixUniverse 🐦‍🔥,https://pbs.twimg.com/profile_images/2086549513435598849/a92GIl46_normal.jpg
3021717587,afetropia,afetropia,tassinha,https://pbs.twimg.com/profile_images/2088828978337333248/55hZJM4__normal.jpg
24315188,Lucas_13,Lucas_13,Lucas Bullock,https://pbs.twimg.com/profile_images/498743295002935296/YCVrtDYe_normal.jpeg
2088034065924624384,seekingharmonic,seekingharmonic,harmony... TWO 💚🍃🌱,https://pbs.twimg.com/profile_images/2088034598605520896/If3HOfSt_normal.jpg
1542429864984096769,shazlnut,shazlnut,Tems,https://pbs.twimg.com/profile_images/2054639365725523968/GuWY-E7i_normal.jpg
1478087428950740993,Garbagett_,Garbagett_,Svnny,https://pbs.twimg.com/profile_images/1478087912025563136/AMZs0TGC_normal.jpg
2272136916,hicksncxllar,hicksncxllar,~ w-h ~,https://pbs.twimg.com/profile_images/2061087073575038979/xH9NqxmY_normal.jpg
879639457468628992,merugotchi,merugotchi,meru,https://pbs.twimg.com/profile_images/1863947315951923200/ZveDyGHy_normal.jpg
1789731106175995904,changbinshoodie,changbinshoodie,Sunni/sharki ITS MARI DAY🩷| ☆semi-ia☆,https://pbs.twimg.com/profile_images/2058702870573092865/Cj9bOuEa_normal.jpg
1248458660277145601,sickotapes,sickotapes,my shuffle,https://pbs.twimg.com/profile_images/1248844707368763393/ObwdMn9T_normal.jpg
4133901263,ahsoka290,ahsoka290,Nicholas Horton,https://pbs.twimg.com/profile_images/1608179027902177280/QmfmsWc9_normal.jpg
878103650773721088,SJTrainer2,SJTrainer2,SJ @ Spider-Man 🕷️🕸️,https://pbs.twimg.com/profile_images/1994602181043892225/FGhyh4Fs_normal.jpg
2874285073,watashiwa_nixon,watashiwa_nixon,Nix,https://pbs.twimg.com/profile_images/2065590905621643264/eGoKtadB_normal.jpg
1549257872,dropthebates,dropthebates,Bates Yoakum,https://pbs.twimg.com/profile_images/1940932842067804160/DUMvXeRm_normal.jpg
446519460,yourstrulychyna,yourstrulychyna,Chyna,https://pbs.twimg.com/profile_images/1959940409104203776/ZTJIApZ2_normal.jpg
329300153,KayyG_,KayyG_,K,https://pbs.twimg.com/profile_images/1833272158589480960/n07Izlrf_normal.jpg
354150942,_Juiceeeeee,_Juiceeeeee,Oscar Proud🤷🏽‍♂️😂,https://pbs.twimg.com/profile_images/1977984229339262976/KgCqEtzB_normal.jpg
16548960,Druevert,Druevert,Druevert,https://pbs.twimg.com/profile_images/788010152238653440/6kID8yU1_normal.jpg
1411697242734428172,Soldierchibi1,Soldierchibi1,Soldierchibi,https://pbs.twimg.com/profile_images/1411698419236687877/HY2YP-Ak_normal.jpg
1616113226344976385,gooific,gooific,madi,https://pbs.twimg.com/profile_images/2012330664100831234/vTr0vU9L_normal.jpg
764702007877709824,pastureangel,pastureangel,pastureangel,https://pbs.twimg.com/profile_images/2002927386665332736/7u0iexAK_normal.jpg
1308335224196005888,Nish__Wish,Nish__Wish,Nish,https://pbs.twimg.com/profile_images/1836657413820420096/AnJRKD9n_normal.jpg
720695902,iHearts143Quote,iHearts143Quote,iHearts143Quotes,https://pbs.twimg.com/profile_images/1468980231511945222/A6fPHdCT_normal.jpg
891852142415409153,RamoneMurdock,RamoneMurdock,LDS 💔💀🇩🇪🇳🇱,https://pbs.twimg.com/profile_images/2066230223419363328/oKEpnyhK_normal.jpg
173655563,Goku,Goku,Goku,https://pbs.twimg.com/profile_images/1366466342354751491/JyhZpbtu_normal.jpg
1178084924898844673,Whitediculous,Whitediculous,Rodney White,https://pbs.twimg.com/profile_images/1969517222784540672/Gn4tjXJF_normal.jpg
1241492924,RonnieNdiba,RonnieNdiba,"Ronnie, I Am",https://pbs.twimg.com/profile_images/1477725210619035648/mxfgA3-o_normal.jpg
182610120,Solovelysade,Solovelysade,SpikeLee’s joint🫶🏾,https://pbs.twimg.com/profile_images/1664892447481122817/hgVnKjFA_normal.jpg
2040769670936948736,Starofguidance9,Starofguidance9,Star,https://pbs.twimg.com/profile_images/2041254408021835776/UhIfoQgm_normal.jpg
1953279699695616000,Cartoonhistory2,Cartoonhistory2,Cartoonhistory2,https://pbs.twimg.com/profile_images/1955797277152333824/NSUtl6lJ_normal.jpg
3140792791,khairee_malachi,khairee_malachi,Khairee Mitchell,https://pbs.twimg.com/profile_images/2046782410872717312/xonckxhc_normal.jpg
378583047,Zakroboka,Zakroboka,Zakroboka,https://pbs.twimg.com/profile_images/1719751019/IMG00015-20110927-1411_normal.jpg
2081965674696724480,Lolaaaaaaaa242,Lolaaaaaaaa242,Lolasunshine,https://pbs.twimg.com/profile_images/2081968727160143872/Z7U3WLcS_normal.jpg
328230604,Boujeak,Boujeak,Boujeak Jerimiah,https://pbs.twimg.com/profile_images/2024242354480177152/k4dOj-Kb_normal.jpg
890110141,denimjays,denimjays,denimjays,https://pbs.twimg.com/profile_images/1989223222974496768/p0ljHBNQ_normal.jpg
1388012951647494144,K__L__0,K__L__0,keilyne,https://pbs.twimg.com/profile_images/2071993806304518144/CZzki1ZL_normal.jpg
1351754679978397697,johnstuwurt,johnstuwurt,chr!s,https://pbs.twimg.com/profile_images/1373411173673041922/QorJTinF_normal.jpg
1034147928695300096,yoursnowwhitee,yoursnowwhitee,Bunnyn⸆⸉ 💍,https://pbs.twimg.com/profile_images/2072474453309583360/obxht_AI_normal.jpg
57349655,peachjinris,peachjinris,lexi,https://pbs.twimg.com/profile_images/2081546057478234112/2XpZx8zg_normal.jpg
1873625704375652352,DiegoAlcan51627,DiegoAlcan51627,kathinko,https://pbs.twimg.com/profile_images/1879287783598239745/hbS3njHi_normal.jpg
1735732121933594624,RubyD65750,RubyD65750,lumbee looke,https://pbs.twimg.com/profile_images/1878871888014815232/pMXibZvR_normal.jpg
1392913222034931719,eIzawalkers,eIzawalkers,eIzawalkers,https://pbs.twimg.com/profile_images/2063044312301002752/qrjHqW5A_normal.jpg
1253252162961932288,pradabigbitches,pradabigbitches,prada🖤,https://pbs.twimg.com/profile_images/1462218280639381504/0tXmF1CG_normal.jpg
2013360415942623232,JustKeepMovingB,JustKeepMovingB,Bro,https://pbs.twimg.com/profile_images/2013362270798012417/XVqKINTF_normal.jpg
1168706147840212992,TerrenceOlson2,TerrenceOlson2,Terrence,https://pbs.twimg.com/profile_images/1858921252351811584/NHE3LPcw_normal.jpg
1290784192373100550,eneidadvt,eneidadvt,Eneida DelValle ~ 🇵🇷,https://pbs.twimg.com/profile_images/1825018299777691648/4wCnhHoR_normal.jpg
765564184465727488,screamnhorror,screamnhorror,screamnhorror,https://pbs.twimg.com/profile_images/2062311936046284800/S3G2W4eo_normal.jpg
1874997365612154880,rasheedasnflwr,rasheedasnflwr,rasheeda sunflower,https://pbs.twimg.com/profile_images/1874997640271687680/Y0-WO_xQ_normal.jpg
1580299127757447196,cayknicole__,cayknicole__,thickkhoeee🌟,https://pbs.twimg.com/profile_images/2072601995865718784/kh0b2pJy_normal.jpg
803046569184464897,0000user00001,0000user00001,truth,https://pbs.twimg.com/profile_images/2011918332442877952/7Vda1CXZ_normal.jpg
1543548581818163200,lifelesslycoy,lifelesslycoy,coy⁶,https://pbs.twimg.com/profile_images/1908814849590931457/aMVOQg5E_normal.jpg
2888211843,hopegreen2264,hopegreen2264,Hope Green,https://pbs.twimg.com/profile_images/1923116438165889026/WCgWAE1z_normal.jpg
1856013588890083328,x666mari,x666mari,mari °❀⋆,https://pbs.twimg.com/profile_images/2085215130082783232/2Wr-2VNl_normal.jpg
1990329876063420416,mylorensworld,mylorensworld,mylorensworld,https://pbs.twimg.com/profile_images/2081931801073770496/O2wFSicP_normal.jpg
1271692852167229440,Flow_glowing,Flow_glowing,FlowGlow,https://pbs.twimg.com/profile_images/2083361338131423232/33s3pu-Q_normal.jpg
1794106527931879424,shuuuooots,shuuuooots,🏌‍♂️,https://pbs.twimg.com/profile_images/2088505167574614016/hR36nBNH_normal.jpg
2541264104,HippieShauna,HippieShauna,LivingLikeLarry❤️‍🩹🎥🦞,https://pbs.twimg.com/profile_images/2043356663080493056/UJK7vnUh_normal.jpg
11744152,yashar,yashar,yashar,https://pbs.twimg.com/profile_images/1815976872192401408/3UVnTUc5_normal.jpg
1619879221601386497,d6ireys,d6ireys,✩,https://pbs.twimg.com/profile_images/2069903223691825152/Tsyth8Ro_normal.jpg
1865098932864397312,divaaascorp,divaaascorp,.,https://pbs.twimg.com/profile_images/1888026676107317249/lSWOA3eK_normal.jpg
1256780164568166400,youngthuggerbe,youngthuggerbe,nesha,https://pbs.twimg.com/profile_images/2023933947638374400/GP3WRkLO_normal.jpg
988286604237295616,MsMya_C,MsMya_C,H.Q💙❤️,https://pbs.twimg.com/profile_images/1848217637823614976/rkfLKnRt_normal.jpg
1569554498598871040,maheekafc,maheekafc,maheekaaaa,https://pbs.twimg.com/profile_images/2089050193992077312/OmFLYQKd_normal.jpg
1238201954830036993,TlTv20,TlTv20,ALY 💖,https://pbs.twimg.com/profile_images/2084294092364673024/X-o_IVJt_normal.jpg
1505322758946922501,__RhoBoats,__RhoBoats,Most astonishing RHONDA💜😘💞💞💥(❁´◡`❁)😊,https://pbs.twimg.com/profile_images/1505474165557673985/gIcQAnvU_normal.jpg
2190711619,crystvlsnows,crystvlsnows,anna,https://pbs.twimg.com/profile_images/1849153456839462912/7ZuUQJ8F_normal.jpg
429501462,sammylovesAdele,sammylovesAdele,sammy ³⁰ 🖤,https://pbs.twimg.com/profile_images/2031974356365258753/sKure76-_normal.jpg
1249912719135985664,KendyK12,KendyK12,Kendall,https://pbs.twimg.com/profile_images/1516892606256623618/9OVg3JdU_normal.jpg
1423864993225875457,Franck_TSBP,Franck_TSBP,Francisco Torres,https://pbs.twimg.com/profile_images/1711873340313354240/OE2iP6nS_normal.jpg
1022104734591852544,ShantaZidane3,ShantaZidane3,zinou,https://pbs.twimg.com/profile_images/1945892177466339328/ZFWPdK4u_normal.jpg
1142953428601249792,MagisterOfOz,MagisterOfOz,Winterreign - Commissions open!,https://pbs.twimg.com/profile_images/2081086727339339776/3ifHJxxA_normal.jpg
1039282488416165888,toontasticjuju,toontasticjuju,toontasticjuju,https://pbs.twimg.com/profile_images/2072179199960547328/YO0vNw1C_normal.jpg
1860755184307077120,underscoremick,underscoremick,M🪽,https://pbs.twimg.com/profile_images/2086530096823693313/WdxW7mya_normal.jpg
1055917596,ShenDoodles,ShenDoodles,Shend of Elongelion 🏳️‍🌈 🇵🇸 🌻 | BLM,https://pbs.twimg.com/profile_images/1487295497366913026/E9rnAOic_normal.jpg
46745375,RevolverJerm,RevolverJerm,Jerm 🇭🇹🇵🇸,https://pbs.twimg.com/profile_images/2062181393007013888/DMg3xf--_normal.jpg
1284551128382922753,Meili_VT,Meili_VT,Mei Hoshin❄️🪽,https://pbs.twimg.com/profile_images/2050047053850451968/agu4Bp3R_normal.jpg
1734271829177499648,WhiteboyDexter,WhiteboyDexter,🇵🇸Whitest kid you know🇵🇸,https://pbs.twimg.com/profile_images/2080786574757777408/4dOebbs7_normal.jpg
1422978069808091141,Sakuesparza01,Sakuesparza01,#XCVI Neχalif,https://pbs.twimg.com/profile_images/2088496620941787136/C2MgzYRO_normal.jpg
1090601462508544000,bisciacremisi,bisciacremisi,terra,https://pbs.twimg.com/profile_images/1722109730095562752/VuBlz68Z_normal.jpg
127728860,Joyeeebeee,Joyeeebeee,Joy ꕤ,https://pbs.twimg.com/profile_images/1978567881936998400/HrRB7vkq_normal.jpg
1796035205826027520,gbarragan9293,gbarragan9293,Geovanny Barragan,https://pbs.twimg.com/profile_images/1897811180586196992/z3k6j17S_normal.jpg
872705065,Jmgoncalves1,Jmgoncalves1,librestodos,https://pbs.twimg.com/profile_images/1321886132775325696/6xAB7Vfh_normal.jpg
1634992128173457408,notwhomstfarted,notwhomstfarted,notwhomstfarted,https://pbs.twimg.com/profile_images/1914036394650902528/5IQkJ4RX_normal.jpg
2002512435270561792,Amy517066525840,Amy517066525840,Amy 🤍,https://abs.twimg.com/sticky/default_profile_images/default_profile_normal.png
1529059196183904260,madysonraee,madysonraee,Madysonnn :))),https://pbs.twimg.com/profile_images/2077462361590403072/uMnTVWDh_normal.jpg
300040641,__TrinaBeena,__TrinaBeena,january embers.,https://pbs.twimg.com/profile_images/1780670014837731330/YdiEnBYV_normal.jpg
354409273,VickieCeleste_,VickieCeleste_,Pumps 👠❣️,https://pbs.twimg.com/profile_images/1630027003855265792/R7owYv-p_normal.jpg
1495288365062635523,MrFrenzy2492,MrFrenzy2492,Mr. Frenzy,https://pbs.twimg.com/profile_images/1495288481379090433/tgonTjFm_normal.jpg
1107281327425011712,Apollo00266940,Apollo00266940,Apollo,https://abs.twimg.com/sticky/default_profile_images/default_profile_normal.png
341282456,KreepersIE,KreepersIE,🐜⚡️🇲🇽𝕮𝕳𝕽𝕴𝕾 𝕸𝕺𝖃🇺🇸⚡️🐜,https://pbs.twimg.com/profile_images/1965162021026168832/pwiiKEQl_normal.jpg
190405620,2sign23,2sign23,2sign,https://pbs.twimg.com/profile_images/1269932498731048973/5O7RnRWK_normal.jpg
2213936015,imnoteokay,imnoteokay,imnoteokay,https://pbs.twimg.com/profile_images/1581469882587250689/WZCED8en_normal.jpg
1723033702425325569,mt_spooky,mt_spooky,Creepy D. Spooky,https://pbs.twimg.com/profile_images/2077708897029120000/MrhI4FxQ_normal.jpg
1491836747055235079,enuringogame,enuringogame,えぬりんご,https://pbs.twimg.com/profile_images/1586856575222059010/z1mM7Ey0_normal.jpg
2378324935,MrTAchilles,MrTAchilles,"Trevor ""Trev"" McKee Achilles 🇺🇸 🇺🇦",https://pbs.twimg.com/profile_images/1945249234841681920/ST14n1rm_normal.jpg
1644887969701019648,evellyn_sapek4,evellyn_sapek4,boy gamer🌸💞,https://pbs.twimg.com/profile_images/2076701559279214592/lfQ57y7J_normal.jpg
1558670990804226051,monstergirlmoo,monstergirlmoo,Mami Moo🩷,https://pbs.twimg.com/profile_images/2031239216181686277/Mo57c9v2_normal.jpg
1141112668180238336,meloismone,meloismone,meloismone,https://pbs.twimg.com/profile_images/2082385878262112256/HyOgdVPO_normal.jpg
32136479,gscottking,gscottking,G-Scott,https://pbs.twimg.com/profile_images/1931846818318385152/r0UaZbAs_normal.jpg
3042255246,alizzzaaaaaa,alizzzaaaaaa,Aliza❤️,https://pbs.twimg.com/profile_images/2035122615283798016/KhfsOYBY_normal.jpg
1894577857654927360,heartbreakr3d,heartbreakr3d,𝔰𝔢𝔯𝔢𝔫𝔢⭑,https://pbs.twimg.com/profile_images/2077154633969971200/QR5DNZM5_normal.jpg
871846366171025408,cranberryjewce,cranberryjewce,Matt 🐉,https://pbs.twimg.com/profile_images/1987926423366234113/QfsjhP6K_normal.jpg
1388114559962161155,isaac_player42,isaac_player42,Thomas,https://pbs.twimg.com/profile_images/1569760934318465025/xczEVCLI_normal.jpg
1048673922,AceLong11,AceLong11,Lewi,https://pbs.twimg.com/profile_images/1999013784875315204/KfGn39rI_normal.jpg
2245512464,rhythms0fthe,rhythms0fthe,a,https://pbs.twimg.com/profile_images/2046246595306594304/bsZVVXTf_normal.jpg
1333663662582718465,aitknd,aitknd,.,https://pbs.twimg.com/profile_images/1361558767582797826/kkuFiFbP_normal.jpg
25752969,whatsgoodkitty,whatsgoodkitty,Sherlock Homegirl,https://pbs.twimg.com/profile_images/1523065313100660737/FY-at342_normal.jpg
1624857384635052033,JoKr77007700,JoKr77007700,Jo Kr,https://pbs.twimg.com/profile_images/1624857712990232577/8osD3_sT_normal.png
961475419064209408,talonkiarra,talonkiarra,TALON 🫧,https://pbs.twimg.com/profile_images/2084333020203360256/nb7frYHa_normal.jpg
2798819519,SaFiatou_Tngr,SaFiatou_Tngr,V E N O M,https://pbs.twimg.com/profile_images/2024544877036363776/tDY7tH8c_normal.jpg
1011746740352049154,CinnamonBoyDuh,CinnamonBoyDuh,🦊🚀Mauri McCloud 💫☄️,https://pbs.twimg.com/profile_images/2051501679195852807/8PvbrsED_normal.jpg
1509573348157792300,SWEETBELLIC4,SWEETBELLIC4,chloe price biggest fan I LOVE YOU T YORKIE 🌺🥀⭐️,https://pbs.twimg.com/profile_images/2085783549366378496/kcfxxEue_normal.jpg
1415836127538425860,danonszn,danonszn,eri 𑣲⋆,https://pbs.twimg.com/profile_images/2087212741173915648/mrQPeXcT_normal.jpg
1979594028,ouchmyboob,ouchmyboob,come here fatasss,https://pbs.twimg.com/profile_images/1978940361058766848/OzXKkwFx_normal.jpg
1969089197639168001,anubisgtrade,anubisgtrade,Anubis Trades Group,https://pbs.twimg.com/profile_images/1969090126799069184/HzTv2vsb_normal.jpg
1265882279219355649,nifujins,nifujins,justine,https://pbs.twimg.com/profile_images/2062189635246387200/4dVyIdeC_normal.jpg
1573336894791983105,gromitreads,gromitreads,el loves gromit and books,https://pbs.twimg.com/profile_images/2004709949415313408/fFa_UEQf_normal.jpg
1595440719870758914,bloodrelnas,bloodrelnas,🩵,https://pbs.twimg.com/profile_images/2043527643199397888/IiT4_pxl_normal.jpg
4844140923,StlCardsFan250,StlCardsFan250,P-Swag⚾️,https://pbs.twimg.com/profile_images/691465606730780672/hDh8rYsy_normal.jpg
16664681,latimes,latimes,latimes,https://pbs.twimg.com/profile_images/1587517258129035264/GVhkwB-D_normal.jpg
399851715,RainBowZwift,RainBowZwift,Eugene Murphy,https://pbs.twimg.com/profile_images/934971170763390976/5EEaJWnu_normal.jpg
45740488,Shane_Elterman,Shane_Elterman,Shane Elterman VA,https://pbs.twimg.com/profile_images/1748536945892855808/rEzKH6me_normal.jpg
761238065058877440,loveeekii,loveeekii,Master Ki 🔑,https://pbs.twimg.com/profile_images/1663920135915143175/wsBlQedd_normal.jpg
1108752832344150016,kaybaeluvash,kaybaeluvash,Kayla,https://pbs.twimg.com/profile_images/2071961087889567744/adTu-osq_normal.jpg
1251375817847762944,n_velsuis,n_velsuis,たらこパスタ,https://pbs.twimg.com/profile_images/1739957408380882944/tmh_J8xK_normal.jpg
16476364,514aw3vb,514aw3vb,Bruhbruh,https://pbs.twimg.com/profile_images/2010873707863162884/OhUChtam_normal.jpg
4835076031,WTFurr,WTFurr,걸어다니는 모기밥 유찢쭈,https://pbs.twimg.com/profile_images/1666298757242310658/72dEfWDC_normal.jpg
2366386920,QueeeenKeeks,QueeeenKeeks,Kiki🌙,https://pbs.twimg.com/profile_images/1442531837671182338/UCotg-kT_normal.jpg
1065769568583458816,GeoTFBC,GeoTFBC,𝐆𝐄𝐎𝐗𝐈𝐈,https://pbs.twimg.com/profile_images/2086301500058357760/r_Lvjjr-_normal.jpg
1328435326591778816,alinanquyen,alinanquyen,alina,https://pbs.twimg.com/profile_images/1671423405835579393/GcH1FlwX_normal.jpg
1329558425898979334,scaredycat122,scaredycat122,dusk⸆⸉✧˖°.,https://pbs.twimg.com/profile_images/2075662129982496768/s22R7ZmV_normal.jpg
878294849404813312,NorikoColors,NorikoColors,Noriko Colors,https://pbs.twimg.com/profile_images/1693145111838769152/awDk1ST0_normal.jpg
1589556605275758594,ganjiskhanum,ganjiskhanum,✶ 𝓝𝓲𝓬𝓸 𝓡𝓸𝓫𝓲𝓷 📚✶,https://pbs.twimg.com/profile_images/2076207794638716928/iXsob-3c_normal.jpg
743893287585615877,Aliona__Bitty,Aliona__Bitty,taAliofav,https://pbs.twimg.com/profile_images/2009677130611806209/rlwk5jPn_normal.jpg
245063689,_Ambenzo,_Ambenzo,thumper.,https://pbs.twimg.com/profile_images/1925598922833063936/NPi5rUPG_normal.jpg
1614648797547855872,muslimsuarman69,muslimsuarman69,Muslim Suarman,https://pbs.twimg.com/profile_images/1944723506845122560/vK8Q1zJM_normal.jpg
2078352943628296192,goonskun,goonskun,goonskun,https://pbs.twimg.com/profile_images/2083473989893226496/UW6P2nwO_normal.jpg
1567305062539485185,bestgirlygamer,bestgirlygamer,Graceful♡,https://pbs.twimg.com/profile_images/1955336605679370240/4QB1jeJW_normal.jpg
2407528892,nmxriiaaa,nmxriiaaa,maria fernanda,https://pbs.twimg.com/profile_images/1730445347963514880/AIf2vj46_normal.jpg
39848038,FcknBenFrank,FcknBenFrank,_ † 𝙼 𝙾 𝙾 𝙳 𝙴 𝚁 💎.,https://pbs.twimg.com/profile_images/1737346659284316160/lYonRvks_normal.jpg
768111924538122243,YaboMakhanya,YaboMakhanya,Y,https://pbs.twimg.com/profile_images/2021556671831556096/RuxP8rno_normal.jpg
3430251575,bluebyes,bluebyes,cj,https://pbs.twimg.com/profile_images/2088674478972719104/VLt4Ll64_normal.jpg
1194001630485598208,beemoviefan_,beemoviefan_,gab🇲🇽🇺🇸🇮🇪,https://pbs.twimg.com/profile_images/1404315516957728773/zg93KIb2_normal.jpg
33234303,Silverchuk,Silverchuk,TWM 2.0,https://pbs.twimg.com/profile_images/1756426714589335552/oZ_xjbYg_normal.jpg
1277739728524083200,TastyConcha,TastyConcha,Eros 🐢,https://pbs.twimg.com/profile_images/1868578038591766528/iACJFEoB_normal.jpg
354671991,vanesabilijana,vanesabilijana,vanesa,https://pbs.twimg.com/profile_images/1815551904736260097/dpbV-oBg_normal.jpg
1823936322941411332,AlexanderL_Art,AlexanderL_Art,AlexanderL Art,https://pbs.twimg.com/profile_images/2077439894041796608/rG5u1EPo_normal.jpg
808105285248315392,GoatToHeal,GoatToHeal,GoatToHeal,https://pbs.twimg.com/profile_images/2025450521176236033/npexMde1_normal.jpg
1072906826805596162,kp_mireille,kp_mireille,Le Léviathan ♨️🌬⚡️,https://pbs.twimg.com/profile_images/2082068714405425152/Au4FPi9P_normal.jpg
953486007504199680,ItsDestJana98,ItsDestJana98,Dest Ja'Na 🦂,https://pbs.twimg.com/profile_images/2036691542925352960/gDs4paCc_normal.jpg
40777518,SintoMuitoBlues,SintoMuitoBlues,Hxlls,https://pbs.twimg.com/profile_images/2080868239626616832/BAVCIh4r_normal.jpg
843989087245778944,mychildyeri,mychildyeri,Capt Yee Yee | RV please come back 😭,https://pbs.twimg.com/profile_images/1818669693969825792/e1B6HwXW_normal.jpg
1551894349,bribrisimps,bribrisimps,bribrisimps,https://pbs.twimg.com/profile_images/2059763295888818178/S3d1uVqX_normal.jpg
1313044752619597825,abyssalaugust,abyssalaugust,xXabyssal_augustXx,https://pbs.twimg.com/profile_images/1959983855173292032/yegDwz1P_normal.jpg
1385484620364275713,elvrgachueca,elvrgachueca,soyelvrgachueca,https://pbs.twimg.com/profile_images/2088860235049865216/H2p6J__a_normal.jpg
1934260459177115648,Dragoncrossfrog,Dragoncrossfrog,Aaron Hinds,https://pbs.twimg.com/profile_images/1934260912464011264/gWP1Oq0h_normal.png
352041280,SirPojo,SirPojo,Pojo ™,https://pbs.twimg.com/profile_images/1605784356298977280/wbfRJyuE_normal.jpg
1457498415563223044,ariCariii,ariCariii,Ari,https://pbs.twimg.com/profile_images/2058429665211998208/684XN2D4_normal.jpg
1547309493683462145,ZacharyMims4,ZacharyMims4,Jack Zims,https://pbs.twimg.com/profile_images/1976972677060460544/Kr9LKZe4_normal.jpg
400122577,LoMichelleT,LoMichelleT,lo,https://pbs.twimg.com/profile_images/1885018216721743873/Ex_V-gUt_normal.jpg
1535502780701347840,CanadaTheFallen,CanadaTheFallen,Trump Won,https://pbs.twimg.com/profile_images/1891299414364602368/FZxyFXKF_normal.jpg
1076296232119750656,afatblkwomen,afatblkwomen,your favorite fat virgo😘,https://pbs.twimg.com/profile_images/1996955623854845952/HaDE7kWQ_normal.jpg
3292810460,max_millionair,max_millionair,Millie Saint-Maximin,https://pbs.twimg.com/profile_images/1547046484633436161/3Yrh_D2C_normal.jpg
2076271990453735425,EODWX5,EODWX5,EODWX5,https://pbs.twimg.com/profile_images/2085484717441236992/jhA3MxxM_normal.jpg
591205803,sansaomoises,sansaomoises,ASIOM,https://pbs.twimg.com/profile_images/1562243586049056769/BnsumGyN_normal.jpg
850392117713174528,TEEZZYNUMBA4,TEEZZYNUMBA4,▲R.I.P;RONDO&DONDRE▲,https://pbs.twimg.com/profile_images/1905816902854680576/9Urpuywz_normal.jpg
1225955468125691904,BlazeBinges,BlazeBinges,BlazeBinges,https://pbs.twimg.com/profile_images/1883561954578673664/2qyjvWer_normal.jpg
1415902423240032259,ozunaxime,ozunaxime,ximee,https://pbs.twimg.com/profile_images/2075081416920981504/ETpw_EZL_normal.jpg
1707475621029318656,TopLando8,TopLando8,Orlando 👾,https://pbs.twimg.com/profile_images/2083165596351381504/iwrwdRxG_normal.jpg
1921014610897104899,sweet_amerah,sweet_amerah,HeraP,https://pbs.twimg.com/profile_images/1985861616974393344/C1FQV3Z1_normal.jpg
756905088724107264,taco_twins,taco_twins,thetacotwins,https://pbs.twimg.com/profile_images/756910814125228032/DMgIT9-P_normal.jpg
112245414,HyperGamer14,HyperGamer14,HyperGamer14,https://pbs.twimg.com/profile_images/1112047179215065088/G6k54cl8_normal.png
156762897,Arcu_lu,Arcu_lu,루,https://pbs.twimg.com/profile_images/2015951194418454528/-k4mG9BU_normal.jpg
1309303383547764737,tennnk_,tennnk_,k,https://pbs.twimg.com/profile_images/1341860211431153665/y0jeMsi4_normal.jpg
1931836665187713024,FORBlDDENFRUITS,FORBlDDENFRUITS,FORBlDDENFRUITS,https://pbs.twimg.com/profile_images/2067844196992716801/Np8AbDe1_normal.jpg
1099824856206659584,pueshira,pueshira,dr. dykelicious,https://pbs.twimg.com/profile_images/2000037613248352264/ugFy3_7o_normal.jpg
1581107613760212992,xoxoozoey,xoxoozoey,xoxoozoey,https://pbs.twimg.com/profile_images/2086611262465552384/f_-Mt_l3_normal.jpg
1312641676767264768,irisojeedaa,irisojeedaa,iru,https://pbs.twimg.com/profile_images/1759760057493770240/RrzXnJ99_normal.jpg
1149385662245851136,griblr,griblr,fartbucket ⁷🩻,https://pbs.twimg.com/profile_images/2063740883443286016/BfGBMtTk_normal.jpg
1256311212574412800,JA6DED,JA6DED,chris.,https://pbs.twimg.com/profile_images/2074170680237867008/MieIasBk_normal.jpg
759783710803714050,JAILEYSWRLD,JAILEYSWRLD,JAILEYSWRLD,https://pbs.twimg.com/profile_images/1452640137913913346/VaX7c_9u_normal.jpg
766806231864446977,itssebaby,itssebaby,Ebaby 💕,https://pbs.twimg.com/profile_images/1794242256498507776/mlk3bKES_normal.jpg
976691692567912450,ara_cely08,ara_cely08,Aracely 🌙,https://pbs.twimg.com/profile_images/2074951691787812864/LVcQN0Fi_normal.jpg
32199544,Shaidesu_,Shaidesu_,Shayla 🌸🩷,https://pbs.twimg.com/profile_images/2085152465218109440/HHXeySV6_normal.jpg
1070365651095707649,xBritneyAlisonx,xBritneyAlisonx,Addison Is The Best | xBritneyAlisonx,https://pbs.twimg.com/profile_images/2012867099492786176/hdV3P8vk_normal.jpg
989023360007860224,Angels_Mylovely,Angels_Mylovely,Mandy Mandi,https://pbs.twimg.com/profile_images/1158191237339291648/P_TLpbLZ_normal.jpg
267648685,gkhnsauron,gkhnsauron,Gökhan,https://pbs.twimg.com/profile_images/2061895114394345472/JJR5-j40_normal.jpg
848421055479808000,faatpaal,faatpaal,f,https://pbs.twimg.com/profile_images/2089024329644220416/ytsIvVY-_normal.jpg
1717146369054363648,DiggsMom,DiggsMom,TrustInTheLord🙏,https://pbs.twimg.com/profile_images/1717162175905615872/QGiysx79_normal.jpg
1010745171330334720,King_Waso,King_Waso,King_Waso TTV -STREAMER DAD-,https://pbs.twimg.com/profile_images/1263954680389959681/CYTfeIRz_normal.jpg
1350627331237298176,ThegreatLambiny,ThegreatLambiny,LambChops ChopShop,https://pbs.twimg.com/profile_images/2088826475298312192/U1FE1tJr_normal.jpg
1041464574044721154,MajorEllis2000,MajorEllis2000,MajorElli,https://pbs.twimg.com/profile_images/1654917906730217473/85Pur3kR_normal.jpg
1518687005785399296,CeciliaBertoli7,CeciliaBertoli7,Cecilia Bertolini,https://pbs.twimg.com/profile_images/1830451949008781312/eq0ZpRDo_normal.jpg
963449252,iTranqui1ity,iTranqui1ity,Justin,https://pbs.twimg.com/profile_images/1711734697955377154/s_2sqzOz_normal.jpg
1717150265894223872,Misfitmommy03,Misfitmommy03,Felicia Kondor,https://pbs.twimg.com/profile_images/1717150448774258688/_Bm_9CMn_normal.jpg
1974656795864961024,AbigailPet7996,AbigailPet7996,olandria's wife🎀,https://pbs.twimg.com/profile_images/1982585228448116736/nVaxvuNZ_normal.jpg
841865930716151809,HarleyQuinn0424,HarleyQuinn0424,YoshiFan424,https://pbs.twimg.com/profile_images/2076795087166533632/GMG-Nnrf_normal.jpg
168662310,mtac79,mtac79,mariano y bichy,https://pbs.twimg.com/profile_images/734107282422796289/W3Rs1rUh_normal.jpg
1263668500662497281,1HELLGIRL2,1HELLGIRL2,☆ Julia ☆ ᵈᵃᵘᵍʰᵗᵉʳ ᵒᶠ ˢᵉʳⁱᵉˢ ᵃⁿᵈ ᵐᵒᵛⁱᵉˢ,https://pbs.twimg.com/profile_images/1417956293009096704/677EYize_normal.jpg
850564886182547456,mutxntand_proud,mutxntand_proud,ADRIAN,https://pbs.twimg.com/profile_images/1910363985750212608/0A89p9RO_normal.jpg
1781791974502146048,negronails,negronails,negronails,https://pbs.twimg.com/profile_images/2084631862480101377/jL3EUVVQ_normal.jpg
121907763,sharontokki,sharontokki,𝓈𝒽𝒶𝓇ℴ𝓃,https://pbs.twimg.com/profile_images/2065213619206594560/yk-R_n00_normal.jpg
76779786,mrmusss,mrmusss,Mustafa,https://pbs.twimg.com/profile_images/670815918226841601/nkgbCWBv_normal.jpg
1447765566161313792,NiqoNguyenn,NiqoNguyenn,N I q O,https://pbs.twimg.com/profile_images/1956076161240317955/Dpvxya6h_normal.jpg
1276834302710493184,tyrqikk,tyrqikk,tyreik ☆ (5.28 / 5.29),https://pbs.twimg.com/profile_images/1934782858817687552/slWv4_Qj_normal.jpg
1919329460203212800,Mandevil23,Mandevil23,Mandevil23,https://pbs.twimg.com/profile_images/1928452355906805760/x21y3eH8_normal.jpg
921810792,_lindsaaaayyyyy,_lindsaaaayyyyy,Linds💕,https://pbs.twimg.com/profile_images/2068892650896257024/HR0quuD0_normal.jpg
1133675759728517120,mrxst_luigi,mrxst_luigi,luigi,https://pbs.twimg.com/profile_images/1564148926214598656/0LkvtptX_normal.jpg
1421931619817070592,DollyChaffin,DollyChaffin,Dollface13,https://pbs.twimg.com/profile_images/1421937433994829825/wtxsYyfi_normal.jpg
1367531,FoxNews,FoxNews,FoxNews,https://pbs.twimg.com/profile_images/2078110741001912320/m1cc1diI_normal.jpg
1397252131166511107,DumbLamia,DumbLamia,Mia,https://pbs.twimg.com/profile_images/1436416546390167554/XJ68T4KQ_normal.jpg
412476643,iluvnmike,iluvnmike,ؘ,https://pbs.twimg.com/profile_images/2089101000615276544/ss6cEgFv_normal.jpg
1145183721127075844,kesontheman,kesontheman,man²,https://pbs.twimg.com/profile_images/2087932324977491968/97aV9RYm_normal.jpg
1431650819540062223,goodbyepeep,goodbyepeep,hakaw,https://pbs.twimg.com/profile_images/2023062401600663552/qMvpdAPL_normal.jpg
1475546871426793478,yekitox333,yekitox333,yekitox333,https://pbs.twimg.com/profile_images/2050965488709128192/GPkvuCZC_normal.jpg
1089593370060771328,CrenshawCali,CrenshawCali,Cʀᴇиsʜαᴡ,https://pbs.twimg.com/profile_images/1950601512792604672/ahAsKEzz_normal.jpg
1465788362476994564,Youh_Kirisame,Youh_Kirisame,Youh Knobody Kirisame,https://pbs.twimg.com/profile_images/2061498836984467457/UxOH3Q_2_normal.png
2077915165807517696,tomegarrettjr,tomegarrettjr,Thomas Garrett,https://pbs.twimg.com/profile_images/2083401509749096448/SGQ6VMRB_normal.jpg
1640913701808078851,TheePopCore,TheePopCore,TheePopCore,https://pbs.twimg.com/profile_images/1969797960943710208/HrP_G_V7_normal.jpg
1478447146789744644,pinkmvsk_,pinkmvsk_,kaeli is cracking the code 🎸,https://pbs.twimg.com/profile_images/2039416280935960576/203VaQpR_normal.jpg
47668774,Mons7fvo,Mons7fvo,AllBallWithMons,https://pbs.twimg.com/profile_images/2081113311609782272/p23VcK4Z_normal.jpg
335792796,YoungRG__,YoungRG__,Reg. ♠️🏁🙏🏾,https://pbs.twimg.com/profile_images/1517726490309365760/yKDop2j3_normal.jpg
718225313797402627,laneiis_,laneiis_,laney 🦉 IA,https://pbs.twimg.com/profile_images/1982932128179658752/t4H4nzXI_normal.jpg
979914069686792192,Kassy_G101,Kassy_G101,Stephanie 🌱,https://pbs.twimg.com/profile_images/2088312970937831424/Wwq-fhwR_normal.jpg
2315488596,TebogoSeatholo,TebogoSeatholo,teefit_24,https://pbs.twimg.com/profile_images/1926985921984933888/Mvz2ed3x_normal.jpg
1795652365267111937,loll682225,loll682225,loll,https://abs.twimg.com/sticky/default_profile_images/default_profile_normal.png
803432639621431296,ore_lenny,ore_lenny,aRoki,https://pbs.twimg.com/profile_images/1982025267682873344/1ncwQLAm_normal.jpg
1318268103868870656,MissPatriot17,MissPatriot17,Miss Patriot,https://pbs.twimg.com/profile_images/1982251814171901953/dSSnvclc_normal.jpg
2865707512,EybarLugo,EybarLugo,Hernandez,https://pbs.twimg.com/profile_images/1824155543641956352/yVMeVBzE_normal.jpg
2063678829025968128,taemgzl,taemgzl,tæ,https://pbs.twimg.com/profile_images/2069644608053694464/t416oNI8_normal.jpg
1049109160724447235,ughsonasty,ughsonasty,𝑺 𝒀 𝑵,https://pbs.twimg.com/profile_images/2002097404317704192/vycnD5V8_normal.jpg
1936007714708320256,Murderotica9866,Murderotica9866,Oren,https://pbs.twimg.com/profile_images/1970680736568283136/N_0ZCMEj_normal.jpg
869829990,ZeeKemii,ZeeKemii,AMERICA’S PROBLEM,https://pbs.twimg.com/profile_images/1891621215799808000/pT7NCpyN_normal.jpg
83850600,TheLastMoonRose,TheLastMoonRose,⚡🌹🌕🐇⚡,https://pbs.twimg.com/profile_images/2054478274034892801/lcTX8g_s_normal.jpg
1164982633748525056,cuztheintern3t,cuztheintern3t,Gabi ♡,https://pbs.twimg.com/profile_images/1964973548323377152/yhYgwceM_normal.jpg
1964200006971510784,gaytodawn,gaytodawn,Melissa ♡ KH4 lockdown,https://pbs.twimg.com/profile_images/2089093287215083520/kk-atlGs_normal.jpg
865715933972529152,jameyycrawfordd,jameyycrawfordd,jamey e.,https://pbs.twimg.com/profile_images/1830618914155290624/54V-RPE2_normal.jpg
1276214552359776260,mend_alyn,mend_alyn,mend_alyn,https://pbs.twimg.com/profile_images/2003979073777750016/D-JiPzCO_normal.jpg
1182864496018149376,PaulavenXIII,PaulavenXIII,PaulavenXIII,https://pbs.twimg.com/profile_images/2088933224814874624/bWugaKQn_normal.jpg
1460441129023905796,IAMNOTBROYALE,IAMNOTBROYALE,B ROYALE👑,https://pbs.twimg.com/profile_images/2067353866903961600/VwkiZbRt_normal.jpg
216177858,RegAndy76,RegAndy76,RegAndy76,https://pbs.twimg.com/profile_images/2076375200782761984/cKhqX2bm_normal.jpg
1535733886080229376,realitytvgirlie,realitytvgirlie,🌸,https://pbs.twimg.com/profile_images/1829999026369921024/_nZjQW1n_normal.jpg
1930058698568937474,rapschoice,rapschoice,rapschoice,https://pbs.twimg.com/profile_images/1955866300569522176/0V-6WVFD_normal.jpg
897969926924681216,2montaukk,2montaukk,M,https://pbs.twimg.com/profile_images/2084140887941255168/29zq2BEQ_normal.jpg
1210295591093362688,MochPrincess,MochPrincess,🐬🐚,https://pbs.twimg.com/profile_images/2083001234500329473/p9vhqK2L_normal.jpg
1612692155855933441,chgeeto,chgeeto,ryan,https://pbs.twimg.com/profile_images/2079417301515055104/SVWvFhXm_normal.jpg
1359689509185667075,LB_Sil8,LB_Sil8,Silvana 🇧🇷 🖤💙🖇,https://pbs.twimg.com/profile_images/2051570516704575495/BH_Lc9ID_normal.jpg
1214937091659964417,FOSTER7864,FOSTER7864,FOSTER DVB,https://pbs.twimg.com/profile_images/2084533003250745344/hlh52I9F_normal.jpg
1816511492419670022,TaleighaWT,TaleighaWT,Miss Shady.,https://pbs.twimg.com/profile_images/2079192784687218688/Gxmy0k0F_normal.jpg
3706913294,britwycoff23,britwycoff23,Main Character,https://pbs.twimg.com/profile_images/2074326228027260930/wExPv1hi_normal.jpg
1580582243411664898,JustBeFair22,JustBeFair22,FAIR🎀,https://pbs.twimg.com/profile_images/1938453057299243009/Ma5IYnAG_normal.jpg
263876133,domiravelo,domiravelo,Gladys López 🏳️‍🌈,https://pbs.twimg.com/profile_images/1832786251327397889/V4M7Qent_normal.jpg
20108560,RottenTomatoes,RottenTomatoes,RottenTomatoes,https://pbs.twimg.com/profile_images/2066874067458654208/V1XXd6O6_normal.jpg
1835203787532763136,DeetheBee,DeetheBee,ℹ️ DeeCoded Feed,https://pbs.twimg.com/profile_images/2034149051562921985/D_28atEs_normal.jpg
1497019997813575692,KingValleyBoss_,KingValleyBoss_,Mercedes,https://pbs.twimg.com/profile_images/1744762851720626176/F7E8PnOj_normal.jpg
2826977876,carolinerenard_,carolinerenard_,carolinerenard_,https://pbs.twimg.com/profile_images/2046427600881676288/xuvwr7fm_normal.jpg
1581894568781352960,astharosh3,astharosh3,🐤,https://pbs.twimg.com/profile_images/2088948919967633408/MhgzpiEh_normal.jpg
1773947944451837952,cocogirrrl,cocogirrrl,kari,https://pbs.twimg.com/profile_images/2028060874641129472/bOKwihX3_normal.jpg
2963234769,lola_livre,lola_livre,má 🚩,https://pbs.twimg.com/profile_images/2086319990689480704/XJA8GEAT_normal.jpg
1885548292509229057,CLERITH07,CLERITH07,DownTechMash,https://pbs.twimg.com/profile_images/2088786528642187264/82ZMqGsm_normal.jpg
761659243879628800,LMC240570,LMC240570,Leo Cintra 💢 🇧🇷 🇵🇹 💢,https://pbs.twimg.com/profile_images/1713673283961266176/l0_djF8P_normal.jpg
7587032,SkyNews,SkyNews,SkyNews,https://pbs.twimg.com/profile_images/1604907328242962433/P_79at43_normal.jpg
1786248313894731776,mi84910,mi84910,RadioSilent,https://pbs.twimg.com/profile_images/2004504822435713024/3UtOZJ2M_normal.jpg
1255456903406202882,downbadbears,downbadbears,downbadbears,https://pbs.twimg.com/profile_images/1690487839010779137/b9W-8Gqw_normal.jpg
290901441,WTFCurry,WTFCurry,REGGIE,https://pbs.twimg.com/profile_images/1974907146509668352/EAn1oGjW_normal.jpg
494745082,elisapphic,elisapphic,arum,https://pbs.twimg.com/profile_images/1964136984949194752/P_dd7C53_normal.jpg
972582233172250625,casasement,casasement,mélanie 🕊,https://pbs.twimg.com/profile_images/2020156392221417472/c_kw4T9j_normal.jpg
1396190269494726657,luxheart10,luxheart10,Luxheart10,https://pbs.twimg.com/profile_images/2043447907190501376/_0NFBVf4_normal.jpg
1955683273847545856,Sorcerett,Sorcerett,Unuprai,https://pbs.twimg.com/profile_images/1955683834730815488/WrIvirwG_normal.jpg
45455462,Frivonk,Frivonk,San 💙 위니 🐰,https://pbs.twimg.com/profile_images/2069283840426700800/xD7xqL1U_normal.jpg
1427701969272164361,hdj232,hdj232,hdj23,https://pbs.twimg.com/profile_images/1503519103818027010/dDXP8m50_normal.jpg
1473439627910524928,BlerdJuuHeard,BlerdJuuHeard,BLERD-JUU-HEARD👾-On YOUTUBE,https://pbs.twimg.com/profile_images/1949724668002189312/Cen4BHuA_normal.jpg
808209882,_Shannoniganz,_Shannoniganz,BLE | shan,https://pbs.twimg.com/profile_images/2086433484193558528/kH4JZRNL_normal.jpg
280139210,mandaaassss,mandaaassss,manda,https://pbs.twimg.com/profile_images/2089047833869447169/nDuvr2No_normal.jpg
1668424375,_deeriley21,_deeriley21,Dee🦋,https://pbs.twimg.com/profile_images/2041195078094393344/PBNo4YV9_normal.jpg
1747236414901678080,toniwoni08,toniwoni08,toni❤️,https://pbs.twimg.com/profile_images/2071281858193543168/UH1gd5YC_normal.jpg
38290544,KatyeeFreeman,KatyeeFreeman,𐌊𐌕 𐌁𐌵Ᏽ,https://pbs.twimg.com/profile_images/2069531511364161536/e4pXiwge_normal.jpg
1271450338932019201,JeromeM94Movies,JeromeM94Movies,JeromeM94Movies,https://pbs.twimg.com/profile_images/2083276550753935360/7eWvm95V_normal.jpg
181462148,mrbrianrowe,mrbrianrowe,mrbrianrowe,https://pbs.twimg.com/profile_images/1640523101900513280/AcKo7ip-_normal.jpg
1789531570254082048,kye4manon,kye4manon,𝓚𝔂𝓮ꕤ | OT6,https://pbs.twimg.com/profile_images/2078948877231665152/lHoc7WGB_normal.jpg
1965984789556563968,hanzanitaa,hanzanitaa,hanzanitaa,https://pbs.twimg.com/profile_images/2088057461047476225/Yl3oxi3I_normal.jpg
1328781456802521091,Phenomenal9414,Phenomenal9414,Irene,https://pbs.twimg.com/profile_images/2076454474655088643/F-q6TnKv_normal.jpg
1233923229032468481,lifecantbehard,lifecantbehard,zal,https://pbs.twimg.com/profile_images/1962715075032297472/PDMkEp6B_normal.jpg
326605528,jayyylogs,jayyylogs,𝚓 | 𝚡𝚡-𝚡𝚡𝚡𝟼𝟹,https://pbs.twimg.com/profile_images/1708667782471323648/QrMink9a_normal.jpg
1141226737,Dorthbaby,Dorthbaby,Hardbody,https://pbs.twimg.com/profile_images/1893629876952788992/fnELHB0W_normal.jpg
1854608907819495424,JWadventurerama,JWadventurerama,JWadventurerama,https://pbs.twimg.com/profile_images/2085199027122106368/KDXKARZA_normal.jpg
1122256983837401088,okaybeale,okaybeale,chowie,https://pbs.twimg.com/profile_images/2018129999132508160/66JKfSFb_normal.jpg
15397175,whnt,whnt,News 19,https://pbs.twimg.com/profile_images/1587827010302361601/I2qjLZai_normal.jpg
1072235064921079809,PanchoReview,PanchoReview,Francisco Astorga | Voice Actor,https://pbs.twimg.com/profile_images/1760924780033622016/T-OlQ7Tc_normal.jpg
238848852,Mielu8,Mielu8,Adrian Moraru,https://pbs.twimg.com/profile_images/378800000706168174/f87b193171417b583eec4da10cb9e5d9_normal.jpeg
1139272147396939778,jalynn_pitre,jalynn_pitre,Ja’Lynn,https://pbs.twimg.com/profile_images/1977924356639432704/Ziy0c87H_normal.jpg
2213678672,SmewzyVT,SmewzyVT,🛸👽 Alien 👽🛸,https://pbs.twimg.com/profile_images/1823096082345201664/PRPsUhD6_normal.jpg
4237093701,kingcrimson0589,kingcrimson0589,Javen Wilson,https://pbs.twimg.com/profile_images/1581055335502151683/Z05uDDbL_normal.jpg
1450912819482877969,cxederz,cxederz,Eden 🇲🇽,https://pbs.twimg.com/profile_images/2088481266723180544/qCvG8pli_normal.jpg
197252230,claycoochie,claycoochie,🧚‍♂️,https://pbs.twimg.com/profile_images/2071368299020161025/cw888UuN_normal.jpg
1255501948398252033,Seasalt_trio9,Seasalt_trio9,Pepper,https://pbs.twimg.com/profile_images/1256225242613252096/gM6QU2v6_normal.jpg
1752054880171438080,TauraCaesar,TauraCaesar,C’Doggy Dogg🦴,https://pbs.twimg.com/profile_images/2079495990634246144/kvfDu6P7_normal.jpg
1453580172540715008,marajnsync,marajnsync,cade cunningham stan account,https://pbs.twimg.com/profile_images/1985151493712834560/Mp8fNrcO_normal.jpg
2597157732,britx94,britx94,britx94,https://pbs.twimg.com/profile_images/2086966587425210368/EnOrl2X-_normal.jpg
356896299,Ikumot,Ikumot,Tomuki,https://pbs.twimg.com/profile_images/1852653099929767936/T1AtxILo_normal.jpg
1790274156899995648,salihsami1907,salihsami1907,salih sami 🇺🇸🇹🇷,https://pbs.twimg.com/profile_images/2031982302851444736/lMQpoC0K_normal.jpg
1996202504275828736,peachiieicecoff,peachiieicecoff,🌼ｓｏｌａｎａ🌼,https://pbs.twimg.com/profile_images/1996203769189875712/LPX9qv5z_normal.jpg
2580350129,Donofritos,Donofritos,Zach,https://pbs.twimg.com/profile_images/1949183032235106304/j3d6mhJn_normal.jpg
281845765,HeyHeyGMA360,HeyHeyGMA360,Gina,https://pbs.twimg.com/profile_images/2080122168034336769/gz_3XCIS_normal.jpg
738963785612812288,zer0_w0lf,zer0_w0lf,Zer0 W0lf,https://pbs.twimg.com/profile_images/1408205118378446852/eFiFTZwl_normal.jpg
907399367769968640,bradleyberdecia,bradleyberdecia,bradleyberdecia,https://pbs.twimg.com/profile_images/2049162288918073344/F4kZ3TbV_normal.jpg
946390931355430913,TimiaAmece,TimiaAmece,Ms.Amece💟,https://pbs.twimg.com/profile_images/1989528154159878144/u5j9SWij_normal.jpg
1496596394156519427,bespinderella,bespinderella,#1 ‘joffrey is laenor’s baby’ truther,https://pbs.twimg.com/profile_images/1858570137399607297/p9ACuCOE_normal.jpg
1656469565348651008,daiyunakai,daiyunakai,the princess,https://pbs.twimg.com/profile_images/2032302263214260224/pHFHeh6D_normal.jpg
783693906,JennyWakemanXJ9,JennyWakemanXJ9,Jenny Wakeman,https://pbs.twimg.com/profile_images/730411265542213632/_iHAOuWw_normal.jpg
1606502765257261059,ThirdKindred,ThirdKindred,Kaishin/Expert | SANCHOS BOYFRIEND,https://pbs.twimg.com/profile_images/2079736131352956929/elap_V3Y_normal.jpg
1286521197522571264,127zdream,127zdream,nelly,https://pbs.twimg.com/profile_images/2007601431033864192/7Kyk5ObZ_normal.jpg
1351588079325339652,mariesmenacery,mariesmenacery,Mariethemenace,https://pbs.twimg.com/profile_images/1891341804668067840/zgp_-k-X_normal.jpg
2409776168,galuche_off,galuche_off,Becky Lwish 👩🏼‍🦰,https://pbs.twimg.com/profile_images/1738853341755514880/dETe55KN_normal.jpg
1355711022984794116,Cryptogripped,Cryptogripped,Cryptovert 3.0,https://pbs.twimg.com/profile_images/1481792236316676096/dHj749FR_normal.jpg
2886502574,itscanco,itscanco,Marc,https://pbs.twimg.com/profile_images/2073078921969491968/CE1et3wH_normal.jpg
28844879,jojokuboo,jojokuboo,Joey Galvin,https://pbs.twimg.com/profile_images/1831471538198994945/BGGdUNHx_normal.jpg
25399451,Neil_McNeil,Neil_McNeil,Neil_McNeil,https://pbs.twimg.com/profile_images/1706363710976167936/94m08vBV_normal.jpg
632282079,SkullLeader001,SkullLeader001,Ezio Auditore Da Firenze,https://pbs.twimg.com/profile_images/1133843888936931328/a1a2C978_normal.jpg
26506834,anime_esh202,anime_esh202,anime_esh202,https://pbs.twimg.com/profile_images/2055098644982882304/6mq0bmix_normal.jpg
1680506807201013763,ssharpobject,ssharpobject,benja,https://pbs.twimg.com/profile_images/2064451435870273536/7DQ2jqiw_normal.jpg
1910362707527864320,insidecoup,insidecoup,Inside Coup,https://pbs.twimg.com/profile_images/1910368724739383300/6l9bqRwa_normal.jpg
1408860310115602443,lesvihonest1,lesvihonest1,˖ ݁. ‧⋆Josie⋆ ࣪˖ . ݁,https://pbs.twimg.com/profile_images/2031852418556719104/EdYkb-W9_normal.jpg
1188334335285288960,trinaabby_,trinaabby_,ʚїɞ,https://pbs.twimg.com/profile_images/2072229593562644480/9EZuZBji_normal.jpg
1209267756106964992,asiaainterlude,asiaainterlude,asia ☾,https://pbs.twimg.com/profile_images/2076373051105521664/5_LeYxyv_normal.jpg
1540500361483632642,ellesaidhey,ellesaidhey,Shanty,https://pbs.twimg.com/profile_images/2046816332289617920/wYLGImiY_normal.jpg
412808700,Jayy_Hardyy252,Jayy_Hardyy252,Jayy_Hardyy252,https://pbs.twimg.com/profile_images/2060167812648206337/Pi4VU96U_normal.jpg
1105999425783164930,ttenisee,ttenisee,👱🏽‍♀️,https://pbs.twimg.com/profile_images/2084339094386061313/C5ZCHAuP_normal.jpg
16477702,syracusedotcom,syracusedotcom,syracuse.com,https://pbs.twimg.com/profile_images/1610293484300156931/zwYqYGBw_normal.jpg
1583994183639093248,idec_00,idec_00,🚶🏻‍♀️,https://pbs.twimg.com/profile_images/1926436672566091776/WjPe3LiL_normal.jpg
421992276,brusinho5,brusinho5,bru5inho,https://pbs.twimg.com/profile_images/2007083310313308160/gPtdG08-_normal.jpg
1465910538437894147,NguenePierre,NguenePierre,Nguene Pierre,https://pbs.twimg.com/profile_images/1465910704960155651/owqEGEn6_normal.png
1513632805078634500,TheRoyalGrift,TheRoyalGrift,TR G - The Royal Grift,https://pbs.twimg.com/profile_images/1717526800752857089/RY74luVs_normal.jpg
2087065679342043136,spideytigre,spideytigre,MEXICAN SORA!!!!,https://pbs.twimg.com/profile_images/2088484256309796864/viIBa0WP_normal.jpg
1937414945336901633,legitimateli,legitimateli,LI ⚢,https://pbs.twimg.com/profile_images/2076634148605665280/r-w8F_-c_normal.jpg
391529570,HonTheeDon,HonTheeDon,HONE$TY,https://pbs.twimg.com/profile_images/1778240288919527424/_F79D3S2_normal.jpg
1481106394493468672,avaonthisbeat,avaonthisbeat,𝓐ୢ꣒ 🌸,https://pbs.twimg.com/profile_images/2084523751144632320/MPmLIbOR_normal.jpg
1918051247757856768,pinkestplaymate,pinkestplaymate,pinkestplaymate,https://pbs.twimg.com/profile_images/2087735213275099137/-gOqvc_r_normal.jpg
95581984,LesloveLessex,LesloveLessex,FANM,https://pbs.twimg.com/profile_images/1785930490702114816/xSumxoBK_normal.jpg
706703621283520512,itgirIing,itgirIing,sarahrist,https://pbs.twimg.com/profile_images/2016663895025602560/e6bJfiLT_normal.jpg
3294495828,HexTheePisces,HexTheePisces,Mai Mai 🌸,https://pbs.twimg.com/profile_images/2061599252845834240/WlZ8Sqe__normal.jpg
950634503000621057,bill09945892,bill09945892,Grok Imagine Adventures,https://pbs.twimg.com/profile_images/2002581892378603525/R3rxlMcW_normal.jpg
904693981870571520,AnimatedNeko,AnimatedNeko,CatGuyToons,https://pbs.twimg.com/profile_images/1460051958899765248/d7F7sQZM_normal.jpg
737929982018768900,oddtank,oddtank,tank,https://pbs.twimg.com/profile_images/1989170540838318080/IJQaRXxt_normal.jpg
1734341570,kahlilean,kahlilean,خليل,https://pbs.twimg.com/profile_images/2053506665345949697/I7Sw4xo0_normal.jpg
103410008,ArtemisFoxAngel,ArtemisFoxAngel,Alfonso Vazquez lara,https://pbs.twimg.com/profile_images/1761074815782227968/BiaYXDOF_normal.jpg
716328085784772609,Kuestmaster,Kuestmaster,Kuest,https://pbs.twimg.com/profile_images/1714937397710831619/g7mI5MnR_normal.jpg
1261843103926956033,OmegaPichu,OmegaPichu,💜Omega💜,https://pbs.twimg.com/profile_images/1847872781846798337/lHaf-0n3_normal.jpg
1855459635215384576,glaz3dforty,glaz3dforty,rayz,https://pbs.twimg.com/profile_images/1855460115630923776/Nap9gBi6_normal.jpg
1447546379123953677,yourenoromeo,yourenoromeo,₊˚⊹ ㅅ ⚓︎,https://pbs.twimg.com/profile_images/2031289386952777728/5XqFqBpm_normal.jpg
1334247380120707079,sleepydekarios,sleepydekarios,luke ✩,https://pbs.twimg.com/profile_images/2088002098197614592/nDE6Z7FB_normal.jpg
947073118538887168,thats_ttuf,thats_ttuf,AddYourName,https://pbs.twimg.com/profile_images/2071810460421074944/XTxiZ01C_normal.jpg
755185741655789568,styIysh,styIysh,styIysh,https://pbs.twimg.com/profile_images/2047474254988337152/qcQp1v4H_normal.jpg
1093328347,PapiShownu,PapiShownu,⋈Shoo Shownu⋈,https://pbs.twimg.com/profile_images/1395852175482527758/nEPF6BAW_normal.jpg
934539126,NoniFlax101,NoniFlax101,Emma,https://pbs.twimg.com/profile_images/918584754051612672/9dTlKH_V_normal.jpg
1682566005615124480,HatterOnChain,HatterOnChain,HatterOnChain,https://pbs.twimg.com/profile_images/2086620958438080512/eTLPV6R9_normal.jpg
5402612,BBCBreaking,BBCBreaking,BBCBreaking,https://pbs.twimg.com/profile_images/1150716997254209536/M7gkjsv5_normal.jpg
771382728,indylcisive,indylcisive,dylpickle💜,https://pbs.twimg.com/profile_images/1972769097495486464/qAz4BwZg_normal.jpg
2424454076,adoreayla,adoreayla,ayla 💙,https://pbs.twimg.com/profile_images/2074752493221756928/MSHvTAdA_normal.jpg
734111818306592768,CukieDude,CukieDude,𐦍,https://pbs.twimg.com/profile_images/1665342593889124355/kBj50Jnk_normal.jpg
2609163074,DanaBrigoli,DanaBrigoli,DanaBrigoli,https://pbs.twimg.com/profile_images/2086850390515998720/uLJoaayH_normal.jpg
1954927769114337280,bimbyyy0_,bimbyyy0_,breezy “spo9glabobe” beans 💙🇵🇸,https://pbs.twimg.com/profile_images/2038921173539688448/JsVSU6uT_normal.jpg
1566768105715646471,mscertified82,mscertified82,👑MsCertifiedWright 🇺🇲🇯🇲♓️☂️💜🦄,https://pbs.twimg.com/profile_images/2077113164370489344/K5_wD-XT_normal.jpg
1910635602632134656,ciatharaphus,ciatharaphus,cia | THEEWAVE OFFICIAL,https://pbs.twimg.com/profile_images/2088684938082340864/RACjeC8a_normal.jpg
495249848,Morgsss21,Morgsss21,Morgsss✨,https://pbs.twimg.com/profile_images/2080750889074073600/-UJe67la_normal.jpg
873313680083091458,buhlejantjies_,buhlejantjies_,Buhle :),https://pbs.twimg.com/profile_images/2085353046435889152/YE7J7qZA_normal.jpg
2046754221878620160,lindenclutch16,lindenclutch16,Mario,https://pbs.twimg.com/profile_images/2059838155487158273/cMiYU8dw_normal.jpg
1013372078920228865,DianiV11,DianiV11,Diani,https://pbs.twimg.com/profile_images/2020039139018551296/AlxmjO3U_normal.jpg
19538986,JustJared,JustJared,JustJared.com,https://pbs.twimg.com/profile_images/1299557778432733184/2Td7yYNU_normal.jpg
1049790253303812096,anavm94,anavm94,Ana🇪🇸,https://pbs.twimg.com/profile_images/1974431595453939712/CsbjylMg_normal.jpg
1424233746430111745,steelsupremeli,steelsupremeli,i’ll eat ass before i eat coleslaw,https://pbs.twimg.com/profile_images/2046047633295224832/2qy_tCo1_normal.jpg
1500079765700685826,brandthewatche1,brandthewatche1,T.C,https://pbs.twimg.com/profile_images/2059672060666744833/ADKSN-sN_normal.jpg
2043307370571337728,Diorisloved,Diorisloved,Dior,https://pbs.twimg.com/profile_images/2062905144438620160/Xgf3IMZq_normal.jpg
1623709161274986498,ItsMiqelaBaby,ItsMiqelaBaby,Miqela,https://pbs.twimg.com/profile_images/2057422092031643648/QHp6GwWe_normal.jpg
1347001971186798593,shadesofcool29,shadesofcool29,hannah,https://pbs.twimg.com/profile_images/2076870015383433216/QuQnMk3J_normal.jpg
2035186346256736262,lngdonmads,lngdonmads,lngdonmads,https://pbs.twimg.com/profile_images/2087639265727393792/_W4sLdGJ_normal.jpg
785611997240885248,macey_hebert,macey_hebert,🖤M,https://pbs.twimg.com/profile_images/1522657289504804872/ZOAGVCCL_normal.jpg
62414527,amphore,amphore,jazz,https://pbs.twimg.com/profile_images/460932031837257728/pIWqsfNf_normal.png
128370270,Lars9596,Lars9596,Lars9596,https://pbs.twimg.com/profile_images/841995075412475904/Ft1hEnpw_normal.jpg
1499779844808208387,ImpIsDead,ImpIsDead,gargoyle,https://pbs.twimg.com/profile_images/1980081013758783488/fDfGN9mM_normal.jpg
555569063,NChandradat,NChandradat,Navin,https://pbs.twimg.com/profile_images/1258205109307142145/5gTxU_J0_normal.jpg
726086976445681664,FishyYoshii,FishyYoshii,Tyler_bruhh,https://pbs.twimg.com/profile_images/2026881058294448128/MUje18hh_normal.jpg
1866908456457732096,BenDove7807220,BenDove7807220,Ben Dover,https://pbs.twimg.com/profile_images/1866908569196544000/w5OB7JUx_normal.jpg
2511406848,AbyssWraith18,AbyssWraith18,Abyss,https://pbs.twimg.com/profile_images/1375768395338092546/rQOqKC3c_normal.jpg
1851902629724700672,eeeemgay789,eeeemgay789,🏳️‍🌈Emjey,https://pbs.twimg.com/profile_images/2000196742340661248/k0lI1Chv_normal.jpg
251862145,elysianjisoo,elysianjisoo,norma,https://pbs.twimg.com/profile_images/1759108868485910528/adhJWvmu_normal.jpg
4138179976,faaaiittthh,faaaiittthh,faith,https://pbs.twimg.com/profile_images/1713701363559829504/oJ33ywh7_normal.jpg
1353423511252054017,jovenloco_ok,jovenloco_ok,Joven Loco,https://pbs.twimg.com/profile_images/2086195921201618944/u99leyyU_normal.jpg
1802950673962807296,fishpurgatory,fishpurgatory,tim drake fans pnw🧃,https://pbs.twimg.com/profile_images/1968965455848300544/MED6ObTe_normal.jpg
1848564013673615360,quickcont,quickcont,Cider 🍏🔞,https://pbs.twimg.com/profile_images/2010518275789082624/i77ASIRS_normal.jpg
373038413,TheJasmineMacon,TheJasmineMacon,APeacefulPerson☮️,https://pbs.twimg.com/profile_images/2007629741742837760/VRHENXYS_normal.jpg
3318083756,threll1k,threll1k,Trell 🚀,https://pbs.twimg.com/profile_images/1599523914417377284/HALKwAfc_normal.jpg
469966067,marlenyy__,marlenyy__,🌺,https://pbs.twimg.com/profile_images/1549320128629575680/agL-XLJc_normal.jpg
567439717,kimbeurlee,kimbeurlee,gk,https://pbs.twimg.com/profile_images/2004969869574361088/BlGq6RcU_normal.jpg
1639869885449908225,starsforwin,starsforwin,★,https://pbs.twimg.com/profile_images/1731452078797787136/zSIH8upx_normal.jpg
1264043068476600322,blackoutconfess,blackoutconfess,𝒉❦,https://pbs.twimg.com/profile_images/1548375263473307648/OggRvZQ9_normal.jpg
910174333,loihao,loihao,Loi Hao,https://pbs.twimg.com/profile_images/1513152966936924162/2jQXV28b_normal.jpg
2614041031,ZepDavid14,ZepDavid14,DC,https://pbs.twimg.com/profile_images/2072372507269881856/OeuhAfCx_normal.jpg
835970986558251010,sakura1125td,sakura1125td,👻✨️,https://pbs.twimg.com/profile_images/2065915292606513152/FoTJlAp7_normal.jpg
3388776673,fentyhell,fentyhell,luz,https://pbs.twimg.com/profile_images/2048047010427629568/tAAYWpTI_normal.jpg
253895573,s7orpio,s7orpio,🌟,https://pbs.twimg.com/profile_images/1848517029986263040/gNI_cZxE_normal.jpg
3177366009,nuada_silver,nuada_silver,🎭Клоуняра Родион🪅,https://pbs.twimg.com/profile_images/2082508278081232896/sNYDAmwH_normal.jpg
1885747779240394752,cosplay_outlaw,cosplay_outlaw,Cosplay_outlaw,https://pbs.twimg.com/profile_images/1982346242513334272/pa13SRnK_normal.jpg
2170719838,MercedesC_97,MercedesC_97,•M•C• ミ☆,https://pbs.twimg.com/profile_images/1693285719660269568/U3cG7h5P_normal.jpg
196371325,MileyUpdates,MileyUpdates,MileyUpdates,https://pbs.twimg.com/profile_images/2083483579015655425/GyPkR2A6_normal.jpg
884332413995941888,_nxnu,_nxnu,simoneᥫ᭡.,https://pbs.twimg.com/profile_images/2073937084407005184/ttzJ3l9I_normal.jpg
1991333844306522114,bemymoonmin,bemymoonmin,Lee,https://pbs.twimg.com/profile_images/1991334884124610560/qPqmFTK7_normal.jpg
1328846673574027269,LobaDust,LobaDust,𝖑𝖔𝖇𝖆 PROVOKE 𝖉𝖚𝖘𝖙 ♡ 🐇,https://pbs.twimg.com/profile_images/2078609702695391232/c280r-oQ_normal.jpg
50788908,BrunoReichert,BrunoReichert,Bruno Reichert 💚,https://pbs.twimg.com/profile_images/1949205284200558592/7H6DyjMz_normal.jpg
1634265749228343299,karl_effect,karl_effect,Gay Clown,https://pbs.twimg.com/profile_images/1990834238053138432/j4MSdY7a_normal.jpg
2026190221419933696,1776timetravel,1776timetravel,Matt,https://pbs.twimg.com/profile_images/2026190810832875520/UDTNaLs0_normal.jpg
1670075476541583360,RockRebel09,RockRebel09,Susan Lehner,https://pbs.twimg.com/profile_images/1670076857604251648/6oUsoLzD_normal.jpg
2009037401327587328,anvcnz,anvcnz,Ann,https://pbs.twimg.com/profile_images/2077453418096893952/yKpkGA16_normal.jpg
2045873692459302912,grubhubb99,grubhubb99,msmarkiettaꨄ✰,https://pbs.twimg.com/profile_images/2086537355570413568/QH8gzQZy_normal.jpg
2056802713602498560,mcrkale,mcrkale,mcrkale,https://pbs.twimg.com/profile_images/2078179281360801793/i2mYc831_normal.jpg
3227081765,SATREIVAENNA,SATREIVAENNA,Steven,https://pbs.twimg.com/profile_images/594913058847330304/wotAj62T_normal.jpg
316853920,Kimi4532,Kimi4532,Kims,https://pbs.twimg.com/profile_images/1370185769713872903/8hLerzhf_normal.jpg
224885027,mydearwenclair,mydearwenclair,it’s anndy 🦂,https://pbs.twimg.com/profile_images/2087414374453346305/jQQhhNOe_normal.jpg
1283550166910410752,devilmoonk,devilmoonk,devilmoonk,https://pbs.twimg.com/profile_images/1942462105854050305/lZQpB24C_normal.jpg
867191076,notpressre,notpressre,ًًً,https://pbs.twimg.com/profile_images/2083715240529633280/uY4j5RuL_normal.jpg
388589045,TiarraShakur,TiarraShakur,Ti ☀️,https://pbs.twimg.com/profile_images/2026533227586834433/MXVUCaEV_normal.jpg
1799524235083149312,brinasluck,brinasluck,jamie,https://pbs.twimg.com/profile_images/2084341248136032256/Q9ayEj9O_normal.jpg
2877370575,XoTaylahhXo,XoTaylahhXo,RIRI,https://pbs.twimg.com/profile_images/2070050011992260608/_hWTQVrL_normal.jpg
3368946544,anakinspatton,anakinspatton,anakinspatton,https://pbs.twimg.com/profile_images/1996383988785573888/NejSlUJq_normal.jpg
195949955,NyisAwesome_,NyisAwesome_,Ny's 🌏,https://pbs.twimg.com/profile_images/1516112239245381639/Rehfpd6o_normal.jpg
3234798149,pearl_girly99,pearl_girly99,ℰℱℰ💋,https://pbs.twimg.com/profile_images/1614561521111269379/DwuTdCI4_normal.jpg
2040871843117355008,ashdizzleee,ashdizzleee,ash 🐈‍⬛,https://pbs.twimg.com/profile_images/2088667296684503040/qbVobX35_normal.jpg
1458294031432097797,quinntanageorge,quinntanageorge,⋆｡ ﾟ☁︎｡ ⋆ quinn ｡ ﾟ☾ ﾟ｡ ⋆ (they/them),https://pbs.twimg.com/profile_images/1638428928204484609/hRcVbl2q_normal.jpg
2029359706427539456,pookiesbear25,pookiesbear25,Pookie 🎀🖤,https://pbs.twimg.com/profile_images/2063479704376729600/uTwhl655_normal.jpg
2521148384,moneyteam_mani,moneyteam_mani,🥟🍜,https://pbs.twimg.com/profile_images/1984123080348708864/eNDsu3u2_normal.jpg
1145702648441712640,Mikgotti8,Mikgotti8,😶‍🌫️,https://pbs.twimg.com/profile_images/2068276434888523776/j-w_pySz_normal.jpg
1939220075422085120,QC7213,QC7213,koquita bien fria,https://pbs.twimg.com/profile_images/2071366855378284544/CwzSzlHX_normal.jpg
1491202868631777280,heythors9,heythors9,heythor.,https://pbs.twimg.com/profile_images/1754479272360603648/i_WWShlI_normal.jpg
728592798820216833,GRAPE_G53,GRAPE_G53,🐊💚,https://pbs.twimg.com/profile_images/2006515143832707072/LriA1mqN_normal.jpg
26074413,mmg215_,mmg215_,Matt ™,https://pbs.twimg.com/profile_images/958037286805037056/r1D4kN-r_normal.jpg
1029755758085206016,byobrenda,byobrenda,B ❤︎⁠,https://pbs.twimg.com/profile_images/2056072581984505856/8d5friIK_normal.jpg
1865211399489662976,XoxoMoodyJawn,XoxoMoodyJawn,Moonchild💟,https://pbs.twimg.com/profile_images/2023944264405917696/U1LjcH07_normal.jpg
2959859636,JeffGrayPicks,JeffGrayPicks,Jeff Gray Picks,https://pbs.twimg.com/profile_images/2089138302276214785/_BALE9na_normal.jpg
3306714361,queeenofqueens,queeenofqueens,M E G,https://pbs.twimg.com/profile_images/2082547258264784897/JKDinUBh_normal.jpg
175287052,il_legible,il_legible,Rain 🖤🫀,https://pbs.twimg.com/profile_images/838952086796558338/pIfMS9Xh_normal.jpg
1509021003225067523,JDiorio4,JDiorio4,Gaming_Mag3,https://pbs.twimg.com/profile_images/1989046027693776896/rybr4S9o_normal.jpg
251267113,SmashDaSavage,SmashDaSavage,#Dubb™,https://pbs.twimg.com/profile_images/1827882197518348288/6XBJtirV_normal.jpg
997515281068158977,KandleSnackz,KandleSnackz,Snackz,https://pbs.twimg.com/profile_images/2066134725501079552/OaptmLOd_normal.jpg
3320366514,BullsErnest,BullsErnest,Ernest Two Bulls,https://pbs.twimg.com/profile_images/1756133976299704320/aKk2JOoT_normal.jpg
19209569,RCJournal,RCJournal,RCJournal,https://pbs.twimg.com/profile_images/1131269526539165696/U36kkedF_normal.png
3147480614,mchwllms5,mchwllms5,Micah Williams,https://pbs.twimg.com/profile_images/613863449341198336/G7EdUlu7_normal.jpg
1698139764216537088,YBhunter2,YBhunter2,👊😠,https://pbs.twimg.com/profile_images/1843853576914837504/zbWm053P_normal.jpg
2755910767,illuminaji_,illuminaji_,najilah,https://pbs.twimg.com/profile_images/2083784011730554880/T9qm26IN_normal.jpg
270183312,igobyhardy,igobyhardy,johnathan hardy,https://pbs.twimg.com/profile_images/1123722442147532800/8dF1hh8H_normal.jpg
481987499,Rallie4076,Rallie4076,Rallie,https://abs.twimg.com/sticky/default_profile_images/default_profile_normal.png
1757670698091417600,BasedSamParker,BasedSamParker,BasedSamParker,https://pbs.twimg.com/profile_images/1757670919408140288/T5hX4Nv5_normal.jpg
617509879,ARLARAunofficia,ARLARAunofficia,☆ 𝖆𝖗𝖑 ☆ ☠︎ ♫,https://pbs.twimg.com/profile_images/1772056610367541248/ynMtMTHA_normal.jpg
1226357823128375297,MUVAmeaux,MUVAmeaux,Moneshia 🧚🏽,https://pbs.twimg.com/profile_images/2072129270135029760/pfF50Qu9_normal.jpg
1245005193957253122,b_thedonn,b_thedonn,b_thedonn,https://pbs.twimg.com/profile_images/2036888276779622401/ZR5NHf-c_normal.jpg
1663266230,RsGaelle,RsGaelle,.,https://pbs.twimg.com/profile_images/1919684052182863872/JHBveXU5_normal.jpg
2075001846687494144,WorldwideNNX,WorldwideNNX,Worldwide News Network,https://pbs.twimg.com/profile_images/2075749360684486656/WYC8VCBP_normal.jpg
795473592993517568,rubitacabello,rubitacabello,Rubí S 🇲🇽,https://pbs.twimg.com/profile_images/1636779543192125481/fgjGU51j_normal.jpg
303455427,Eujmario,Eujmario,Máryo uai,https://pbs.twimg.com/profile_images/2007543833668603904/QvPyGHrB_normal.jpg
1448414469663727616,inurbasement8,inurbasement8,🤡,https://pbs.twimg.com/profile_images/1458623459492347905/d-q_rmWO_normal.jpg
1080251942708883456,MaryFHart1,MaryFHart1,Mary F Hart,https://abs.twimg.com/sticky/default_profile_images/default_profile_normal.png
1319287761048723458,MarioNawfal,MarioNawfal,MarioNawfal,https://pbs.twimg.com/profile_images/1938244629071015936/UwtzYY-R_normal.jpg
1322161541395992576,LexiKi,LexiKi,Buttercup.💚,https://pbs.twimg.com/profile_images/2088787911063769088/MxmE0gzB_normal.jpg
374977986,Proud_TheLapin,Proud_TheLapin,𝐝𝐮𝐨𝐫𝐩,https://pbs.twimg.com/profile_images/1938827022425276416/4CsVSG27_normal.jpg
78409979,Raider4Life559,Raider4Life559,Arthur🦆🏴‍☠️,https://pbs.twimg.com/profile_images/2053180660878340096/Wahi9OMV_normal.jpg
51241574,AP,AP,AP,https://pbs.twimg.com/profile_images/1736863672029310976/gzIskvxa_normal.jpg
3012768157,lactoscarotsoup,lactoscarotsoup,Jenny ꩜,https://pbs.twimg.com/profile_images/2068099227301867520/ev32iEaT_normal.jpg
186736425,luis_ugalde,luis_ugalde,Luis_Ugalde 🇪🇨,https://pbs.twimg.com/profile_images/1580351740230123523/8pIhc6GU_normal.jpg
1476726044346527746,jcschiefofstaff,jcschiefofstaff,quis,https://pbs.twimg.com/profile_images/1506021097115897857/3-_Y7tZ__normal.jpg
1268693169522294789,HalloweenVerse,HalloweenVerse,HalloweenVerse,https://pbs.twimg.com/profile_images/1407453622330441738/f6NpwgXy_normal.jpg
775133099231481857,mxmitrill,mxmitrill,hennessy,https://pbs.twimg.com/profile_images/2056345276747542528/OvyVjAwI_normal.jpg
1100379199674769408,kon_soula,kon_soula,Soula kon,https://pbs.twimg.com/profile_images/1101166129282801664/Kp5_w_XU_normal.jpg
1786452668996583424,DiscoNicP1,DiscoNicP1,DiscoNic1P,https://pbs.twimg.com/profile_images/1985184626424381440/nqw9eo9Z_normal.jpg
1993811439195430912,BrandyJord0928,BrandyJord0928,Brandy Jordan,https://pbs.twimg.com/profile_images/2088121165281624064/qO2sEN8Y_normal.jpg
1960895825061588992,3foldbullets,3foldbullets,Frankie ⋆˚꩜｡ COMMS CLOSED 1/2,https://pbs.twimg.com/profile_images/2087270152198877185/Ml-mpnGB_normal.jpg
989812668713373696,ODRA25718611,ODRA25718611,odra,https://pbs.twimg.com/profile_images/1968367618105942017/3-2lmomu_normal.jpg
1496336632638844929,jooomaarie,jooomaarie,Jo💕,https://pbs.twimg.com/profile_images/2058611900758302720/8BQnZdaA_normal.jpg
2385738608,_Chanamazing_,_Chanamazing_,Chan,https://pbs.twimg.com/profile_images/2052471484870733824/eZQC3-J__normal.jpg
1923473196717625344,Lily_Argenta,Lily_Argenta,Lily TV,https://pbs.twimg.com/profile_images/2045712261612740608/VNIk7_sj_normal.jpg
3218911687,luv4kimora,luv4kimora,NK,https://pbs.twimg.com/profile_images/1555678586245468160/d1PcyXG9_normal.jpg
1156151907955515392,nrztfa,nrztfa,EllieStar,https://pbs.twimg.com/profile_images/1825809121217826816/zCS1oNui_normal.jpg
925928846762786817,TristenMM,TristenMM,anna coleman,https://pbs.twimg.com/profile_images/1485149149318107137/z4mCE2Kc_normal.jpg
1197873541,slayingspuffy,slayingspuffy,~Carla~ luto por Yeimy y Lutteo 😭💔 Jackie/Cole era,https://pbs.twimg.com/profile_images/2085773422693412864/V8QJvnfi_normal.jpg
1427800768724209674,_localpessimist,_localpessimist,YOUR LOCAL PESSIMIST 📛,https://pbs.twimg.com/profile_images/2087956680713641984/7XMW5yeb_normal.jpg
64350752,YeahBullet,YeahBullet,✊🏾,https://pbs.twimg.com/profile_images/1320205471488331777/C5zIQqGY_normal.jpg
1024511200627965954,_teeshakur_,_teeshakur_,T🫶🏾,https://pbs.twimg.com/profile_images/1819532995310632960/BKyZyRtq_normal.jpg
1229585444712648704,odeinsolace,odeinsolace,Gottem²,https://pbs.twimg.com/profile_images/1229585633108205568/us3QKGk3_normal.jpg
3225892430,xo_sofiaaa,xo_sofiaaa,Sofia 🧸,https://pbs.twimg.com/profile_images/2002267562013569026/cphdHSKD_normal.jpg
1315666002,kth528,kth528,KTH 💎,https://pbs.twimg.com/profile_images/1766725990321893376/kJEcXVoZ_normal.jpg
186975568,andreacvillalbs,andreacvillalbs,Andix,https://pbs.twimg.com/profile_images/2069586972163661824/7jmZ9z8Y_normal.jpg
1328948470800125953,shes_Ale,shes_Ale,Ale,https://pbs.twimg.com/profile_images/1875394987141083136/AsCMHNmV_normal.jpg
1393068018704347146,aswanepoell,aswanepoell,aswanepoell,https://pbs.twimg.com/profile_images/2064448295586652160/nFq1x8O1_normal.jpg
1757507032624570368,zenssdayaa,zenssdayaa,zenssdayaa,https://pbs.twimg.com/profile_images/2034034833580822530/9uTn9JqW_normal.jpg
1023927069716226049,OliGuillaume,OliGuillaume,Oli Guillaume 🇦🇷🐜🐜🐜,https://pbs.twimg.com/profile_images/1812879330378158080/GSAMoDZn_normal.jpg
108705585,Mz_is_behaving,Mz_is_behaving,Rayvo,https://pbs.twimg.com/profile_images/2088666166961074176/aoBpTyDV_normal.jpg
1150940172034433024,askaboutairee,askaboutairee,nunu,https://pbs.twimg.com/profile_images/2078185398283468800/Msz95Z7t_normal.jpg
1594871021978652673,FearedBuck,FearedBuck,FearedBuck,https://pbs.twimg.com/profile_images/2068865473026887680/ou2PwE7A_normal.jpg
1106017380352823296,kashh_jaii,kashh_jaii,real. raw.🥀,https://pbs.twimg.com/profile_images/2030526071360159744/OlSxylSb_normal.jpg
1128056396631687168,SaiBiggaveli,SaiBiggaveli,Sai,https://pbs.twimg.com/profile_images/1748117102320349184/yV9XPa08_normal.jpg
771592914,TheLoneWolfonX,TheLoneWolfonX,LONE🐺WOLF,https://pbs.twimg.com/profile_images/2073968005059411968/5XODyq45_normal.jpg
788161014,TrapLewis662,TrapLewis662,Trap Stojakovic,https://pbs.twimg.com/profile_images/1967240449787117568/qOC_jYcI_normal.jpg
1951985115636342784,Kell53036340811,Kell53036340811,Kell,https://pbs.twimg.com/profile_images/1951985196405772288/E36utYjT_normal.png
889769022,LovingRavenclaw,LovingRavenclaw,Sabrina Carpenter's Lovechild,https://pbs.twimg.com/profile_images/1980863871628857344/h-8ym_sl_normal.jpg
587778768,tleacardenas,tleacardenas,ℒℯ𝒶,https://pbs.twimg.com/profile_images/2069952035521286144/2wPF32dc_normal.jpg
1463133367,BasicCaliBetch,BasicCaliBetch,A M A N D A,https://pbs.twimg.com/profile_images/2038548472195141632/ZI2ZuKip_normal.jpg
960285302899298304,EvanAKilgore,EvanAKilgore,EvanAKilgore,https://pbs.twimg.com/profile_images/2009704360771461120/m0gp7EwH_normal.jpg
347102039,1290Coco,1290Coco,Codie Elliece🏀👑💕,https://pbs.twimg.com/profile_images/1699017863321853952/VFcYSwqI_normal.jpg
2772879893,BriiDaBratt,BriiDaBratt,🩶.,https://pbs.twimg.com/profile_images/1821726931017965568/CIseR0Il_normal.jpg
2402838900,janiamoniquee,janiamoniquee,ja•nae 🩷,https://pbs.twimg.com/profile_images/2057964400024199168/UXK_MFjj_normal.jpg
1076706450792214528,felixer28,felixer28,ℲƎ˥IX (ֆօ ɖǟʍռ ƭɨʀɛɖ),https://pbs.twimg.com/profile_images/2020359838383886337/wIPoXAMd_normal.jpg
1853868627977453568,marmieshoney,marmieshoney,marmie,https://pbs.twimg.com/profile_images/1993366888533897216/rC00KL3t_normal.jpg
3255960180,Kayy_Purp,Kayy_Purp,Bᴜᴛᴛᴇʀғʟʏ Eғғᴇᴄᴛ💜🦋,https://pbs.twimg.com/profile_images/1896593248027553792/8zMuupRZ_normal.jpg
1380055524113256463,QueenBloodshed,QueenBloodshed,🍸🎲🎰Queen Of Bloodshed🎰🎲🍸,https://pbs.twimg.com/profile_images/2086295850095976448/DFj3uEyL_normal.jpg
707636293,deznutznyamouth,deznutznyamouth,Dev,https://pbs.twimg.com/profile_images/1976090874422472704/TzeRhkat_normal.jpg
956045674444926976,allhailrenea,allhailrenea,𝐾𝑎𝑦 🦋,https://pbs.twimg.com/profile_images/1989322836649930752/IGpj6tZO_normal.jpg
24057592,NatalieG_V,NatalieG_V,N G V ♥,https://pbs.twimg.com/profile_images/2015884704436912129/Ra5k7Kq6_normal.jpg
788762022385111040,hotboyjupi,hotboyjupi,⋆˚꩜｡ 🇵🇸,https://pbs.twimg.com/profile_images/2062093634757898240/y885w25H_normal.jpg
708063951842582528,abnamante,abnamante,MANTE,https://pbs.twimg.com/profile_images/801187798447431680/l6p-BDc1_normal.jpg
54628830,miamundy,miamundy,MIcAh Mundy,https://pbs.twimg.com/profile_images/1590996693633437696/wOxSFw3j_normal.jpg
575881019,Sahra1236,Sahra1236,🪭⟭⟬⟬⟭ ⁷ ꪜ,https://pbs.twimg.com/profile_images/2088897333643616256/b2wtm3yr_normal.jpg
1049226698,LarryNowicki1,LarryNowicki1,Larry Nowicki,https://pbs.twimg.com/profile_images/682189126049873920/vEof4Z_y_normal.jpg
727328741077180416,DrewLaneShow,DrewLaneShow,DrewLaneShow,https://pbs.twimg.com/profile_images/1778442343441367040/Orai17pl_normal.jpg
38102088,rpgfancom,rpgfancom,rpgfancom,https://pbs.twimg.com/profile_images/1809279115398377476/9_Xkwg8m_normal.jpg
141307802,JoshJay990,JoshJay990,Josh P. Jackson,https://pbs.twimg.com/profile_images/2038044591165763584/2Dpypo-8_normal.jpg
1846344717321052160,kuramafenixios3,kuramafenixios3,Loyal Banjo Supporter,https://pbs.twimg.com/profile_images/2030805217160097793/uAToW3ye_normal.jpg
1633405449260113921,newjeritar,newjeritar,jerimiah | stream new avatar,https://pbs.twimg.com/profile_images/2086973090622242816/xEIlbcTi_normal.jpg
1020526641213329408,iinamani,iinamani,ًmaní ꕤ｡˚⋆,https://pbs.twimg.com/profile_images/2083800153454936064/CLUx2FdO_normal.jpg
1860123868947443712,_welovemaya,_welovemaya,Maya 🧸🎀,https://pbs.twimg.com/profile_images/2046781936744423424/n6ZhU96B_normal.jpg
1483269287611715584,rialvsinnie,rialvsinnie,Ría ۶ৎ,https://pbs.twimg.com/profile_images/2088859777635913728/QtEGnqby_normal.jpg
3280263870,msyibrie,msyibrie,Severus,https://pbs.twimg.com/profile_images/1380137202479329283/8z2DPJ_R_normal.jpg
1517296715090776065,vencinacario,vencinacario,𝘝𝘦𝘯𝘤𝘪 𝘕𝘢𝘤𝘢𝘳𝘪𝘰 🌕,https://pbs.twimg.com/profile_images/2076564266065506304/jGPgr10g_normal.jpg
1386821772775936001,BeyondTheMask8,BeyondTheMask8,BeyondTheMask8,https://pbs.twimg.com/profile_images/2087223361617215488/GKRZind5_normal.jpg
1049432319029899264,crypticsim_,crypticsim_,crypticsim,https://pbs.twimg.com/profile_images/2013644646451150848/KiLWtKRc_normal.jpg
99001029,justnumberr1,justnumberr1,Flame,https://pbs.twimg.com/profile_images/968850891997523968/NXOpqLPu_normal.jpg
1290178518635044864,KuyaPixels,KuyaPixels,⚔️Kuya D. Strife🔥,https://pbs.twimg.com/profile_images/2022447511831781376/VXTAEWIv_normal.jpg
381868063,VoidGarzelm,VoidGarzelm,Garzelm🇨🇴,https://pbs.twimg.com/profile_images/1797986278673129474/84UEvJXW_normal.jpg
1198759640265191424,Criss_Croix,Criss_Croix,Criss,https://pbs.twimg.com/profile_images/1198759901926834176/_gQIenU4_normal.jpg
1560155798046511105,toobaffled,toobaffled,toobaffled,https://pbs.twimg.com/profile_images/1816629573125308417/t8tKcLZg_normal.jpg
1081850731924201472,Sorito5400,Sorito5400,Sorito 🇨🇻,https://pbs.twimg.com/profile_images/1938343071957057536/x56pP6si_normal.jpg
27687835,5lyingbitches,5lyingbitches,Five Lying Bitches,https://pbs.twimg.com/profile_images/1160757376967991296/anXp1sVK_normal.jpg
2871909807,2111Monkey,2111Monkey,Brian Ruby,https://pbs.twimg.com/profile_images/2030698861866680322/z9tFlyzB_normal.jpg
16523905,robbystarbuck,robbystarbuck,robbystarbuck,https://pbs.twimg.com/profile_images/1816876040880340992/TvtkZpdK_normal.jpg
2086492400218677248,DearVeridica,DearVeridica,Veridica,https://pbs.twimg.com/profile_images/2088952546404487168/pjamFaT5_normal.jpg
955554205456101376,Diamondddd2,Diamondddd2,𓆩ꨄ︎𓆪,https://pbs.twimg.com/profile_images/1876470548022120448/qHYIptrs_normal.jpg
726356806713368577,Taiyelo_lu,Taiyelo_lu,First Twin!🇳🇬,https://pbs.twimg.com/profile_images/2069875926985306112/TfrySiUA_normal.jpg
320123156,StopPullingOut,StopPullingOut,Mama Steen,https://pbs.twimg.com/profile_images/2036348216351072256/ZS7vkwKU_normal.jpg
1188453690916687872,cathytweets10,cathytweets10,cathy,https://pbs.twimg.com/profile_images/1701392311584804864/DCNByzNw_normal.jpg
3804329353,cine_caro,cine_caro,cine_caro,https://pbs.twimg.com/profile_images/2086635785394991105/iXLd0EXK_normal.jpg
306882721,ohtay_,ohtay_,🚩,https://pbs.twimg.com/profile_images/2037410649882439680/b2p-89lS_normal.jpg
960522695862554624,Rin_DaToesucker,Rin_DaToesucker,Hatsune Miku's strongest soldier 🍉,https://pbs.twimg.com/profile_images/2064921342147784704/BlB13uy-_normal.jpg
1303220928999034880,yuluvaa,yuluvaa,yuluvaa_.liya,https://pbs.twimg.com/profile_images/1970386866990882816/MlGEVdz-_normal.jpg
6468102,valentin10,valentin10,valentin10,https://pbs.twimg.com/profile_images/1106837585433903104/p3Ytemf__normal.jpg
1046565988643295232,Mikeyy_Stewart,Mikeyy_Stewart,MICHAEL STEWART,https://pbs.twimg.com/profile_images/1984694994527981568/CsoaFl6J_normal.jpg
13049362,Complex,Complex,Complex,https://pbs.twimg.com/profile_images/1616533296770416655/AumWVpWu_normal.jpg
986840336105340929,ckupoftee,ckupoftee,™️ ᥫ᭡,https://pbs.twimg.com/profile_images/1995223068520726528/kAzzKv_M_normal.jpg
879875020041986048,BrayMayCry,BrayMayCry,‏ً,https://pbs.twimg.com/profile_images/2069877121334358016/uWGsxW1D_normal.jpg
1661546703478988801,technextdoorr,technextdoorr,dey,https://pbs.twimg.com/profile_images/2019281290432811008/gju_WgPX_normal.jpg
1545054154166439936,phinexatin,phinexatin,Phine☀️ | ㄴㄱ,https://pbs.twimg.com/profile_images/2068818608499896320/2V4j5pyD_normal.jpg
1481792792703741953,MaidisonR,MaidisonR,Maidison,https://pbs.twimg.com/profile_images/2045778698197237761/6a1nJLFn_normal.jpg
1240455936768192517,WhiteCloverx,WhiteCloverx,AlJoJoLands ☘️,https://pbs.twimg.com/profile_images/2027597347627163648/L9r9UF8A_normal.jpg
1427820976729899008,NishaAteThatt,NishaAteThatt,Nisha.,https://pbs.twimg.com/profile_images/1897464301071273984/HkCpV-Er_normal.jpg
46729989,vipikonic23,vipikonic23,Y🍀🆔🐉🌻🖖,https://pbs.twimg.com/profile_images/1449240046234525698/rPAAJYWB_normal.jpg
630481071,maarriichan,maarriichan,maricela,https://pbs.twimg.com/profile_images/1846433080090787840/ilAPHtkh_normal.jpg
598783540,TonTonCestLavi,TonTonCestLavi,Z-BOY $INEU$ 🦀♋️,https://pbs.twimg.com/profile_images/2075672496200667136/DGt3ti2x_normal.jpg
2426183605,TheShadeRoom,TheShadeRoom,TheShadeRoom,https://pbs.twimg.com/profile_images/2030846224384077824/S9UsjYbt_normal.jpg
141036742,FelixJLebron,FelixJLebron,Felix Lebron,https://pbs.twimg.com/profile_images/1305944569167720450/9Vk15mDC_normal.jpg
565829107,_niyx2,_niyx2,niy..,https://pbs.twimg.com/profile_images/2078614481748242432/4l-iNKlg_normal.jpg
3675654197,phiphilion,phiphilion,200 balloon 🇨🇬,https://pbs.twimg.com/profile_images/2067919386640322560/tXI37rB0_normal.jpg
567561088,You_Adore_CM4,You_Adore_CM4,Lightskin Fiasco,https://pbs.twimg.com/profile_images/1793533127836794881/Kcr26J2i_normal.jpg
1657850828449890304,maronance,maronance,ɐᴉɯ 🎧,https://pbs.twimg.com/profile_images/1991627685349539840/AQP2DxGs_normal.jpg
1286402688876523526,Alizile1013,Alizile1013,TDot🫧,https://pbs.twimg.com/profile_images/1857826842654236672/_o6ZqKEs_normal.jpg
1401200439048110086,meahjmaree,meahjmaree,Meah,https://pbs.twimg.com/profile_images/2069499492949483520/rPGUw80j_normal.jpg
1164606249398394881,Parker26J,Parker26J,JParker26,https://pbs.twimg.com/profile_images/1984644692617682944/LlloY_ge_normal.jpg
1202036880050704384,rokaconk,rokaconk,ᴠɪᴄᴛᴏʀɪᴀ 🦋,https://pbs.twimg.com/profile_images/1322010945581887490/kVky0q3m_normal.jpg
291287225,Daanycalvario,Daanycalvario,DANY,https://pbs.twimg.com/profile_images/2081162436002955264/HWZgRs1N_normal.jpg
76248440,PoetryNPapyrus,PoetryNPapyrus,PoetryNPapyrus,https://pbs.twimg.com/profile_images/1612457058145640449/RituReYx_normal.jpg
1462254693376303105,jhania_york,jhania_york,Mrs.DGAF,https://pbs.twimg.com/profile_images/1979574890278658048/UR9Igvpl_normal.jpg
387219095,Dianuka1,Dianuka1,Azul Sandoval,https://pbs.twimg.com/profile_images/747309563167137794/4tniR9JM_normal.jpg
1679057963556966401,Kal_eL186,Kal_eL186,𝑺𝒉𝒆𝒓𝒓𝒚 | 𝑩𝒍𝒖𝒆 𝑺𝒆𝒓𝒆𝒏𝒊𝒕𝒚,https://pbs.twimg.com/profile_images/2088232230657134592/6c3UsuVG_normal.jpg
1427702402329743360,_Celexv,_Celexv,alexis ୨୧,https://pbs.twimg.com/profile_images/2084162063929090048/Grw_2xoF_normal.jpg
2025662888346537984,MillllyMil,MillllyMil,Milly,https://pbs.twimg.com/profile_images/2086096779947237376/twqgKv7r_normal.jpg
1176937456358305793,atzpocket,atzpocket,riri `︵´,https://pbs.twimg.com/profile_images/2071298220399919104/3b5SY_27_normal.jpg
1635412690117046274,sugabunnies94,sugabunnies94,jess♡,https://pbs.twimg.com/profile_images/2069761974896852992/w8zX17zS_normal.jpg
1005970884488818688,BoominLex,BoominLex,Lexie,https://pbs.twimg.com/profile_images/2024811842057760768/3Q157TWT_normal.jpg
3523000213,naesoboojee,naesoboojee,nae’s world,https://pbs.twimg.com/profile_images/2046411537032892416/NrJAA8Sc_normal.jpg
506540447,violafiore_,violafiore_,❀ ᏉᎥᎧᏝᏗ ❀,https://pbs.twimg.com/profile_images/2015943139966504962/AhJ3PGsJ_normal.jpg
2437486374,ReyesJas727,ReyesJas727,Jasmin Reyes,https://pbs.twimg.com/profile_images/1463350212886515717/75aeV4Tt_normal.jpg
2595682376,9th_nine9,9th_nine9,Thor▷満身創痍:夜勤死に体,https://pbs.twimg.com/profile_images/1826279991103074304/nTg7P-At_normal.jpg
919040961224888320,LastDxncx,LastDxncx,gaby⁵⁵; 🇨🇴 vi a bp !&/@/@,https://pbs.twimg.com/profile_images/1680221201648562179/YoM7XATE_normal.jpg
1958848098,mayapotz99,mayapotz99,Maya #99 ♡,https://pbs.twimg.com/profile_images/1523924781099552768/xExb-KCP_normal.jpg
3016515368,sadlilemogal,sadlilemogal,𝚜 🏹 ᥫ᭡,https://pbs.twimg.com/profile_images/2089213017036578816/gBaoHWIB_normal.jpg
91470369,TeshawnEdmonds0,TeshawnEdmonds0,Teshawn LeVarr Edmonds,https://pbs.twimg.com/profile_images/2085897198701613056/wBZYAA_R_normal.jpg
2405950344,trueBLISS_,trueBLISS_,ZLynn,https://pbs.twimg.com/profile_images/1962856951064252416/jbOTFnXK_normal.jpg
595171116,dutcherinoo,dutcherinoo,d,https://pbs.twimg.com/profile_images/2065212598031953920/yYqEHfQd_normal.jpg
856689182323945472,10vely_Yuta,10vely_Yuta,Shan,https://pbs.twimg.com/profile_images/2084237944907317248/bgwNBYla_normal.jpg
952383019146412034,Fatim66216827,Fatim66216827,Angelina⁷ 🇵🇸👩🏾‍🚀𖧵 SAW YOUNGFOREVER & SAVEME,https://pbs.twimg.com/profile_images/2049588369307377664/DstUmBl9_normal.jpg
1333105449512656905,WolferusYT,WolferusYT,Gus Nouvelle,https://pbs.twimg.com/profile_images/2038791947158999040/RRzAjdr-_normal.jpg
769665532698107905,ChrisHomie3,ChrisHomie3,KhachoM🇦🇲,https://pbs.twimg.com/profile_images/1844529279872237575/-Dlh6vtq_normal.jpg
183643528,kameoappearance,kameoappearance,kameo,https://pbs.twimg.com/profile_images/2081235266652516352/AELU87a7_normal.jpg
2029478847700451331,Will466513,Will466513,WilluChill U.S. News.,https://pbs.twimg.com/profile_images/2029479690725957632/Cv92L90k_normal.jpg
859391708244529152,ShrubbyDan,ShrubbyDan,Dan-tarune chapter 5,https://pbs.twimg.com/profile_images/2086925287934337024/Hf3bsYpw_normal.jpg
822149370342768640,BookofSimba,BookofSimba,Simba,https://pbs.twimg.com/profile_images/1956482581995659265/J-rqnyox_normal.jpg
1367591297964507137,a19vega,a19vega,Andræs,https://pbs.twimg.com/profile_images/1948405244083240960/sDJgGKaV_normal.jpg
129434729,jondelarroz,jondelarroz,jondelarroz,https://pbs.twimg.com/profile_images/1860338708949725184/LAq6hUoB_normal.jpg
355672805,ReutersShowbiz,ReutersShowbiz,Reuters Showbiz,https://pbs.twimg.com/profile_images/1917970501181325312/ba3RNzXq_normal.jpg
988917477273894913,KINGTHEREALFIII,KINGTHEREALFIII,TheRealFIII,https://pbs.twimg.com/profile_images/1951361185116192768/63m1vpK9_normal.jpg
1923503137433976832,motelcalifornie,motelcalifornie,Lolala,https://pbs.twimg.com/profile_images/2041365382221475840/o0y70HGx_normal.jpg
1169426685697175552,Aaliyahh_868,Aaliyahh_868,Aaliyah,https://pbs.twimg.com/profile_images/2057212114134093824/HyMyvJAD_normal.jpg
1137093499759845383,Compton_Sa,Compton_Sa,Savanna Compton,https://pbs.twimg.com/profile_images/1618642636503400449/t6WBiUH9_normal.jpg
726466795549368324,_tsuitt,_tsuitt,🕴🏽 𝓣𝓢𝓾𝓲𝓽𝓽 🕴🏽,https://pbs.twimg.com/profile_images/1996011479594639360/01VEI9rG_normal.jpg
2906517796,LeeEMckay1,LeeEMckay1,Lee E. Mckay,https://pbs.twimg.com/profile_images/845434871141056512/GhHwac5J_normal.jpg
1544581630819504128,Hunt4Truth777,Hunt4Truth777,Hunt4Truth,https://pbs.twimg.com/profile_images/2011672862651006978/_c2CFmtj_normal.jpg
1344490703569620992,loogy_maren,loogy_maren,mar,https://pbs.twimg.com/profile_images/2081496952257081344/Kfzm_FVk_normal.jpg
1888107282665254912,SSPWARRIORS_,SSPWARRIORS_,Shooting Star 🌟| 3% FOR SW2,https://pbs.twimg.com/profile_images/2072247432843284480/xFGiKiU__normal.jpg
1969514772074020865,exocorpseHQ,exocorpseHQ,FENRYS & MORRIS 🫀🧠,https://pbs.twimg.com/profile_images/2075913743998095360/nhIJ5DGX_normal.jpg
2078752022702997505,ACKNOWLEDGE_Alt,ACKNOWLEDGE_Alt,Acknowledging ☝🏼,https://pbs.twimg.com/profile_images/2078774789334851584/ULzXfON__normal.jpg
2009650721306615808,midnightzlut,midnightzlut,kae,https://pbs.twimg.com/profile_images/2009651103961415680/Rv0PEame_normal.jpg
706000648966430720,tylerward5417,tylerward5417,Tyler Ward,https://pbs.twimg.com/profile_images/2085701751756201984/dYrEXYjD_normal.jpg
18742360,TheWrap,TheWrap,TheWrap,https://pbs.twimg.com/profile_images/1795886327503925248/XXP9tnq-_normal.jpg
1940250435019055106,zqt1v,zqt1v,maya🌺.,https://pbs.twimg.com/profile_images/2061595004338835456/GgyDllTO_normal.jpg
920023038,1D_Luver_013,1D_Luver_013,#THANKYOUEDGE❤️,https://pbs.twimg.com/profile_images/999858472177958913/K2NTjB1s_normal.jpg
1530995832828338178,returnofvonne,returnofvonne,Forever until Never,https://pbs.twimg.com/profile_images/1885771248271007744/_Hk3jqdD_normal.jpg
2182926994,raweezzyy,raweezzyy,raweezzyy,https://pbs.twimg.com/profile_images/2070618574536724480/nl5JQDBO_normal.jpg
1042835578499358720,NLDiscordMem,NLDiscordMem,NickSCfromBSU,https://pbs.twimg.com/profile_images/1100223629462249473/zlQbufOx_normal.jpg
1186428279756075008,OutOfContxtDubs,OutOfContxtDubs,OutOfContxtDubs,https://pbs.twimg.com/profile_images/2061573569264459776/pD04reN5_normal.jpg
1273102677124288512,dvrynnnnnnnn,dvrynnnnnnnn,DJ ☭,https://pbs.twimg.com/profile_images/1960123872881053696/3EhJ4U5t_normal.jpg
748730247739084800,stephxghost,stephxghost,stephxghost,https://pbs.twimg.com/profile_images/1309759514275647494/8TPHAX8C_normal.jpg
869300385734942721,jihyojarchie,jihyojarchie,shar || buddie brainrot era,https://pbs.twimg.com/profile_images/2089203329763082240/kNF6XncZ_normal.jpg
926921744803401729,urbrownbae,urbrownbae,Faith🕊️,https://pbs.twimg.com/profile_images/2068455486450438144/JLw2SrUZ_normal.jpg
73934487,krissyalyssax3,krissyalyssax3,𝐤𝐫𝐢𝐬,https://pbs.twimg.com/profile_images/1965804992113061888/dIYpgn3o_normal.jpg
1631422454231883776,LandonNunn42069,LandonNunn42069,NunnPire,https://pbs.twimg.com/profile_images/1640237945528434695/ba0ve0Lz_normal.jpg
509501505,blakkksheep,blakkksheep,The Bombastic Bag-Man says 🖕🏾🧊🇮🇱🦝💊,https://pbs.twimg.com/profile_images/2087398906833313792/do7Ba3AB_normal.jpg
1763388263820320768,Dmvreese,Dmvreese,Teresa🧜‍♀️,https://pbs.twimg.com/profile_images/2080742453800312832/cVWkZcoB_normal.jpg
1024842167238287360,DoyenneJennie,DoyenneJennie,Gee🧛‍♀️,https://pbs.twimg.com/profile_images/1836423219143938052/2YPLImR3_normal.jpg
1577527299045367808,thrvmyeyes,thrvmyeyes,alex⁷,https://pbs.twimg.com/profile_images/1680265271611916290/LThE4ooI_normal.jpg
1580969982611132416,timmy_burner30,timmy_burner30,Mo st. H I G H,https://pbs.twimg.com/profile_images/1965692587810996224/zJg2k17A_normal.jpg
1780034394192744448,lessia_toocute,lessia_toocute,lessia,https://abs.twimg.com/sticky/default_profile_images/default_profile_normal.png
1660767564,refitarc,refitarc,Refita,https://pbs.twimg.com/profile_images/2075047207498022912/Au6U-ZBP_normal.jpg
984845769156059137,KingJadan26,KingJadan26,Jadan Miller,https://pbs.twimg.com/profile_images/2023995431320268800/r8QetSDf_normal.jpg
1812187634115993600,cupidwounds,cupidwounds,💒🍰𝒟olly ♡’s 𝒦illmonger 𑄝੭,https://pbs.twimg.com/profile_images/2089108810866532353/ITyOvjHd_normal.jpg
1025037296930902016,Nex_Coder,Nex_Coder,Nex,https://pbs.twimg.com/profile_images/1876326763069943808/rs-sFRi2_normal.jpg
1691195633892241410,LegacyBuiltHQ,LegacyBuiltHQ,ＪＡＲＶＩＳ,https://pbs.twimg.com/profile_images/2083992990096543744/6igiZiCB_normal.jpg
1682157093523169282,cLyAlways,cLyAlways,CLY!🔊,https://pbs.twimg.com/profile_images/2087004586846666752/ID7csl2C_normal.jpg
1746025885952589824,FujinXXVI,FujinXXVI,TheOneWhoWaits🍉,https://pbs.twimg.com/profile_images/2059407437082279947/-NblbEyc_normal.jpg
3784869147,ViquiMichell,ViquiMichell,TheeOtakuPoodle,https://pbs.twimg.com/profile_images/2084144607957282816/5ZLPl_qP_normal.jpg
563329976,bitchmunk,bitchmunk,brick🏡,https://pbs.twimg.com/profile_images/2025079309681967105/lCLB4Rs-_normal.jpg
1876952805531176960,1993nyc6,1993nyc6,1993nyc,https://abs.twimg.com/sticky/default_profile_images/default_profile_normal.png
1118330528,VMiloscio,VMiloscio,VMM,https://pbs.twimg.com/profile_images/1021936526182281216/PekWuWHr_normal.jpg
170321170,luinotlouie,luinotlouie,potato •ᴗ• ᵔᴗᵔ,https://pbs.twimg.com/profile_images/1591254796861771776/hEu56QnJ_normal.jpg
727181784,okayitskaykay,okayitskaykay,KayDussé🧚‍♀️,https://pbs.twimg.com/profile_images/1788723879013208064/NfvvusxD_normal.jpg
66547784,3dgar419,3dgar419,3dgar⁷,https://pbs.twimg.com/profile_images/2089041779957919744/xuacnKwU_normal.jpg
531945489,HMKilla,HMKilla,HMKilla,https://pbs.twimg.com/profile_images/2036828391102427136/JNbUri2B_normal.jpg
1416524885426376705,JanellMunoz20,JanellMunoz20,Janell Munoz,https://pbs.twimg.com/profile_images/1817296551951151104/pZgepjrw_normal.jpg
402913403,mingsfirstbeer,mingsfirstbeer,ras trent,https://pbs.twimg.com/profile_images/1907567160202784768/ZFF8oZU__normal.jpg
1458243673909571587,_ashmero,_ashmero,✨Stone ✨,https://pbs.twimg.com/profile_images/2054065596447195136/v9ANplL__normal.jpg
3272370122,MoneyHidesPain,MoneyHidesPain,$,https://pbs.twimg.com/profile_images/1535910494606807040/1N-rWQiS_normal.jpg
1709056395000074240,B4chlava,B4chlava,Ferris (PEEP PIN)🇵🇸 🔴🔱⚫️🪄,https://pbs.twimg.com/profile_images/1885793089769349120/nVHo9Ka__normal.jpg
1583074552770400256,My_Mind_Me_SG,My_Mind_Me_SG,Maggie Clark,https://pbs.twimg.com/profile_images/1880887552560824320/FEOyulAM_normal.jpg
2062949170231828480,huhhhlexis,huhhhlexis,𝖑𝖊𝖝 𝖙𝖍𝖊 𝖑𝖎𝖇𝖗𝖆 ♎︎︎ ⚢,https://pbs.twimg.com/profile_images/2086377450934800385/kAQpY7sa_normal.jpg
1014852662351704064,bangtanyzm,bangtanyzm,blep⁷,https://pbs.twimg.com/profile_images/1495618225480298498/54_A0_cK_normal.jpg
30102529,MsBri256,MsBri256,✨Brianna✨,https://pbs.twimg.com/profile_images/1895682476900528129/4ilcT0-r_normal.jpg
2923539787,Tainalaflor,Tainalaflor,La Boriqua,https://pbs.twimg.com/profile_images/1239350664209346563/_hHmJR8H_normal.jpg
1969385758936219656,Neli1076571,Neli1076571,Neli,https://pbs.twimg.com/profile_images/2060374165174251520/P306rtfa_normal.jpg
1238083198543945729,aaliyvhs,aaliyvhs,𝘒𝘢𝘳𝘰𝘭 🅴,https://pbs.twimg.com/profile_images/2086630891913142272/R2W0mpZz_normal.jpg
1462938631551791110,Julie84328533,Julie84328533,Julie,https://pbs.twimg.com/profile_images/1462938937211555845/wLyZeP1O_normal.jpg
1638010036411850753,liz_skylar,liz_skylar,Elizabeth Skylar,https://pbs.twimg.com/profile_images/2067020210083958784/JNj7i8YN_normal.jpg
2643570679,_StephanieMyers,_StephanieMyers,_StephanieMyers,https://pbs.twimg.com/profile_images/1133862111849795584/CuX8WNU5_normal.jpg
1927817250192703488,bitasts,bitasts,Bitasts,https://pbs.twimg.com/profile_images/1928872849508556800/igbbbgLh_normal.jpg
1949823189384847360,violetvesta,violetvesta,v,https://pbs.twimg.com/profile_images/2085787970834239488/JHXkj8yQ_normal.jpg
1916520278068432897,naeruatbackward,naeruatbackward,virgo,https://pbs.twimg.com/profile_images/2046757201977450497/luBUx5DN_normal.jpg
1757636543835955200,theuxtavora,theuxtavora,Depósito ⊹ ࣪ ˖,https://pbs.twimg.com/profile_images/2036614492814200832/50i9focB_normal.jpg
14219822,AndyReyes,AndyReyes,wu tang wub 🐝☔️,https://pbs.twimg.com/profile_images/1904518197648490496/T-ree8Nt_normal.jpg
2031640875378552833,Mizzty_TK,Mizzty_TK,MiztY_tk🌸🪽,https://pbs.twimg.com/profile_images/2078116954976792576/fHPUUuhS_normal.jpg
805532293951606785,MattWallace888,MattWallace888,MattWallace888,https://pbs.twimg.com/profile_images/1887758095260262400/3fcnhNc-_normal.jpg
2857124771,Yoan_Pv,Yoan_Pv,PvLeY 𝕏,https://pbs.twimg.com/profile_images/2074641024878600192/h8uaGoBw_normal.jpg
113779268,Bardock7115,Bardock7115,Ap Dradez,https://pbs.twimg.com/profile_images/1323803518369734659/v6vNimiN_normal.jpg
27604923,Ruealoud,Ruealoud,✨Rue Aloud✨,https://pbs.twimg.com/profile_images/2029081971490734085/OnPlWdRR_normal.jpg
32459869,franknote,franknote,Frank DeMarco - 𝕐 ?,https://pbs.twimg.com/profile_images/904962405662212096/Ew25UXM-_normal.jpg
965691148282056704,KingSmitty8,KingSmitty8,htimsnai,https://pbs.twimg.com/profile_images/1500661941198639113/Wf6AJiVB_normal.jpg
764687318,ruubabe_,ruubabe_,yerrr,https://pbs.twimg.com/profile_images/1966028753907380224/qt4FbJPy_normal.jpg
895002270278045697,venus11scorpio,venus11scorpio,🔥Dragon of The West🐉,https://pbs.twimg.com/profile_images/923379572783140866/cg0bvCTQ_normal.jpg
1420141435001741323,TheCalvinCooli1,TheCalvinCooli1,TheCalvinCooli1,https://pbs.twimg.com/profile_images/1420141648714076162/11LPCGHb_normal.jpg
742143,BBCWorld,BBCWorld,BBCWorld,https://pbs.twimg.com/profile_images/1529107170448523264/q3VwEx38_normal.jpg
1216456417059753985,nahbroaintnoway,nahbroaintnoway,destiny🔮🕷️,https://pbs.twimg.com/profile_images/1899377162727174144/HtcCJ_Gk_normal.jpg
1198800389740609538,LahuLobo,LahuLobo,Lobo,https://pbs.twimg.com/profile_images/1319539519159500805/XTfpyhUw_normal.jpg
189740620,AndreaFaneite,AndreaFaneite,Andrea Faneite,https://pbs.twimg.com/profile_images/1973166044874448896/dC3HUDCq_normal.jpg
1612681336753426432,NBLNewsLIVE,NBLNewsLIVE,NBLNewsLIVE,https://pbs.twimg.com/profile_images/1612682345210908672/ShY64T7r_normal.jpg
484343019,stephhuhknee,stephhuhknee,steph 🦇🍂,https://pbs.twimg.com/profile_images/1703215395321344000/ZywrIXKZ_normal.jpg
420552796,jose_yepes1997,jose_yepes1997,Josew1000,https://pbs.twimg.com/profile_images/1931465221261983744/5DPETvQC_normal.jpg
732648308485722112,justniaaaa_,justniaaaa_,Reba J. BligEntire 👢👩🏽‍🦰👱🏽‍♀️,https://pbs.twimg.com/profile_images/1364399371299790848/ROLwMqu9_normal.jpg
2410743962,SavageDragoon_,SavageDragoon_,Savage Dragoon⚡️🐉🤼,https://pbs.twimg.com/profile_images/2014027274031349760/zj0Sw9qs_normal.jpg
2883346833,KatyNescauCat,KatyNescauCat,NescauCat ¹⁴³🩹,https://pbs.twimg.com/profile_images/2052240259014881281/1xMb14Iz_normal.jpg
2081952140390477824,Nenel2735,Nenel2735,Nene,https://abs.twimg.com/sticky/default_profile_images/default_profile_normal.png
454565478,3JackMax,3JackMax,Crish,https://pbs.twimg.com/profile_images/2205506410/lcPa4u2g_normal
1036513490528157696,Gardengirl231,Gardengirl231,Gardengirl23,https://pbs.twimg.com/profile_images/1274413112918081536/skYQB0xY_normal.jpg
1319353186990182402,CaliMAGABarbie,CaliMAGABarbie,CaliMAGABarbie,https://pbs.twimg.com/profile_images/1971405786401341443/Iu0qUmCd_normal.jpg
1910855480676605952,holowitz88627,holowitz88627,Wiliam Holowitz,https://pbs.twimg.com/profile_images/1910855571810533376/cHEZXpA__normal.png
707679570514681856,officialBrya,officialBrya,NB,https://pbs.twimg.com/profile_images/2017871009311817728/PlrEtJVv_normal.jpg
1414482571,walshiepompeo,walshiepompeo,zoe,https://pbs.twimg.com/profile_images/2007951833562771456/EQF20iL4_normal.jpg
4655263643,dancindanonfilm,dancindanonfilm,dancindanonfilm,https://pbs.twimg.com/profile_images/682228616466333696/VdN14Tw1_normal.jpg
1418272743502630916,dispatch3r,dispatch3r,✐ᝰ𝒩 || SAW ARI ♡,https://pbs.twimg.com/profile_images/2036485314575732736/xJbQwTvU_normal.jpg
2606908575,MiiguelCasanov,MiiguelCasanov,MIGUEL CASANOVA. (Taylor's Version),https://pbs.twimg.com/profile_images/1755044749680033792/UD_iOKaZ_normal.jpg
224571417,LindsayDeeLohan,LindsayDeeLohan,LindsayDeeLohan,https://pbs.twimg.com/profile_images/2026894678428155904/tioznjhj_normal.jpg
57695071,Darnell_z11,Darnell_z11,J.P.,https://pbs.twimg.com/profile_images/1622813393810780160/D3fiLU2-_normal.jpg
1281528396544180224,MochaGrandeAri,MochaGrandeAri,this is a matt damon stan account,https://pbs.twimg.com/profile_images/2070619257595981824/P02rUZnW_normal.jpg
1652541,Reuters,Reuters,Reuters,https://pbs.twimg.com/profile_images/1874154135869616128/nJDmubGJ_normal.jpg
411861036,MillagyOvando,MillagyOvando,claudio ovando,https://pbs.twimg.com/profile_images/2078562128588406784/0XdpX6gf_normal.jpg
1552335251527041025,Brbonneptune,Brbonneptune,Cznn,https://pbs.twimg.com/profile_images/1686900190672764928/OtKqw5TY_normal.jpg
89838116,litletxtornado,litletxtornado,Littletxtornado,https://pbs.twimg.com/profile_images/1935767403792588800/bhbyI84y_normal.jpg
432114689,DavitaJoo,DavitaJoo,Dav✨,https://pbs.twimg.com/profile_images/1828157280581304321/kPRaJKas_normal.jpg
47147212,CPryorNYC,CPryorNYC,Clarence Alexander Pryor 🏳️‍🌈,https://pbs.twimg.com/profile_images/2064443033345511424/Z0ajcy6a_normal.jpg
29391021,AndyHerren,AndyHerren,AndyHerren,https://pbs.twimg.com/profile_images/1854897257234960384/PIj31SoF_normal.jpg
1347616159936425984,MarekSimonn,MarekSimonn,šimón,https://pbs.twimg.com/profile_images/2076969744033284096/kwgJD-xV_normal.jpg
20745274,BDisgusting,BDisgusting,BDisgusting,https://pbs.twimg.com/profile_images/1717162143013818368/Q4luds9S_normal.jpg
324543904,feduibarra,feduibarra,fedu🤙🏼,https://pbs.twimg.com/profile_images/1613726363365654529/jahiASS5_normal.jpg
137140225,lilhoward_dgaf,lilhoward_dgaf,Jéfé howìé 💰,https://pbs.twimg.com/profile_images/2024862725189378048/ym2rxkGL_normal.jpg
2906955885,lethe_aguilar,lethe_aguilar,Lethe Aguilar,https://pbs.twimg.com/profile_images/1231460887300472832/JRLxROct_normal.jpg
1569510639617572864,DannyMP3,DannyMP3,Danny MP,https://pbs.twimg.com/profile_images/1816645649674190848/HS-FVCum_normal.jpg
1769720558235635712,KillaKreww,KillaKreww,KillaKreww,https://pbs.twimg.com/profile_images/1862988718904160256/eB9T8tMA_normal.jpg
1243859753744379904,enzonyingeni,enzonyingeni,yourdadstwink,https://pbs.twimg.com/profile_images/1738548824962932736/zrjiuqDE_normal.jpg
1336375934262407169,mckendry_austin,mckendry_austin,Austin Mckendry,https://pbs.twimg.com/profile_images/2085086045545144320/S3uCWxMZ_normal.jpg
1718629764146049024,Quannie21__,Quannie21__,Q,https://pbs.twimg.com/profile_images/2014733535857225730/wE1sqnp1_normal.jpg
2269182204,alsmilez1,alsmilez1,Al Smile 😇💥🇺🇸🎇💪,https://pbs.twimg.com/profile_images/1305370746294804480/W8Axa6_x_normal.jpg
501362368,Cameren_Berube,Cameren_Berube,Killah Cam,https://pbs.twimg.com/profile_images/1842344824995033088/GZdU32Vw_normal.jpg
1579830788668915713,userelbie,userelbie,𖧀,https://pbs.twimg.com/profile_images/2003581632142336000/w-8ExcE2_normal.jpg
138473648,sparat1992,sparat1992,ショーターぱり子,https://pbs.twimg.com/profile_images/2074501739831779329/ZpLZTL7K_normal.jpg
1883719119016546304,JordanJela63586,JordanJela63586,Jordan Jelani,https://pbs.twimg.com/profile_images/1883719616825880577/iXn0F-SE_normal.jpg
1436222954,Diggie_XO,Diggie_XO,Đł₲₲łɆ ™,https://pbs.twimg.com/profile_images/1717214995942182912/qvVjcLlK_normal.jpg
1727874942929133568,alailashanicee,alailashanicee,lay,https://pbs.twimg.com/profile_images/1994946690869075968/uHq7PSmw_normal.jpg
1599230641962377217,nelltuna_isover,nelltuna_isover,nelly👔SEEING HARRY👔,https://pbs.twimg.com/profile_images/2087660450456428544/Td7-KTQ2_normal.jpg
1323406049186111488,Danquan29,Danquan29,Dan Benson,https://pbs.twimg.com/profile_images/1974971193993084928/LRJBsXKQ_normal.jpg
119571049,sirenademanglar,sirenademanglar,Larissa Rosales,https://pbs.twimg.com/profile_images/1578240462401437698/0wA3gkqm_normal.jpg
1679650386452381698,partyjunkiie,partyjunkiie,TRIN / TRIXIE 🍉🇵🇷,https://pbs.twimg.com/profile_images/2088533897994801153/_yLzhHnA_normal.jpg
236675680,shelew22,shelew22,Michelle’s Survivor Verse,https://pbs.twimg.com/profile_images/1294707192499712002/GohO0Koz_normal.jpg
1546319108697997314,viasky7,viasky7,viasky,https://abs.twimg.com/sticky/default_profile_images/default_profile_normal.png
119167325,plzstoptweeting,plzstoptweeting,Bubbles✨,https://pbs.twimg.com/profile_images/1344340576238374914/Eq26q9GO_normal.jpg
731580870809657344,krisb5431,krisb5431,kristian 🦋🫶🪩,https://pbs.twimg.com/profile_images/2082623663313199104/RCOQKDgt_normal.jpg
1277097315392786432,DanaChambers91,DanaChambers91,Dana Marie,https://pbs.twimg.com/profile_images/1998413541720600576/3gvFkWbn_normal.jpg
228489437,Deisha774,Deisha774,Kady,https://pbs.twimg.com/profile_images/2083732314446548992/Serta38r_normal.jpg
710161158729236484,deeescott1,deeescott1,Diamond 💫 🇱🇷,https://pbs.twimg.com/profile_images/1939409506372390912/7q254OAf_normal.jpg
1801368146281967616,Keyblade_Fan713,Keyblade_Fan713,JJ Cox,https://pbs.twimg.com/profile_images/1802102157589512192/eB77izPw_normal.jpg
1320052244570644483,TheGreatestDarn,TheGreatestDarn,TheGreatestDarn,https://pbs.twimg.com/profile_images/1458272216433430533/l3mQ07tH_normal.jpg
3229215590,NSpake,NSpake,Nick Spake (Cartoon Contender),https://pbs.twimg.com/profile_images/1899708904327860224/dcEPYamY_normal.jpg
4176529814,tjradway7,tjradway7,TJ Radway 🎸🌉🇯🇲🇺🇸🎶💙,https://pbs.twimg.com/profile_images/2078816815984091136/8Owk4C0B_normal.jpg
122165429,theeaugustd,theeaugustd,Abril,https://pbs.twimg.com/profile_images/2076548247250722816/z2T3aVU4_normal.jpg
1132834548985815041,TheFineFeminine,TheFineFeminine,dell hooks,https://pbs.twimg.com/profile_images/1840068021173293056/PGcF6xve_normal.jpg
1490199397375827971,Thursdayraincal,Thursdayraincal,MorallyGreyBitxh❇️,https://pbs.twimg.com/profile_images/2087345147239354368/x062bTt-_normal.jpg
825816025,adrii__loves,adrii__loves,♥♡ADRII♥♡,https://pbs.twimg.com/profile_images/2042724038938591232/k25CIbw8_normal.jpg
939575895735627777,pressureGpapi,pressureGpapi,Pressuregaugepapi🥶🥵,https://pbs.twimg.com/profile_images/2087948024840384512/0oLtDpkc_normal.jpg
1984087942873411584,Lauraoiq,Lauraoiq,Laura,https://pbs.twimg.com/profile_images/1984655740607594496/oaKs3fI2_normal.jpg
10228272,YouTube,YouTube,YouTube,https://pbs.twimg.com/profile_images/1984471345854566400/5pd8GpgC_normal.jpg
2445776468,AppleMartini321,AppleMartini321,🩷🍸Martini🍸🩷,https://pbs.twimg.com/profile_images/1604364932857925633/H8TnYB00_normal.jpg
217833036,mikelsenior,mikelsenior,Mikel Dijak Sr,https://pbs.twimg.com/profile_images/1485810539443937280/t54Etbux_normal.jpg
60983411,Yazzzleberry,Yazzzleberry,Yazzzleberry,https://pbs.twimg.com/profile_images/1370575714278371328/DotmeoIf_normal.jpg
4722356400,FIowerVolcano,FIowerVolcano,Kal | 💀,https://pbs.twimg.com/profile_images/2085978857056972800/UwCJmX1K_normal.jpg
39297925,MsNashville,MsNashville,Ms Nashville,https://pbs.twimg.com/profile_images/1887973171137044480/g_KK6Ap4_normal.jpg
1224814081263243266,Ieytonxsawyer,Ieytonxsawyer,ashley🖤,https://pbs.twimg.com/profile_images/1732948353212653568/wgMmLmHO_normal.jpg
35981210,ohDAMNitsNAT,ohDAMNitsNAT,Lopez🫧,https://pbs.twimg.com/profile_images/2087693408353525760/6Aiae3SG_normal.jpg
842561695,slugger1331,slugger1331,Val Sobrevilla,https://pbs.twimg.com/profile_images/2085049138614546432/coGD1_WD_normal.jpg
2078425221988524032,Skarsgardni,Skarsgardni,Skarsgård,https://pbs.twimg.com/profile_images/2088579954963300352/s93Pw7qz_normal.jpg
809823522,StormyXdreamers,StormyXdreamers,Stormy 🦚,https://pbs.twimg.com/profile_images/2050012718011482112/f-CqFq3k_normal.jpg
1813995005440049152,freakph0bic,freakph0bic,sodalicious37,https://pbs.twimg.com/profile_images/2030448146434736128/atbXjqP3_normal.jpg
513365249,murphyrecords,murphyrecords,not the good place,https://pbs.twimg.com/profile_images/1720467131630751744/d0caBknA_normal.jpg
2657914215,KendraColeXXX,KendraColeXXX,KendraColeXXX,https://pbs.twimg.com/profile_images/1937988586265247744/t2oFLjLa_normal.jpg
927187711584124928,lkfX6lfGNHblKhC,lkfX6lfGNHblKhC,パッパラパー,https://pbs.twimg.com/profile_images/1735615015473008640/tW4UWYHS_normal.jpg
1536007262925336576,Mostly_Yes,Mostly_Yes,Yes Or No,https://pbs.twimg.com/profile_images/1712173872529944576/6kPPv9LU_normal.jpg
715619253311778824,alexmario97,alexmario97,Alex,https://pbs.twimg.com/profile_images/2088464697767198720/IxdlTulM_normal.jpg
1074802912080134144,KanayahSmith,KanayahSmith,Kanayah Smith,https://pbs.twimg.com/profile_images/2008025623370104833/y0JThWad_normal.jpg
3242645961,moriahdelmar,moriahdelmar,MD.,https://pbs.twimg.com/profile_images/1673887524186406912/1c0l_sFv_normal.jpg
1597975110824206337,tardq17,tardq17,Teryl Ard,https://pbs.twimg.com/profile_images/1960184852205965312/jrl-zbaT_normal.jpg
168553219,TheChrissyHQ,TheChrissyHQ,✨️ChrissyHQ,https://pbs.twimg.com/profile_images/2082880485533831168/Py1NStZg_normal.jpg
1185046189101715456,DarwinwithPrEP,DarwinwithPrEP,DarwinwPrEP,https://pbs.twimg.com/profile_images/1223223888232034304/oAIqlUVC_normal.jpg
1622541388595462145,Decayingversion,Decayingversion,WOR$T DECAYING IN AMERICA l MONDRIAN OUT SOON,https://pbs.twimg.com/profile_images/2050638232426319872/Y-e9hu9e_normal.jpg
2036624693160300544,Hades3444175797,Hades3444175797,💙 🔥🩵,https://pbs.twimg.com/profile_images/2068108629543387136/tDaibf0c_normal.jpg
1356276970397450256,IntegrityJohnny,IntegrityJohnny,Johnny,https://pbs.twimg.com/profile_images/1698227878847303680/gJEBCmDW_normal.jpg
1969125471389696000,Jesster_Li,Jesster_Li,Jesster Li,https://pbs.twimg.com/profile_images/1969126592447205376/bp4BQEqC_normal.jpg
1473141039196106755,TheKingofNeo,TheKingofNeo,NeoRIverMaster (CW: Kamen Rider Hibiki),https://pbs.twimg.com/profile_images/1473159217527672835/ApP2us_a_normal.jpg
488821230,teeextanjiro,teeextanjiro,Tee 🙂‍↔️,https://pbs.twimg.com/profile_images/2083559062646525952/QNDp7WCA_normal.jpg
1106231061833490441,binzbysolange,binzbysolange,G,https://pbs.twimg.com/profile_images/2071759625330847744/mxl3bxic_normal.jpg
1272975879887564800,AndrewC15638652,AndrewC15638652,Uncle Andy,https://pbs.twimg.com/profile_images/1336854874445803520/ZHtCTKg4_normal.jpg
2718483357,twcworldwide,twcworldwide,thewrestlingclassic,https://pbs.twimg.com/profile_images/1574563806331949057/ENsxhUro_normal.jpg
1550190373804310533,FalseFinishHQ,FalseFinishHQ,FalseFinishHQ,https://pbs.twimg.com/profile_images/2062554095144103936/Jw8AsnAc_normal.jpg
154862780,Frannn__xo,Frannn__xo,Hun. 🖤🇯🇲,https://pbs.twimg.com/profile_images/1581693141643558914/T7zdb0tn_normal.jpg
1026546606642999297,annacfaro,annacfaro,Ana ✨,https://pbs.twimg.com/profile_images/1776401157784539137/F_ORDeqE_normal.jpg
1595303723848302592,lilSarahMuh,lilSarahMuh,⚓️ ᥫ᭡ ၄၃,https://pbs.twimg.com/profile_images/2045884118936817664/KSIHxvDN_normal.jpg
1631479269367971843,denpawonderland,denpawonderland,👽 Alice ✟,https://pbs.twimg.com/profile_images/2078579100214497280/rnWcI2Vn_normal.jpg
1666671054629093376,anitorosita42,anitorosita42,Coco,https://pbs.twimg.com/profile_images/1955385722904399872/J8xWyDkq_normal.jpg
1604011465454850048,dammitdurrell,dammitdurrell,Durrell,https://pbs.twimg.com/profile_images/1990689928703774720/dulYVILR_normal.jpg
726782985094238209,MAAS_1102,MAAS_1102,✨️ ᗩᒪEᒍᗩᑎᗪᖇᗩ ✨️,https://pbs.twimg.com/profile_images/1719740801410822144/jvgfYjsO_normal.jpg
1905490955492352000,imthatgixl,imthatgixl,𝚊𝚕𝚒’𝚜 𝚐𝚛𝚘𝚘𝚟𝚎.,https://pbs.twimg.com/profile_images/2088277919395086336/EN7Pxt67_normal.jpg
1623933873364115456,AvaAvir,AvaAvir,ali,https://pbs.twimg.com/profile_images/1623933934382841857/RQ5Krsxl_normal.png
348780934,817Lauren,817Lauren,Lauren Paige,https://pbs.twimg.com/profile_images/2008190815516946432/feFVidZg_normal.jpg
295051700,amirulmran,amirulmran,roll 🃏,https://pbs.twimg.com/profile_images/2086381409497931776/QgtbltTI_normal.jpg
58751428,BigSisqo,BigSisqo,LeBlonde James 👱🏿‍♂️💣,https://pbs.twimg.com/profile_images/1283437477210894336/JUDi2Qs6_normal.jpg
1004552524538540032,CapoAttano,CapoAttano,A,https://pbs.twimg.com/profile_images/2085518197655060480/FBQSNgTn_normal.jpg
1499543820,tezah__,tezah__,bo 🪴,https://pbs.twimg.com/profile_images/1617414540605505536/4OLWNlDI_normal.jpg
1814021540591046656,vavicek3,vavicek3,Vavicek3 (huntlow's back),https://pbs.twimg.com/profile_images/2074559788675928064/5hNl_MEg_normal.jpg
2566965944,darkseid_80,darkseid_80,David Perez,https://pbs.twimg.com/profile_images/1787441091530063872/s8e4pyq1_normal.jpg
1119749420,aneekineek,aneekineek,Anneek✨,https://pbs.twimg.com/profile_images/1966964272841265152/eLNgZJal_normal.jpg
1950288044298551296,CarlosAmbr47410,CarlosAmbr47410,Carlos Ambrocio,https://pbs.twimg.com/profile_images/2088508866426175488/3Iuh-RGa_normal.jpg
1613413486260031488,0204OoiixJ,0204OoiixJ,ᵔ⤙ᵔ꧞🐶,https://pbs.twimg.com/profile_images/2087210093301673985/anHoVyLa_normal.jpg
114502625,AshtonWalker78,AshtonWalker78,Makka,https://pbs.twimg.com/profile_images/1987587475754106880/3v2B_IpB_normal.jpg
635004033,jailaurban,jailaurban,Jaila (Taylor’s Version),https://pbs.twimg.com/profile_images/1914908824860778496/p5cFAr8Q_normal.jpg
1425216062216343561,yannieixu,yannieixu,i love mari ibarra,https://pbs.twimg.com/profile_images/1972480993182228480/D5GWvo46_normal.jpg
3692998280,KingYunn1,KingYunn1,✭King Yunn✭,https://pbs.twimg.com/profile_images/2064878211142410241/V9hEv97U_normal.jpg
1753076059501993984,palitopolito,palitopolito,polito,https://pbs.twimg.com/profile_images/2085317313797267456/mARH0BHz_normal.jpg
472521685,meggothealien,meggothealien,✨meggo-me-eggo✨,https://pbs.twimg.com/profile_images/2036552568948559872/oRYNBUT-_normal.jpg
3370518494,eji6009,eji6009,พญาหอยทาก SpectreH รหัสH4848🐌🖐️🔗🐍🐶🌻🌴🦦🍑🐊,https://pbs.twimg.com/profile_images/1981983754630336512/BA4L06QF_normal.jpg
107662858,ebru_cavdarli,ebru_cavdarli,Ebru Çavdarlı,https://pbs.twimg.com/profile_images/929014613412376577/GW-rFqql_normal.jpg
1057440344529387520,L8DYNK,L8DYNK,NK ♡,https://pbs.twimg.com/profile_images/2064334445461516288/v58AFKav_normal.jpg
3742581013,_xoxotrin,_xoxotrin,Trinity⁷,https://pbs.twimg.com/profile_images/1868476464867291136/4cxVMEmU_normal.jpg
1116298556875264002,namu94tree,namu94tree,🌳Borahae Echo⁷ ⊙⊝⊜ 🌳 solostans are antis,https://pbs.twimg.com/profile_images/2039230622678622208/5e4x26YL_normal.jpg
416657277,glossyrranda,glossyrranda,CAMI 🌸,https://pbs.twimg.com/profile_images/2041879563928506368/pqvXk0Hm_normal.jpg
1346276025550991361,lashon_monique_,lashon_monique_,🌙moonQUEEN👸🏾,https://pbs.twimg.com/profile_images/2044518893104898048/FxTD6Q70_normal.jpg
1966939599210483712,girlrotted1,girlrotted1,emma ۶ৎ ₊˚♱,https://pbs.twimg.com/profile_images/2082828418094088192/opeKHBhi_normal.jpg
1569860035554992128,Copacetic_ZX2,Copacetic_ZX2,Copacetic_ZX2,https://pbs.twimg.com/profile_images/2032282868580564996/1BM9cgQ0_normal.jpg
1261099776969342976,Vivithecowgirl,Vivithecowgirl,Wylee bee. 🧜‍♀️,https://pbs.twimg.com/profile_images/2087057734198059008/YOYIpnku_normal.jpg
37874853,straits_times,straits_times,The Straits Times,https://pbs.twimg.com/profile_images/1316709929504305156/JhFnhEcq_normal.jpg
1874875503439462400,lilkarabearr,lilkarabearr,💋,https://pbs.twimg.com/profile_images/2031519590409252864/wHl0Yt-U_normal.jpg
1608720416045948929,Destineeluvssza,Destineeluvssza,Destinee,https://pbs.twimg.com/profile_images/1608720601606197256/53j3eZ2-_normal.jpg
105819954,lilmisskay_,lilmisskay_,Kayla♡,https://pbs.twimg.com/profile_images/2030010621543206913/pRR20pRj_normal.jpg
1461388428499632135,JohnBradfordYT,JohnBradfordYT,John Bradford,https://pbs.twimg.com/profile_images/1461389223077068807/4VEOmczG_normal.jpg
850804054544404480,pugythepug,pugythepug,Danny 🇨🇦,https://pbs.twimg.com/profile_images/1888085227307728897/fegT8fBM_normal.jpg
806709053925847040,imy2lv,imy2lv,Lvuprofen,https://pbs.twimg.com/profile_images/2017324710682411008/suWEg6TG_normal.jpg
1632473009582755840,FEETINBIO,FEETINBIO,The Cloak and Dagger of yuri,https://pbs.twimg.com/profile_images/2064310212442333184/R4QOnsWd_normal.jpg
905998514060132352,veryrare_ns,veryrare_ns,veryrare_ns,https://pbs.twimg.com/profile_images/1978176598575562752/6szHr6JF_normal.jpg
977324691982397441,jcervy92,jcervy92,Buulliiiooo🇲🇽,https://pbs.twimg.com/profile_images/1881944547259039744/j1H9BM0E_normal.jpg
433076500,SissyWarf,SissyWarf,Elizabeth Sissy Sexton Warf,https://pbs.twimg.com/profile_images/1542398523676807169/AI9E-2UV_normal.jpg
3299968119,ki_kashh,ki_kashh,Ki🫦,https://pbs.twimg.com/profile_images/1989798850182205441/1bNoCzqR_normal.jpg
1316760300859928577,TaaaJiiB,TaaaJiiB,Taj B. 🧡,https://pbs.twimg.com/profile_images/1450968466832363522/1fTRUlDC_normal.jpg
56281371,itsjeiver,itsjeiver,Jeiver NOT Javier,https://pbs.twimg.com/profile_images/2026117393743753216/9s-4Wboo_normal.jpg
954926814320889856,belowaverageNDA,belowaverageNDA,Nadia’s Way,https://pbs.twimg.com/profile_images/2084150313985187840/-QLSB3Fn_normal.jpg
1669085506871734285,iimvanny,iimvanny,vann 🇵🇸,https://pbs.twimg.com/profile_images/1809261572713263104/KAGKAYHZ_normal.jpg
793188650427281408,b2iana,b2iana,bri,https://pbs.twimg.com/profile_images/1830977918995984384/tWzPpeym_normal.jpg
1467489075691143168,letsallcalmdwn,letsallcalmdwn,Tiff,https://pbs.twimg.com/profile_images/2088356994050621441/_zr6WN-6_normal.jpg
306422550,kdurant_,kdurant_,💕,https://pbs.twimg.com/profile_images/2089019601988313088/iKHsxx1r_normal.jpg
872504056081764352,Treauxxx,Treauxxx,𝐓𝐘𝐑𝐄𝐒𝐄 𝐓𝐑𝐎𝐕𝐀𝐍 🇯🇲,https://pbs.twimg.com/profile_images/2073598208823955456/aaVMT22g_normal.jpg
2763363762,venusincaprisun,venusincaprisun,Brinity Burger & Carniya Loaded Fries 🍉,https://pbs.twimg.com/profile_images/1995537513310523392/KRge6iVP_normal.jpg
1491641393961652226,_lolifroyd,_lolifroyd,lolifroyd 💗,https://pbs.twimg.com/profile_images/2088543955457654784/rJYm2Pwx_normal.jpg
1170129578,_Alessandrasg_,_Alessandrasg_,Alessandra,https://pbs.twimg.com/profile_images/2003611003758510080/tr8lwmBd_normal.jpg
1829985147543818240,Cree4255,Cree4255,Royalty,https://pbs.twimg.com/profile_images/1840105284817068032/RrVaIXat_normal.jpg
12993222,CityNewsTO,CityNewsTO,CityNewsTO,https://pbs.twimg.com/profile_images/1772318214921347072/tKPbUtvn_normal.jpg
235841871,darkvdred,darkvdred,darkvdred,https://pbs.twimg.com/profile_images/2066985326271254528/BHfrESqN_normal.jpg
2049680229061267457,afelinesofwhat,afelinesofwhat,Sam,https://pbs.twimg.com/profile_images/2088441359774502912/j2zQmJAw_normal.jpg
1087058936291840000,Divinesstar,Divinesstar,💖𝕯𝖎𝖛𝖎𝖓𝖊💖,https://pbs.twimg.com/profile_images/2087375662109605888/06kjxwQ0_normal.jpg
246107458,wavey_guwop,wavey_guwop,Wavey,https://pbs.twimg.com/profile_images/2074308294433177600/x6jlEEnw_normal.jpg
220590389,MThomsonPrime,MThomsonPrime,Matt Thomson,https://pbs.twimg.com/profile_images/1915310467951767553/Q6_Q8zAc_normal.jpg
1470386073738133514,v1bezsweat_,v1bezsweat_,ᶻ 🇻🇪,https://pbs.twimg.com/profile_images/2047415944952107008/1H9GfZMP_normal.jpg
1148487813400150016,Chacagemstarmin,Chacagemstarmin,Chaca (チャチャ) | Semi IA but WTF KH4?!?!,https://pbs.twimg.com/profile_images/2064534289275031552/DPImACsM_normal.jpg
68579466,JayRiteThere,JayRiteThere,IG:JayRiteThere,https://pbs.twimg.com/profile_images/1898745654098169856/vK5d7Ihf_normal.jpg
1179724433524760576,Tyketee_,Tyketee_,🦋✨,https://pbs.twimg.com/profile_images/2006957072185724928/aZlmxVjD_normal.jpg
843501162687053826,d7oomy19772007,d7oomy19772007,Abdulrahman,https://pbs.twimg.com/profile_images/1736748551135223808/7kgaasQI_normal.jpg
1070542902063841281,WikkidDia,WikkidDia,Dia☀️,https://pbs.twimg.com/profile_images/1797046576684347392/LeiaQaNJ_normal.png
1236704761208078338,KingWillKaplan,KingWillKaplan,Will Kaplan 🎃 (The Woods 8/21-8/23),https://pbs.twimg.com/profile_images/2045161978440642560/prOwM3jY_normal.jpg
1661054202,ElDiabloSr,ElDiabloSr,Gogeta Morningstar 👑,https://pbs.twimg.com/profile_images/2085000050527059968/f0QPWoQX_normal.jpg
1383917402056892420,ItsLovelyLaveau,ItsLovelyLaveau,ItsLovelyLaveau,https://pbs.twimg.com/profile_images/2078248845096386560/OT6AqDwv_normal.jpg
1247302226726531074,theofficialcjay,theofficialcjay,Cowboy Christian,https://pbs.twimg.com/profile_images/2015211691689070592/-kg4AcFV_normal.jpg
1475758010,lexdazzo,lexdazzo,lexi,https://pbs.twimg.com/profile_images/1973623732364070912/wVf__zqn_normal.jpg
155606648,eamixel,eamixel,lexi,https://pbs.twimg.com/profile_images/2063163060664074240/8_cu1U2q_normal.jpg
1586202196366032896,velvetrillian,velvetrillian,silver tongue,https://pbs.twimg.com/profile_images/1890906803266846720/yyiHNxsu_normal.jpg
158906467,xRumourz,xRumourz,MAPLE MMA,https://pbs.twimg.com/profile_images/1813730144315699200/4iDrOel7_normal.jpg
1808501969306234880,Reyaaaa24168,Reyaaaa24168,Reya Reya 💙✨,https://pbs.twimg.com/profile_images/2085193013584654336/r-uZw0hL_normal.jpg
1347658676061020160,queencariad,queencariad,⟭⟬ matou •,https://pbs.twimg.com/profile_images/2066519610254331904/SJvveHYV_normal.jpg
1761821039095377920,DomTop368237,DomTop368237,DomTop,https://pbs.twimg.com/profile_images/1807196229178167296/itK8V0hV_normal.jpg
947394561357344769,ItzWyn911,ItzWyn911,🤤🙏,https://pbs.twimg.com/profile_images/1565218107093925888/__NQCLTm_normal.jpg
451913025,MoeSquare,MoeSquare,Mohamed,https://pbs.twimg.com/profile_images/1459603220393693194/gc7M94Fi_normal.jpg
705060929873059845,Grant_Clo,Grant_Clo,Grant,https://pbs.twimg.com/profile_images/1578444494164426768/eWwiVGHa_normal.jpg
843251904708857856,ChrissWrld_,ChrissWrld_,Chris,https://pbs.twimg.com/profile_images/2061621041227501568/YjLRD6lo_normal.jpg
2713614696,thrillerspector,thrillerspector,bry ☀︎fan account,https://pbs.twimg.com/profile_images/2033719664686358528/fpYVx1iQ_normal.jpg
1547245747791331333,balzigio,balzigio,Gio🪭,https://pbs.twimg.com/profile_images/1651291069772881922/37caucAR_normal.jpg
1783317235978641408,zombforbrains,zombforbrains,liya,https://pbs.twimg.com/profile_images/2088513913084096512/3yQe9KFo_normal.jpg
1284199530208976896,7miu7miu7,7miu7miu7,グレネードみゃこてん,https://pbs.twimg.com/profile_images/2004942457348521990/jjLyAEhW_normal.jpg
1569900547636879360,_hyilxkn,_hyilxkn,CHAR ☯︎,https://pbs.twimg.com/profile_images/2013084297821851648/R8vynFjk_normal.jpg
1451580600721174530,MachuttaA,MachuttaA,"🅰️T🈂️E♑️🅰️, ♏️🅰️☪️",https://pbs.twimg.com/profile_images/1462260232877338627/IDiDOvH__normal.jpg
1093968693355335687,PinkLoading,PinkLoading,𝔓 ℑ 𝔑 𝔎,https://pbs.twimg.com/profile_images/2043705054385856512/lW7wKpLd_normal.jpg
764935967782211584,alittleyareli,alittleyareli,yareli,https://pbs.twimg.com/profile_images/2075581829336203264/j90rYJKs_normal.jpg
3042649988,slickevaan,slickevaan,SLICKEVAN 風神 🌊,https://pbs.twimg.com/profile_images/2086719435990020096/g6zUaPoi_normal.jpg
1235222007144472577,Nvsha5,Nvsha5,Nvsha_🦋,https://pbs.twimg.com/profile_images/2085909698088255489/8sUHbMwP_normal.jpg
1322743929180196866,kems2001,kems2001,kems #ProfsEnColere,https://pbs.twimg.com/profile_images/1375902459785310212/7MTLt-ZU_normal.jpg
1257018981094916096,PincThom,PincThom,Pinc Thom,https://pbs.twimg.com/profile_images/1282193097879937031/K39mtZbz_normal.jpg
1253338105,prettygrrr,prettygrrr,αμαια wants peace for all oppressed peoples,https://pbs.twimg.com/profile_images/1395560287290511366/_jgwxW0s_normal.jpg
1392485373297807364,Doogiehowsy,Doogiehowsy,Joey Uchiha,https://pbs.twimg.com/profile_images/1486899886377381889/QmZ70le1_normal.jpg
3041268363,anairis_q,anairis_q,Anairis Q,https://pbs.twimg.com/profile_images/2087046683687587840/71xZqtqm_normal.jpg
1191223584301232129,CarlaEUrenaA,CarlaEUrenaA,Carla Erika Ureña∞︎︎,https://pbs.twimg.com/profile_images/2083741244044279810/b7ii-6X0_normal.jpg
1910379771554611200,miraclebrian23,miraclebrian23,Brian miracle,https://pbs.twimg.com/profile_images/1910380042112159744/wFB8MEFr_normal.jpg
1951455887450890240,zank6214,zank6214,liquid zank,https://pbs.twimg.com/profile_images/2086247913664196608/9c3v0L5O_normal.jpg
889776078,geraldd_saldana,geraldd_saldana,gerald,https://pbs.twimg.com/profile_images/1971432309015388160/vsGmYQka_normal.jpg
1091240505801871360,TaviBaby5,TaviBaby5,Desire the demon 😈💦👅,https://pbs.twimg.com/profile_images/1898591395725660161/b2Yy2kNZ_normal.jpg
629145092,destinyisathug,destinyisathug,Destitty♡,https://pbs.twimg.com/profile_images/2033429963941335040/HQ2iYrjQ_normal.jpg
1824828576761319424,Diddy_Makhanya,Diddy_Makhanya,Bonguknqoba Makhanya,https://pbs.twimg.com/profile_images/1863672193671995392/KTvdUQvl_normal.jpg
1315911951042703360,illumitati_,illumitati_,TT,https://pbs.twimg.com/profile_images/2080321074009374720/WdUq0AlS_normal.jpg
1936962210955399168,hisgirltuesdaay,hisgirltuesdaay,Teliaaa ✨🫧,https://pbs.twimg.com/profile_images/2089198977434480640/DdY2CB64_normal.jpg
1953938718357864448,KhadraGar,KhadraGar,GirlyGirl 🌹,https://pbs.twimg.com/profile_images/2054979369345437696/IlWsacka_normal.jpg
920970580140032000,LostPradaa,LostPradaa,Sentz 🌙,https://pbs.twimg.com/profile_images/1901570442206552064/IuqVC0um_normal.jpg
3257112530,Amaree_capri,Amaree_capri,capri,https://pbs.twimg.com/profile_images/2070943328720371713/9x9aR6CD_normal.jpg
3154229819,cheick_fm,cheick_fm,N$M Sozv Cvrter B@nd¥,https://pbs.twimg.com/profile_images/1674763599720378368/bGiGrLJu_normal.jpg
597889605,soofaxo,soofaxo,fay,https://pbs.twimg.com/profile_images/1890117199492268032/muP4aQOo_normal.jpg
589963551,Azulcrema_1916,Azulcrema_1916,"¡DE AMÉRICA, YO SOY!",https://pbs.twimg.com/profile_images/754544084463656961/QNNUg4yl_normal.jpg
1542615655081545730,nature0937,nature0937,Nature,https://pbs.twimg.com/profile_images/1829693569285722112/lwT7gFDb_normal.jpg
1448779651128520707,NerdyPlixy,NerdyPlixy,PL ¡ X,https://pbs.twimg.com/profile_images/2089088393531834368/zLVhjoys_normal.jpg
1546735356111831040,Jessnl251,Jessnl251,Jessica,https://abs.twimg.com/sticky/default_profile_images/default_profile_normal.png
1419900197380009984,jaslikedisney,jaslikedisney,FreeMe,https://pbs.twimg.com/profile_images/1882565983702847488/s0NKQVto_normal.jpg
817848497210851330,abenixv,abenixv,:･ﾟ✧:･ anna ᖭི༏ᖫྀ ☽ ˚｡･ﾟ✧:･.,https://pbs.twimg.com/profile_images/1328963494646079488/P5svB2ET_normal.jpg
1370543001714429957,minsoulz_,minsoulz_,james ⭒,https://pbs.twimg.com/profile_images/2056249754988707840/NzxqL2rt_normal.jpg
583413051,4ip4d3,4ip4d3,alexxxtremo,https://pbs.twimg.com/profile_images/1836236742535331840/fQ7ErbAM_normal.jpg
1327020243575828482,logan06473390,logan06473390,Logan #FreePalestine 🇵🇸,https://pbs.twimg.com/profile_images/1607833327192473601/v8IdeOLI_normal.jpg
221143685,DistortionMimik,DistortionMimik,#XIMKIM Mimicoolboy (A.K.A mimik),https://pbs.twimg.com/profile_images/1690641510977462272/sbpp_fbE_normal.jpg
564111073,Eve_Janeth20,Eve_Janeth20,JanethTheRainDancer,https://pbs.twimg.com/profile_images/1612940478592475136/_VdNN9Pe_normal.jpg
1439317535103541248,KhimiSketches,KhimiSketches,Khimi ♡♤,https://pbs.twimg.com/profile_images/2084339469885292544/WgaiT7Fp_normal.jpg
153978155,bajan_brincess,bajan_brincess,†Cherise†,https://pbs.twimg.com/profile_images/1820704530536833024/kUcPyOl5_normal.jpg
1656851014719361024,melvina_sm84862,melvina_sm84862,Toxic 🍫 💦,https://pbs.twimg.com/profile_images/1822148197411602432/ImdbOacX_normal.jpg
3230301055,dandielayla,dandielayla,dandie Lynn layla,https://pbs.twimg.com/profile_images/1944856825993592832/Y5qT9HBk_normal.jpg
780658500,athletegirl2012,athletegirl2012,Athletegirl,https://abs.twimg.com/sticky/default_profile_images/default_profile_normal.png
1826399213334200320,thunderboltx21,thunderboltx21,Thunder,https://pbs.twimg.com/profile_images/1826406107188764672/Xbc6XAHh_normal.jpg
3227875243,pumacule81,pumacule81,PumaCulé,https://pbs.twimg.com/profile_images/1959352502064664576/77baKN1T_normal.jpg
416759640,Skinofmyteeth_,Skinofmyteeth_,Skinofmyteeth_,https://pbs.twimg.com/profile_images/2088467188533317632/aPLFVF6F_normal.jpg
1026898886672019457,5jim35,5jim35,🐰,https://pbs.twimg.com/profile_images/2076604029430562816/PigPKgSh_normal.jpg
724446211,walls27ls,walls27ls,Nan 🇲🇽🌻✨,https://pbs.twimg.com/profile_images/1898030812261416961/BFX_QBCK_normal.jpg
2854277745,DellyFS18,DellyFS18,Delly,https://pbs.twimg.com/profile_images/1929946747100352512/RqXfMrNJ_normal.jpg
1171219036954386432,notchr15,notchr15,Chris,https://pbs.twimg.com/profile_images/2033689196355891200/PIxfTwTe_normal.jpg
978403381499789313,zhoulesbian,zhoulesbian,eve by velvet summer. 🧜‍♀️,https://pbs.twimg.com/profile_images/2084972286319206400/RdH-mVO2_normal.jpg
1019988882174238720,pevensiexxtde,pevensiexxtde,Brendi,https://pbs.twimg.com/profile_images/1344172579867779072/vWB0yk1U_normal.jpg
1803352218768408576,Jesnypenny,Jesnypenny,Jesny,https://pbs.twimg.com/profile_images/2084184820041785344/-uFtykSE_normal.jpg
27676387,LoveJasa,LoveJasa,virgo villain.,https://pbs.twimg.com/profile_images/1948848312074780672/C5jnVAfQ_normal.jpg
445948611,patricklorenzo_,patricklorenzo_,lorenzo.🍾,https://pbs.twimg.com/profile_images/2061870247347400704/nGVosesk_normal.jpg
1030562655440986113,CriticalOverlo3,CriticalOverlo3,CriticalOverlo3,https://pbs.twimg.com/profile_images/1030563487947341825/9zAjKGPI_normal.jpg
1106012218410307586,Nadia73112509,Nadia73112509,Nadia🪷,https://pbs.twimg.com/profile_images/1961622224533598208/IG-YL-Qy_normal.jpg
4582527557,COMMANDAINQUEEF,COMMANDAINQUEEF,Mayor of Titty City 🫦,https://pbs.twimg.com/profile_images/2066743577766428672/IycS_bZ3_normal.jpg
890375511142268929,meryllove49,meryllove49,Meryl Love,https://pbs.twimg.com/profile_images/2084337407596359680/LJGxOu4u_normal.jpg
1087600747,marveledmuse,marveledmuse,kyrah🪩,https://pbs.twimg.com/profile_images/1949398191520321536/9v7y8Kh7_normal.jpg
1982121837208498176,fallen__promise,fallen__promise,who the fuck are you,https://pbs.twimg.com/profile_images/2089065018419474432/Nez9KKv1_normal.jpg
2966656841,earth222anaa,earth222anaa,anamarie 🗝️,https://pbs.twimg.com/profile_images/2072475723239972864/unpWCpYK_normal.jpg
1373385214525902850,AuraKOGA,AuraKOGA,AuraKage (Gammamon best boy),https://pbs.twimg.com/profile_images/1994499233265725440/3d708v4r_normal.jpg
993756634206777345,thebestbotmans,thebestbotmans,Kent_Mansley,https://pbs.twimg.com/profile_images/1260547426584158209/Y1Y5JRvF_normal.jpg
1748221186373234688,Spark0fMagic,Spark0fMagic,Silas ✶,https://pbs.twimg.com/profile_images/2082300194402504704/X3K-XiE2_normal.jpg
872039775821340672,Keekeebooks,Keekeebooks,Kaitlyn,https://pbs.twimg.com/profile_images/2053639003266527233/fbwkUOej_normal.jpg
58881330,MalashaMonique,MalashaMonique,✶𝒎𝒂𝒍𝒂𝒔𝒉𝒂⁷ saw bts⁷♡,https://pbs.twimg.com/profile_images/2034566344323059712/57jRJJ67_normal.jpg
1279917431461498880,ALIANZGBL,ALIANZGBL,ALIANZ - KNICKS ARE THE CHAMPS!,https://pbs.twimg.com/profile_images/1995987592123154432/fRg8vGyx_normal.jpg
1509463239083573248,taeqyujii,taeqyujii,🖤⁷,https://pbs.twimg.com/profile_images/2078447424796815360/svHHsPU0_normal.jpg
104654949,Air237Jordan,Air237Jordan,Proposition Jo,https://pbs.twimg.com/profile_images/3207979197/2cb6632c515cf974ef000735f446da98_normal.jpeg
2043153394018189312,kimbellagi,kimbellagi,softlysaffi,https://pbs.twimg.com/profile_images/2043183132824813568/mug7H5OT_normal.jpg
176924621,__rated,__rated,Marie,https://pbs.twimg.com/profile_images/1430578779013910528/N4eYBRD6_normal.jpg
1054129642821640192,cavspsg,cavspsg,Neptune ⭐️⭐️,https://pbs.twimg.com/profile_images/2072610010534658048/ki0EgujA_normal.jpg
1835482239721000960,thelylaek,thelylaek,ㄥуℓคҽӄ,https://pbs.twimg.com/profile_images/2019558202732576768/KYPYeHoo_normal.jpg
1410532820158541830,kylxmeters,kylxmeters,❄️Myles❄️ #TeamAurora #TeamMatraka #TeamJade,https://pbs.twimg.com/profile_images/2027065584203317249/kdzOGIdZ_normal.jpg
1082810902691209216,SpanishGuitar22,SpanishGuitar22,Spanish Guitar,https://pbs.twimg.com/profile_images/2062521541154521088/teXq7wqc_normal.jpg
1252769108254502912,ShiroTheSaden,ShiroTheSaden,Doxas 👍🏿,https://pbs.twimg.com/profile_images/2000834542605606912/st4e2FXR_normal.jpg
171154350,Infinite_LoveXO,Infinite_LoveXO,Smooch Hashira 💋,https://pbs.twimg.com/profile_images/1837149016208916480/cHGXqvM8_normal.jpg
2436297290,Ghost_in_NYC,Ghost_in_NYC,Mario,https://pbs.twimg.com/profile_images/2063305079700979712/mXBS4Wyd_normal.jpg
1315109245868666882,goldencosmicx,goldencosmicx,cosmicgoldx | #1 Storm Fan ⚡️,https://pbs.twimg.com/profile_images/2053247931927699457/2oiDADfJ_normal.jpg
1259530422368829441,joyalana_,joyalana_,The Introverted Joy 🤍,https://pbs.twimg.com/profile_images/1898860552820011008/2wqVk18u_normal.jpg
1979737623749951488,soalarmingg,soalarmingg,beloved,https://pbs.twimg.com/profile_images/2081863670397558784/1V2cTI6S_normal.jpg
1669483925587083264,okaylayna,okaylayna,Lay,https://pbs.twimg.com/profile_images/2082049174204272640/cey5yavr_normal.jpg
1526799214444945409,Verielle77,Verielle77,Ørøro,https://pbs.twimg.com/profile_images/2080007007462137857/l8KRWPCs_normal.jpg
2036477828787740674,Coffeekocy,Coffeekocy,Cy,https://pbs.twimg.com/profile_images/2047890531750133760/qUdWNwZM_normal.jpg
1584006509167489024,TabulaLuna,TabulaLuna,Spear Enthusiast Tabby 🏳️‍⚧️ 🍉,https://pbs.twimg.com/profile_images/2030350857024458752/raYg28BZ_normal.jpg
321804686,NPJordan,NPJordan,jordan,https://pbs.twimg.com/profile_images/1722714783491796992/vYVfjIrn_normal.jpg
872673109291130884,popitforpoppa,popitforpoppa,popitforpoppa,https://pbs.twimg.com/profile_images/2065620150125015041/f_7qCW7J_normal.jpg
1314936602909708289,thatguyjosaiah,thatguyjosaiah,joe 🐺✨,https://pbs.twimg.com/profile_images/1571911620800180226/bp4q5pJ0_normal.jpg
1952388331389820928,STch696,STch696,Sexyb*tch696,https://pbs.twimg.com/profile_images/1952388502349369344/aXwLjhsf_normal.jpg
591186219,xoxomj_,xoxomj_,M. 🇭🇹,https://pbs.twimg.com/profile_images/1491044339316887558/tQt-sLKL_normal.jpg
1617364930314833923,OrishaofWar,OrishaofWar,Blacksmith,https://pbs.twimg.com/profile_images/2086411385311752192/PmRZy7Wz_normal.jpg
1206311371,PsiionicVII,PsiionicVII,🏳️‍🌈 ⚔️ Gay420Gay🤺🏳️‍⚧️ #BlackLivesMatter,https://pbs.twimg.com/profile_images/1134966126985846784/Q7VXtGNl_normal.png
1586163222591442944,WeitmanLance,WeitmanLance,Nance,https://pbs.twimg.com/profile_images/1915606830287642625/KXPpIhfA_normal.jpg
1072789311119114240,My1000thPage,My1000thPage,Tobias Burrell 🍥,https://pbs.twimg.com/profile_images/1816383648565735424/Uk49CMJC_normal.jpg
757447855,tapatiodealer_,tapatiodealer_,Bojack whoresman🇲🇽,https://pbs.twimg.com/profile_images/1577745931356684288/N0U2YF9K_normal.jpg
1822493681879801856,user364107356,user364107356,𝙏 .ᐟ,https://pbs.twimg.com/profile_images/2051078443727507456/bzzzwcbe_normal.jpg
309659125,NonoAdele,NonoAdele,SupaMega 🇿🇦,https://pbs.twimg.com/profile_images/1624278014904221698/xsj9OlWR_normal.jpg
105890656,ItGirlWeezyy_,ItGirlWeezyy_,PRIMA DONNA,https://pbs.twimg.com/profile_images/1726410338847903744/Hcg6Uwwd_normal.jpg
61398906,clarencehilljr,clarencehilljr,Clarence Hill Jr,https://pbs.twimg.com/profile_images/1829540945072705536/yowCkWt8_normal.jpg
895007453074665474,zakfilm,zakfilm,zakfilm,https://pbs.twimg.com/profile_images/1981183799246356480/JnSIKspg_normal.jpg
740672576804921348,AnimeAdamXIII,AnimeAdamXIII,Adam Terragon,https://pbs.twimg.com/profile_images/1954028766017024000/UNiw10Uf_normal.jpg
1809206162799382528,sliimkiss,sliimkiss,kissa,https://pbs.twimg.com/profile_images/2087935729443713024/nDEdluhS_normal.jpg
1164641922583076864,consperezz,consperezz,cons 🦢🪽,https://pbs.twimg.com/profile_images/2029386144530501632/2L_Hovkp_normal.jpg
278714518,josieOne,josieOne,Maf ✨️,https://pbs.twimg.com/profile_images/2002989861637115904/XfM9MCA9_normal.jpg
1315536226464591872,pttyguk,pttyguk,🧚🏻,https://pbs.twimg.com/profile_images/2023354550867169280/uVj7eQlZ_normal.jpg
1953285950790090752,NeatKev,NeatKev,neat😈,https://pbs.twimg.com/profile_images/1953286182512558080/nhQKjTg2_normal.jpg
1430574681652928515,gselliott67,gselliott67,gselliott67,https://pbs.twimg.com/profile_images/2088787769602564096/lQYgKXaO_normal.jpg
1369812194880290822,cartoonella23,cartoonella23,Felicia,https://pbs.twimg.com/profile_images/1973533902468784128/1FpgAzj4_normal.jpg
825175845912338432,Onmyones__,Onmyones__,LostParkRanger,https://pbs.twimg.com/profile_images/1988965458481975296/X4Xo89ww_normal.jpg
300916291,TheMSeries1,TheMSeries1,TheMSeries1,https://pbs.twimg.com/profile_images/2035818317009870849/P0fzvLHL_normal.jpg
789097698506878976,edwardbrgr,edwardbrgr,Edward Burger (not Berger) ❤️🌈,https://pbs.twimg.com/profile_images/2033470508654850048/yYgEoyFn_normal.jpg
1112604853111529472,Falcochio1706,Falcochio1706,Falcochio ❄️🔥🦊,https://pbs.twimg.com/profile_images/1920670355384836096/Yt1nNh30_normal.jpg
4042322654,MapleDialga,MapleDialga,kuroraiju ➡️ MapleDialga,https://pbs.twimg.com/profile_images/1690747704492900352/DGJ4itci_normal.jpg
258457727,mottycarlo,mottycarlo,Such a Virgo✨,https://pbs.twimg.com/profile_images/2013051266000191488/bTycz2cz_normal.jpg
1785056898724618240,sexweeknews,sexweeknews,Sex Week News,https://pbs.twimg.com/profile_images/2079349642802630656/eOHVCbJl_normal.jpg
1943162477048664065,jillsbff,jillsbff,jillsbff,https://pbs.twimg.com/profile_images/2087660850484051968/YdHTIKn-_normal.jpg
752552825142386689,fabjessemarie,fabjessemarie,Jessica Marie Gonzalez,https://pbs.twimg.com/profile_images/1683876812135489536/tXvcWDFV_normal.jpg
64326216,tiff_lang13,tiff_lang13,Tiffany Lang,https://pbs.twimg.com/profile_images/1592896404212649985/u_F2-Ott_normal.jpg
1986589741240782848,NyheimaWrites,NyheimaWrites,Young Hot Thick Ebony,https://pbs.twimg.com/profile_images/2087760167471386625/FPMR1X03_normal.jpg
2354890799,daisyjiones,daisyjiones,𝓛𝓲𝔃𝓪,https://pbs.twimg.com/profile_images/2050973932392534016/-GwqfuHP_normal.jpg
3118503300,vampiresrubies,vampiresrubies,Lau ꕤ,https://pbs.twimg.com/profile_images/2057907609852690432/PESqlm61_normal.jpg
1175198206742925313,g1oG_,g1oG_,Gio @Galar✨️BNDWASCINEMA🕷🕸,https://pbs.twimg.com/profile_images/2085029217050222592/sz_xAhHv_normal.jpg
1672142408543268865,delanglerr,delanglerr,leah,https://pbs.twimg.com/profile_images/2085274564846587904/fSuPUOBg_normal.jpg
747827006780354561,madredecabrones,madredecabrones,Madre de Cabrones,https://pbs.twimg.com/profile_images/1332116114910883842/uGrU3-Cj_normal.jpg
331782173,5seczofbiebs,5seczofbiebs,cata 🪩,https://pbs.twimg.com/profile_images/2008729987642265600/NTpczv1o_normal.jpg
849805205889798144,bloobegins,bloobegins,B ☆,https://pbs.twimg.com/profile_images/2084469549357740032/TqBXtms6_normal.jpg
2870391585,UKToyCollector,UKToyCollector,UKToyCollector1977,https://pbs.twimg.com/profile_images/1421517608222920708/59ovYhvV_normal.jpg
2391790928,moondropbunny,moondropbunny,Lolakins🧋sampo boba,https://pbs.twimg.com/profile_images/1810412374572277761/f06NR_04_normal.jpg
1494365324547956739,Kristo67501283,Kristo67501283,Kristó,https://pbs.twimg.com/profile_images/2088723582528495616/wGAyWZjU_normal.jpg
1204644277038374912,ancapvoluntary,ancapvoluntary,Alex,https://pbs.twimg.com/profile_images/1925338123443347459/NrJid7ae_normal.jpg
1195129918918725632,kali444ornia,kali444ornia,kali💋,https://pbs.twimg.com/profile_images/2082680127364689920/XRCQj_g-_normal.jpg
497022525,khalid30H,khalid30H,khàłíd30H,https://pbs.twimg.com/profile_images/1055204182242795520/YlDS_042_normal.jpg
1216469259402039296,btsonyeonsam,btsonyeonsam,sam⁷ ⊙⊝⊜,https://pbs.twimg.com/profile_images/2047792688641294336/uSY7pxsT_normal.jpg
1787195101527031808,__moxito,__moxito,𝕸𝖔𝖝𝖎𝖙𝖔,https://pbs.twimg.com/profile_images/2063845607291457536/-78YAqwA_normal.jpg
2008421639927615488,matcha_g0d,matcha_g0d,☮︎,https://pbs.twimg.com/profile_images/2083964084110671872/gXV5TY7k_normal.jpg
1462789567694659585,hell0kittydream,hell0kittydream,NC,https://pbs.twimg.com/profile_images/1971948490776260608/ZPjUGrHn_normal.jpg
860547074860908548,GBZed,GBZed,🏳️‍⚧️Bisexual Rigamarole🔜 Anime NYC,https://pbs.twimg.com/profile_images/1836779330455695361/uZHtPSyC_normal.jpg
1090480268,twars5,twars5,🌹,https://pbs.twimg.com/profile_images/1409782178565689345/8rHNYLCa_normal.jpg
391093601,cmcduff210,cmcduff210,Cam,https://pbs.twimg.com/profile_images/2082498922132418560/t1wHSJaP_normal.jpg
933735084213055488,SoyUba_real,SoyUba_real,Soy Uba,https://pbs.twimg.com/profile_images/1775701291907321856/80CeEX-3_normal.jpg
2069827976372400128,TheFakeKirbster,TheFakeKirbster,Kirby 🏳️‍⚧️,https://pbs.twimg.com/profile_images/2089199975997542400/Um4b1ASn_normal.jpg
1831206088177336320,clemclem010,clemclem010,Clem,https://pbs.twimg.com/profile_images/1831207294522028032/RHrbccqf_normal.jpg
1545453378905354240,mblvdx,mblvdx,marc ✨💌,https://pbs.twimg.com/profile_images/1989494187793027073/AKkp-unR_normal.jpg
107927286,Leauxness,Leauxness,Lauren Ulia 🤩🧍🏽‍♀️🤩,https://pbs.twimg.com/profile_images/2047170508395851776/WvsdztyD_normal.jpg
1618755153758408706,ElizaPearce16,ElizaPearce16,Charlotte Crump V2,https://pbs.twimg.com/profile_images/1618759653411917824/ZElIBGLt_normal.jpg
1222713795459584005,sadcasemyguyy,sadcasemyguyy,꧁taj꧂,https://pbs.twimg.com/profile_images/1769386120331034624/CZlx2Dy7_normal.jpg
1425962173008957440,KenderrickaJ,KenderrickaJ,Roman’s Baby ❤️,https://pbs.twimg.com/profile_images/2038317038347628544/kaaZS4qW_normal.jpg
1799114995386441732,AuroraJay_,AuroraJay_,Wish upon a Star ⭐️,https://pbs.twimg.com/profile_images/2062364052462972928/vFDiIXDp_normal.jpg
1699196689892904960,Shawarmerks,Shawarmerks,عبدالعزيز🇸🇦,https://pbs.twimg.com/profile_images/2049379588980318208/z_hyD27x_normal.jpg
3037659009,lasnpatterson,lasnpatterson,Si Opus Sit 🇺🇸,https://pbs.twimg.com/profile_images/1855095315033997312/W4JWcmSk_normal.jpg
258511767,_BombshellBrii,_BombshellBrii,♉️,https://pbs.twimg.com/profile_images/1774409092225769473/k46hb3fI_normal.jpg
840312517226311682,kianaofficiaI,kianaofficiaI,K e y,https://pbs.twimg.com/profile_images/1870075814466715648/s8NmuDZD_normal.jpg
1526117087789596672,cc8winchester,cc8winchester,MIIGS®️ 𝑨𝑪𝑻 𝑰𝑰𝑰 🎸 𝙆𝙋7 🔥,https://pbs.twimg.com/profile_images/1945451080399097856/8OAFUYUN_normal.jpg
25764789,marcusuntrell,marcusuntrell,Marcus,https://pbs.twimg.com/profile_images/643526473794592768/cw6c6nrI_normal.jpg
715854906972848128,greaseychips,greaseychips,Lady Kira the Illustrious,https://pbs.twimg.com/profile_images/1430189374315106310/q8hukJvG_normal.jpg
327715579,_flawlesspen,_flawlesspen,Katie ꕤ🫧,https://pbs.twimg.com/profile_images/2085811040990732288/XMwVXpEP_normal.jpg
39983436,DECLEX,DECLEX,DATA/💻/📱 PLUG 💙❤️,https://pbs.twimg.com/profile_images/1950174895830114304/uIL6GZau_normal.jpg
1408617174277656576,BoldenTariq,BoldenTariq,Riqq,https://pbs.twimg.com/profile_images/2084828847120220160/C4KFUx0c_normal.jpg
954540158921183232,igncioandress,igncioandress,Andrés Ignacio,https://pbs.twimg.com/profile_images/1898415088597430272/msAVkRXj_normal.jpg
1128109457521688577,Banegas1501,Banegas1501,ℜ𝔬𝔪𝔞𝔫𝔬 𝔒𝔩𝔞𝔫𝔠𝔥𝔞𝔫𝔬 2.0 🤠,https://pbs.twimg.com/profile_images/1804772470001479680/bSTnYNAS_normal.jpg
3032030997,juanikuz,juanikuz,juani 🇦🇷,https://pbs.twimg.com/profile_images/2031196074925268992/vNbySojl_normal.jpg
1337377197472894977,dariacott,dariacott,dariacott,https://pbs.twimg.com/profile_images/1867241109875011584/qn_hZkTo_normal.jpg
1072682894529888256,beingbreee,beingbreee,Bre’ana ♏️,https://pbs.twimg.com/profile_images/1909980525189644288/8WBEJZgb_normal.jpg
3195778922,justinprollyme,justinprollyme,uᴉʇsnɾ🦦,https://pbs.twimg.com/profile_images/1528802889912696834/4tMIx8l4_normal.jpg
24465039,MJFLIX,MJFLIX,MJ FLIX📸,https://pbs.twimg.com/profile_images/2086750602650898432/YHrCUczz_normal.jpg
1674965053135638534,JackXrost,JackXrost,Jack-❄️,https://pbs.twimg.com/profile_images/1674965912749846529/1Efiga2N_normal.jpg
1139761747773001729,theboywhorapz,theboywhorapz,Ty 👑,https://pbs.twimg.com/profile_images/1863088869756792832/f86tJSmu_normal.jpg
1986189517045354497,_OpalSerenity,_OpalSerenity,serenity,https://pbs.twimg.com/profile_images/2085295061193887744/Nu3bCQ4-_normal.jpg
20791409,ree_tweeting,ree_tweeting,Ree,https://pbs.twimg.com/profile_images/1961025223349751808/DaIQMD0b_normal.jpg
2045720747977453568,aleisa0491,aleisa0491,Alejandra Mejia,https://pbs.twimg.com/profile_images/2086613840884584448/Etto3k5G_normal.jpg
1586112186295926791,TheNatural1997,TheNatural1997,Will,https://pbs.twimg.com/profile_images/1586116315227594752/PI396kCy_normal.jpg
1525520886589272064,Michell30454859,Michell30454859,Michelle Spencer,https://pbs.twimg.com/profile_images/2014896571318431747/nVmcK3SC_normal.jpg
2042241177697517568,SSibuyi74125,SSibuyi74125,Daisy 🌼,https://pbs.twimg.com/profile_images/2042241237441302528/TstcJKxv_normal.png
116077492,ohowneat,ohowneat,...,https://pbs.twimg.com/profile_images/2086478711155568640/GwBDc2Mg_normal.jpg
2056874552051785728,Khibinkoom,Khibinkoom,Khibinkoom,https://pbs.twimg.com/profile_images/2056888171867095040/U6gYMX65_normal.jpg
1014189415,nurbina98,nurbina98,Nat,https://pbs.twimg.com/profile_images/1808972324009365504/cAnpNTe8_normal.jpg
997709874007085056,L0NERMADS,L0NERMADS,erika,https://pbs.twimg.com/profile_images/2087660855110365184/YbllDndz_normal.jpg
1039023018553602053,ivan63273318,ivan63273318,DC Cómics Fans,https://pbs.twimg.com/profile_images/1511401282975645697/zDZQVGBd_normal.jpg
250494091,tweetthis101,tweetthis101,tweetthis101,https://pbs.twimg.com/profile_images/1298440393470566400/edO8ucvE_normal.jpg
1534242006330908672,lovel3ighs,lovel3ighs,ashkaash ᥫ᭡,https://pbs.twimg.com/profile_images/2075151277248352256/vGzl1VAl_normal.jpg
760611303350120449,ayeesha_13,ayeesha_13,ayeesha_13🪽,https://pbs.twimg.com/profile_images/1961183743428698112/s_wk3VSM_normal.jpg
1100442296397381638,emma87233482,emma87233482,em ♡,https://pbs.twimg.com/profile_images/2069575224140443648/d-BxJMuw_normal.jpg
1262030564271497224,roblovinx,roblovinx,roblo🐈‍⬛ 愛,https://pbs.twimg.com/profile_images/2075365828497739776/ojm_BFAv_normal.jpg
949902827031224320,tomorrowskey,tomorrowskey,とぅもきー,https://pbs.twimg.com/profile_images/1477544655827140610/BisjzI6a_normal.png
73893564,ZEGAZEGA_BD,ZEGAZEGA_BD,ぜがぜが,https://pbs.twimg.com/profile_images/1433789342812499979/P69YcfWK_normal.png
256757930,xstationo,xstationo,Marco Bermudez,https://pbs.twimg.com/profile_images/1334062346071920642/cSxc7Ja9_normal.jpg
1554259771233972225,sl6sherz,sl6sherz,🎞️🎃🩸,https://pbs.twimg.com/profile_images/1972693611893714944/nFZb97XF_normal.jpg
1096275344959725568,KeniaOsChiapas,KeniaOsChiapas,Kenia Os Chiapas 🇲🇽,https://pbs.twimg.com/profile_images/2012168905348055040/y6ug3Mmb_normal.jpg
23603092,etnow,etnow,etnow,https://pbs.twimg.com/profile_images/1701334030107680768/9YmFNmbW_normal.jpg
2319716933,rosalindcnl01,rosalindcnl01,Rosalind Churchill,https://abs.twimg.com/sticky/default_profile_images/default_profile_normal.png
1453100707016495106,deadstrangez,deadstrangez,Remmick's biggest fan🔞,https://pbs.twimg.com/profile_images/2086988914703630337/WcqGrK_o_normal.jpg
1892063202932031489,crimsonfemmme,crimsonfemmme,crimsonfemmme,https://pbs.twimg.com/profile_images/2060872935389433856/X3VKmv0A_normal.jpg
1183974328486055936,rainbowmavi,rainbowmavi,мαѵi 🥂,https://pbs.twimg.com/profile_images/2057952828455309312/MUBdkqbT_normal.jpg
1483128576878600195,missj75,missj75,Miss J,https://pbs.twimg.com/profile_images/1484874103429341187/8VaLqJJ0_normal.jpg
1007834072561999872,cariella627,cariella627,Everything Pinkaaaa 💕💗🌸💓,https://pbs.twimg.com/profile_images/2071036126769418240/jdDQz88F_normal.jpg
1189328634630299649,Emotetari,Emotetari,E.T⭐️,https://pbs.twimg.com/profile_images/1980501691381202944/q8t3lfAW_normal.jpg
1112455948306649089,captainvader1,captainvader1,Captain Vader,https://pbs.twimg.com/profile_images/2024930841143435264/ENNDtpGE_normal.jpg
113076286,f_vasquez1,f_vasquez1,Pacho_Loco,https://pbs.twimg.com/profile_images/795308633680658432/FdrjfONG_normal.jpg
273139759,lexsharde,lexsharde,lex,https://pbs.twimg.com/profile_images/1938217051107012608/WS0qKhfQ_normal.jpg
1040831501003153408,angelicxbliss,angelicxbliss,⋆ 𝔇𝔦𝔬𝔰𝔞 𝔢𝔪♡︎ ⋆ 🂱,https://pbs.twimg.com/profile_images/2079837376734777344/NMCyqEvP_normal.jpg
1199379873770491908,vantelarity,vantelarity,dan⁷ 🍊,https://pbs.twimg.com/profile_images/1431803436090155010/-z2z1ih5_normal.jpg
1654589630879256576,Delila1776,Delila1776,Delila,https://pbs.twimg.com/profile_images/1995679992815185920/UmPsXgwO_normal.jpg
1432014119931162629,Sassafrass_84,Sassafrass_84,Sassafrass_84,https://pbs.twimg.com/profile_images/2007867686848475136/pe2K9hqR_normal.jpg
1465506979925921792,ftckm,ftckm,FT,https://pbs.twimg.com/profile_images/2051029466785140738/UfQ02BpL_normal.jpg
142465047,akiryu26,akiryu26,アン☆ 🖤 🤍 💜,https://pbs.twimg.com/profile_images/2069418699598282752/Ol5rEHML_normal.jpg
1902415128953548804,pinkrosevev,pinkrosevev,Pinkrose,https://pbs.twimg.com/profile_images/2088436142261575680/d65_ISpX_normal.jpg
2076427797560516608,daeneryshand,daeneryshand,yanis °❀.ೃ࿔*,https://pbs.twimg.com/profile_images/2076433434604343296/gso8smIf_normal.jpg
34807106,javon916,javon916,JV,https://pbs.twimg.com/profile_images/489927539859525633/yKVStPre_normal.jpeg
176174928,Sydney_Crystal,Sydney_Crystal,SydTheKyd,https://pbs.twimg.com/profile_images/1443272119123595264/Up1jc1W2_normal.jpg
1619412763603881984,ReplicaNeon34,ReplicaNeon34,💙Replica-Neon💜,https://pbs.twimg.com/profile_images/2010538531073019904/TjLb5_Ok_normal.jpg
1875709382924615680,erinaes92,erinaes92,EriNaEs,https://pbs.twimg.com/profile_images/1956153370894364675/zcn2WSMg_normal.jpg
86476781,its_akaash,its_akaash,Akaash | K A S H Y |,https://pbs.twimg.com/profile_images/1863083240602624000/dm_D2G6V_normal.jpg
24055407,EmperoressTrans,EmperoressTrans,Emperoress of Trans,https://pbs.twimg.com/profile_images/1431255951307427844/8vtKBpde_normal.jpg
1220317800343986177,Kennywhite2x,Kennywhite2x,Kennywhite❤️🥺,https://pbs.twimg.com/profile_images/1983760518805381120/MqFW_31o_normal.jpg
1968055282434818048,moviesPOV,moviesPOV,moviesPOV,https://pbs.twimg.com/profile_images/2039796617105039361/UKxqbpwS_normal.jpg
1271681422739361792,jiherralanae,jiherralanae,CANCER.,https://pbs.twimg.com/profile_images/2076046551474970624/HYhnl1We_normal.jpg
1041095221705097216,arbelaez_paez,arbelaez_paez,Gaby~,https://pbs.twimg.com/profile_images/1862385977412538368/Bl9yPlQX_normal.jpg
70749775,eyesonebb,eyesonebb,Ebb,https://pbs.twimg.com/profile_images/1645782519592132614/P2SOhf5a_normal.jpg
3317744725,verchiel17,verchiel17,VerChieL,https://pbs.twimg.com/profile_images/2058069786643636224/1l3eiFmj_normal.jpg
1062585068588359680,notanymorebitch,notanymorebitch,madison🏳️‍⚧️ミ☆,https://pbs.twimg.com/profile_images/2074077916338466816/kgKRZLvF_normal.jpg
841465983088939008,_nextup33,_nextup33,Theonlyvari_,https://pbs.twimg.com/profile_images/1663826898672054272/BJe7MHLE_normal.jpg
1322672661231771653,LUMAP0P,LUMAP0P,アイヴィ一,https://pbs.twimg.com/profile_images/2074934870543839232/GeSmw99D_normal.jpg
829485259645472768,CinthiaVS_,CinthiaVS_,Vico🧚🏻‍♀️,https://pbs.twimg.com/profile_images/2028514373262589952/SGEe88iI_normal.jpg
1269391375906283522,DivineKitsune03,DivineKitsune03,Chris: Fantastical Fox 🦊 🇵🇸 🇸🇩🇨🇩,https://pbs.twimg.com/profile_images/2060808939420172292/8Yr3ZOQe_normal.jpg
1328188853618946048,Gh0styPhantom,Gh0styPhantom,Ghosty 👻,https://pbs.twimg.com/profile_images/2080518441719488512/2Ulsa-cg_normal.jpg
884522417229639682,yyyoongibear,yyyoongibear,wendy⁷ 💫,https://pbs.twimg.com/profile_images/1683801711184412672/8V1wtgTz_normal.jpg
1531077157514092547,TheSmartLawyer1,TheSmartLawyer1,TheSmartLawyer,https://pbs.twimg.com/profile_images/1531077320341180421/itjdOPgX_normal.jpg
4208090055,adamvontszemu41,adamvontszemu41,Polaris,https://abs.twimg.com/sticky/default_profile_images/default_profile_normal.png
203722587,Lethalmind16,Lethalmind16,Jenet Jackson ™,https://pbs.twimg.com/profile_images/3769441809/51d36997c6224d886416a2b31f1541c9_normal.gif
824791841300111360,AguilaJan1,AguilaJan1,Jan Águila,https://pbs.twimg.com/profile_images/1800718752721379328/ipA9Kj4W_normal.jpg
355296210,KyleGilchrist_,KyleGilchrist_,kg,https://pbs.twimg.com/profile_images/1972172647443116032/pVJRhfX2_normal.jpg
856423651138310145,londonariaxo,londonariaxo,London 🩷,https://pbs.twimg.com/profile_images/1973350966683439104/aEi6XQpN_normal.jpg
2021877517968187392,sleepydraconian,sleepydraconian,Sleepy Draco,https://pbs.twimg.com/profile_images/2027524301835145220/PAn1fPl-_normal.jpg
1360147988,Darrell_Lloyd,Darrell_Lloyd,Darrell Lloyd ☮️,https://pbs.twimg.com/profile_images/702228735802499072/h1TTBy5Z_normal.jpg
33733789,InspiringZabka,InspiringZabka,Kristina,https://pbs.twimg.com/profile_images/2085067928093745152/269EPAb3_normal.jpg
284043153,Px_0Pressure,Px_0Pressure,℘rɛʂʂųrɛ💨,https://pbs.twimg.com/profile_images/1973441509488762881/NZvVvTiA_normal.jpg
314370114,daltonsutton,daltonsutton,Dalton Sutton,https://pbs.twimg.com/profile_images/2055513491499286528/BgvrS_Bt_normal.jpg
949121116823572480,BroGod4Life,BroGod4Life,Aaron Martin II,https://pbs.twimg.com/profile_images/2073401841077850112/JVsUwJ1H_normal.jpg
1592244580157739010,zach_florida,zach_florida,zach_florida,https://pbs.twimg.com/profile_images/1980979672436334592/OXY_YeBL_normal.jpg
1223016153880113155,Hellbil1,Hellbil1,Santos²🧵,https://pbs.twimg.com/profile_images/2087356287314968576/H6t02U0x_normal.jpg
52365790,MichelleMid,MichelleMid,Michelle ♈️,https://pbs.twimg.com/profile_images/1992326370920128512/W19rUFt6_normal.jpg
1990323390155235328,PigWalker3288,PigWalker3288,PigWalker,https://abs.twimg.com/sticky/default_profile_images/default_profile_normal.png
129982039,ShayButterrr,ShayButterrr,Tori,https://pbs.twimg.com/profile_images/1806609249285320704/w11MSD5T_normal.jpg
849303654645587968,Bapt021,Bapt021,Nornix,https://pbs.twimg.com/profile_images/1313547709538881537/R4oE-RgF_normal.jpg
363370218,thelovelyMC,thelovelyMC,mamamoo,https://pbs.twimg.com/profile_images/1984707749209673728/iT16xLpc_normal.jpg
1476804893356744709,___Terrance___,___Terrance___,___Terrance___,https://pbs.twimg.com/profile_images/2040909141477117952/68vpW4ez_normal.jpg
1442710848741457923,candessantucho,candessantucho,candela,https://pbs.twimg.com/profile_images/2074675535305740288/GrG1rvjG_normal.jpg
1433587698,K_Trel35,K_Trel35,Kentrel Welcome,https://pbs.twimg.com/profile_images/1931906922082623489/RUIleLdM_normal.jpg
850294217414918144,reverseVendell,reverseVendell,HΣV€Я II #WeAreNAFO 🇺🇦,https://pbs.twimg.com/profile_images/1970364387681779712/90vF_s8s_normal.jpg
1432184789793185793,electric_75,electric_75,LBT Electric Dino 75,https://pbs.twimg.com/profile_images/1493364172821778434/vtD5Vv73_normal.jpg
1120030654484373506,Al_breezy949,Al_breezy949,The main character,https://pbs.twimg.com/profile_images/2055727787911045121/_JG4gL1Y_normal.jpg
451013527,CoyoteInTheHat,CoyoteInTheHat,COYOTE,https://pbs.twimg.com/profile_images/2040660313524322304/AI0vszoo_normal.jpg
127141772,Ransu90,Ransu90,Ransu90,https://pbs.twimg.com/profile_images/1927855564362547200/PF5lV3YK_normal.jpg
169551350,Candiceskywalkr,Candiceskywalkr,Candice Skywalker,https://pbs.twimg.com/profile_images/1194898495418896389/GSr_yayd_normal.jpg
1345879784358891521,MUSICANDBUILDS,MUSICANDBUILDS,MUSICANDBUILDS,https://pbs.twimg.com/profile_images/2088245027105333248/ppOnVoxl_normal.jpg
42559022,LopezRossell,LopezRossell,ArturoLopezRossell,https://pbs.twimg.com/profile_images/2012944899910283264/uoS40NfE_normal.jpg
1255420310322585601,skywatcherxo,skywatcherxo,sky🩵,https://pbs.twimg.com/profile_images/2053446534792916993/MkikY-qh_normal.jpg
1431578429128855554,manila21tokyo,manila21tokyo,Manila Tokyo,https://pbs.twimg.com/profile_images/1573279254770745345/N_HzJNpM_normal.jpg
456161896,Osirisdleon,Osirisdleon,Osiris de León,https://pbs.twimg.com/profile_images/1985191143433224192/LbBtVo6J_normal.jpg
1675581071218421760,AlphaCygniStar,AlphaCygniStar,Muller Brigitte,https://abs.twimg.com/sticky/default_profile_images/default_profile_normal.png
726157473103536128,jmonyaa,jmonyaa,𝓳𝓪𝓫𝓻𝓮𝓮 ᰔᩚ,https://pbs.twimg.com/profile_images/2076070921840844800/yvqpLyMp_normal.jpg
1495526381085675529,Meathiladool,Meathiladool,Céline 🤙🏻,https://pbs.twimg.com/profile_images/2085064492845608961/NQC4m8yg_normal.jpg
1532922804563324928,DaMarv14,DaMarv14,LitBoi,https://pbs.twimg.com/profile_images/1532922874239102978/PYH8tHUt_normal.jpg
1437222190647324678,NikhilNFL,NikhilNFL,NF,https://pbs.twimg.com/profile_images/1437222724024274946/5Ywy2Iuy_normal.jpg
1715792531294720000,ClaudiaMen99812,ClaudiaMen99812,We The People,https://pbs.twimg.com/profile_images/1782970486453862400/ocsSVtYd_normal.jpg
1781294325822902272,justventing2424,justventing2424,Gone Girl,https://pbs.twimg.com/profile_images/1884225493630701568/lQe_5cIz_normal.jpg
1001924306639769600,szaorak,szaorak,jurídico taylor russell and ayo edebiri,https://pbs.twimg.com/profile_images/2077970982250151936/5hXowQ5Q_normal.jpg
3169069519,Maliahxo_,Maliahxo_,M A L I A H $,https://pbs.twimg.com/profile_images/1857488023199555584/HcnxP2PH_normal.jpg
133039721,rhodethv,rhodethv,Giselle°｡ 非,https://pbs.twimg.com/profile_images/1756842685401374720/c0678p2B_normal.jpg
952646289514225664,CrossCourtHeath,CrossCourtHeath,Heath G,https://pbs.twimg.com/profile_images/1672503420475826176/wWwYK7t3_normal.jpg
318672766,eletricoafe,eletricoafe,caior,https://pbs.twimg.com/profile_images/2047067262281019392/k1RFhUTa_normal.jpg
17911160,odcusa,odcusa,SON HOUSE,https://pbs.twimg.com/profile_images/1943114888693399553/xO92QPBl_normal.jpg
275276082,Thomas1774Paine,Thomas1774Paine,Thomas1774Paine,https://pbs.twimg.com/profile_images/1016483322166251520/DlxvQ1e5_normal.jpg
283229568,DeWenDAmsterdam,DeWenDAmsterdam,Wendy de Bakker,https://pbs.twimg.com/profile_images/719800476104007680/cKQileTr_normal.jpg
2538322138,PicturesFoIder,PicturesFoIder,PicturesFoIder,https://pbs.twimg.com/profile_images/989513875124117504/UNMIb20k_normal.jpg
1204122478101970945,waypastcoolkid,waypastcoolkid,A Finger Wag & A Smirk! ☝️😏,https://pbs.twimg.com/profile_images/2072531066683101184/Lf3Wg5B0_normal.jpg
4793997588,DTVANews,DTVANews,DTVANews,https://pbs.twimg.com/profile_images/2006222305538494464/eczWZiT6_normal.jpg
1526676538581729281,CurttiMagurtti,CurttiMagurtti,Rue’s Last Fix,https://pbs.twimg.com/profile_images/2082001360975777792/9aMWwArG_normal.jpg
1592893665197772801,hotmomshttt,hotmomshttt,.,https://pbs.twimg.com/profile_images/1915415155657314304/bQFHM6RM_normal.jpg
46353958,paco8922,paco8922,Francisco,https://pbs.twimg.com/profile_images/1660131859550937088/aaFol5y2_normal.jpg
1937860968,emeraudepeixes,emeraudepeixes,Scorned by Sissycock,https://pbs.twimg.com/profile_images/1837256953573109760/EYvPVQVO_normal.jpg
842558553424642050,AdmiralCrunchy,AdmiralCrunchy,⚓🇺🇸ADMIRALCRUNCHY🇲🇽⚓,https://pbs.twimg.com/profile_images/1746325307332976640/OoWjla8g_normal.jpg
1164643545208127488,Hoeser88,Hoeser88,Hoeser88,https://pbs.twimg.com/profile_images/1721893691063959552/3tEegIeg_normal.jpg
1310965052787363844,gallifreyfilmz,gallifreyfilmz,gallifreyfilmz,https://pbs.twimg.com/profile_images/2083717251031527424/5pxzexGI_normal.jpg
921697693000458242,ShaniiQueen_,ShaniiQueen_,SHAN.🦄🦋,https://pbs.twimg.com/profile_images/1649102346599776273/otUi_Cr__normal.jpg
1759882675102597120,Moneyoverux3,Moneyoverux3,peoples choice,https://pbs.twimg.com/profile_images/1995134984206913538/FtVE-vpP_normal.jpg
1078163875604787200,News24Korea,News24Korea,crazy civil engineer,https://pbs.twimg.com/profile_images/2086751429986041856/JSTPt1Mx_normal.jpg
1723015838834311168,LeonForAll,LeonForAll,Leon ☁️ kh4 waiting room,https://pbs.twimg.com/profile_images/2088781088399519745/UtfqFsnP_normal.jpg
758175062000304132,sikknat,sikknat,nat🕊️,https://pbs.twimg.com/profile_images/2087340909645967360/gCiqCZgh_normal.jpg
992983210358341632,Patriot_Party01,Patriot_Party01,Derick T,https://pbs.twimg.com/profile_images/1287414632722964482/4VWMbvD5_normal.jpg
1440169285,MissyStephx,MissyStephx,Steph ★✩*🦋,https://pbs.twimg.com/profile_images/2087780471362961408/Nb_32-Wj_normal.jpg
1340130492264267776,34kInferno,34kInferno,Zak,https://pbs.twimg.com/profile_images/2075320608678920192/RZ19FGCn_normal.jpg
1760911727921602560,DrGo111568,DrGo111568,Fan_28dr,https://pbs.twimg.com/profile_images/2066922110639820800/Qh4olS1l_normal.jpg
67248717,MyMaximus,MyMaximus,mymaximus ⚜️,https://pbs.twimg.com/profile_images/1887677633225220096/IG_5fybh_normal.jpg
485644333,MorningLiveSABC,MorningLiveSABC,SABCNews_MorningLive,https://pbs.twimg.com/profile_images/2008775789580288000/tMiOghZU_normal.jpg
1364793578359197700,Markleedumbfri1,Markleedumbfri1,Random67,https://pbs.twimg.com/profile_images/2070375127326638080/ObOKBBmr_normal.jpg
992588178824417281,FlareVortex_,FlareVortex_,Flare 🎨 Comms OPEN! | KH4 IS REAL,https://pbs.twimg.com/profile_images/2070724757616762880/VJc-TAyD_normal.jpg
1124889927639011330,Lincinatorr,Lincinatorr,Lincinatorr,https://pbs.twimg.com/profile_images/2063078230521999360/Eh416sAR_normal.jpg
1873799804171452416,Hassi3m,Hassi3m,Hassiem,https://pbs.twimg.com/profile_images/2061627501269426176/xhWEhzq7_normal.jpg
380801047,xjudeaux,xjudeaux,judo,https://pbs.twimg.com/profile_images/2085800523278512128/xsM5e_tn_normal.jpg
1023637037037973504,electrasoulx,electrasoulx,Mia,https://pbs.twimg.com/profile_images/2085236590482481152/h3yEACZD_normal.jpg
1062499251706650624,__Dcoda,__Dcoda,The Emotional Alchemist,https://pbs.twimg.com/profile_images/2087359289098665984/HYaXIuBp_normal.jpg
887452140,LundanF,LundanF,PrettyinBluee🦋,https://pbs.twimg.com/profile_images/2089019998840725504/LG-3yAKS_normal.jpg
267496194,glowsharra,glowsharra,sharr💋,https://pbs.twimg.com/profile_images/2029433311236329472/H2sCq8oF_normal.jpg
852186912,Theprincessk__,Theprincessk__,Princesa,https://pbs.twimg.com/profile_images/2086320023824441344/nShaG1b8_normal.jpg
1181234477865066497,jeongyrodrigo,jeongyrodrigo,luna ˚₊‧꒰ა❤︎໒꒱ ‧₊,https://pbs.twimg.com/profile_images/2083707190003576832/5pQpQAcr_normal.jpg
1119087828548210689,A_LEXSuplex,A_LEXSuplex,Lex,https://pbs.twimg.com/profile_images/2067754114893664256/4gNpCmWM_normal.jpg
2014278763325124609,LRahimi_LR,LRahimi_LR,Leila Rahimi,https://pbs.twimg.com/profile_images/2068951747650064384/czldzMES_normal.jpg
602504175,EllenKaroline1,EllenKaroline1,Ellen Karoline🌵🌵🌵💓💓,https://pbs.twimg.com/profile_images/1194427618923290625/YBEor5A7_normal.jpg
1378888303408254978,TailsTheFluffy,TailsTheFluffy,Tails 🎣🎨,https://pbs.twimg.com/profile_images/1839055717279428608/NG_KTfmQ_normal.jpg
543279749,yMariCoco,yMariCoco,Maria,https://pbs.twimg.com/profile_images/1336210293341515778/mBlVFE0p_normal.jpg
62574329,TtheMonalisa,TtheMonalisa,Monalisa,https://pbs.twimg.com/profile_images/1995709128296083456/J9-Goyiv_normal.jpg
1107858549131145216,almanaquedisney,almanaquedisney,AD,https://pbs.twimg.com/profile_images/1304448972078100483/Ybol_Tjk_normal.jpg
743454864642965505,dream0sequence,dream0sequence,.,https://pbs.twimg.com/profile_images/2060685968173395968/FQPqBPAb_normal.jpg
2461361866,Old_McFarmer,Old_McFarmer,Shadow 🐺,https://pbs.twimg.com/profile_images/1892233018497990656/s9RxySqp_normal.jpg
775181431,_Donnell,_Donnell,Donnell♚,https://pbs.twimg.com/profile_images/1884860759802331137/DOuCKilz_normal.jpg
1162062264620453888,addah_m,addah_m,addah🦦,https://pbs.twimg.com/profile_images/2066955036609908736/pyqnwhKw_normal.jpg
586273305,PhilSama_,PhilSama_,Armand Purnell 🫣,https://pbs.twimg.com/profile_images/1923132190952660992/9pntrmTd_normal.jpg
4520605760,eclaircie09,eclaircie09,Rach,https://pbs.twimg.com/profile_images/1191431459191476224/I-eJ-N03_normal.jpg
1438867526885249031,slasherthrills,slasherthrills,LLT 💜 ミ☆,https://pbs.twimg.com/profile_images/2088932247596302336/6LkdNhI__normal.jpg
1727158490412539904,_luvlydee,_luvlydee,BabyyDee💕💕,https://pbs.twimg.com/profile_images/2066690967894159360/O7za_Ijv_normal.jpg
1118090206459068417,lilacskiwis,lilacskiwis,✿lilacdani✿⁷🪩HEARD GO GO LIVE💛,https://pbs.twimg.com/profile_images/2027053815166369792/yqX8u24I_normal.jpg
1472973320538800128,G0tus,G0tus,Gotus,https://pbs.twimg.com/profile_images/1530564837943693312/yarOfFtN_normal.jpg
1386495199761866752,hava_ku,hava_ku,Just just ku hava swinwani,https://abs.twimg.com/sticky/default_profile_images/default_profile_normal.png
711395361177214977,potheadsession,potheadsession,Cannabis Sativa 🇺🇸 🇺🇸 🇺🇸,https://pbs.twimg.com/profile_images/1935432414551068672/Zem8T-Py_normal.jpg
2464470806,LuxandraV,LuxandraV,LuxandraV,https://pbs.twimg.com/profile_images/1583641462410985473/iY-IY2Ve_normal.jpg
1940554900196249600,cheetahgurl981,cheetahgurl981,k,https://pbs.twimg.com/profile_images/2047814089012056064/frRzGjkD_normal.jpg
789134837978390528,V94Valerio,V94Valerio,Valerio Venturi (George Soros Stan account),https://pbs.twimg.com/profile_images/1762187415748227072/qFp9zhrJ_normal.jpg
1572232969,naven0m,naven0m,NV,https://pbs.twimg.com/profile_images/2072664796659408896/Cua8Usin_normal.jpg
1441426638231773185,Philoso35485596,Philoso35485596,Philosopher King,https://pbs.twimg.com/profile_images/1441426695681085443/IAVI_P1L_normal.png
1354485889821368322,dejamarrrie,dejamarrrie,janet jackson’s tiddy,https://pbs.twimg.com/profile_images/1772358028748275712/GZBvg3R-_normal.jpg
3554939899,beanne123,beanne123,Jeanette,https://pbs.twimg.com/profile_images/1060042381779554307/8S1A8mYA_normal.jpg
1499151500,sweetgoth1,sweetgoth1,sweetgothbftv,https://pbs.twimg.com/profile_images/1759986037852389376/dIpfj603_normal.jpg
1175637685454757888,teetheimpaler,teetheimpaler,𝖍𝖊𝖑𝖑𝖘𝖎𝖓𝖌 ⛓️🩸,https://pbs.twimg.com/profile_images/2072152698313494528/RyRqs9K2_normal.jpg
1284179921028485121,starlord100001,starlord100001,reagan,https://pbs.twimg.com/profile_images/1943059532793446400/7uEha0wF_normal.jpg
1932509463778635776,0613_ali,0613_ali,joof enthusiast 🦷,https://pbs.twimg.com/profile_images/2086197709308911616/qz6TuAXf_normal.jpg
1212952738478215168,GiMartinsReal,GiMartinsReal,"President Giovanni - It's Britney, BEACH🌹🌼",https://pbs.twimg.com/profile_images/1938263457083641856/E-JoX3qo_normal.jpg
1453868521843273728,thatblinger,thatblinger,lydia 🎀,https://pbs.twimg.com/profile_images/2087907346106191872/oQ9a3r-Q_normal.jpg
2856054824,classicniko1,classicniko1,Nikolas,https://pbs.twimg.com/profile_images/1186765030890434560/I4ApDfGP_normal.jpg
1789463534881128449,NoirChvp,NoirChvp,WillZ,https://pbs.twimg.com/profile_images/2066340730365440000/5aeyuPBo_normal.jpg
1567556210802434049,btwiamgabs,btwiamgabs,gabs,https://pbs.twimg.com/profile_images/1570103976799920128/Xeeu7BJm_normal.jpg
2850808259,Cuervomatrioca,Cuervomatrioca,Ha-joon🌱,https://pbs.twimg.com/profile_images/1434651504657371139/3-I9rDEo_normal.jpg
1089725859664220160,Foxbait2,Foxbait2,🌲Tsukimi Miss Tribal!🌲,https://pbs.twimg.com/profile_images/2024472982165344256/AYpQAxFE_normal.jpg
417828284,Xaendr24Olivera,Xaendr24Olivera,🎮 𝓧𝓪𝓮𝓷𝓭𝓻 📖,https://pbs.twimg.com/profile_images/1841902088076345344/Z8bkZy1F_normal.jpg
1554818451952336896,b3solid,b3solid,viki is in another dimension,https://pbs.twimg.com/profile_images/2085365279438053377/oITl5-C5_normal.jpg
1063505193248141313,Zacfialover,Zacfialover,𝑰𝒔𝒂𝒇𝒓𝒐𝒏 🩷💚,https://pbs.twimg.com/profile_images/2086707861040541696/qRvsyWOy_normal.jpg
437491668,gmk94922,gmk94922,骨葬骨葬,https://pbs.twimg.com/profile_images/1362363501734322178/4RsfSL9A_normal.jpg
32437091,UltimateMayhemX,UltimateMayhemX,Ultimate Mayhem,https://pbs.twimg.com/profile_images/1564321909273247745/2oiGeidT_normal.jpg
2628214214,K9Silent,K9Silent,Silent,https://pbs.twimg.com/profile_images/2055462335217582080/JSCK1mjO_normal.jpg
243812677,irdgafshea__,irdgafshea__,dahdah 💕,https://pbs.twimg.com/profile_images/2033749050500001793/BGHp0o3t_normal.jpg
1973266845386801153,hauntedhughliz,hauntedhughliz,lexi😛,https://pbs.twimg.com/profile_images/2041298733715824640/zXUC9Xeo_normal.jpg
1816445515459866624,GUMCUZZL3R,GUMCUZZL3R,baby grimm,https://pbs.twimg.com/profile_images/2060411324400635908/AQQflTcR_normal.jpg
1446174434121814024,Fernandamzza,Fernandamzza,Fer,https://pbs.twimg.com/profile_images/1976495690403692544/q_CA8hHl_normal.jpg
1805669495123345408,VampyBlessed,VampyBlessed,🩸ℭ𝔢𝔡𝔯𝔦𝔠𝔨 𝔄𝔫𝔞𝔯𝔠𝔥🩸セドリック・アナーク,https://pbs.twimg.com/profile_images/2085389074651648000/E9Yf5ann_normal.jpg
1558249149421731841,Scream_News_,Scream_News_,Scream_News_,https://pbs.twimg.com/profile_images/2089193190012096512/i96jcx6R_normal.jpg
1577702211676692483,ALecette__,ALecette__,Lecette__,https://pbs.twimg.com/profile_images/1926434040984268800/uTrPfJ6Q_normal.jpg
1463759883258322952,sadfuego,sadfuego,pluto/cielo,https://pbs.twimg.com/profile_images/2082867692474957824/EQDk7vOw_normal.jpg
1581056789898035200,gbanchn,gbanchn,mariana,https://pbs.twimg.com/profile_images/1773286960477454336/XkvAakLy_normal.jpg
813103639069884416,miamijpg,miamijpg,777🦇,https://pbs.twimg.com/profile_images/1983643655345688576/jx2KcldC_normal.jpg
1897723130178605056,Truly_richh,Truly_richh,Richard Aguilera,https://pbs.twimg.com/profile_images/1977775908229398528/jKLGX-VQ_normal.jpg
3476784073,_angelinayoung_,_angelinayoung_,Angelina Young,https://pbs.twimg.com/profile_images/1971601532119404544/Nx3c7eoS_normal.jpg
1096553891943071744,geokonic,geokonic,geokonic,https://pbs.twimg.com/profile_images/1152022077081292800/hcy8LLxO_normal.jpg
1869049082502590464,LiamBehan180443,LiamBehan180443,Liam Behan,https://pbs.twimg.com/profile_images/2037871642622504960/40UJDEl1_normal.jpg
43077286,poppytoes,poppytoes,Lynn Campbell,https://pbs.twimg.com/profile_images/235992506/lav-lynn-twittercrop_normal.jpg
879802401745711105,Jonathaanok,Jonathaanok,J en 𝕏,https://pbs.twimg.com/profile_images/1776867131478450176/euDrtWaC_normal.jpg
3277826486,Daniitheedon,Daniitheedon,Dani💋,https://pbs.twimg.com/profile_images/2028908547069652992/2m1R7_yw_normal.jpg
1593473984963674116,AprilDawnX73,AprilDawnX73,AprilDawnX73,https://pbs.twimg.com/profile_images/2049910253722984448/IlVar8Uf_normal.jpg
1312302974002135040,IntelPointAlert,IntelPointAlert,IntelPointAlert,https://pbs.twimg.com/profile_images/1631116768444915713/out3ohKx_normal.jpg
1101604825400131584,Donna_gm7,Donna_gm7,donna VÍO A BTS⁷/⊙⊝⊜,https://pbs.twimg.com/profile_images/2067164939140390912/03kEmde8_normal.jpg
177506308,iamabba_ahmed,iamabba_ahmed,👁‍🗨♠️Abba,https://pbs.twimg.com/profile_images/1700154974850691072/SMLzCXOD_normal.jpg
1886429303425904640,tulipsluvrr,tulipsluvrr,Niya ₊✩‧₊˚౨ৎ˚₊✩‧₊,https://pbs.twimg.com/profile_images/2062774338852466688/hywXtmAj_normal.jpg
3405858994,femcatlady,femcatlady,keke brown,https://pbs.twimg.com/profile_images/1345835724080349186/IX3UqNEU_normal.jpg
448590097,BizzMacc,BizzMacc,Bizz Macc,https://pbs.twimg.com/profile_images/510582750554771456/o6lx3HWv_normal.jpeg
1549103615389974532,titledsloth,titledsloth,sloth 🌟🇬🇭,https://pbs.twimg.com/profile_images/2002222812254384128/zAi794gB_normal.jpg
1645919978024218625,Nicolaluv1985,Nicolaluv1985,Nicola luv,https://pbs.twimg.com/profile_images/1874610807951986688/L6ODndxf_normal.jpg
1937259126188290048,c0unting4ls_,c0unting4ls_,Li Dollanganger 🩷,https://pbs.twimg.com/profile_images/2075748149210075137/VYAn9PGo_normal.jpg
1256313094122409985,PanamsPookie,PanamsPookie,PanamsPookie,https://pbs.twimg.com/profile_images/2087952590784933888/pokf8dHT_normal.jpg
105913584,JassonTesla,JassonTesla,JASSON TESLA,https://pbs.twimg.com/profile_images/2087878397649178624/mWn9icJA_normal.jpg
1879970952391667712,lunarystrife,lunarystrife,ari ᯓ★,https://pbs.twimg.com/profile_images/2086238600337747968/4mfmvufr_normal.jpg
885974349483843584,JoelV218,JoelV218,Joel Villagra,https://pbs.twimg.com/profile_images/1055737684197588993/A74ccZtb_normal.jpg
161117674,TheKharacter,TheKharacter,K ✨,https://pbs.twimg.com/profile_images/1561872254845259777/8hrHRfd9_normal.jpg
406247820,LutandoNkwaba,LutandoNkwaba,Man Like Uncle LU,https://pbs.twimg.com/profile_images/744585886168289285/uBL5ygk__normal.jpg
2023898610954354688,MuvaLuvaLuva,MuvaLuvaLuva,Luna Lovegood 🦴✨,https://pbs.twimg.com/profile_images/2080644454277320705/Ba4EmcH4_normal.jpg
95137387,anaykashe,anaykashe,anaykashe,https://pbs.twimg.com/profile_images/2085271521799327744/NDbM1_d-_normal.jpg
1660424766103093250,madshealyy,madshealyy,mads ⎕,https://pbs.twimg.com/profile_images/2048178334467850240/1jyzGMUV_normal.jpg
988241918260858880,Ellewoodscopy,Ellewoodscopy,ellewoods,https://pbs.twimg.com/profile_images/1886956661660700672/87S1IuIm_normal.jpg
3759715163,siphumelele_om,siphumelele_om,we are in hell,https://pbs.twimg.com/profile_images/2070113308602945536/HZN3ciGs_normal.jpg
1678116809562546177,santalisson_,santalisson_,infrunami,https://pbs.twimg.com/profile_images/2008331114700574720/I2tPjgrm_normal.jpg
1373757540207583232,Yoshubabie1235,Yoshubabie1235,Jamie,https://pbs.twimg.com/profile_images/1373757876557262851/X3Y18OnR_normal.jpg
1269447656906149889,jindynasty_,jindynasty_,Chelle,https://pbs.twimg.com/profile_images/1598295880657997824/jB0REb_B_normal.jpg
300481857,DatNewJalen,DatNewJalen,Moon Man,https://pbs.twimg.com/profile_images/1517053754507415556/scC5pwRh_normal.jpg
2913038191,Joecoolgreaser,Joecoolgreaser,Joecool The Greaser,https://pbs.twimg.com/profile_images/1868847751053623296/Soz3NUGN_normal.jpg
1378080674876379137,NickLSmart1,NickLSmart1,Nick L. Smart,https://pbs.twimg.com/profile_images/1892111359627636736/1iM_bHnI_normal.jpg
485279416,29papichulo,29papichulo,gabe 🚀,https://pbs.twimg.com/profile_images/1354506252454416384/Qj8gI60K_normal.jpg
1040524761804222464,mervecn20,mervecn20,Matilda,https://pbs.twimg.com/profile_images/2082305659148615680/GlWkIPHn_normal.jpg
1678291255804194821,God_RedForest,God_RedForest,🇺🇸🦅,https://pbs.twimg.com/profile_images/1859706184623906816/VKJ1OZBX_normal.jpg
1879352763056099328,Tentanda_Incong,Tentanda_Incong,Hoss 🇮🇷🇺🇸,https://pbs.twimg.com/profile_images/2042323186675744768/lp4Ba4kr_normal.jpg
1880554264625565696,Dutchisbacklol,Dutchisbacklol,Dutch,https://pbs.twimg.com/profile_images/1883020205950980096/stp0s3S8_normal.jpg
1823050517532311552,envampz_,envampz_,aaron - football and bnd pilled,https://pbs.twimg.com/profile_images/2083292553974263808/-IqJaJ1n_normal.jpg
1011101503841501184,theonly1aa,theonly1aa,anna.,https://pbs.twimg.com/profile_images/1966533473545404416/bCbR_ypF_normal.jpg
1688045985597923328,CinnamonFizz,CinnamonFizz,🎨Cinnamon Queen🎨 - Splatoon Raiders Hype!🏝,https://pbs.twimg.com/profile_images/2078751852007481344/y_BIRk5q_normal.jpg
2081425111463202816,NewBeign,NewBeign,NewBeign,https://abs.twimg.com/sticky/default_profile_images/default_profile_normal.png
1314702685950615555,SpyroNightFury,SpyroNightFury,Spyro the Night Fury,https://pbs.twimg.com/profile_images/1315971342710251520/0MKew31j_normal.jpg
751770110,liveloveLASHAE_,liveloveLASHAE_,blue.,https://pbs.twimg.com/profile_images/1673003210787676162/0AR0VEvZ_normal.jpg
321640812,lifeaslaaaa,lifeaslaaaa,lover .. 🫶🏿,https://pbs.twimg.com/profile_images/1655080884091879424/bfG2Jpai_normal.jpg
1584658062027227136,Flcnard5,Flcnard5,Fclnrd,https://pbs.twimg.com/profile_images/2079667208989327360/lalleE8l_normal.jpg
776684468182540288,VeronikaJade,VeronikaJade,veronika jade 🔞,https://pbs.twimg.com/profile_images/2024297125098524672/ZXI73zZh_normal.jpg
1944323923283238912,N55847Phdk,N55847Phdk,พดก นย,https://pbs.twimg.com/profile_images/2070801520359264256/V3wTROFW_normal.jpg
187836067,ochreblue,ochreblue,💧ochreblue (also on BlueSky),https://pbs.twimg.com/profile_images/735372822558724096/YxWB9buU_normal.jpg
88339098,broadwaybabyto,broadwaybabyto,broadwaybabyto,https://pbs.twimg.com/profile_images/1758334762584829952/47F-Ntnb_normal.jpg
1604961849140826122,xotee08,xotee08,t,https://pbs.twimg.com/profile_images/2031474062992556032/p8IvmOCF_normal.jpg
1697035448730664960,joacogar3,joacogar3,Joacog,https://pbs.twimg.com/profile_images/1915875641288708096/BPy6IivP_normal.jpg
1479211584509595652,icyspiderman,icyspiderman,David,https://pbs.twimg.com/profile_images/2088817724482887680/AdA2xgaD_normal.jpg
1397673318677897219,sorceressnath,sorceressnath,nathi | la senkun mexicana,https://pbs.twimg.com/profile_images/2073064626141396992/LondsJn9_normal.jpg
1287574517800460288,Fantasiaa6,Fantasiaa6,Fanny💕,https://pbs.twimg.com/profile_images/1649296004565417987/EEAPamC9_normal.jpg
812356686178459648,M96851150Robert,M96851150Robert,Robert Matthews,https://abs.twimg.com/sticky/default_profile_images/default_profile_normal.png
83457749,champagnemaiii,champagnemaiii,baby m,https://pbs.twimg.com/profile_images/2065273067929288704/x8sVxVvU_normal.jpg
1205289521639645184,resipunk,resipunk,Ashe 🏳️‍🌈🇨🇦❤️‍🔥|Vanessa Kirby fan era,https://pbs.twimg.com/profile_images/1965232493638107136/F5RxPTt3_normal.jpg
287840217,Gnargl3ator,Gnargl3ator,Gnargl3ator,https://pbs.twimg.com/profile_images/2025250242111963136/Fj-Xp20V_normal.jpg
1119534595823800320,Kat82131855,Kat82131855,Dallie is coming/Allie cat/ Mertes/Brinity era /🪸,https://pbs.twimg.com/profile_images/2083360353472159744/bb5M2_qS_normal.jpg
180334465,Jenneel4Life,Jenneel4Life,Marie (AcklesAddict) 🦋,https://pbs.twimg.com/profile_images/2076239833043775488/3BpqeKqe_normal.jpg
1193956381965062146,GattoNerostyle,GattoNerostyle,Navi18 🏳️‍⚧️ (KPDH arc🔥/Guilty Gear arc🔥),https://pbs.twimg.com/profile_images/2079641877519753217/qGyh_QjT_normal.jpg
112873119,thegabeTTU,thegabeTTU,Gabriel Erik Salazar Ŧ 👆🏽💪🏽🏴‍☠️🔥😎🌵🤠,https://pbs.twimg.com/profile_images/2064527525770895360/YULcioqX_normal.jpg
321567239,ZariaKaay,ZariaKaay,Z🤎,https://pbs.twimg.com/profile_images/2070831607540260864/fmjEM5s6_normal.jpg
806554101635043328,1500gecs,1500gecs,cami,https://pbs.twimg.com/profile_images/2072789925573939200/_VCo0IwD_normal.jpg
2053120527087095811,RozXArchitect,RozXArchitect,Roz🦋,https://pbs.twimg.com/profile_images/2088081679084875776/fSWnHYjX_normal.jpg
1163731782,_kingstevie,_kingstevie,stevie,https://pbs.twimg.com/profile_images/2080355660261167104/06Wq8nUw_normal.jpg
236299992,PipaBarquero,PipaBarquero,Diego Barquero,https://pbs.twimg.com/profile_images/564452443644514304/vr78QLMI_normal.jpeg
1327553379518869505,NotBGeneus,NotBGeneus,⸆⸉ ready to hurt again #titanup ⁷,https://pbs.twimg.com/profile_images/2088109649023078400/PSXSiOTZ_normal.jpg
1900942723336503296,ScarfyX_X,ScarfyX_X,Scarfy (~X _ X~),https://pbs.twimg.com/profile_images/2081559721035583488/Nm4dBfQY_normal.jpg
1252387824,itsmearmanii,itsmearmanii,Armani 🇮🇷 🇺🇸,https://pbs.twimg.com/profile_images/2011502597610618883/HDVIyZ6O_normal.jpg
1687282135063748608,punkrockl0ser,punkrockl0ser,ego death at a mesquita party,https://pbs.twimg.com/profile_images/2074686707102810112/kbGh_YOr_normal.jpg
2441807808,KNTRYKIRBS,KNTRYKIRBS,KNTRYKIRBS,https://pbs.twimg.com/profile_images/2089194118198984704/zWRq4hGA_normal.jpg
3308016117,NativeBrony_91,NativeBrony_91,Wolfcolt “Wolf”🔜EFNW2026,https://pbs.twimg.com/profile_images/2076150860024053760/6m1mfsu4_normal.jpg
1617683725516414976,MatrixBlasterXL,MatrixBlasterXL,Clown World Neo,https://pbs.twimg.com/profile_images/1621371853301321728/pwb8Iau__normal.jpg
25386925,KylieJaneKremer,KylieJaneKremer,KylieJaneKremer,https://pbs.twimg.com/profile_images/1861131610613047296/-sKexw2y_normal.jpg
4719878245,EfrainGarciaJr7,EfrainGarciaJr7,Efrain Garcia Jr.,https://pbs.twimg.com/profile_images/684822658589003777/oBXPa4G9_normal.jpg
393700491,_VivaLaCole,_VivaLaCole,DASH,https://pbs.twimg.com/profile_images/2079228874458570752/TRPZdtaJ_normal.jpg
719980401087901696,ily2jadah,ily2jadah,jayd*,https://pbs.twimg.com/profile_images/2061503062959648768/2LilN8Z7_normal.jpg
29136760,ceyoncegiselle,ceyoncegiselle,l,https://pbs.twimg.com/profile_images/1745260365326209024/V_KfEO_t_normal.jpg
2984991731,yaahynea,yaahynea,Yaya,https://pbs.twimg.com/profile_images/1751033781287354368/-s9PX26z_normal.jpg
1334937351760605187,Fred_ohthatgirl,Fred_ohthatgirl,slimmaz,https://pbs.twimg.com/profile_images/1418813564144476170/2sm75WLQ_normal.jpg
1266135007258607618,adoreewoo_,adoreewoo_,adoreewoo_,https://pbs.twimg.com/profile_images/2077414261282738176/Nk3gcXTo_normal.jpg
1558064613886795777,KhayrinQistina3,KhayrinQistina3,Khayrin | writing a story 🇲🇾🇵🇸🍉🎮📚📖✍,https://pbs.twimg.com/profile_images/2021084092973105152/6hGLQbwq_normal.jpg
1570888312843378692,BM_A_100,BM_A_100,BM_A_100,https://pbs.twimg.com/profile_images/1570888487758331907/O3iko-Ls_normal.jpg
115917675,polar_miner,polar_miner,ディエル🍉,https://pbs.twimg.com/profile_images/2056562217462718464/51YDb6ug_normal.jpg
1195832837930409984,NamJoonie7BTS,NamJoonie7BTS,KitKat⁷,https://pbs.twimg.com/profile_images/2062333917076602880/ynmeHICd_normal.jpg
1018988229482119169,devilwearsf3ndi,devilwearsf3ndi,big sister general,https://pbs.twimg.com/profile_images/2079362630850949120/nEAhxI0g_normal.jpg
1454315514294005763,TerryCrain9,TerryCrain9,Terry Crain,https://pbs.twimg.com/profile_images/1454315602684776451/s9GtpwGZ_normal.png
1061074424,Seeayeareell_,Seeayeareell_,🚣🏽‍♂️,https://pbs.twimg.com/profile_images/2087728216693731328/4hdYHnSX_normal.jpg
24621668,abhinavjain87,abhinavjain87,The Paladin Journal,https://pbs.twimg.com/profile_images/1513378177477152769/wgjjxNZx_normal.jpg
1372904443411378176,sammylovesttpd,sammylovesttpd,Joker let the moths in 💕,https://pbs.twimg.com/profile_images/2048289815746265089/Ma28_0zZ_normal.jpg
785448857194799104,Alexicerose0,Alexicerose0,Alex Rose,https://pbs.twimg.com/profile_images/1307082225398304770/_zPBLUKL_normal.jpg
1630696811202596866,spamcuzimaggy,spamcuzimaggy,Stassi Schroeders Attorney at Law,https://pbs.twimg.com/profile_images/2036015502045171712/jcBekGLB_normal.jpg
271672363,cjandherdolly,cjandherdolly,bro (homoerotically),https://pbs.twimg.com/profile_images/1532564107483697152/4XXmbgcv_normal.png
1557074647711195137,LaquandriaJ,LaquandriaJ,LaQuandria,https://pbs.twimg.com/profile_images/1941880972200251393/Xe1tAA2i_normal.jpg
548886483,LexStayTogether,LexStayTogether,L E X 🌸🧚🏽‍♀️🌙✨,https://pbs.twimg.com/profile_images/1982267082671640576/1K25whyg_normal.jpg
1903195788542648320,xavieeena,xavieeena,nina🤍 | KH4 waiting room,https://pbs.twimg.com/profile_images/2078261205786058752/7BXG2LPJ_normal.jpg
888041230629818368,MANNYORKE,MANNYORKE,MANNYORKE,https://pbs.twimg.com/profile_images/2010979232122273792/wdnWEazp_normal.jpg
1335770072,RetiredGyalis,RetiredGyalis,Bao - God Of Dumplings,https://pbs.twimg.com/profile_images/1725375636875685888/qqC5MS4N_normal.jpg
1359367927988965376,JDabz87,JDabz87,JDabz87,https://pbs.twimg.com/profile_images/2082219008925773824/kXYwD8PE_normal.jpg
298153018,KamoyJ,KamoyJ,Moyön™️,https://pbs.twimg.com/profile_images/1755711734877171712/p8ejT3IO_normal.jpg
58684991,appy2sasaki,appy2sasaki,Heidi Sasaki,https://pbs.twimg.com/profile_images/1859590865989373952/BtlbAnbR_normal.jpg
1018939427530293248,dreaminfilms,dreaminfilms,bee ꕤ 🇲🇽✨,https://pbs.twimg.com/profile_images/2087580851358027779/qjoPSAyF_normal.jpg
1443307819986563072,lindsayslung,lindsayslung,lindsayslung,https://pbs.twimg.com/profile_images/2012519294974763009/kiAXghFc_normal.jpg
1659056281552814082,knaexc,knaexc,ms.k❦,https://pbs.twimg.com/profile_images/2058248211450499073/RbF28sZK_normal.jpg
1021502318,Ser_meme,Ser_meme,꩜✮⌑ꇙ𝕖𝕣𝕖𝕟𝕖⌑𓃹⋆˚꩜｡≏⚖𖦹,https://pbs.twimg.com/profile_images/1741299367280078848/sKFSMtXP_normal.jpg
932786452739407872,screentime,screentime,screentime,https://pbs.twimg.com/profile_images/2008575442601562114/ufK7tLhg_normal.jpg
1529131704,PalaciosDenisse,PalaciosDenisse,Denisse Palacios ✨,https://pbs.twimg.com/profile_images/2073657642233282560/Pol00tHk_normal.jpg
1314336323126407168,keshayann,keshayann,shaniyah 🪽🪩🥂,https://pbs.twimg.com/profile_images/1911795504045846528/oykMjZKj_normal.jpg
1676112029877149697,BalazonNathan,BalazonNathan,EL NATHAN DELA BALAZON BAUTISTA (Still Streaming),https://pbs.twimg.com/profile_images/2087059734453174272/rffprcjB_normal.jpg
1675850503417200641,Sweetener__stan,Sweetener__stan,♡⋆˚｡ꕤ✨Jordyn✨ ꕤ｡˚⋆♡,https://pbs.twimg.com/profile_images/2081873972312866816/7ysvlIQD_normal.jpg
318195562,TamiaTysha,TamiaTysha,MIA🤍🦋,https://pbs.twimg.com/profile_images/2038079175949426689/eT0GwsZO_normal.jpg
1365860098053177345,iamBritel,iamBritel,Prin._.gle🇯🇲,https://pbs.twimg.com/profile_images/1380326620775464963/7C07S2sG_normal.jpg
1259107776846073856,_KayLovesMusic_,_KayLovesMusic_,Kaylee/Kai⋆｡°✩,https://pbs.twimg.com/profile_images/2072800638732300288/9qo-zUZo_normal.jpg
718599435513507842,SubtleNoises,SubtleNoises,SubtleNoises,https://pbs.twimg.com/profile_images/1980004952949829632/3OqTHIBa_normal.jpg
99630143,MardyMarvel,MardyMarvel,Franklin Saint-Laurent,https://pbs.twimg.com/profile_images/1819454243822047232/N9ubjsrA_normal.jpg
14470793,JamaicaObserver,JamaicaObserver,Jamaica Observer,https://pbs.twimg.com/profile_images/2008514383165472768/WzHUqOI8_normal.jpg
1733150103228030976,osakagauff,osakagauff,🇯🇲| ☆▷,https://pbs.twimg.com/profile_images/2082979540477894656/3xLLvM9t_normal.jpg
28240403,RFuryNews,RFuryNews,Katherine Barts,https://pbs.twimg.com/profile_images/2086514501667438592/7V--dhCn_normal.jpg
