Source,Target,Type,Weight,Interaction,post_id
1241033778329317376,582230335,Directed,1,MENTION,2089215970451857889
1241033778329317376,582230335,Directed,1,RETWEET,2089215970451857889
2047054922928005120,2806914710,Directed,1,MENTION,2089215969642332637
2047054922928005120,2806914710,Directed,1,RETWEET,2089215969642332637
809153154231238657,1246970002823172096,Directed,1,MENTION,2089215969298092335
809153154231238657,1246970002823172096,Directed,1,RETWEET,2089215969298092335
1468594331812769792,9451052,Directed,1,MENTION,2089215969264619536
1468594331812769792,9451052,Directed,1,RETWEET,2089215969264619536
1871452698593361923,264119038,Directed,1,MENTION,2089215969168425271
1871452698593361923,264119038,Directed,1,RETWEET,2089215969168425271
1072272064176885760,988949341028024320,Directed,1,MENTION,2089215969000301052
1072272064176885760,988949341028024320,Directed,1,RETWEET,2089215969000301052
360184824,14780915,Directed,1,MENTION,2089215968782254334
360184824,14780915,Directed,1,RETWEET,2089215968782254334
163625375,1320483313518321664,Directed,1,MENTION,2089215968463483253
163625375,1320483313518321664,Directed,1,RETWEET,2089215968463483253
164410319,1486473049146904576,Directed,1,MENTION,2089215967746499020
164410319,1486473049146904576,Directed,1,RETWEET,2089215967746499020
1697051037922930688,1316655254306394112,Directed,1,MENTION,2089215967712960623
1697051037922930688,1316655254306394112,Directed,1,RETWEET,2089215967712960623
1464043285941567490,1320483313518321664,Directed,1,MENTION,2089215967553278134
1464043285941567490,1320483313518321664,Directed,1,RETWEET,2089215967553278134
379141685,16331010,Directed,1,MENTION,2089215967243215211
379141685,16331010,Directed,1,RETWEET,2089215967243215211
1267857595647307776,264119038,Directed,1,MENTION,2089215966718685286
1267857595647307776,264119038,Directed,1,RETWEET,2089215966718685286
1068979713677426689,38469386,Directed,1,MENTION,2089215966274093183
1068979713677426689,38469386,Directed,1,RETWEET,2089215966274093183
1330132485477445633,1334293381938343937,Directed,1,MENTION,2089215966097924374
1330132485477445633,1334293381938343937,Directed,1,RETWEET,2089215966097924374
1140360857735565313,1550347852026724354,Directed,1,QUOTE,2089215965124813196
2655565837,1320483313518321664,Directed,1,MENTION,2089215965040955588
2655565837,1320483313518321664,Directed,1,RETWEET,2089215965040955588
911917921,1736076895882555392,Directed,1,MENTION,2089215965037015302
911917921,1736076895882555392,Directed,1,RETWEET,2089215965037015302
962192995998142465,16331010,Directed,1,MENTION,2089215964877320685
962192995998142465,16331010,Directed,1,RETWEET,2089215964877320685
1465543101259431939,1365486221204586496,Directed,1,MENTION,2089215964697027010
1465543101259431939,1365486221204586496,Directed,1,RETWEET,2089215964697027010
872816684,217438534,Directed,1,MENTION,2089215964651151508
872816684,217438534,Directed,1,RETWEET,2089215964651151508
46000418,1320483313518321664,Directed,1,MENTION,2089215964185264572
46000418,1320483313518321664,Directed,1,RETWEET,2089215964185264572
1936586957661913088,1320483313518321664,Directed,1,MENTION,2089215963988160899
1936586957661913088,1320483313518321664,Directed,1,RETWEET,2089215963988160899
298669470,15553222,Directed,1,MENTION,2089215963686224221
298669470,15553222,Directed,1,RETWEET,2089215963686224221
879043915613163520,264464195,Directed,1,MENTION,2089215963501654479
879043915613163520,264464195,Directed,1,RETWEET,2089215963501654479
1212656279656656897,1679206110559891476,Directed,1,MENTION,2089215963098960111
1212656279656656897,1679206110559891476,Directed,1,RETWEET,2089215963098960111
1582412126131560449,1856748184841682944,Directed,1,MENTION,2089215962058817771
1582412126131560449,1856748184841682944,Directed,1,RETWEET,2089215962058817771
1612195093196279808,844089874412052480,Directed,1,MENTION,2089215961773551920
1612195093196279808,844089874412052480,Directed,1,RETWEET,2089215961773551920
1062097760650964992,50947524,Directed,1,MENTION,2089215961698083278
1062097760650964992,50947524,Directed,1,RETWEET,2089215961698083278
2452013688,217438534,Directed,1,MENTION,2089215961593200746
2452013688,217438534,Directed,1,RETWEET,2089215961593200746
231231893,769996926246916101,Directed,1,MENTION,2089215961295433741
231231893,769996926246916101,Directed,1,RETWEET,2089215961295433741
1704267748841304064,1416927705812045824,Directed,1,MENTION,2089215961291165745
1704267748841304064,1416927705812045824,Directed,1,RETWEET,2089215961291165745
226333936,217438534,Directed,1,MENTION,2089215960385266014
226333936,217438534,Directed,1,RETWEET,2089215960385266014
188970357,1590534110325481472,Directed,1,MENTION,2089215959873511827
188970357,1590534110325481472,Directed,1,RETWEET,2089215959873511827
1128440485113020417,16331010,Directed,1,MENTION,2089215958808457563
1128440485113020417,16331010,Directed,1,REPLY,2089215958808457563
78055602,759251,Directed,1,MENTION,2089215958535606496
78055602,759251,Directed,1,RETWEET,2089215958535606496
2036270645596860416,63514682,Directed,1,MENTION,2089215958325792854
2036270645596860416,63514682,Directed,1,RETWEET,2089215958325792854
1695659344908742656,264119038,Directed,1,MENTION,2089215958275805191
1695659344908742656,264119038,Directed,1,RETWEET,2089215958275805191
975071626130808833,264119038,Directed,1,MENTION,2089215958204166577
975071626130808833,264119038,Directed,1,RETWEET,2089215958204166577
66007760,264464195,Directed,1,MENTION,2089215957415923994
66007760,264464195,Directed,1,RETWEET,2089215957415923994
757507041053343744,1928548814,Directed,1,MENTION,2089215955494691076
757507041053343744,1928548814,Directed,1,RETWEET,2089215955494691076
1033790408046723073,9451052,Directed,1,MENTION,2089215955444568124
1033790408046723073,9451052,Directed,1,RETWEET,2089215955444568124
1028819755099140097,16331010,Directed,1,MENTION,2089215954693591131
1028819755099140097,16331010,Directed,1,RETWEET,2089215954693591131
247540604,1320483313518321664,Directed,1,MENTION,2089215954626502682
247540604,1320483313518321664,Directed,1,RETWEET,2089215954626502682
1372704140,1320483313518321664,Directed,1,MENTION,2089215954618044756
1372704140,1320483313518321664,Directed,1,RETWEET,2089215954618044756
30787476,1736076895882555392,Directed,1,MENTION,2089215954232209542
30787476,1736076895882555392,Directed,1,RETWEET,2089215954232209542
1694163320943878144,264119038,Directed,1,MENTION,2089215953985044810
1694163320943878144,264119038,Directed,1,RETWEET,2089215953985044810
165727849,16331010,Directed,1,MENTION,2089215953628479922
165727849,16331010,Directed,1,RETWEET,2089215953628479922
1266213269628497921,1795825365321170945,Directed,1,MENTION,2089215953166856607
1266213269628497921,1795825365321170945,Directed,1,RETWEET,2089215953166856607
1300550467194363905,1138458175663988738,Directed,1,MENTION,2089215953129140517
1300550467194363905,1138458175663988738,Directed,1,RETWEET,2089215953129140517
1800456802837880832,1320483313518321664,Directed,1,MENTION,2089215952650920349
1800456802837880832,1320483313518321664,Directed,1,RETWEET,2089215952650920349
1307921442865131520,1320483313518321664,Directed,1,MENTION,2089215952160276648
1307921442865131520,1320483313518321664,Directed,1,RETWEET,2089215952160276648
325366727,217438534,Directed,1,MENTION,2089215951761965535
325366727,217438534,Directed,1,RETWEET,2089215951761965535
1112331668248059906,1246970002823172096,Directed,1,MENTION,2089215951401021720
1112331668248059906,1246970002823172096,Directed,1,RETWEET,2089215951401021720
1058744063426387968,117518298,Directed,1,MENTION,2089215951032230219
1058744063426387968,117518298,Directed,1,RETWEET,2089215951032230219
1295305002043482112,1298153582500499457,Directed,1,MENTION,2089215950834835519
1295305002043482112,1298153582500499457,Directed,1,RETWEET,2089215950834835519
1095789050416508934,17525171,Directed,1,MENTION,2089215950818034033
1095789050416508934,17525171,Directed,1,RETWEET,2089215950818034033
1097634106689622017,1550347852026724354,Directed,1,MENTION,2089215950813839392
1097634106689622017,1550347852026724354,Directed,1,RETWEET,2089215950813839392
1163657030038622208,1365486221204586496,Directed,1,MENTION,2089215950188875990
1163657030038622208,1365486221204586496,Directed,1,RETWEET,2089215950188875990
750396974436868096,217438534,Directed,1,MENTION,2089215950046327270
750396974436868096,217438534,Directed,1,RETWEET,2089215950046327270
1251668622965116935,3117314104,Directed,1,MENTION,2089215949501075615
1251668622965116935,3117314104,Directed,1,RETWEET,2089215949501075615
477868460,117518298,Directed,1,MENTION,2089215948892873057
477868460,117518298,Directed,1,RETWEET,2089215948892873057
488273610,1486473049146904576,Directed,1,MENTION,2089215948511125672
488273610,1486473049146904576,Directed,1,RETWEET,2089215948511125672
1034822079453908993,45500908,Directed,1,MENTION,2089215948100366336
1034822079453908993,45500908,Directed,1,RETWEET,2089215948100366336
1782256771928834048,1339619325578240000,Directed,1,MENTION,2089215948054294952
1782256771928834048,1339619325578240000,Directed,1,RETWEET,2089215948054294952
1372704140,264464195,Directed,1,MENTION,2089215948020408767
1372704140,264464195,Directed,1,RETWEET,2089215948020408767
62898520,17469289,Directed,1,MENTION,2089215947747803401
62898520,17469289,Directed,1,RETWEET,2089215947747803401
807441800428294144,9451052,Directed,1,MENTION,2089215947626426491
807441800428294144,9451052,Directed,1,RETWEET,2089215947626426491
751338263051276288,1795825365321170945,Directed,1,MENTION,2089215947488002220
751338263051276288,1795825365321170945,Directed,1,RETWEET,2089215947488002220
1948940806515011584,1320483313518321664,Directed,1,MENTION,2089215947173220382
1948940806515011584,1320483313518321664,Directed,1,RETWEET,2089215947173220382
1195886345236824064,1365486221204586496,Directed,1,MENTION,2089215947026673838
1195886345236824064,1365486221204586496,Directed,1,RETWEET,2089215947026673838
1121169539503411200,1118898897131319296,Directed,1,MENTION,2089215946929951225
1121169539503411200,1118898897131319296,Directed,1,RETWEET,2089215946929951225
630578244,1095233856016244736,Directed,1,MENTION,2089215946648854847
630578244,1095233856016244736,Directed,1,RETWEET,2089215946648854847
3050726371,1550347852026724354,Directed,1,MENTION,2089215946615603225
3050726371,1550347852026724354,Directed,1,RETWEET,2089215946615603225
1520382036799803394,264119038,Directed,1,MENTION,2089215946397274529
1520382036799803394,264119038,Directed,1,RETWEET,2089215946397274529
2049539426762502144,1339619325578240000,Directed,1,MENTION,2089215946355339520
2049539426762502144,1339619325578240000,Directed,1,RETWEET,2089215946355339520
594136396,1736076895882555392,Directed,1,MENTION,2089215946233655705
594136396,1736076895882555392,Directed,1,RETWEET,2089215946233655705
118921356,264464195,Directed,1,MENTION,2089215945927774238
118921356,264464195,Directed,1,RETWEET,2089215945927774238
1465543101259431939,264119038,Directed,1,MENTION,2089215945927537115
1465543101259431939,264119038,Directed,1,RETWEET,2089215945927537115
766015404,1507122304093982722,Directed,1,MENTION,2089215945864777933
766015404,1507122304093982722,Directed,1,RETWEET,2089215945864777933
984173883648507905,1121320472275226624,Directed,1,MENTION,2089215945759699170
984173883648507905,1121320472275226624,Directed,1,RETWEET,2089215945759699170
1441852693228621832,217438534,Directed,1,MENTION,2089215945705210332
1441852693228621832,217438534,Directed,1,RETWEET,2089215945705210332
1788729396401930241,52712735,Directed,1,MENTION,2089215945315131544
1788729396401930241,52712735,Directed,1,RETWEET,2089215945315131544
1337952890388967426,1320483313518321664,Directed,1,MENTION,2089215944866349381
1337952890388967426,1320483313518321664,Directed,1,RETWEET,2089215944866349381
1099869812774264833,1590534110325481472,Directed,1,MENTION,2089215944472301871
1099869812774264833,1590534110325481472,Directed,1,RETWEET,2089215944472301871
3127725327,17525171,Directed,1,MENTION,2089215944287539267
3127725327,17525171,Directed,1,RETWEET,2089215944287539267
1606871140542341120,1736076895882555392,Directed,1,MENTION,2089215943968989641
1606871140542341120,1736076895882555392,Directed,1,RETWEET,2089215943968989641
1367147654073974784,1320483313518321664,Directed,1,MENTION,2089215943591252141
1367147654073974784,1320483313518321664,Directed,1,RETWEET,2089215943591252141
1241081219258908676,45500908,Directed,1,MENTION,2089215943264133276
1241081219258908676,45500908,Directed,1,RETWEET,2089215943264133276
1666605695750242304,264464195,Directed,1,MENTION,2089215943196971178
1666605695750242304,264464195,Directed,1,RETWEET,2089215943196971178
2169361549,16331010,Directed,1,MENTION,2089215943159267527
2169361549,16331010,Directed,1,RETWEET,2089215943159267527
2210325193,887353242497273856,Directed,1,MENTION,2089215942907609499
2210325193,887353242497273856,Directed,1,RETWEET,2089215942907609499
450163337,18957524,Directed,1,MENTION,2089215942790385694
450163337,18957524,Directed,1,RETWEET,2089215942790385694
995936502311014402,770373873036500992,Directed,1,MENTION,2089215942270038205
995936502311014402,770373873036500992,Directed,1,RETWEET,2089215942270038205
2283693149,988949341028024320,Directed,1,MENTION,2089215941192106208
2283693149,988949341028024320,Directed,1,RETWEET,2089215941192106208
1630432642653978624,2764080110,Directed,1,MENTION,2089215941020094617
1630432642653978624,2764080110,Directed,1,RETWEET,2089215941020094617
1045712311896481794,264464195,Directed,1,MENTION,2089215940621726076
1045712311896481794,264464195,Directed,1,RETWEET,2089215940621726076
1880926819589009408,1320483313518321664,Directed,1,MENTION,2089215940319920276
1880926819589009408,1320483313518321664,Directed,1,RETWEET,2089215940319920276
240096389,780460754910732288,Directed,1,MENTION,2089215940206485789
240096389,780460754910732288,Directed,1,RETWEET,2089215940206485789
2316811898,28785486,Directed,1,MENTION,2089215939212632524
2316811898,28785486,Directed,1,RETWEET,2089215939212632524
1234643922116321280,264464195,Directed,1,MENTION,2089215938956562735
1234643922116321280,264464195,Directed,1,RETWEET,2089215938956562735
1608512579303006209,1365486221204586496,Directed,1,MENTION,2089215938633822243
1608512579303006209,1365486221204586496,Directed,1,RETWEET,2089215938633822243
2320459087,28785486,Directed,1,MENTION,2089215937975312471
2320459087,28785486,Directed,1,RETWEET,2089215937975312471
1295971095342915586,4429003533,Directed,1,MENTION,2089215937845051774
1295971095342915586,16331010,Directed,1,MENTION,2089215937845051774
1295971095342915586,4429003533,Directed,1,RETWEET,2089215937845051774
571066361,1590534110325481472,Directed,1,MENTION,2089215937681490316
571066361,1590534110325481472,Directed,1,RETWEET,2089215937681490316
1561659743554478080,1590534110325481472,Directed,1,MENTION,2089215936687395139
1561659743554478080,1590534110325481472,Directed,1,RETWEET,2089215936687395139
869472613332078592,17525171,Directed,1,MENTION,2089215936230486092
869472613332078592,17525171,Directed,1,RETWEET,2089215936230486092
2725735737,1365486221204586496,Directed,1,MENTION,2089215936230199701
2725735737,1365486221204586496,Directed,1,RETWEET,2089215936230199701
59182334,17525171,Directed,1,MENTION,2089215935714316555
59182334,17525171,Directed,1,RETWEET,2089215935714316555
1335893064213270530,1320483313518321664,Directed,1,MENTION,2089215935303295276
1335893064213270530,1320483313518321664,Directed,1,RETWEET,2089215935303295276
120814351,452540168,Directed,1,MENTION,2089215935181627448
120814351,452540168,Directed,1,RETWEET,2089215935181627448
2049539426762502144,17525171,Directed,2,MENTION,2089215935089357235
2049539426762502144,17525171,Directed,2,RETWEET,2089215935089357235
1782256771928834048,17446621,Directed,1,MENTION,2089215934590488898
1782256771928834048,17446621,Directed,1,RETWEET,2089215934590488898
62898520,1193761285948743680,Directed,1,MENTION,2089215934384750601
62898520,1193761285948743680,Directed,1,RETWEET,2089215934384750601
231231893,811682960743264256,Directed,1,MENTION,2089215934367961427
231231893,811682960743264256,Directed,1,RETWEET,2089215934367961427
1412015449009700866,1365486221204586496,Directed,1,MENTION,2089215934233772290
1412015449009700866,1365486221204586496,Directed,1,RETWEET,2089215934233772290
1212877683547242497,217438534,Directed,1,MENTION,2089215933747175845
1212877683547242497,217438534,Directed,1,RETWEET,2089215933747175845
4720900873,1550347852026724354,Directed,1,MENTION,2089215933143482785
4720900873,1550347852026724354,Directed,1,RETWEET,2089215933143482785
23573289,264119038,Directed,1,MENTION,2089215933050966443
23573289,264119038,Directed,1,RETWEET,2089215933050966443
766087591,1486473049146904576,Directed,1,MENTION,2089215932657009086
766087591,1486473049146904576,Directed,1,RETWEET,2089215932657009086
1562594565692932096,264464195,Directed,1,MENTION,2089215932639883558
1562594565692932096,264464195,Directed,1,RETWEET,2089215932639883558
2283611611,264464195,Directed,1,MENTION,2089215932451205382
2283611611,264464195,Directed,1,RETWEET,2089215932451205382
1451642977890316290,17525171,Directed,1,MENTION,2089215932031705459
1451642977890316290,17525171,Directed,1,RETWEET,2089215932031705459
1653951096,17525171,Directed,1,MENTION,2089215931926851832
1653951096,17525171,Directed,1,RETWEET,2089215931926851832
757507041053343744,1115495508519182336,Directed,1,MENTION,2089215931863977992
757507041053343744,1115495508519182336,Directed,1,RETWEET,2089215931863977992
111204380,1298153582500499457,Directed,1,MENTION,2089215931671261304
111204380,1298153582500499457,Directed,1,RETWEET,2089215931671261304
1216745810966302728,1365486221204586496,Directed,1,MENTION,2089215931410964817
1216745810966302728,1365486221204586496,Directed,1,RETWEET,2089215931410964817
1217218483047538688,1550347852026724354,Directed,1,QUOTE,2089215931377398053
1729259028,1365486221204586496,Directed,1,MENTION,2089215931071250879
1729259028,1365486221204586496,Directed,1,RETWEET,2089215931071250879
1627806603113033728,1413288812562821121,Directed,1,MENTION,2089215930765037732
1627806603113033728,1413288812562821121,Directed,1,RETWEET,2089215930765037732
1193035614985375749,179583592,Directed,1,MENTION,2089215930341441962
1193035614985375749,179583592,Directed,1,RETWEET,2089215930341441962
857788521146462208,1320483313518321664,Directed,1,MENTION,2089215930265969079
857788521146462208,1320483313518321664,Directed,1,RETWEET,2089215930265969079
2067421019858698240,1745624791397326848,Directed,1,MENTION,2089215930056544466
2067421019858698240,1745624791397326848,Directed,1,RETWEET,2089215930056544466
2562783095,4429003533,Directed,1,MENTION,2089215929926484464
2562783095,16331010,Directed,1,MENTION,2089215929926484464
2562783095,4429003533,Directed,1,RETWEET,2089215929926484464
1331765377316122626,1298153582500499457,Directed,1,MENTION,2089215929829769448
1331765377316122626,1298153582500499457,Directed,1,RETWEET,2089215929829769448
3085483197,286998245,Directed,1,MENTION,2089215929716457914
3085483197,286998245,Directed,1,RETWEET,2089215929716457914
1651801709251788804,582230335,Directed,1,MENTION,2089215929708077329
1651801709251788804,582230335,Directed,1,RETWEET,2089215929708077329
259378005,17525171,Directed,1,MENTION,2089215929519350138
259378005,17525171,Directed,1,RETWEET,2089215929519350138
1474477049679077380,101893838,Directed,1,MENTION,2089215929364144358
1474477049679077380,101893838,Directed,1,RETWEET,2089215929364144358
861892656770596864,780460754910732288,Directed,1,MENTION,2089215929242865795
861892656770596864,780460754910732288,Directed,1,RETWEET,2089215929242865795
1069747185426853888,9451052,Directed,1,MENTION,2089215929225818278
1069747185426853888,9451052,Directed,1,RETWEET,2089215929225818278
2880304272,1249542350386290689,Directed,1,MENTION,2089215929179930951
2880304272,1249542350386290689,Directed,1,RETWEET,2089215929179930951
27435258,264464195,Directed,1,MENTION,2089215928705667564
27435258,264464195,Directed,1,RETWEET,2089215928705667564
38220143,52712735,Directed,1,MENTION,2089215928546251002
38220143,52712735,Directed,1,RETWEET,2089215928546251002
234926964,1736076895882555392,Directed,1,MENTION,2089215928475025558
234926964,1736076895882555392,Directed,1,RETWEET,2089215928475025558
1528611203471265794,1320483313518321664,Directed,1,MENTION,2089215927682208045
1528611203471265794,1320483313518321664,Directed,1,RETWEET,2089215927682208045
2508890578,534023,Directed,1,MENTION,2089215927581610115
2508890578,534023,Directed,1,RETWEET,2089215927581610115
1580402992238526465,264119038,Directed,1,MENTION,2089215926700794029
1580402992238526465,264119038,Directed,1,RETWEET,2089215926700794029
2893205020,1301888576951476226,Directed,1,MENTION,2089215926419820784
2893205020,1301888576951476226,Directed,1,RETWEET,2089215926419820784
1247835134,118851968,Directed,1,MENTION,2089215926172279123
1247835134,118851968,Directed,1,RETWEET,2089215926172279123
39292745,1486473049146904576,Directed,1,MENTION,2089215925878682023
39292745,1486473049146904576,Directed,1,RETWEET,2089215925878682023
19463681,1640929196,Directed,1,MENTION,2089215925161464205
19463681,1640929196,Directed,1,RETWEET,2089215925161464205
62898520,16331010,Directed,1,MENTION,2089215925023109165
62898520,16331010,Directed,1,RETWEET,2089215925023109165
1846753233345134593,765208928657387520,Directed,1,MENTION,2089215924939444614
1846753233345134593,765208928657387520,Directed,1,RETWEET,2089215924939444614
44532621,286998245,Directed,1,MENTION,2089215924624597320
44532621,286998245,Directed,1,RETWEET,2089215924624597320
2159158659,4429003533,Directed,1,MENTION,2089215923529929057
2159158659,16331010,Directed,1,MENTION,2089215923529929057
2159158659,4429003533,Directed,1,RETWEET,2089215923529929057
192131622,949898869,Directed,1,MENTION,2089215923161030699
1219289254645256193,1521793259479216129,Directed,1,MENTION,2089215922783596819
1219289254645256193,1521793259479216129,Directed,1,RETWEET,2089215922783596819
237913099,264119038,Directed,1,MENTION,2089215922682687711
237913099,264119038,Directed,1,RETWEET,2089215922682687711
1110631566319996928,428333,Directed,1,MENTION,2089215922649125245
1110631566319996928,428333,Directed,1,RETWEET,2089215922649125245
1129633388699299840,264464195,Directed,1,MENTION,2089215922217087198
1129633388699299840,264464195,Directed,1,RETWEET,2089215922217087198
1851434488233877504,1298153582500499457,Directed,1,MENTION,2089215922095435928
1851434488233877504,1298153582500499457,Directed,1,RETWEET,2089215922095435928
953309147830906881,264464195,Directed,1,MENTION,2089215921608966392
953309147830906881,264464195,Directed,1,RETWEET,2089215921608966392
2049539426762502144,2883841,Directed,1,MENTION,2089215921604682065
2049539426762502144,2883841,Directed,1,RETWEET,2089215921604682065
2316811898,17525171,Directed,1,MENTION,2089215921407803844
2316811898,17525171,Directed,1,RETWEET,2089215921407803844
1448475388292870147,765208928657387520,Directed,1,MENTION,2089215921290162645
1448475388292870147,765208928657387520,Directed,1,RETWEET,2089215921290162645
1626197654874083330,1338867940792254465,Directed,1,MENTION,2089215921013358901
1626197654874083330,1338867940792254465,Directed,1,RETWEET,2089215921013358901
720030721331630081,1320483313518321664,Directed,1,MENTION,2089215920661000533
720030721331630081,1320483313518321664,Directed,1,RETWEET,2089215920661000533
840579009750659072,1795825365321170945,Directed,1,MENTION,2089215919776055590
840579009750659072,1795825365321170945,Directed,1,RETWEET,2089215919776055590
861892656770596864,1363585324660776970,Directed,1,MENTION,2089215919470080171
861892656770596864,1363585324660776970,Directed,1,RETWEET,2089215919470080171
1295971095342915586,9451052,Directed,1,MENTION,2089215919272681959
1295971095342915586,9451052,Directed,1,RETWEET,2089215919272681959
135470893,2883841,Directed,1,MENTION,2089215919255941488
135470893,2883841,Directed,1,RETWEET,2089215919255941488
3454487481,1118898897131319296,Directed,1,MENTION,2089215918417088888
3454487481,1118898897131319296,Directed,1,RETWEET,2089215918417088888
116112149,1193761285948743680,Directed,1,MENTION,2089215917724971358
116112149,1193761285948743680,Directed,1,RETWEET,2089215917724971358
2401644510,1363585324660776970,Directed,1,MENTION,2089215917679075535
2401644510,1363585324660776970,Directed,1,RETWEET,2089215917679075535
1654219402261192705,1320483313518321664,Directed,1,MENTION,2089215917603393560
1654219402261192705,1320483313518321664,Directed,1,RETWEET,2089215917603393560
1950196015,2764080110,Directed,1,MENTION,2089215916051439861
1950196015,2764080110,Directed,1,RETWEET,2089215916051439861
389557534,2803025889,Directed,1,MENTION,2089215915741344241
389557534,2803025889,Directed,1,RETWEET,2089215915741344241
521032823,780460754910732288,Directed,1,MENTION,2089215915715887271
521032823,780460754910732288,Directed,1,RETWEET,2089215915715887271
1526400398851985409,1365486221204586496,Directed,1,MENTION,2089215915321696409
1526400398851985409,1365486221204586496,Directed,1,RETWEET,2089215915321696409
1153938158456725505,1590534110325481472,Directed,1,MENTION,2089215914806001666
1153938158456725505,1590534110325481472,Directed,1,RETWEET,2089215914806001666
1419358421644685315,118851968,Directed,1,MENTION,2089215914247901353
1419358421644685315,118851968,Directed,1,RETWEET,2089215914247901353
1686042628314341376,1486473049146904576,Directed,1,MENTION,2089215913526485456
1686042628314341376,1486473049146904576,Directed,1,RETWEET,2089215913526485456
1869135794612338688,1679206110559891476,Directed,1,MENTION,2089215913115746811
1869135794612338688,1679206110559891476,Directed,1,RETWEET,2089215913115746811
1226800872610508800,264464195,Directed,1,MENTION,2089215912993829214
1226800872610508800,264464195,Directed,1,RETWEET,2089215912993829214
800586232224878592,1249542350386290689,Directed,1,MENTION,2089215912989589542
800586232224878592,1249542350386290689,Directed,1,RETWEET,2089215912989589542
336950952,217438534,Directed,1,MENTION,2089215912444363073
336950952,217438534,Directed,1,RETWEET,2089215912444363073
1970315429693530114,582230335,Directed,1,MENTION,2089215912377557119
1970315429693530114,582230335,Directed,1,RETWEET,2089215912377557119
1323021366392750081,1298153582500499457,Directed,1,MENTION,2089215912133972315
1323021366392750081,1298153582500499457,Directed,1,RETWEET,2089215912133972315
1514652522614607881,1365486221204586496,Directed,1,MENTION,2089215911240552502
1514652522614607881,1365486221204586496,Directed,1,RETWEET,2089215911240552502
1812264516996210688,1118898897131319296,Directed,1,MENTION,2089215911219859814
1812264516996210688,1118898897131319296,Directed,1,RETWEET,2089215911219859814
3182221356,217438534,Directed,1,MENTION,2089215911022506372
3182221356,217438534,Directed,1,RETWEET,2089215911022506372
21257791,17525171,Directed,1,MENTION,2089215909747380582
21257791,17525171,Directed,1,RETWEET,2089215909747380582
1031040467247357952,794661033340182528,Directed,1,MENTION,2089215909646967034
1031040467247357952,794661033340182528,Directed,1,RETWEET,2089215909646967034
2562783095,9451052,Directed,1,MENTION,2089215909449838834
2562783095,9451052,Directed,1,RETWEET,2089215909449838834
1396276029501722624,1365486221204586496,Directed,1,MENTION,2089215909449621713
1396276029501722624,1365486221204586496,Directed,1,RETWEET,2089215909449621713
362856903,262495825,Directed,1,MENTION,2089215909114294570
362856903,262495825,Directed,1,RETWEET,2089215909114294570
2732751833,1590534110325481472,Directed,1,MENTION,2089215909034336708
2732751833,1590534110325481472,Directed,1,RETWEET,2089215909034336708
1241081219258908676,1519385353660080129,Directed,1,MENTION,2089215908950471166
1241081219258908676,1519385353660080129,Directed,1,RETWEET,2089215908950471166
1273196337971040256,1609620531774464001,Directed,1,MENTION,2089215908640100559
1273196337971040256,1609620531774464001,Directed,1,RETWEET,2089215908640100559
869472613332078592,16331010,Directed,1,MENTION,2089215908564857233
869472613332078592,16331010,Directed,1,RETWEET,2089215908564857233
192431526,1795825365321170945,Directed,1,MENTION,2089215907897778520
192431526,1795825365321170945,Directed,1,RETWEET,2089215907897778520
2832853095,1316493639049191425,Directed,1,MENTION,2089215907885109306
2832853095,1316493639049191425,Directed,1,REPLY,2089215907885109306
19166468,17525171,Directed,1,MENTION,2089215907457339437
19166468,17525171,Directed,1,RETWEET,2089215907457339437
1646492992566353921,264119038,Directed,1,MENTION,2089215907088220570
1646492992566353921,264119038,Directed,1,RETWEET,2089215907088220570
1245145064025751552,1118898897131319296,Directed,1,MENTION,2089215906865893511
1245145064025751552,1118898897131319296,Directed,1,RETWEET,2089215906865893511
83756313,139283076,Directed,1,MENTION,2089215905662226775
83756313,139283076,Directed,1,RETWEET,2089215905662226775
997890467697115136,1248585282720608260,Directed,1,MENTION,2089215905473675395
997890467697115136,1248585282720608260,Directed,1,RETWEET,2089215905473675395
1214370835382906880,264464195,Directed,1,MENTION,2089215905158791295
1214370835382906880,264464195,Directed,1,RETWEET,2089215905158791295
2056396875234983937,1118898897131319296,Directed,1,MENTION,2089215904982974600
2056396875234983937,1118898897131319296,Directed,1,RETWEET,2089215904982974600
1519398112636329989,1873816363103641606,Directed,1,MENTION,2089215904538132805
1519398112636329989,1873816363103641606,Directed,1,RETWEET,2089215904538132805
45065329,264464195,Directed,1,MENTION,2089215904496095497
45065329,264464195,Directed,1,RETWEET,2089215904496095497
1297644759897518081,16331010,Directed,1,MENTION,2089215904156414179
1297644759897518081,16331010,Directed,1,RETWEET,2089215904156414179
3266823482,1320483313518321664,Directed,1,MENTION,2089215903896642002
3266823482,1320483313518321664,Directed,1,RETWEET,2089215903896642002
534457596,2803025889,Directed,1,MENTION,2089215903493718483
534457596,2803025889,Directed,1,RETWEET,2089215903493718483
1153513600759271426,1138458175663988738,Directed,1,MENTION,2089215902612918420
1153513600759271426,1138458175663988738,Directed,1,RETWEET,2089215902612918420
1549600806118207489,217438534,Directed,1,MENTION,2089215902181204265
1549600806118207489,217438534,Directed,1,RETWEET,2089215902181204265
1241033778329317376,139283076,Directed,1,MENTION,2089215901103182113
1241033778329317376,139283076,Directed,1,RETWEET,2089215901103182113
1599768151,988949341028024320,Directed,1,MENTION,2089215900532584554
1599768151,988949341028024320,Directed,1,RETWEET,2089215900532584554
1214299396503769088,1597364389048614912,Directed,1,MENTION,2089215900230758573
1214299396503769088,1597364389048614912,Directed,1,RETWEET,2089215900230758573
1652582785448652800,1320483313518321664,Directed,1,MENTION,2089215899819520199
1652582785448652800,1320483313518321664,Directed,1,RETWEET,2089215899819520199
1121442122115186689,1795825365321170945,Directed,1,MENTION,2089215899324878861
1121442122115186689,1795825365321170945,Directed,1,RETWEET,2089215899324878861
421323891,1679206110559891476,Directed,1,MENTION,2089215898993185132
421323891,1679206110559891476,Directed,1,RETWEET,2089215898993185132
267530507,264464195,Directed,1,MENTION,2089215898414383260
267530507,264464195,Directed,1,RETWEET,2089215898414383260
1119280172753092608,1486473049146904576,Directed,1,MENTION,2089215898347307352
1119280172753092608,1486473049146904576,Directed,1,RETWEET,2089215898347307352
1026464077198123008,1550347852026724354,Directed,1,MENTION,2089215898238239036
1026464077198123008,1550347852026724354,Directed,1,RETWEET,2089215898238239036
24838127,2803025889,Directed,1,MENTION,2089215897961660609
24838127,2803025889,Directed,1,RETWEET,2089215897961660609
1569829620366643200,264464195,Directed,1,MENTION,2089215897814663407
1569829620366643200,264464195,Directed,1,RETWEET,2089215897814663407
728819442621153280,1550347852026724354,Directed,1,MENTION,2089215896623722661
728819442621153280,1550347852026724354,Directed,1,RETWEET,2089215896623722661
289713680,264464195,Directed,1,MENTION,2089215896308822431
289713680,264464195,Directed,1,RETWEET,2089215896308822431
48583562,16331010,Directed,1,MENTION,2089215896006934827
48583562,16331010,Directed,1,RETWEET,2089215896006934827
171211056,1006631260704239616,Directed,1,MENTION,2089215895906246791
171211056,1006631260704239616,Directed,1,RETWEET,2089215895906246791
1749647977713463296,1413288812562821121,Directed,1,MENTION,2089215895058997449
1749647977713463296,1413288812562821121,Directed,1,RETWEET,2089215895058997449
2967151468,1365486221204586496,Directed,1,MENTION,2089215894551437456
2967151468,1365486221204586496,Directed,1,RETWEET,2089215894551437456
1703843845925224448,264119038,Directed,1,MENTION,2089215893712830877
1703843845925224448,264119038,Directed,1,RETWEET,2089215893712830877
1551113627444338688,9451052,Directed,1,MENTION,2089215893611917628
1551113627444338688,9451052,Directed,1,RETWEET,2089215893611917628
599532695,9451052,Directed,1,MENTION,2089215892139782477
599532695,9451052,Directed,1,RETWEET,2089215892139782477
843449460416004096,1365486221204586496,Directed,1,MENTION,2089215891883884631
843449460416004096,1365486221204586496,Directed,1,RETWEET,2089215891883884631
1185401757867937792,1590534110325481472,Directed,1,MENTION,2089215891796079022
1185401757867937792,1590534110325481472,Directed,1,RETWEET,2089215891796079022
1729259028,1320483313518321664,Directed,1,MENTION,2089215891519017407
1729259028,1320483313518321664,Directed,1,RETWEET,2089215891519017407
798280604,1363585324660776970,Directed,1,MENTION,2089215891368014190
798280604,1363585324660776970,Directed,1,RETWEET,2089215891368014190
1062097760650964992,22650211,Directed,1,MENTION,2089215891296718976
1062097760650964992,22650211,Directed,1,RETWEET,2089215891296718976
755924286628466688,1301888576951476226,Directed,1,MENTION,2089215891170836658
755924286628466688,1301888576951476226,Directed,1,RETWEET,2089215891170836658
1474732444867829760,264464195,Directed,1,MENTION,2089215890671738889
1474732444867829760,264464195,Directed,1,RETWEET,2089215890671738889
1866246646922956800,1795825365321170945,Directed,1,MENTION,2089215890659135833
1866246646922956800,1795825365321170945,Directed,1,RETWEET,2089215890659135833
2205576643,22650211,Directed,1,MENTION,2089215890386485449
2205576643,22650211,Directed,1,RETWEET,2089215890386485449
2069650165208657920,1320483313518321664,Directed,1,MENTION,2089215889526706550
2069650165208657920,1320483313518321664,Directed,1,RETWEET,2089215889526706550
883028436863922176,1320483313518321664,Directed,1,MENTION,2089215888993988662
883028436863922176,1320483313518321664,Directed,1,RETWEET,2089215888993988662
1564301481624453122,1413288812562821121,Directed,1,MENTION,2089215888167751977
1564301481624453122,1413288812562821121,Directed,1,RETWEET,2089215888167751977
1697051037922930688,1297308885837996037,Directed,1,MENTION,2089215887832440973
1697051037922930688,1297308885837996037,Directed,1,RETWEET,2089215887832440973
1792843461517062144,1394680198705123329,Directed,1,MENTION,2089215887660511262
1792843461517062144,1394680198705123329,Directed,1,RETWEET,2089215887660511262
231955131,17525171,Directed,1,MENTION,2089215887047876803
231955131,17525171,Directed,1,RETWEET,2089215887047876803
323401248,16331010,Directed,1,MENTION,2089215886745866612
323401248,16331010,Directed,1,RETWEET,2089215886745866612
1655086260006912002,903223524445257729,Directed,1,MENTION,2089215886641029193
1655086260006912002,903223524445257729,Directed,1,RETWEET,2089215886641029193
1384890479066628101,1320483313518321664,Directed,1,MENTION,2089215885961576542
1384890479066628101,1320483313518321664,Directed,1,RETWEET,2089215885961576542
713710200,1795825365321170945,Directed,1,MENTION,2089215885894623599
713710200,1795825365321170945,Directed,1,RETWEET,2089215885894623599
1505789460973240321,1320483313518321664,Directed,1,MENTION,2089215885823062488
1505789460973240321,1320483313518321664,Directed,1,RETWEET,2089215885823062488
1550534415528386561,9451052,Directed,1,MENTION,2089215885546291261
1550534415528386561,9451052,Directed,1,RETWEET,2089215885546291261
2230572757,1365486221204586496,Directed,1,MENTION,2089215885227528499
2230572757,1365486221204586496,Directed,1,RETWEET,2089215885227528499
1522133883822780417,264119038,Directed,1,MENTION,2089215884846076182
1522133883822780417,264119038,Directed,1,RETWEET,2089215884846076182
76480273,1320483313518321664,Directed,1,MENTION,2089215884590039085
76480273,1320483313518321664,Directed,1,RETWEET,2089215884590039085
1465543101259431939,1363585324660776970,Directed,1,MENTION,2089215884464128277
1465543101259431939,1363585324660776970,Directed,1,RETWEET,2089215884464128277
1090319491957968901,61550741,Directed,1,MENTION,2089215883688202332
1090319491957968901,61550741,Directed,1,RETWEET,2089215883688202332
1487308647340208129,1550347852026724354,Directed,1,MENTION,2089215883067732046
1487308647340208129,1550347852026724354,Directed,1,RETWEET,2089215883067732046
919579973068800000,1246970002823172096,Directed,1,MENTION,2089215882371440688
919579973068800000,1246970002823172096,Directed,1,RETWEET,2089215882371440688
1673829306613497856,1246970002823172096,Directed,1,MENTION,2089215882211852543
1673829306613497856,1246970002823172096,Directed,1,RETWEET,2089215882211852543
850422241812787200,9451052,Directed,1,MENTION,2089215882039828858
850422241812787200,9451052,Directed,1,RETWEET,2089215882039828858
291844821,264119038,Directed,1,MENTION,2089215881834274934
291844821,264119038,Directed,1,RETWEET,2089215881834274934
1601086131537252352,1638262165269368846,Directed,1,MENTION,2089215881465540848
1601086131537252352,1638262165269368846,Directed,1,RETWEET,2089215881465540848
3250396856,264464195,Directed,1,MENTION,2089215881272295607
3250396856,264464195,Directed,1,RETWEET,2089215881272295607
1745223089414197249,1365486221204586496,Directed,1,MENTION,2089215880555069909
1745223089414197249,1365486221204586496,Directed,1,RETWEET,2089215880555069909
1917907919687073792,1333534273140355073,Directed,1,MENTION,2089215880219742468
1917907919687073792,1333534273140355073,Directed,1,RETWEET,2089215880219742468
239912825,765208928657387520,Directed,1,MENTION,2089215879976247394
239912825,765208928657387520,Directed,1,RETWEET,2089215879976247394
300120840,1486473049146904576,Directed,1,MENTION,2089215879947141167
300120840,1486473049146904576,Directed,1,RETWEET,2089215879947141167
400489691,1486473049146904576,Directed,1,MENTION,2089215879838155008
400489691,1486473049146904576,Directed,1,RETWEET,2089215879838155008
1344811071450836998,1320483313518321664,Directed,1,MENTION,2089215879300911192
1344811071450836998,1320483313518321664,Directed,1,RETWEET,2089215879300911192
1874732020682706944,765208928657387520,Directed,1,MENTION,2089215878428586256
1874732020682706944,765208928657387520,Directed,1,RETWEET,2089215878428586256
872053050483060736,1316632013470867456,Directed,1,MENTION,2089215878122336404
872053050483060736,1316632013470867456,Directed,1,RETWEET,2089215878122336404
172643118,264464195,Directed,1,MENTION,2089215877602271235
172643118,264464195,Directed,1,RETWEET,2089215877602271235
1846753233345134593,975195434,Directed,1,MENTION,2089215877493436738
1846753233345134593,975195434,Directed,1,RETWEET,2089215877493436738
2043506716717805568,1486473049146904576,Directed,1,MENTION,2089215877111767096
2043506716717805568,1486473049146904576,Directed,1,RETWEET,2089215877111767096
622634508,101893838,Directed,1,MENTION,2089215877090521518
622634508,101893838,Directed,1,RETWEET,2089215877090521518
1729259028,1382784423234445315,Directed,1,MENTION,2089215876822176206
1729259028,1382784423234445315,Directed,1,RETWEET,2089215876822176206
701067845732589568,1301888576951476226,Directed,1,MENTION,2089215876566298894
701067845732589568,1301888576951476226,Directed,1,RETWEET,2089215876566298894
1432553883386224643,1346940628446437378,Directed,1,MENTION,2089215876058738781
1432553883386224643,1346940628446437378,Directed,1,RETWEET,2089215876058738781
1170588266,1363585324660776970,Directed,1,MENTION,2089215875932971376
1170588266,1363585324660776970,Directed,1,RETWEET,2089215875932971376
204194096,16331010,Directed,1,MENTION,2089215875358363850
204194096,16331010,Directed,1,RETWEET,2089215875358363850
1242690743853965312,1365486221204586496,Directed,1,MENTION,2089215874347774173
1242690743853965312,1365486221204586496,Directed,1,RETWEET,2089215874347774173
476395957,1246970002823172096,Directed,1,MENTION,2089215874343305697
476395957,1246970002823172096,Directed,1,RETWEET,2089215874343305697
1192172366,1795825365321170945,Directed,1,MENTION,2089215874129690759
1192172366,1795825365321170945,Directed,1,RETWEET,2089215874129690759
2085048065551974400,217438534,Directed,1,MENTION,2089215873160478980
2085048065551974400,217438534,Directed,1,RETWEET,2089215873160478980
3241128335,264464195,Directed,1,MENTION,2089215872904658970
3241128335,264464195,Directed,1,RETWEET,2089215872904658970
296526496,17446621,Directed,1,MENTION,2089215872854364314
296526496,17446621,Directed,1,RETWEET,2089215872854364314
284900954,988949341028024320,Directed,1,MENTION,2089215872527409385
284900954,988949341028024320,Directed,1,RETWEET,2089215872527409385
64001246,1246970002823172096,Directed,1,MENTION,2089215872329986516
64001246,1246970002823172096,Directed,1,RETWEET,2089215872329986516
1792320076261007360,1193761285948743680,Directed,1,MENTION,2089215871881245027
1792320076261007360,1193761285948743680,Directed,1,RETWEET,2089215871881245027
1840165736116785152,1679206110559891476,Directed,1,MENTION,2089215871830921230
1840165736116785152,1679206110559891476,Directed,1,RETWEET,2089215871830921230
25195304,1403014008781770758,Directed,1,MENTION,2089215871701098874
25195304,1403014008781770758,Directed,1,RETWEET,2089215871701098874
404617012,1795825365321170945,Directed,1,MENTION,2089215871403380859
404617012,1795825365321170945,Directed,1,RETWEET,2089215871403380859
1889266016313647104,1320483313518321664,Directed,1,MENTION,2089215871331840476
1889266016313647104,1320483313518321664,Directed,1,RETWEET,2089215871331840476
1972606407527600128,264464195,Directed,1,MENTION,2089215871080132629
1972606407527600128,264464195,Directed,1,RETWEET,2089215871080132629
713710200,1928548814,Directed,1,MENTION,2089215870631592256
713710200,1928548814,Directed,1,RETWEET,2089215870631592256
876220811195158528,1550347852026724354,Directed,1,MENTION,2089215870589407527
876220811195158528,1550347852026724354,Directed,1,RETWEET,2089215870589407527
2877960079,217438534,Directed,1,MENTION,2089215870514155708
2877960079,217438534,Directed,1,RETWEET,2089215870514155708
1449494588268421121,1320483313518321664,Directed,1,MENTION,2089215870501376499
1449494588268421121,1320483313518321664,Directed,1,RETWEET,2089215870501376499
1333648715895234560,1736076895882555392,Directed,1,MENTION,2089215869985431914
1333648715895234560,1736076895882555392,Directed,1,RETWEET,2089215869985431914
1195886345236824064,1138458175663988738,Directed,1,MENTION,2089215869612388761
1195886345236824064,1138458175663988738,Directed,1,RETWEET,2089215869612388761
175208064,1382784423234445315,Directed,1,MENTION,2089215869209485657
175208064,1382784423234445315,Directed,1,RETWEET,2089215869209485657
847964716622336000,1118898897131319296,Directed,1,MENTION,2089215869209428340
847964716622336000,1118898897131319296,Directed,1,RETWEET,2089215869209428340
1626197654874083330,1431893959299772416,Directed,1,MENTION,2089215868601303065
1626197654874083330,1431893959299772416,Directed,1,RETWEET,2089215868601303065
2037672978784165888,52712735,Directed,1,MENTION,2089215868278317542
2037672978784165888,52712735,Directed,1,RETWEET,2089215868278317542
522500536,1118898897131319296,Directed,1,MENTION,2089215868194451534
522500536,1118898897131319296,Directed,1,RETWEET,2089215868194451534
1357001353818746882,264464195,Directed,1,MENTION,2089215867443695646
1357001353818746882,264464195,Directed,1,RETWEET,2089215867443695646
201809853,52712735,Directed,1,MENTION,2089215867418488949
201809853,52712735,Directed,1,RETWEET,2089215867418488949
3158131,9451052,Directed,1,MENTION,2089215867095494889
3158131,9451052,Directed,1,RETWEET,2089215867095494889
1362661062718361604,1478563993572814848,Directed,1,MENTION,2089215866722517454
1362661062718361604,759251,Directed,1,MENTION,2089215866722517454
1362661062718361604,1478563993572814848,Directed,1,RETWEET,2089215866722517454
224451493,1193761285948743680,Directed,1,MENTION,2089215866235666553
224451493,1193761285948743680,Directed,1,RETWEET,2089215866235666553
1476947500623929460,1365486221204586496,Directed,1,MENTION,2089215866156011677
1476947500623929460,1365486221204586496,Directed,1,RETWEET,2089215866156011677
2986174645,264464195,Directed,1,MENTION,2089215865388490966
2986174645,264464195,Directed,1,RETWEET,2089215865388490966
1316024698325536771,264464195,Directed,1,MENTION,2089215864730014122
1316024698325536771,264464195,Directed,1,RETWEET,2089215864730014122
231963208,264464195,Directed,1,MENTION,2089215864721875329
231963208,264464195,Directed,1,RETWEET,2089215864721875329
2705450518,1365486221204586496,Directed,1,MENTION,2089215864193143026
2705450518,1365486221204586496,Directed,1,RETWEET,2089215864193143026
921135794756055040,1550347852026724354,Directed,1,MENTION,2089215863828455691
921135794756055040,1550347852026724354,Directed,1,RETWEET,2089215863828455691
2941838986,16331010,Directed,1,MENTION,2089215863706570869
2941838986,16331010,Directed,1,RETWEET,2089215863706570869
1463171748,1118898897131319296,Directed,1,MENTION,2089215863354442101
1463171748,1118898897131319296,Directed,1,RETWEET,2089215863354442101
782769241,16331010,Directed,1,MENTION,2089215863295512631
782769241,16331010,Directed,1,RETWEET,2089215863295512631
1948510600000077824,1838694328245551104,Directed,1,MENTION,2089215863039672472
1948510600000077824,1838694328245551104,Directed,1,RETWEET,2089215863039672472
54010460,845266010504597504,Directed,1,MENTION,2089215862909604115
54010460,845266010504597504,Directed,1,RETWEET,2089215862909604115
1101757790727692288,286998245,Directed,1,MENTION,2089215862679179685
1101757790727692288,286998245,Directed,1,RETWEET,2089215862679179685
2009770113428541440,264464195,Directed,1,MENTION,2089215862578589955
2009770113428541440,264464195,Directed,1,RETWEET,2089215862578589955
138913789,1246970002823172096,Directed,1,MENTION,2089215862322368811
138913789,1246970002823172096,Directed,1,RETWEET,2089215862322368811
2323238577,9451052,Directed,1,MENTION,2089215862200758440
2323238577,9451052,Directed,1,RETWEET,2089215862200758440
850422241812787200,179583592,Directed,1,MENTION,2089215861588365352
850422241812787200,179583592,Directed,1,RETWEET,2089215861588365352
1450382058493186052,2806914710,Directed,1,MENTION,2089215861206790651
1450382058493186052,2806914710,Directed,1,RETWEET,2089215861206790651
1338918866840383490,780460754910732288,Directed,1,MENTION,2089215861194109298
1338918866840383490,780460754910732288,Directed,1,RETWEET,2089215861194109298
709725797,1138458175663988738,Directed,1,MENTION,2089215860447531471
709725797,1138458175663988738,Directed,1,RETWEET,2089215860447531471
83394414,1246970002823172096,Directed,1,MENTION,2089215859923587240
83394414,1246970002823172096,Directed,1,RETWEET,2089215859923587240
1849953992518008834,264119038,Directed,1,MENTION,2089215859893862520
1849953992518008834,264119038,Directed,1,RETWEET,2089215859893862520
1365142346573221892,1246970002823172096,Directed,1,MENTION,2089215859357036639
1365142346573221892,1246970002823172096,Directed,1,RETWEET,2089215859357036639
1519398112636329989,63514682,Directed,1,MENTION,2089215858740539628
1519398112636329989,63514682,Directed,1,RETWEET,2089215858740539628
1195886345236824064,4429003533,Directed,1,MENTION,2089215858510012492
1195886345236824064,16331010,Directed,1,MENTION,2089215858510012492
1195886345236824064,4429003533,Directed,1,RETWEET,2089215858510012492
63295113,264464195,Directed,1,MENTION,2089215858493075558
63295113,264464195,Directed,1,RETWEET,2089215858493075558
4872480334,1138458175663988738,Directed,1,MENTION,2089215858421682445
4872480334,1138458175663988738,Directed,1,RETWEET,2089215858421682445
484381012,838664052045975554,Directed,1,MENTION,2089215858073653688
484381012,780460754910732288,Directed,1,MENTION,2089215858073653688
484381012,838664052045975554,Directed,1,RETWEET,2089215858073653688
704015678823596033,264464195,Directed,1,MENTION,2089215857800913335
704015678823596033,264464195,Directed,1,RETWEET,2089215857800913335
1289283593097940995,1320483313518321664,Directed,1,MENTION,2089215857213735144
1289283593097940995,1320483313518321664,Directed,1,RETWEET,2089215857213735144
1417141817355771906,1736076895882555392,Directed,1,MENTION,2089215856991494260
1417141817355771906,1736076895882555392,Directed,1,RETWEET,2089215856991494260
1470972149754216455,1802399137100435456,Directed,1,MENTION,2089215856765005975
1470972149754216455,1802399137100435456,Directed,1,RETWEET,2089215856765005975
1925294199685136384,1320483313518321664,Directed,1,MENTION,2089215856559419575
1925294199685136384,1320483313518321664,Directed,1,RETWEET,2089215856559419575
2015638705013231616,1298153582500499457,Directed,1,MENTION,2089215856257515766
2015638705013231616,1298153582500499457,Directed,1,RETWEET,2089215856257515766
1873894092809101312,9451052,Directed,1,MENTION,2089215855951266256
1873894092809101312,9451052,Directed,1,RETWEET,2089215855951266256
819385648243044352,28785486,Directed,1,MENTION,2089215855750205557
819385648243044352,28785486,Directed,1,RETWEET,2089215855750205557
231231893,64096337,Directed,1,MENTION,2089215855011791321
231231893,64096337,Directed,1,RETWEET,2089215855011791321
1907138370729373696,1320483313518321664,Directed,1,MENTION,2089215854961639632
1907138370729373696,1320483313518321664,Directed,1,RETWEET,2089215854961639632
709725797,16331010,Directed,1,MENTION,2089215854932046065
709725797,16331010,Directed,1,RETWEET,2089215854932046065
1601195391680233472,780460754910732288,Directed,1,MENTION,2089215853183271372
1601195391680233472,780460754910732288,Directed,1,RETWEET,2089215853183271372
1388794050338336768,780460754910732288,Directed,1,MENTION,2089215853074030756
1388794050338336768,780460754910732288,Directed,1,RETWEET,2089215853074030756
1835194227065499648,1679206110559891476,Directed,1,MENTION,2089215852981707231
1835194227065499648,1679206110559891476,Directed,1,RETWEET,2089215852981707231
2273280846,1363585324660776970,Directed,1,MENTION,2089215852847440042
2273280846,1363585324660776970,Directed,1,RETWEET,2089215852847440042
3129781049,264464195,Directed,1,MENTION,2089215852721696796
3129781049,264464195,Directed,1,RETWEET,2089215852721696796
150335378,264464195,Directed,1,MENTION,2089215852516192648
150335378,264464195,Directed,1,RETWEET,2089215852516192648
16506565,4429003533,Directed,1,MENTION,2089215852490985511
16506565,16331010,Directed,1,MENTION,2089215852490985511
16506565,4429003533,Directed,1,RETWEET,2089215852490985511
1380621463775027200,1115495508519182336,Directed,1,MENTION,2089215852012843218
1380621463775027200,1115495508519182336,Directed,1,RETWEET,2089215852012843218
939483319825240064,264464195,Directed,1,MENTION,2089215851908014136
939483319825240064,264464195,Directed,1,RETWEET,2089215851908014136
409324180,1429829865742667776,Directed,1,MENTION,2089215851262074997
409324180,1429829865742667776,Directed,1,RETWEET,2089215851262074997
1992858780468682752,1320483313518321664,Directed,1,MENTION,2089215850767061336
1992858780468682752,1320483313518321664,Directed,1,RETWEET,2089215850767061336
1082562762968985602,3069127473,Directed,1,MENTION,2089215850465415589
1082562762968985602,3069127473,Directed,1,RETWEET,2089215850465415589
711637877097037824,9451052,Directed,1,MENTION,2089215850012139756
711637877097037824,9451052,Directed,1,RETWEET,2089215850012139756
1509136716069838851,1590534110325481472,Directed,1,MENTION,2089215849559191679
1509136716069838851,1590534110325481472,Directed,1,RETWEET,2089215849559191679
48406413,428333,Directed,1,MENTION,2089215849219399863
48406413,428333,Directed,1,RETWEET,2089215849219399863
1811156204451762176,1320483313518321664,Directed,1,MENTION,2089215848359542793
1811156204451762176,1320483313518321664,Directed,1,RETWEET,2089215848359542793
1284972369895923713,1363585324660776970,Directed,1,MENTION,2089215847894036675
1284972369895923713,1363585324660776970,Directed,1,RETWEET,2089215847894036675
34507278,179583592,Directed,1,MENTION,2089215847654981697
34507278,179583592,Directed,1,RETWEET,2089215847654981697
1786974446978293761,1193761285948743680,Directed,1,MENTION,2089215847516487916
1786974446978293761,1193761285948743680,Directed,1,RETWEET,2089215847516487916
1655269857850699777,2806914710,Directed,1,MENTION,2089215846837362868
1655269857850699777,2806914710,Directed,1,RETWEET,2089215846837362868
882408443235123200,1138458175663988738,Directed,1,MENTION,2089215846405042344
882408443235123200,1138458175663988738,Directed,1,RETWEET,2089215846405042344
1415146411725836291,1679206110559891476,Directed,1,MENTION,2089215846178595190
1415146411725836291,1679206110559891476,Directed,1,RETWEET,2089215846178595190
1645235072633655298,1365486221204586496,Directed,1,MENTION,2089215845868204395
1645235072633655298,1365486221204586496,Directed,1,RETWEET,2089215845868204395
1626197654874083330,1339619325578240000,Directed,1,MENTION,2089215845784277004
1626197654874083330,1339619325578240000,Directed,1,RETWEET,2089215845784277004
935301526846889984,1320483313518321664,Directed,1,MENTION,2089215844987347197
935301526846889984,1320483313518321664,Directed,1,RETWEET,2089215844987347197
23573289,17525171,Directed,1,MENTION,2089215844874105301
23573289,17525171,Directed,1,RETWEET,2089215844874105301
997890467697115136,2806914710,Directed,1,MENTION,2089215844706374119
997890467697115136,2806914710,Directed,1,RETWEET,2089215844706374119
1028031492390367236,1193761285948743680,Directed,1,MENTION,2089215844618219564
1028031492390367236,1193761285948743680,Directed,1,RETWEET,2089215844618219564
602443921,1118898897131319296,Directed,1,MENTION,2089215844031037551
602443921,1118898897131319296,Directed,1,RETWEET,2089215844031037551
1338940540642078721,3117314104,Directed,1,MENTION,2089215843791991069
1338940540642078721,3117314104,Directed,1,RETWEET,2089215843791991069
333673658,101893838,Directed,1,MENTION,2089215842978251152
333673658,101893838,Directed,1,RETWEET,2089215842978251152
2057989099550826496,1795825365321170945,Directed,1,MENTION,2089215842563375357
2057989099550826496,1795825365321170945,Directed,1,RETWEET,2089215842563375357
1886178614988648448,796939233185255425,Directed,1,MENTION,2089215841749307413
1886178614988648448,796939233185255425,Directed,1,RETWEET,2089215841749307413
1364096806200569860,117518298,Directed,1,MENTION,2089215841367982488
1364096806200569860,117518298,Directed,1,RETWEET,2089215841367982488
1531510481625784320,1316655254306394112,Directed,1,MENTION,2089215841338261740
1531510481625784320,1316655254306394112,Directed,1,RETWEET,2089215841338261740
3310916953,1301888576951476226,Directed,1,MENTION,2089215840705188081
3310916953,1301888576951476226,Directed,1,RETWEET,2089215840705188081
1261322555136397312,1320483313518321664,Directed,1,MENTION,2089215840377843902
1261322555136397312,1320483313518321664,Directed,1,RETWEET,2089215840377843902
1967187986031968257,1722014154322575360,Directed,1,MENTION,2089215839463493973
1967187986031968257,1722014154322575360,Directed,1,RETWEET,2089215839463493973
1891332253076389888,1334293381938343937,Directed,1,MENTION,2089215839425736762
1891332253076389888,1334293381938343937,Directed,1,RETWEET,2089215839425736762
1866360294928265216,1795825365321170945,Directed,1,MENTION,2089215838280691797
1866360294928265216,1795825365321170945,Directed,1,RETWEET,2089215838280691797
1341952822812749824,29063026,Directed,1,MENTION,2089215837945106576
1341952822812749824,29063026,Directed,1,RETWEET,2089215837945106576
150038243,9451052,Directed,1,MENTION,2089215837706018856
150038243,9451052,Directed,1,RETWEET,2089215837706018856
55396269,1795825365321170945,Directed,1,MENTION,2089215837601157502
55396269,1795825365321170945,Directed,1,RETWEET,2089215837601157502
772937681777025024,1118898897131319296,Directed,1,MENTION,2089215837521822016
772937681777025024,1118898897131319296,Directed,1,RETWEET,2089215837521822016
147875185,17525171,Directed,1,MENTION,2089215835705368648
147875185,17525171,Directed,1,RETWEET,2089215835705368648
379141685,17525171,Directed,1,MENTION,2089215835621801997
379141685,17525171,Directed,1,RETWEET,2089215835621801997
1270104123678035969,1679206110559891476,Directed,1,MENTION,2089215835432780271
1270104123678035969,1679206110559891476,Directed,1,RETWEET,2089215835432780271
1132437687464595457,1590534110325481472,Directed,1,MENTION,2089215835403424026
1132437687464595457,1590534110325481472,Directed,1,RETWEET,2089215835403424026
1295971095342915586,286998245,Directed,1,MENTION,2089215835306963196
1295971095342915586,286998245,Directed,1,RETWEET,2089215835306963196
1205176335615897600,264464195,Directed,1,MENTION,2089215835193634964
1205176335615897600,264464195,Directed,1,RETWEET,2089215835193634964
3062429588,1365486221204586496,Directed,1,MENTION,2089215835026186685
3062429588,1365486221204586496,Directed,1,RETWEET,2089215835026186685
1685453351113179136,1550347852026724354,Directed,1,MENTION,2089215834195464276
1685453351113179136,1550347852026724354,Directed,1,RETWEET,2089215834195464276
1320141671011651586,1365486221204586496,Directed,1,MENTION,2089215834111475740
1320141671011651586,1365486221204586496,Directed,1,RETWEET,2089215834111475740
826097916481794050,1049054859520090113,Directed,1,MENTION,2089215833016803367
826097916481794050,1049054859520090113,Directed,1,RETWEET,2089215833016803367
1506964145924554754,1736076895882555392,Directed,1,MENTION,2089215832870277422
1506964145924554754,1736076895882555392,Directed,1,RETWEET,2089215832870277422
1998571700611592196,1320483313518321664,Directed,1,MENTION,2089215832387702932
1998571700611592196,1320483313518321664,Directed,1,RETWEET,2089215832387702932
317048701,1320483313518321664,Directed,1,MENTION,2089215831473275284
317048701,1320483313518321664,Directed,1,RETWEET,2089215831473275284
1219289254645256193,9451052,Directed,1,MENTION,2089215830949339322
1219289254645256193,9451052,Directed,1,RETWEET,2089215830949339322
385129118,273254214,Directed,1,MENTION,2089215830932537542
385129118,273254214,Directed,1,RETWEET,2089215830932537542
1555765619051610112,1320483313518321664,Directed,1,MENTION,2089215830466695271
1555765619051610112,1320483313518321664,Directed,1,RETWEET,2089215830466695271
1493901283665002497,1316655254306394112,Directed,1,MENTION,2089215829175152910
1493901283665002497,1316655254306394112,Directed,1,RETWEET,2089215829175152910
2084015514662088705,1550347852026724354,Directed,1,MENTION,2089215828835148192
2084015514662088705,1550347852026724354,Directed,1,RETWEET,2089215828835148192
1630581066686939140,988949341028024320,Directed,1,MENTION,2089215828717965608
1630581066686939140,988949341028024320,Directed,1,RETWEET,2089215828717965608
1588222885704990720,264119038,Directed,1,MENTION,2089215828680155260
1588222885704990720,264119038,Directed,1,RETWEET,2089215828680155260
789321350477410304,1320483313518321664,Directed,1,MENTION,2089215828524757481
789321350477410304,1320483313518321664,Directed,1,RETWEET,2089215828524757481
4809056896,1365486221204586496,Directed,1,MENTION,2089215828356985057
4809056896,1365486221204586496,Directed,1,RETWEET,2089215828356985057
1918968732,76766018,Directed,1,MENTION,2089215828134953152
1918968732,76766018,Directed,1,RETWEET,2089215828134953152
1400161750381740041,1365486221204586496,Directed,1,MENTION,2089215828046557595
1400161750381740041,1365486221204586496,Directed,1,RETWEET,2089215828046557595
1465543101259431939,780460754910732288,Directed,1,MENTION,2089215827652260119
1465543101259431939,780460754910732288,Directed,1,RETWEET,2089215827652260119
192131622,1341513951633412096,Directed,1,MENTION,2089215826931093821
1374480762162974721,1736076895882555392,Directed,1,MENTION,2089215826335268989
1374480762162974721,1736076895882555392,Directed,1,RETWEET,2089215826335268989
1542213625,76766018,Directed,1,MENTION,2089215825802920362
1542213625,76766018,Directed,1,RETWEET,2089215825802920362
1505018187229896706,1550347852026724354,Directed,1,MENTION,2089215825781686396
1505018187229896706,1550347852026724354,Directed,1,RETWEET,2089215825781686396
1338918866840383490,1550347852026724354,Directed,1,MENTION,2089215825261551699
1338918866840383490,1550347852026724354,Directed,1,RETWEET,2089215825261551699
2046717408493121536,264464195,Directed,1,MENTION,2089215824900858075
2046717408493121536,264464195,Directed,1,RETWEET,2089215824900858075
52415376,17446621,Directed,1,MENTION,2089215824670200319
755712929543008258,1193761285948743680,Directed,1,MENTION,2089215824602988850
755712929543008258,1193761285948743680,Directed,1,RETWEET,2089215824602988850
354408207,217438534,Directed,1,MENTION,2089215823646806274
354408207,217438534,Directed,1,RETWEET,2089215823646806274
1959004819613466624,1365486221204586496,Directed,1,MENTION,2089215821939675338
1959004819613466624,1365486221204586496,Directed,1,RETWEET,2089215821939675338
44415050,1301888576951476226,Directed,1,MENTION,2089215821872820366
44415050,1301888576951476226,Directed,1,RETWEET,2089215821872820366
2259733068,1382784423234445315,Directed,1,MENTION,2089215821637693513
2259733068,1382784423234445315,Directed,1,RETWEET,2089215821637693513
4487471599,887353242497273856,Directed,1,MENTION,2089215821553824046
4487471599,887353242497273856,Directed,1,RETWEET,2089215821553824046
1749647977713463296,1365486221204586496,Directed,1,MENTION,2089215821054722256
1749647977713463296,1365486221204586496,Directed,1,RETWEET,2089215821054722256
4337589853,264464195,Directed,1,MENTION,2089215820912292177
4337589853,264464195,Directed,1,RETWEET,2089215820912292177
1288571710157946881,1320483313518321664,Directed,1,MENTION,2089215820606140499
1288571710157946881,1320483313518321664,Directed,1,RETWEET,2089215820606140499
166655652,9451052,Directed,1,MENTION,2089215820568359309
166655652,9451052,Directed,1,RETWEET,2089215820568359309
1504187252674633728,217438534,Directed,1,MENTION,2089215820563894745
1504187252674633728,217438534,Directed,1,RETWEET,2089215820563894745
1917907919687073792,1183606359951982593,Directed,1,MENTION,2089215820396429557
1917907919687073792,1183606359951982593,Directed,1,RETWEET,2089215820396429557
1883934270978166784,780460754910732288,Directed,1,MENTION,2089215820312277300
1883934270978166784,780460754910732288,Directed,1,RETWEET,2089215820312277300
1659369102769618944,264119038,Directed,1,MENTION,2089215818517148081
1659369102769618944,264119038,Directed,1,RETWEET,2089215818517148081
1904644345329836032,264119038,Directed,1,MENTION,2089215818282188859
1904644345329836032,264119038,Directed,1,RETWEET,2089215818282188859
1949863208933634048,1147329967203766274,Directed,1,MENTION,2089215817808294041
1949863208933634048,1147329967203766274,Directed,1,RETWEET,2089215817808294041
792703790,17525171,Directed,1,MENTION,2089215817497870809
792703790,17525171,Directed,1,RETWEET,2089215817497870809
1786974446978293761,1590534110325481472,Directed,1,MENTION,2089215817422340284
1786974446978293761,1590534110325481472,Directed,1,RETWEET,2089215817422340284
1649245808460701697,117518298,Directed,1,MENTION,2089215816621588622
1649245808460701697,117518298,Directed,1,RETWEET,2089215816621588622
1279669362845052930,765208928657387520,Directed,1,MENTION,2089215816546062562
1279669362845052930,765208928657387520,Directed,1,RETWEET,2089215816546062562
601890942,286998245,Directed,1,MENTION,2089215816428605580
601890942,286998245,Directed,1,RETWEET,2089215816428605580
1183395285420138498,1118898897131319296,Directed,1,MENTION,2089215816369611058
1183395285420138498,1118898897131319296,Directed,1,RETWEET,2089215816369611058
757113188135469056,1365486221204586496,Directed,1,MENTION,2089215816210477313
757113188135469056,1365486221204586496,Directed,1,RETWEET,2089215816210477313
2005331515132321792,1590534110325481472,Directed,1,MENTION,2089215815849533482
2005331515132321792,1590534110325481472,Directed,1,RETWEET,2089215815849533482
1633998381524852736,534023,Directed,1,MENTION,2089215814817956155
1633998381524852736,534023,Directed,1,RETWEET,2089215814817956155
1565810016,17525171,Directed,1,MENTION,2089215814817690082
1565810016,17525171,Directed,1,RETWEET,2089215814817690082
1532001511986823168,264119038,Directed,1,MENTION,2089215814280896904
1532001511986823168,264119038,Directed,1,RETWEET,2089215814280896904
448567062,264119038,Directed,1,MENTION,2089215814171848754
448567062,264119038,Directed,1,RETWEET,2089215814171848754
242406213,1246970002823172096,Directed,1,MENTION,2089215813995659578
242406213,1246970002823172096,Directed,1,RETWEET,2089215813995659578
1850234798,2803025889,Directed,1,MENTION,2089215813920452667
1850234798,2803025889,Directed,1,RETWEET,2089215813920452667
2027673283106344960,1778615446121381888,Directed,1,MENTION,2089215813454549041
2027673283106344960,1778615446121381888,Directed,1,RETWEET,2089215813454549041
1265409720648699904,1519385353660080129,Directed,1,MENTION,2089215813148360958
1265409720648699904,1519385353660080129,Directed,1,RETWEET,2089215813148360958
1855090101908279296,264119038,Directed,1,MENTION,2089215813106479271
1855090101908279296,264119038,Directed,1,RETWEET,2089215813106479271
2862542385,1363585324660776970,Directed,1,MENTION,2089215812624175421
2862542385,1363585324660776970,Directed,1,RETWEET,2089215812624175421
1203458191453048837,264119038,Directed,1,MENTION,2089215812376682616
1203458191453048837,264119038,Directed,1,RETWEET,2089215812376682616
247667197,1679206110559891476,Directed,1,MENTION,2089215812305338421
247667197,1679206110559891476,Directed,1,RETWEET,2089215812305338421
1546709193725542400,1320483313518321664,Directed,1,MENTION,2089215811487404511
1546709193725542400,1320483313518321664,Directed,1,RETWEET,2089215811487404511
3021717587,117518298,Directed,1,MENTION,2089215811411951864
3021717587,117518298,Directed,1,RETWEET,2089215811411951864
2057989099550826496,1640929196,Directed,1,MENTION,2089215810736898414
2057989099550826496,1640929196,Directed,1,RETWEET,2089215810736898414
24315188,9451052,Directed,1,MENTION,2089215810162037008
24315188,9451052,Directed,1,RETWEET,2089215810162037008
2088034065924624384,9451052,Directed,1,MENTION,2089215810128720367
2088034065924624384,9451052,Directed,1,RETWEET,2089215810128720367
1542429864984096769,17446621,Directed,1,MENTION,2089215809893888193
1542429864984096769,17446621,Directed,1,RETWEET,2089215809893888193
1478087428950740993,9451052,Directed,1,MENTION,2089215809755422934
1478087428950740993,9451052,Directed,1,RETWEET,2089215809755422934
2272136916,1679206110559891476,Directed,1,MENTION,2089215809671381113
2272136916,1679206110559891476,Directed,1,RETWEET,2089215809671381113
879639457468628992,2806914710,Directed,1,MENTION,2089215809659035991
879639457468628992,2806914710,Directed,1,RETWEET,2089215809659035991
1789731106175995904,1416927705812045824,Directed,1,MENTION,2089215809457447023
1789731106175995904,1416927705812045824,Directed,1,RETWEET,2089215809457447023
1248458660277145601,264464195,Directed,1,MENTION,2089215809172222372
1248458660277145601,264464195,Directed,1,RETWEET,2089215809172222372
4133901263,1928548814,Directed,1,MENTION,2089215809079898416
4133901263,1928548814,Directed,1,RETWEET,2089215809079898416
878103650773721088,2806914710,Directed,1,MENTION,2089215808484302980
878103650773721088,2806914710,Directed,1,RETWEET,2089215808484302980
2874285073,2803025889,Directed,1,MENTION,2089215808371384558
2874285073,2803025889,Directed,1,RETWEET,2089215808371384558
1549257872,2806914710,Directed,1,MENTION,2089215808228450657
1549257872,2806914710,Directed,1,RETWEET,2089215808228450657
446519460,1320483313518321664,Directed,1,MENTION,2089215807817412611
446519460,1320483313518321664,Directed,1,RETWEET,2089215807817412611
1564301481624453122,217438534,Directed,1,MENTION,2089215807813280206
1564301481624453122,217438534,Directed,1,RETWEET,2089215807813280206
1505018187229896706,1339619325578240000,Directed,1,MENTION,2089215807448354963
1505018187229896706,1339619325578240000,Directed,1,RETWEET,2089215807448354963
329300153,264464195,Directed,1,MENTION,2089215807393874047
329300153,264464195,Directed,1,RETWEET,2089215807393874047
354150942,1193761285948743680,Directed,1,MENTION,2089215807221817622
354150942,1193761285948743680,Directed,1,RETWEET,2089215807221817622
16548960,52712735,Directed,1,MENTION,2089215806915616915
16548960,52712735,Directed,1,RETWEET,2089215806915616915
1749647977713463296,1320483313518321664,Directed,1,MENTION,2089215806311690685
1749647977713463296,1320483313518321664,Directed,1,RETWEET,2089215806311690685
2084015514662088705,1138458175663988738,Directed,1,MENTION,2089215806210998545
2084015514662088705,1138458175663988738,Directed,1,RETWEET,2089215806210998545
1411697242734428172,1550347852026724354,Directed,1,MENTION,2089215805691138364
1411697242734428172,1550347852026724354,Directed,1,RETWEET,2089215805691138364
1616113226344976385,764702007877709824,Directed,1,MENTION,2089215804218966354
1616113226344976385,764702007877709824,Directed,1,RETWEET,2089215804218966354
1273196337971040256,1193761285948743680,Directed,1,MENTION,2089215804155855122
1273196337971040256,1193761285948743680,Directed,1,RETWEET,2089215804155855122
1308335224196005888,1486473049146904576,Directed,1,MENTION,2089215804055449672
1308335224196005888,1486473049146904576,Directed,1,RETWEET,2089215804055449672
891852142415409153,173655563,Directed,1,MENTION,2089215803103039597
891852142415409153,173655563,Directed,1,RETWEET,2089215803103039597
701067845732589568,264464195,Directed,1,MENTION,2089215802033484255
701067845732589568,264464195,Directed,1,RETWEET,2089215802033484255
1178084924898844673,16331010,Directed,1,QUOTE,2089215801693720924
1241492924,17525171,Directed,1,MENTION,2089215800787833335
1241492924,17525171,Directed,1,RETWEET,2089215800787833335
182610120,264464195,Directed,1,MENTION,2089215800339247581
182610120,264464195,Directed,1,RETWEET,2089215800339247581
2040769670936948736,1953279699695616000,Directed,1,MENTION,2089215800305422428
2040769670936948736,1953279699695616000,Directed,1,RETWEET,2089215800305422428
3140792791,1320483313518321664,Directed,1,MENTION,2089215800129327210
3140792791,1320483313518321664,Directed,1,RETWEET,2089215800129327210
378583047,28785486,Directed,1,MENTION,2089215800116736470
378583047,28785486,Directed,1,RETWEET,2089215800116736470
2081965674696724480,1320483313518321664,Directed,1,MENTION,2089215799949205659
2081965674696724480,1320483313518321664,Directed,1,RETWEET,2089215799949205659
328230604,890110141,Directed,1,MENTION,2089215799340732471
328230604,890110141,Directed,1,RETWEET,2089215799340732471
1338918866840383490,179583592,Directed,1,MENTION,2089215799265308997
1338918866840383490,179583592,Directed,1,RETWEET,2089215799265308997
1388012951647494144,1320483313518321664,Directed,1,MENTION,2089215799160349041
1388012951647494144,1320483313518321664,Directed,1,RETWEET,2089215799160349041
1351754679978397697,1246970002823172096,Directed,1,MENTION,2089215799101968767
1351754679978397697,1246970002823172096,Directed,1,RETWEET,2089215799101968767
172643118,1320483313518321664,Directed,1,MENTION,2089215798812238152
172643118,1320483313518321664,Directed,1,RETWEET,2089215798812238152
1034147928695300096,582230335,Directed,1,MENTION,2089215797801390530
1034147928695300096,582230335,Directed,1,RETWEET,2089215797801390530
57349655,1320483313518321664,Directed,1,MENTION,2089215797293965446
57349655,1320483313518321664,Directed,1,RETWEET,2089215797293965446
1247835134,1193761285948743680,Directed,1,MENTION,2089215797000343991
1247835134,1193761285948743680,Directed,1,RETWEET,2089215797000343991
1873625704375652352,1365486221204586496,Directed,1,MENTION,2089215796811899158
1873625704375652352,1365486221204586496,Directed,1,RETWEET,2089215796811899158
1735732121933594624,1392913222034931719,Directed,1,MENTION,2089215796421566555
1735732121933594624,1392913222034931719,Directed,1,RETWEET,2089215796421566555
1253252162961932288,1320483313518321664,Directed,1,MENTION,2089215796316721190
1253252162961932288,1320483313518321664,Directed,1,RETWEET,2089215796316721190
2013360415942623232,217438534,Directed,1,MENTION,2089215796316635283
2013360415942623232,217438534,Directed,1,RETWEET,2089215796316635283
1168706147840212992,2803025889,Directed,1,MENTION,2089215796123943299
1168706147840212992,2803025889,Directed,1,RETWEET,2089215796123943299
1290784192373100550,17525171,Directed,1,MENTION,2089215795725218278
1290784192373100550,17525171,Directed,1,RETWEET,2089215795725218278
1789731106175995904,765564184465727488,Directed,1,MENTION,2089215794383126842
1789731106175995904,765564184465727488,Directed,1,RETWEET,2089215794383126842
1874997365612154880,61550741,Directed,1,MENTION,2089215793913348487
1874997365612154880,61550741,Directed,1,RETWEET,2089215793913348487
1580299127757447196,117518298,Directed,1,MENTION,2089215793858793875
1580299127757447196,117518298,Directed,1,RETWEET,2089215793858793875
803046569184464897,1334293381938343937,Directed,1,MENTION,2089215793703907364
803046569184464897,1334293381938343937,Directed,1,RETWEET,2089215793703907364
1543548581818163200,1365486221204586496,Directed,1,MENTION,2089215793628316001
1543548581818163200,1365486221204586496,Directed,1,RETWEET,2089215793628316001
2888211843,1320483313518321664,Directed,1,MENTION,2089215793544278048
2888211843,1320483313518321664,Directed,1,RETWEET,2089215793544278048
1856013588890083328,1990329876063420416,Directed,1,MENTION,2089215793259245779
1856013588890083328,1990329876063420416,Directed,1,RETWEET,2089215793259245779
1271692852167229440,1363585324660776970,Directed,1,MENTION,2089215792726589697
1271692852167229440,1363585324660776970,Directed,1,RETWEET,2089215792726589697
1794106527931879424,264464195,Directed,1,MENTION,2089215792726557053
1794106527931879424,264464195,Directed,1,RETWEET,2089215792726557053
2541264104,11744152,Directed,1,MENTION,2089215791883309098
2541264104,11744152,Directed,1,RETWEET,2089215791883309098
1619879221601386497,811682960743264256,Directed,1,MENTION,2089215790687879267
1619879221601386497,811682960743264256,Directed,1,RETWEET,2089215790687879267
1865098932864397312,217438534,Directed,1,MENTION,2089215790436205001
1865098932864397312,217438534,Directed,1,RETWEET,2089215790436205001
1256780164568166400,1550347852026724354,Directed,1,MENTION,2089215790339817503
1256780164568166400,1550347852026724354,Directed,1,RETWEET,2089215790339817503
988286604237295616,1990329876063420416,Directed,1,MENTION,2089215790302052797
988286604237295616,1990329876063420416,Directed,1,RETWEET,2089215790302052797
1238201954830036993,1795825365321170945,Directed,1,MENTION,2089215788687282655
1238201954830036993,1795825365321170945,Directed,1,RETWEET,2089215788687282655
1505322758946922501,264119038,Directed,1,MENTION,2089215788460785970
1505322758946922501,264119038,Directed,1,RETWEET,2089215788460785970
2190711619,1246970002823172096,Directed,1,MENTION,2089215788343607338
2190711619,1246970002823172096,Directed,1,RETWEET,2089215788343607338
429501462,2803025889,Directed,1,MENTION,2089215788251303961
429501462,2803025889,Directed,1,RETWEET,2089215788251303961
1249912719135985664,1320483313518321664,Directed,1,MENTION,2089215788062286244
1249912719135985664,1320483313518321664,Directed,1,RETWEET,2089215788062286244
1423864993225875457,1193761285948743680,Directed,1,MENTION,2089215787630223428
1423864993225875457,1193761285948743680,Directed,1,RETWEET,2089215787630223428
1022104734591852544,16331010,Directed,1,MENTION,2089215787303059888
1022104734591852544,16331010,Directed,1,RETWEET,2089215787303059888
1142953428601249792,1039282488416165888,Directed,1,MENTION,2089215787017949360
1142953428601249792,1039282488416165888,Directed,1,RETWEET,2089215787017949360
1860755184307077120,1365486221204586496,Directed,1,MENTION,2089215786497814832
1860755184307077120,1365486221204586496,Directed,1,RETWEET,2089215786497814832
1055917596,9451052,Directed,1,MENTION,2089215786069922113
1055917596,9451052,Directed,1,RETWEET,2089215786069922113
46745375,1590534110325481472,Directed,1,MENTION,2089215785797611832
46745375,1590534110325481472,Directed,1,RETWEET,2089215785797611832
1284551128382922753,2806914710,Directed,1,MENTION,2089215785436688512
1284551128382922753,2806914710,Directed,1,RETWEET,2089215785436688512
1734271829177499648,1795825365321170945,Directed,1,MENTION,2089215785008865577
1734271829177499648,1795825365321170945,Directed,1,RETWEET,2089215785008865577
1422978069808091141,2806914710,Directed,1,MENTION,2089215784773984321
1422978069808091141,2806914710,Directed,1,RETWEET,2089215784773984321
1090601462508544000,1363585324660776970,Directed,1,MENTION,2089215784664940770
1090601462508544000,1363585324660776970,Directed,1,RETWEET,2089215784664940770
127728860,264464195,Directed,1,MENTION,2089215784589684835
127728860,264464195,Directed,1,RETWEET,2089215784589684835
1796035205826027520,28785486,Directed,1,MENTION,2089215784405094776
1796035205826027520,28785486,Directed,1,RETWEET,2089215784405094776
872705065,1634992128173457408,Directed,1,MENTION,2089215783935033543
872705065,1634992128173457408,Directed,1,RETWEET,2089215783935033543
2002512435270561792,3117314104,Directed,1,MENTION,2089215783788285976
2002512435270561792,3117314104,Directed,1,RETWEET,2089215783788285976
1529059196183904260,117518298,Directed,1,MENTION,2089215783557644790
1529059196183904260,117518298,Directed,1,RETWEET,2089215783557644790
300040641,264464195,Directed,1,MENTION,2089215783515631882
300040641,264464195,Directed,1,RETWEET,2089215783515631882
354409273,1320483313518321664,Directed,1,MENTION,2089215783503003851
354409273,1320483313518321664,Directed,1,RETWEET,2089215783503003851
34507278,1316655254306394112,Directed,1,MENTION,2089215783381479443
34507278,1316655254306394112,Directed,1,RETWEET,2089215783381479443
1495288365062635523,1363585324660776970,Directed,1,MENTION,2089215783125557674
1495288365062635523,1363585324660776970,Directed,1,RETWEET,2089215783125557674
1107281327425011712,1118898897131319296,Directed,1,MENTION,2089215782899130649
1107281327425011712,1118898897131319296,Directed,1,RETWEET,2089215782899130649
341282456,1338867940792254465,Directed,1,MENTION,2089215782748393613
341282456,1338867940792254465,Directed,1,RETWEET,2089215782748393613
190405620,16331010,Directed,1,MENTION,2089215782332850611
190405620,16331010,Directed,1,RETWEET,2089215782332850611
2213936015,9451052,Directed,1,MENTION,2089215782227988487
2213936015,9451052,Directed,1,RETWEET,2089215782227988487
1723033702425325569,1320483313518321664,Directed,1,MENTION,2089215782097944881
1723033702425325569,1320483313518321664,Directed,1,RETWEET,2089215782097944881
1491836747055235079,2806914710,Directed,1,MENTION,2089215782010175781
1491836747055235079,2806914710,Directed,1,RETWEET,2089215782010175781
2378324935,286998245,Directed,1,MENTION,2089215781930254564
2378324935,286998245,Directed,1,RETWEET,2089215781930254564
1644887969701019648,1365486221204586496,Directed,1,MENTION,2089215781775057048
1644887969701019648,1365486221204586496,Directed,1,RETWEET,2089215781775057048
1558670990804226051,1679206110559891476,Directed,1,MENTION,2089215781439430869
1558670990804226051,1679206110559891476,Directed,1,RETWEET,2089215781439430869
1564301481624453122,1141112668180238336,Directed,1,MENTION,2089215781267530048
1564301481624453122,1141112668180238336,Directed,1,RETWEET,2089215781267530048
32136479,264464195,Directed,1,MENTION,2089215781263298575
32136479,264464195,Directed,1,RETWEET,2089215781263298575
55396269,1118898897131319296,Directed,1,MENTION,2089215780130824506
55396269,1118898897131319296,Directed,1,RETWEET,2089215780130824506
3042255246,1320483313518321664,Directed,1,MENTION,2089215780084953483
3042255246,1320483313518321664,Directed,1,RETWEET,2089215780084953483
2316811898,16331010,Directed,1,MENTION,2089215780013695202
2316811898,16331010,Directed,1,RETWEET,2089215780013695202
1894577857654927360,1320483313518321664,Directed,1,MENTION,2089215779912700186
1894577857654927360,1320483313518321664,Directed,1,RETWEET,2089215779912700186
871846366171025408,1795825365321170945,Directed,1,MENTION,2089215779908759681
871846366171025408,1795825365321170945,Directed,1,RETWEET,2089215779908759681
1388114559962161155,1550347852026724354,Directed,1,MENTION,2089215779833004064
1388114559962161155,1550347852026724354,Directed,1,RETWEET,2089215779833004064
1048673922,52712735,Directed,1,MENTION,2089215779644596671
1048673922,52712735,Directed,1,RETWEET,2089215779644596671
2245512464,765208928657387520,Directed,1,MENTION,2089215779027968055
2245512464,765208928657387520,Directed,1,RETWEET,2089215779027968055
1333663662582718465,1365486221204586496,Directed,1,MENTION,2089215778893582353
1333663662582718465,1365486221204586496,Directed,1,RETWEET,2089215778893582353
25752969,264464195,Directed,1,MENTION,2089215778721554475
25752969,264464195,Directed,1,RETWEET,2089215778721554475
961475419064209408,264464195,Directed,1,MENTION,2089215778079784977
961475419064209408,264464195,Directed,1,RETWEET,2089215778079784977
2798819519,1486473049146904576,Directed,1,MENTION,2089215777861751174
2798819519,1486473049146904576,Directed,1,RETWEET,2089215777861751174
1011746740352049154,1320483313518321664,Directed,1,MENTION,2089215777819746736
1011746740352049154,1320483313518321664,Directed,1,RETWEET,2089215777819746736
1509573348157792300,1365486221204586496,Directed,1,MENTION,2089215777564184994
1509573348157792300,1365486221204586496,Directed,1,RETWEET,2089215777564184994
1415836127538425860,1118898897131319296,Directed,1,MENTION,2089215777375150456
1415836127538425860,1118898897131319296,Directed,1,RETWEET,2089215777375150456
1979594028,1320483313518321664,Directed,1,MENTION,2089215776565629134
1979594028,1320483313518321664,Directed,1,RETWEET,2089215776565629134
1265882279219355649,1795825365321170945,Directed,1,MENTION,2089215776356290743
1265882279219355649,1795825365321170945,Directed,1,RETWEET,2089215776356290743
1595440719870758914,1193761285948743680,Directed,1,MENTION,2089215774355325014
1595440719870758914,1193761285948743680,Directed,1,RETWEET,2089215774355325014
4844140923,52712735,Directed,2,MENTION,2089215773575106835
4844140923,52712735,Directed,2,RETWEET,2089215773575106835
1796035205826027520,16664681,Directed,1,MENTION,2089215773474734518
1796035205826027520,16664681,Directed,1,RETWEET,2089215773474734518
399851715,1138458175663988738,Directed,1,MENTION,2089215773130850625
399851715,1138458175663988738,Directed,1,RETWEET,2089215773130850625
45740488,2806914710,Directed,1,MENTION,2089215773088587888
45740488,2806914710,Directed,1,RETWEET,2089215773088587888
761238065058877440,217438534,Directed,1,MENTION,2089215773059264844
761238065058877440,217438534,Directed,1,RETWEET,2089215773059264844
1108752832344150016,16331010,Directed,1,MENTION,2089215771776057613
1108752832344150016,16331010,Directed,1,RETWEET,2089215771776057613
1251375817847762944,1550347852026724354,Directed,1,MENTION,2089215770626863505
1251375817847762944,1550347852026724354,Directed,1,RETWEET,2089215770626863505
1388114559962161155,9451052,Directed,1,MENTION,2089215770408407372
1388114559962161155,9451052,Directed,1,RETWEET,2089215770408407372
16476364,1736076895882555392,Directed,1,MENTION,2089215770232528983
16476364,1736076895882555392,Directed,1,RETWEET,2089215770232528983
16506565,1138458175663988738,Directed,1,MENTION,2089215770232230055
16506565,1138458175663988738,Directed,1,RETWEET,2089215770232230055
4835076031,17525171,Directed,1,MENTION,2089215769787937022
4835076031,17525171,Directed,1,RETWEET,2089215769787937022
2366386920,887353242497273856,Directed,1,MENTION,2089215769653686648
2366386920,887353242497273856,Directed,1,RETWEET,2089215769653686648
757113188135469056,1118898897131319296,Directed,1,MENTION,2089215769397932415
757113188135469056,1118898897131319296,Directed,1,RETWEET,2089215769397932415
1328435326591778816,1320483313518321664,Directed,1,MENTION,2089215769309806753
1328435326591778816,1320483313518321664,Directed,1,RETWEET,2089215769309806753
878294849404813312,1365486221204586496,Directed,1,MENTION,2089215767963193442
878294849404813312,1365486221204586496,Directed,1,RETWEET,2089215767963193442
1589556605275758594,1795825365321170945,Directed,1,MENTION,2089215767690584219
1589556605275758594,1795825365321170945,Directed,1,RETWEET,2089215767690584219
743893287585615877,1320483313518321664,Directed,1,MENTION,2089215766960693727
743893287585615877,1320483313518321664,Directed,1,RETWEET,2089215766960693727
988286604237295616,1795825365321170945,Directed,1,MENTION,2089215766658687097
988286604237295616,1795825365321170945,Directed,1,RETWEET,2089215766658687097
245063689,1118898897131319296,Directed,1,MENTION,2089215766591578234
245063689,1118898897131319296,Directed,1,RETWEET,2089215766591578234
1614648797547855872,2078352943628296192,Directed,1,MENTION,2089215766029848655
1614648797547855872,2078352943628296192,Directed,1,RETWEET,2089215766029848655
1567305062539485185,1334293381938343937,Directed,1,MENTION,2089215765870170573
1567305062539485185,1334293381938343937,Directed,1,RETWEET,2089215765870170573
2407528892,117518298,Directed,1,MENTION,2089215765572358381
2407528892,117518298,Directed,1,RETWEET,2089215765572358381
39848038,1320483313518321664,Directed,1,MENTION,2089215765497200745
39848038,1320483313518321664,Directed,1,RETWEET,2089215765497200745
768111924538122243,16331010,Directed,1,MENTION,2089215764452585958
768111924538122243,16331010,Directed,1,RETWEET,2089215764452585958
3430251575,179583592,Directed,1,MENTION,2089215764238647597
3430251575,179583592,Directed,1,RETWEET,2089215764238647597
1194001630485598208,1365486221204586496,Directed,1,MENTION,2089215764142452913
1194001630485598208,1365486221204586496,Directed,1,RETWEET,2089215764142452913
33234303,264119038,Directed,1,MENTION,2089215764083699778
33234303,264119038,Directed,1,RETWEET,2089215764083699778
1277739728524083200,1486473049146904576,Directed,1,MENTION,2089215763274137752
1277739728524083200,1486473049146904576,Directed,1,RETWEET,2089215763274137752
354671991,1736076895882555392,Directed,1,MENTION,2089215762984558604
354671991,1736076895882555392,Directed,1,RETWEET,2089215762984558604
1823936322941411332,2806914710,Directed,1,MENTION,2089215762221166834
1823936322941411332,2806914710,Directed,1,RETWEET,2089215762221166834
808105285248315392,179583592,Directed,1,MENTION,2089215762040775127
808105285248315392,179583592,Directed,1,RETWEET,2089215762040775127
1072906826805596162,1363585324660776970,Directed,1,MENTION,2089215761696866815
1072906826805596162,1363585324660776970,Directed,1,RETWEET,2089215761696866815
953486007504199680,1795825365321170945,Directed,1,MENTION,2089215760652497021
953486007504199680,1795825365321170945,Directed,1,RETWEET,2089215760652497021
40777518,1118898897131319296,Directed,1,MENTION,2089215760593740165
40777518,1118898897131319296,Directed,1,RETWEET,2089215760593740165
843989087245778944,1551894349,Directed,1,MENTION,2089215760090497325
843989087245778944,1551894349,Directed,1,RETWEET,2089215760090497325
1385484620364275713,4429003533,Directed,1,MENTION,2089215759004127407
1385484620364275713,16331010,Directed,1,MENTION,2089215759004127407
1385484620364275713,4429003533,Directed,1,RETWEET,2089215759004127407
1934260459177115648,1550347852026724354,Directed,1,MENTION,2089215758970601931
1934260459177115648,1550347852026724354,Directed,1,RETWEET,2089215758970601931
352041280,9451052,Directed,1,MENTION,2089215758874067189
352041280,9451052,Directed,1,RETWEET,2089215758874067189
1380621463775027200,9451052,Directed,1,MENTION,2089215758765080697
1380621463775027200,9451052,Directed,1,RETWEET,2089215758765080697
1457498415563223044,1403014008781770758,Directed,1,MENTION,2089215758542791057
1457498415563223044,1403014008781770758,Directed,1,RETWEET,2089215758542791057
1547309493683462145,264119038,Directed,1,MENTION,2089215757917819139
1547309493683462145,264119038,Directed,1,RETWEET,2089215757917819139
400122577,264464195,Directed,1,MENTION,2089215757494133035
400122577,264464195,Directed,1,RETWEET,2089215757494133035
1535502780701347840,16331010,Directed,1,MENTION,2089215757087613164
1535502780701347840,16331010,Directed,1,RETWEET,2089215757087613164
1090601462508544000,4429003533,Directed,1,MENTION,2089215756542128299
1090601462508544000,16331010,Directed,1,MENTION,2089215756542128299
1090601462508544000,4429003533,Directed,1,RETWEET,2089215756542128299
1076296232119750656,1679206110559891476,Directed,1,MENTION,2089215756336607481
1076296232119750656,1679206110559891476,Directed,1,RETWEET,2089215756336607481
3292810460,2076271990453735425,Directed,1,MENTION,2089215756311343311
3292810460,2076271990453735425,Directed,1,RETWEET,2089215756311343311
591205803,1550347852026724354,Directed,1,MENTION,2089215755673891239
591205803,1550347852026724354,Directed,1,RETWEET,2089215755673891239
850392117713174528,1225955468125691904,Directed,1,MENTION,2089215755569041474
850392117713174528,1225955468125691904,Directed,1,RETWEET,2089215755569041474
1415902423240032259,217438534,Directed,1,MENTION,2089215755468284174
1415902423240032259,217438534,Directed,1,RETWEET,2089215755468284174
1707475621029318656,780460754910732288,Directed,1,MENTION,2089215755329933320
1707475621029318656,780460754910732288,Directed,1,RETWEET,2089215755329933320
1921014610897104899,1795825365321170945,Directed,1,MENTION,2089215754541445130
1921014610897104899,1795825365321170945,Directed,1,RETWEET,2089215754541445130
756905088724107264,264119038,Directed,1,MENTION,2089215754327478318
756905088724107264,264119038,Directed,1,RETWEET,2089215754327478318
112245414,179583592,Directed,1,MENTION,2089215754210037782
112245414,179583592,Directed,1,RETWEET,2089215754210037782
156762897,4429003533,Directed,1,MENTION,2089215753941606539
156762897,16331010,Directed,1,MENTION,2089215753941606539
156762897,4429003533,Directed,1,RETWEET,2089215753941606539
1249912719135985664,264464195,Directed,1,MENTION,2089215753878663425
1249912719135985664,264464195,Directed,1,RETWEET,2089215753878663425
1309303383547764737,1931836665187713024,Directed,1,MENTION,2089215753585406071
1309303383547764737,1931836665187713024,Directed,1,RETWEET,2089215753585406071
1099824856206659584,1581107613760212992,Directed,1,MENTION,2089215753140486549
1099824856206659584,1581107613760212992,Directed,1,RETWEET,2089215753140486549
1312641676767264768,1320483313518321664,Directed,1,MENTION,2089215752695865497
1312641676767264768,1320483313518321664,Directed,1,RETWEET,2089215752695865497
1149385662245851136,1403014008781770758,Directed,1,MENTION,2089215752364605739
1149385662245851136,1403014008781770758,Directed,1,RETWEET,2089215752364605739
1256311212574412800,759783710803714050,Directed,1,MENTION,2089215752272306649
1256311212574412800,759783710803714050,Directed,1,RETWEET,2089215752272306649
976691692567912450,1301888576951476226,Directed,1,MENTION,2089215749621493985
976691692567912450,1301888576951476226,Directed,1,RETWEET,2089215749621493985
32199544,264119038,Directed,1,MENTION,2089215749231673758
32199544,264119038,Directed,1,RETWEET,2089215749231673758
2877960079,1193761285948743680,Directed,1,MENTION,2089215749168693459
2877960079,1193761285948743680,Directed,1,RETWEET,2089215749168693459
1070365651095707649,1590534110325481472,Directed,1,MENTION,2089215748778360834
1070365651095707649,1590534110325481472,Directed,1,RETWEET,2089215748778360834
989023360007860224,52712735,Directed,1,MENTION,2089215747335827757
989023360007860224,52712735,Directed,1,RETWEET,2089215747335827757
267648685,17446621,Directed,1,MENTION,2089215747230716037
267648685,17446621,Directed,1,RETWEET,2089215747230716037
848421055479808000,17525171,Directed,1,MENTION,2089215747008467082
848421055479808000,17525171,Directed,1,RETWEET,2089215747008467082
1717146369054363648,1478563993572814848,Directed,1,MENTION,2089215746777694667
1717146369054363648,16331010,Directed,1,MENTION,2089215746777694667
1717146369054363648,1478563993572814848,Directed,1,RETWEET,2089215746777694667
1606871140542341120,52712735,Directed,1,MENTION,2089215746320613527
1606871140542341120,52712735,Directed,1,RETWEET,2089215746320613527
1873625704375652352,811682960743264256,Directed,1,MENTION,2089215746077602215
1873625704375652352,811682960743264256,Directed,1,RETWEET,2089215746077602215
1350627331237298176,16331010,Directed,1,MENTION,2089215745716625650
1350627331237298176,16331010,Directed,1,RETWEET,2089215745716625650
1041464574044721154,1115495508519182336,Directed,1,MENTION,2089215745519690194
1041464574044721154,1115495508519182336,Directed,1,RETWEET,2089215745519690194
1518687005785399296,264119038,Directed,1,MENTION,2089215745179750454
1518687005785399296,264119038,Directed,1,RETWEET,2089215745179750454
1076296232119750656,264464195,Directed,1,MENTION,2089215745154580920
1076296232119750656,264464195,Directed,1,RETWEET,2089215745154580920
963449252,139283076,Directed,1,MENTION,2089215744902943068
963449252,139283076,Directed,1,RETWEET,2089215744902943068
1717150265894223872,838664052045975554,Directed,1,MENTION,2089215744336695720
1717150265894223872,780460754910732288,Directed,1,MENTION,2089215744336695720
1717150265894223872,838664052045975554,Directed,1,RETWEET,2089215744336695720
1974656795864961024,1581107613760212992,Directed,1,MENTION,2089215743191609717
1974656795864961024,1581107613760212992,Directed,1,RETWEET,2089215743191609717
841865930716151809,1320483313518321664,Directed,1,MENTION,2089215742969258011
841865930716151809,1320483313518321664,Directed,1,RETWEET,2089215742969258011
168662310,16331010,Directed,1,MENTION,2089215742600229318
168662310,16331010,Directed,1,RETWEET,2089215742600229318
1263668500662497281,16331010,Directed,1,MENTION,2089215742537318599
1263668500662497281,16331010,Directed,1,RETWEET,2089215742537318599
850564886182547456,1781791974502146048,Directed,1,MENTION,2089215742247932106
850564886182547456,1781791974502146048,Directed,1,RETWEET,2089215742247932106
121907763,1382784423234445315,Directed,1,MENTION,2089215741648343219
121907763,1382784423234445315,Directed,1,RETWEET,2089215741648343219
76779786,1447765566161313792,Directed,1,QUOTE,2089215741224534525
1276834302710493184,1118898897131319296,Directed,1,MENTION,2089215741060931744
1276834302710493184,1118898897131319296,Directed,1,RETWEET,2089215741060931744
1734271829177499648,1919329460203212800,Directed,1,MENTION,2089215740771475767
1734271829177499648,1919329460203212800,Directed,1,RETWEET,2089215740771475767
921810792,1679206110559891476,Directed,1,MENTION,2089215740402430252
921810792,1679206110559891476,Directed,1,RETWEET,2089215740402430252
1133675759728517120,45500908,Directed,1,MENTION,2089215740360753579
1133675759728517120,45500908,Directed,1,RETWEET,2089215740360753579
1421931619817070592,1367531,Directed,1,MENTION,2089215740033351824
1421931619817070592,1367531,Directed,1,RETWEET,2089215740033351824
1397252131166511107,17525171,Directed,1,MENTION,2089215739840639409
1397252131166511107,17525171,Directed,1,RETWEET,2089215739840639409
412476643,1679206110559891476,Directed,1,MENTION,2089215739794198740
412476643,1679206110559891476,Directed,1,RETWEET,2089215739794198740
1145183721127075844,9451052,Directed,1,MENTION,2089215739077018049
1145183721127075844,9451052,Directed,1,RETWEET,2089215739077018049
1431650819540062223,1365486221204586496,Directed,1,MENTION,2089215738737533320
1431650819540062223,1365486221204586496,Directed,1,RETWEET,2089215738737533320
1475546871426793478,4429003533,Directed,1,MENTION,2089215737416061000
1475546871426793478,16331010,Directed,1,MENTION,2089215737416061000
1475546871426793478,4429003533,Directed,1,RETWEET,2089215737416061000
1089593370060771328,264119038,Directed,1,MENTION,2089215737235750915
1089593370060771328,264119038,Directed,1,RETWEET,2089215737235750915
1465788362476994564,76766018,Directed,1,MENTION,2089215736849850403
1465788362476994564,76766018,Directed,1,RETWEET,2089215736849850403
2077915165807517696,1640913701808078851,Directed,1,MENTION,2089215736267035043
2077915165807517696,1640913701808078851,Directed,1,RETWEET,2089215736267035043
1478447146789744644,1320483313518321664,Directed,1,MENTION,2089215733846741400
1478447146789744644,1320483313518321664,Directed,1,RETWEET,2089215733846741400
47668774,1581107613760212992,Directed,1,MENTION,2089215733544665335
47668774,1581107613760212992,Directed,1,RETWEET,2089215733544665335
335792796,1298153582500499457,Directed,1,MENTION,2089215733393674354
335792796,1298153582500499457,Directed,1,RETWEET,2089215733393674354
718225313797402627,1246970002823172096,Directed,1,MENTION,2089215732722852102
718225313797402627,1246970002823172096,Directed,1,RETWEET,2089215732722852102
979914069686792192,1320483313518321664,Directed,1,MENTION,2089215732705866238
979914069686792192,1320483313518321664,Directed,1,RETWEET,2089215732705866238
2315488596,264464195,Directed,1,MENTION,2089215732227756435
2315488596,264464195,Directed,1,RETWEET,2089215732227756435
267648685,1115495508519182336,Directed,1,MENTION,2089215732219269330
267648685,1115495508519182336,Directed,1,RETWEET,2089215732219269330
1795652365267111937,117518298,Directed,1,MENTION,2089215731359498528
1795652365267111937,117518298,Directed,1,RETWEET,2089215731359498528
803432639621431296,16331010,Directed,1,MENTION,2089215731300778068
803432639621431296,16331010,Directed,1,RETWEET,2089215731300778068
1318268103868870656,1367531,Directed,1,MENTION,2089215730869014833
1318268103868870656,1367531,Directed,1,RETWEET,2089215730869014833
976691692567912450,264464195,Directed,1,MENTION,2089215729715318858
976691692567912450,264464195,Directed,1,RETWEET,2089215729715318858
2865707512,52712735,Directed,1,MENTION,2089215729602097552
2865707512,52712735,Directed,1,RETWEET,2089215729602097552
1470972149754216455,1581107613760212992,Directed,1,MENTION,2089215729581056137
1470972149754216455,1581107613760212992,Directed,1,RETWEET,2089215729581056137
2063678829025968128,1320483313518321664,Directed,1,MENTION,2089215728637362280
2063678829025968128,1320483313518321664,Directed,1,RETWEET,2089215728637362280
1049109160724447235,1334293381938343937,Directed,1,MENTION,2089215728562184423
1049109160724447235,1334293381938343937,Directed,1,RETWEET,2089215728562184423
1729259028,16331010,Directed,1,MENTION,2089215728171790742
1729259028,16331010,Directed,1,RETWEET,2089215728171790742
1936007714708320256,4429003533,Directed,1,MENTION,2089215727945527732
1936007714708320256,16331010,Directed,1,MENTION,2089215727945527732
1936007714708320256,4429003533,Directed,1,RETWEET,2089215727945527732
869829990,1246970002823172096,Directed,1,MENTION,2089215727890800889
869829990,1246970002823172096,Directed,1,RETWEET,2089215727890800889
83850600,17525171,Directed,1,MENTION,2089215727538675820
83850600,17525171,Directed,1,RETWEET,2089215727538675820
1164982633748525056,1320483313518321664,Directed,1,MENTION,2089215727073104098
1164982633748525056,1320483313518321664,Directed,1,RETWEET,2089215727073104098
1964200006971510784,1590534110325481472,Directed,1,MENTION,2089215726561513592
1964200006971510784,1590534110325481472,Directed,1,RETWEET,2089215726561513592
1041464574044721154,16331010,Directed,1,MENTION,2089215726334996775
1041464574044721154,16331010,Directed,1,RETWEET,2089215726334996775
865715933972529152,1320483313518321664,Directed,1,MENTION,2089215726079140262
865715933972529152,1320483313518321664,Directed,1,RETWEET,2089215726079140262
1238201954830036993,117518298,Directed,1,MENTION,2089215726066241646
1238201954830036993,117518298,Directed,1,RETWEET,2089215726066241646
1276214552359776260,264119038,Directed,1,MENTION,2089215725525246406
1276214552359776260,264119038,Directed,1,RETWEET,2089215725525246406
1949863208933634048,1182864496018149376,Directed,1,MENTION,2089215725395235292
1949863208933634048,1182864496018149376,Directed,1,RETWEET,2089215725395235292
1460441129023905796,1246970002823172096,Directed,1,MENTION,2089215725269401747
1460441129023905796,1246970002823172096,Directed,1,RETWEET,2089215725269401747
1795652365267111937,264464195,Directed,1,MENTION,2089215724858356150
1795652365267111937,264464195,Directed,1,RETWEET,2089215724858356150
1626197654874083330,216177858,Directed,1,MENTION,2089215724858269982
1626197654874083330,216177858,Directed,1,RETWEET,2089215724858269982
1535733886080229376,264464195,Directed,1,MENTION,2089215724644368475
1535733886080229376,264464195,Directed,1,RETWEET,2089215724644368475
1930058698568937474,52712735,Directed,1,MENTION,2089215724237803601
1930058698568937474,52712735,Directed,1,RETWEET,2089215724237803601
897969926924681216,1392913222034931719,Directed,1,MENTION,2089215723608670280
897969926924681216,1392913222034931719,Directed,1,RETWEET,2089215723608670280
1210295591093362688,1736076895882555392,Directed,1,MENTION,2089215723339919595
1210295591093362688,1736076895882555392,Directed,1,RETWEET,2089215723339919595
328230604,1183606359951982593,Directed,1,MENTION,2089215722207555756
328230604,1183606359951982593,Directed,1,RETWEET,2089215722207555756
1612692155855933441,1316655254306394112,Directed,1,MENTION,2089215722039972186
1612692155855933441,1316655254306394112,Directed,1,RETWEET,2089215722039972186
1359689509185667075,117518298,Directed,1,MENTION,2089215721960022034
1359689509185667075,117518298,Directed,1,RETWEET,2089215721960022034
1214937091659964417,76766018,Directed,1,MENTION,2089215721398055236
1214937091659964417,76766018,Directed,1,REPLY,2089215721398055236
1816511492419670022,1138458175663988738,Directed,1,MENTION,2089215720747925577
1816511492419670022,1138458175663988738,Directed,1,RETWEET,2089215720747925577
3706913294,264464195,Directed,1,MENTION,2089215720705950049
3706913294,264464195,Directed,1,RETWEET,2089215720705950049
1580582243411664898,264464195,Directed,1,MENTION,2089215719804117110
1580582243411664898,264464195,Directed,1,RETWEET,2089215719804117110
1062097760650964992,1095233856016244736,Directed,1,MENTION,2089215718566907984
1062097760650964992,1095233856016244736,Directed,1,RETWEET,2089215718566907984
263876133,20108560,Directed,1,MENTION,2089215718394896697
263876133,20108560,Directed,1,RETWEET,2089215718394896697
1497019997813575692,2826977876,Directed,1,MENTION,2089215718265127059
1497019997813575692,2826977876,Directed,1,RETWEET,2089215718265127059
1581894568781352960,811682960743264256,Directed,1,MENTION,2089215717686358490
1581894568781352960,811682960743264256,Directed,1,RETWEET,2089215717686358490
1773947944451837952,1550347852026724354,Directed,1,MENTION,2089215717459763433
1773947944451837952,1550347852026724354,Directed,1,RETWEET,2089215717459763433
2963234769,217438534,Directed,1,MENTION,2089215717077815804
2963234769,217438534,Directed,1,RETWEET,2089215717077815804
1885548292509229057,1182864496018149376,Directed,1,MENTION,2089215717014986840
1885548292509229057,1182864496018149376,Directed,1,RETWEET,2089215717014986840
761659243879628800,7587032,Directed,1,MENTION,2089215716859732142
761659243879628800,7587032,Directed,1,RETWEET,2089215716859732142
1786248313894731776,1301888576951476226,Directed,1,MENTION,2089215716490662155
1786248313894731776,1301888576951476226,Directed,1,RETWEET,2089215716490662155
335792796,1255456903406202882,Directed,1,MENTION,2089215716180320332
335792796,1255456903406202882,Directed,1,RETWEET,2089215716180320332
1883934270978166784,9451052,Directed,1,MENTION,2089215716096360503
1883934270978166784,9451052,Directed,1,RETWEET,2089215716096360503
290901441,264119038,Directed,1,MENTION,2089215715551101226
290901441,264119038,Directed,1,RETWEET,2089215715551101226
494745082,1298153582500499457,Directed,1,MENTION,2089215714897056081
494745082,1298153582500499457,Directed,1,RETWEET,2089215714897056081
972582233172250625,17525171,Directed,1,MENTION,2089215714112512031
972582233172250625,17525171,Directed,1,RETWEET,2089215714112512031
1396190269494726657,1590534110325481472,Directed,1,MENTION,2089215713969893623
1396190269494726657,1590534110325481472,Directed,1,RETWEET,2089215713969893623
1955683273847545856,16331010,Directed,1,MENTION,2089215713877819579
1955683273847545856,16331010,Directed,1,RETWEET,2089215713877819579
1729259028,264119038,Directed,1,MENTION,2089215713504268625
1729259028,264119038,Directed,1,RETWEET,2089215713504268625
45455462,264119038,Directed,1,MENTION,2089215712539590778
45455462,264119038,Directed,1,RETWEET,2089215712539590778
1427701969272164361,273254214,Directed,1,MENTION,2089215712476708935
1427701969272164361,273254214,Directed,1,RETWEET,2089215712476708935
1473439627910524928,139283076,Directed,1,MENTION,2089215712451502366
1473439627910524928,139283076,Directed,1,RETWEET,2089215712451502366
808209882,1590534110325481472,Directed,1,MENTION,2089215712283807924
808209882,1590534110325481472,Directed,1,RETWEET,2089215712283807924
280139210,1679206110559891476,Directed,1,MENTION,2089215710580887662
280139210,1679206110559891476,Directed,1,RETWEET,2089215710580887662
1668424375,1193761285948743680,Directed,1,MENTION,2089215710115270800
1668424375,1193761285948743680,Directed,1,RETWEET,2089215710115270800
1747236414901678080,975195434,Directed,1,MENTION,2089215709234503794
1747236414901678080,975195434,Directed,1,RETWEET,2089215709234503794
38290544,1193761285948743680,Directed,1,MENTION,2089215709054198263
38290544,1193761285948743680,Directed,1,RETWEET,2089215709054198263
1509136716069838851,1271450338932019201,Directed,1,MENTION,2089215709037330502
1509136716069838851,1271450338932019201,Directed,1,RETWEET,2089215709037330502
192131622,181462148,Directed,1,MENTION,2089215708857291173
1789531570254082048,1965984789556563968,Directed,1,MENTION,2089215708810912253
1789531570254082048,1965984789556563968,Directed,1,RETWEET,2089215708810912253
1328781456802521091,264464195,Directed,1,MENTION,2089215707670065559
1328781456802521091,264464195,Directed,1,RETWEET,2089215707670065559
4844140923,2883841,Directed,1,MENTION,2089215707477139836
4844140923,2883841,Directed,1,RETWEET,2089215707477139836
1233923229032468481,1138458175663988738,Directed,1,MENTION,2089215706709852246
1233923229032468481,1138458175663988738,Directed,1,RETWEET,2089215706709852246
326605528,17446621,Directed,1,MENTION,2089215706693038387
326605528,17446621,Directed,1,RETWEET,2089215706693038387
1141226737,1854608907819495424,Directed,1,MENTION,2089215706474611153
1141226737,1854608907819495424,Directed,1,RETWEET,2089215706474611153
1122256983837401088,118851968,Directed,1,MENTION,2089215706227511566
1122256983837401088,118851968,Directed,1,RETWEET,2089215706227511566
1072235064921079809,9451052,Directed,1,MENTION,2089215705837154770
1072235064921079809,9451052,Directed,1,RETWEET,2089215705837154770
238848852,45500908,Directed,1,MENTION,2089215705711349761
238848852,45500908,Directed,1,RETWEET,2089215705711349761
1139272147396939778,1320483313518321664,Directed,1,MENTION,2089215705484869642
1139272147396939778,1320483313518321664,Directed,1,RETWEET,2089215705484869642
2213678672,887353242497273856,Directed,1,MENTION,2089215705229017198
2213678672,887353242497273856,Directed,1,RETWEET,2089215705229017198
4237093701,1550347852026724354,Directed,1,MENTION,2089215704645984737
4237093701,1550347852026724354,Directed,1,RETWEET,2089215704645984737
1450912819482877969,264464195,Directed,1,MENTION,2089215704515871212
1450912819482877969,264464195,Directed,1,RETWEET,2089215704515871212
197252230,1403014008781770758,Directed,1,MENTION,2089215704423973115
197252230,1403014008781770758,Directed,1,RETWEET,2089215704423973115
1255501948398252033,139283076,Directed,1,MENTION,2089215704146874443
1255501948398252033,139283076,Directed,1,RETWEET,2089215704146874443
1752054880171438080,452540168,Directed,1,MENTION,2089215704096797091
1752054880171438080,452540168,Directed,1,RETWEET,2089215704096797091
1453580172540715008,2597157732,Directed,1,MENTION,2089215703974851070
1453580172540715008,2597157732,Directed,1,RETWEET,2089215703974851070
356896299,1298153582500499457,Directed,1,MENTION,2089215703568044514
356896299,1298153582500499457,Directed,1,RETWEET,2089215703568044514
1790274156899995648,1338867940792254465,Directed,1,MENTION,2089215703198900680
1790274156899995648,1338867940792254465,Directed,1,RETWEET,2089215703198900680
1996202504275828736,4429003533,Directed,1,MENTION,2089215702981083146
1996202504275828736,16331010,Directed,1,MENTION,2089215702981083146
1996202504275828736,4429003533,Directed,1,RETWEET,2089215702981083146
2580350129,4429003533,Directed,1,MENTION,2089215702905266305
2580350129,16331010,Directed,1,MENTION,2089215702905266305
2580350129,4429003533,Directed,1,RETWEET,2089215702905266305
281845765,1365486221204586496,Directed,1,MENTION,2089215702590947366
281845765,1365486221204586496,Directed,1,RETWEET,2089215702590947366
738963785612812288,907399367769968640,Directed,1,MENTION,2089215702326735062
738963785612812288,907399367769968640,Directed,1,RETWEET,2089215702326735062
946390931355430913,1581107613760212992,Directed,1,MENTION,2089215702263538031
946390931355430913,1581107613760212992,Directed,1,RETWEET,2089215702263538031
1496596394156519427,1246970002823172096,Directed,1,MENTION,2089215702146461830
1496596394156519427,1246970002823172096,Directed,1,RETWEET,2089215702146461830
1656469565348651008,1320483313518321664,Directed,1,MENTION,2089215702146146623
1656469565348651008,1320483313518321664,Directed,1,RETWEET,2089215702146146623
783693906,1795825365321170945,Directed,1,MENTION,2089215701982618068
783693906,1795825365321170945,Directed,1,RETWEET,2089215701982618068
1606502765257261059,1363585324660776970,Directed,1,MENTION,2089215701688951090
1606502765257261059,1363585324660776970,Directed,1,RETWEET,2089215701688951090
1286521197522571264,1365486221204586496,Directed,1,MENTION,2089215701340803186
1286521197522571264,1365486221204586496,Directed,1,RETWEET,2089215701340803186
1351588079325339652,264464195,Directed,1,MENTION,2089215700296409445
1351588079325339652,264464195,Directed,1,RETWEET,2089215700296409445
2409776168,16331010,Directed,1,MENTION,2089215699948331306
2409776168,16331010,Directed,1,RETWEET,2089215699948331306
1355711022984794116,780460754910732288,Directed,1,MENTION,2089215699881275832
1355711022984794116,780460754910732288,Directed,1,RETWEET,2089215699881275832
2886502574,780460754910732288,Directed,1,MENTION,2089215699520508234
2886502574,780460754910732288,Directed,1,RETWEET,2089215699520508234
28844879,25399451,Directed,1,MENTION,2089215699054956689
28844879,25399451,Directed,1,RETWEET,2089215699054956689
632282079,26506834,Directed,1,MENTION,2089215698631557500
632282079,26506834,Directed,1,RETWEET,2089215698631557500
1680506807201013763,17525171,Directed,1,MENTION,2089215697846972590
1680506807201013763,17525171,Directed,1,RETWEET,2089215697846972590
1910362707527864320,264119038,Directed,1,MENTION,2089215697658474718
1910362707527864320,264119038,Directed,1,RETWEET,2089215697658474718
1214937091659964417,76766018,Directed,1,QUOTE,2089215697490493745
1408860310115602443,1320483313518321664,Directed,1,MENTION,2089215697477836845
1408860310115602443,1320483313518321664,Directed,1,RETWEET,2089215697477836845
1188334335285288960,217438534,Directed,1,MENTION,2089215696794484971
1188334335285288960,217438534,Directed,1,RETWEET,2089215696794484971
1209267756106964992,1679206110559891476,Directed,1,MENTION,2089215696769077453
1209267756106964992,1679206110559891476,Directed,1,RETWEET,2089215696769077453
1540500361483632642,1246970002823172096,Directed,1,MENTION,2089215696727142797
1540500361483632642,1246970002823172096,Directed,1,RETWEET,2089215696727142797
412808700,16331010,Directed,1,MENTION,2089215696500674650
412808700,16331010,Directed,1,RETWEET,2089215696500674650
1105999425783164930,264464195,Directed,1,MENTION,2089215696362225983
1105999425783164930,264464195,Directed,1,RETWEET,2089215696362225983
1583994183639093248,1118898897131319296,Directed,1,MENTION,2089215695582089551
1583994183639093248,1118898897131319296,Directed,1,RETWEET,2089215695582089551
421992276,16331010,Directed,1,MENTION,2089215695099658371
421992276,16331010,Directed,1,RETWEET,2089215695099658371
1465910538437894147,1513632805078634500,Directed,1,MENTION,2089215694994850065
1465910538437894147,1513632805078634500,Directed,1,RETWEET,2089215694994850065
2087065679342043136,1679206110559891476,Directed,1,MENTION,2089215694965559662
2087065679342043136,1679206110559891476,Directed,1,RETWEET,2089215694965559662
1937414945336901633,1320483313518321664,Directed,1,MENTION,2089215694906822772
1937414945336901633,1320483313518321664,Directed,1,RETWEET,2089215694906822772
391529570,887353242497273856,Directed,1,MENTION,2089215694625796461
391529570,887353242497273856,Directed,1,RETWEET,2089215694625796461
1481106394493468672,1918051247757856768,Directed,1,MENTION,2089215694449647750
1481106394493468672,1918051247757856768,Directed,1,RETWEET,2089215694449647750
95581984,759783710803714050,Directed,1,MENTION,2089215693971472460
95581984,759783710803714050,Directed,1,RETWEET,2089215693971472460
706703621283520512,1320483313518321664,Directed,1,MENTION,2089215693875012035
706703621283520512,1320483313518321664,Directed,1,RETWEET,2089215693875012035
3294495828,1736076895882555392,Directed,1,MENTION,2089215693812056565
3294495828,1736076895882555392,Directed,1,RETWEET,2089215693812056565
950634503000621057,1486473049146904576,Directed,1,MENTION,2089215693749121283
950634503000621057,1486473049146904576,Directed,1,RETWEET,2089215693749121283
904693981870571520,1795825365321170945,Directed,1,MENTION,2089215693497712919
904693981870571520,1795825365321170945,Directed,1,RETWEET,2089215693497712919
737929982018768900,1550347852026724354,Directed,1,MENTION,2089215692776059342
737929982018768900,1550347852026724354,Directed,1,RETWEET,2089215692776059342
1734341570,2764080110,Directed,1,MENTION,2089215691878510730
1734341570,2764080110,Directed,1,RETWEET,2089215691878510730
103410008,9451052,Directed,1,MENTION,2089215691639374263
103410008,9451052,Directed,1,RETWEET,2089215691639374263
716328085784772609,17525171,Directed,1,MENTION,2089215691001917453
716328085784772609,17525171,Directed,1,RETWEET,2089215691001917453
1261843103926956033,1182864496018149376,Directed,1,MENTION,2089215690976776548
1261843103926956033,1182864496018149376,Directed,1,RETWEET,2089215690976776548
872705065,975195434,Directed,1,MENTION,2089215690418909565
872705065,975195434,Directed,1,RETWEET,2089215690418909565
1855459635215384576,811682960743264256,Directed,1,MENTION,2089215690347610452
1855459635215384576,811682960743264256,Directed,1,RETWEET,2089215690347610452
1447546379123953677,1581107613760212992,Directed,1,MENTION,2089215690255323141
1447546379123953677,1581107613760212992,Directed,1,RETWEET,2089215690255323141
1334247380120707079,412808700,Directed,1,MENTION,2089215690251043101
1334247380120707079,412808700,Directed,1,RETWEET,2089215690251043101
947073118538887168,755185741655789568,Directed,1,MENTION,2089215689827725655
947073118538887168,755185741655789568,Directed,1,RETWEET,2089215689827725655
1093328347,9451052,Directed,1,MENTION,2089215689806479591
1093328347,9451052,Directed,1,RETWEET,2089215689806479591
934539126,1682566005615124480,Directed,1,MENTION,2089215689521258660
934539126,5402612,Directed,1,MENTION,2089215689521258660
934539126,1682566005615124480,Directed,1,RETWEET,2089215689521258660
771382728,1736076895882555392,Directed,1,MENTION,2089215689441587261
771382728,1736076895882555392,Directed,1,RETWEET,2089215689441587261
2424454076,1193761285948743680,Directed,1,MENTION,2089215689429029181
2424454076,1193761285948743680,Directed,1,RETWEET,2089215689429029181
734111818306592768,1581107613760212992,Directed,1,MENTION,2089215689202499932
734111818306592768,1581107613760212992,Directed,1,RETWEET,2089215689202499932
335792796,2609163074,Directed,1,MENTION,2089215689038942324
335792796,2609163074,Directed,1,RETWEET,2089215689038942324
1954927769114337280,811682960743264256,Directed,1,MENTION,2089215688875667461
1954927769114337280,811682960743264256,Directed,1,RETWEET,2089215688875667461
1566768105715646471,264119038,Directed,1,MENTION,2089215688787321222
1566768105715646471,264119038,Directed,1,RETWEET,2089215688787321222
1910635602632134656,1141112668180238336,Directed,1,MENTION,2089215688233848870
1910635602632134656,1141112668180238336,Directed,1,RETWEET,2089215688233848870
495249848,765208928657387520,Directed,1,MENTION,2089215687424147480
495249848,765208928657387520,Directed,1,RETWEET,2089215687424147480
1049109160724447235,117518298,Directed,1,MENTION,2089215686929416195
1049109160724447235,117518298,Directed,1,RETWEET,2089215686929416195
873313680083091458,1320483313518321664,Directed,1,MENTION,2089215686102933855
873313680083091458,1320483313518321664,Directed,1,RETWEET,2089215686102933855
2046754221878620160,22650211,Directed,1,MENTION,2089215686069678105
2046754221878620160,22650211,Directed,1,RETWEET,2089215686069678105
1013372078920228865,1320483313518321664,Directed,1,MENTION,2089215685813485865
1013372078920228865,1320483313518321664,Directed,1,RETWEET,2089215685813485865
1599768151,264119038,Directed,1,MENTION,2089215685691838965
1599768151,264119038,Directed,1,RETWEET,2089215685691838965
409324180,1193761285948743680,Directed,1,MENTION,2089215685142462599
409324180,1193761285948743680,Directed,1,RETWEET,2089215685142462599
1049790253303812096,4429003533,Directed,1,MENTION,2089215684353855843
1049790253303812096,16331010,Directed,1,MENTION,2089215684353855843
1049790253303812096,4429003533,Directed,1,RETWEET,2089215684353855843
1424233746430111745,1795825365321170945,Directed,1,MENTION,2089215684160950779
1424233746430111745,1795825365321170945,Directed,1,RETWEET,2089215684160950779
1500079765700685826,264464195,Directed,1,MENTION,2089215683624042819
1500079765700685826,264464195,Directed,1,RETWEET,2089215683624042819
2043307370571337728,1118898897131319296,Directed,1,MENTION,2089215683494043770
2043307370571337728,1118898897131319296,Directed,1,RETWEET,2089215683494043770
1623709161274986498,117518298,Directed,1,MENTION,2089215683267613091
1623709161274986498,117518298,Directed,1,RETWEET,2089215683267613091
1949863208933634048,1795825365321170945,Directed,1,MENTION,2089215682906825178
1949863208933634048,1795825365321170945,Directed,1,RETWEET,2089215682906825178
1347001971186798593,2035186346256736262,Directed,1,MENTION,2089215682848207162
1347001971186798593,2035186346256736262,Directed,1,RETWEET,2089215682848207162
785611997240885248,1802399137100435456,Directed,1,MENTION,2089215682848120962
785611997240885248,1802399137100435456,Directed,1,RETWEET,2089215682848120962
62414527,128370270,Directed,1,MENTION,2089215681803747817
62414527,264119038,Directed,2,MENTION,2089215681803747817
62414527,128370270,Directed,1,RETWEET,2089215681803747817
1499779844808208387,1138458175663988738,Directed,1,MENTION,2089215681636278534
1499779844808208387,1138458175663988738,Directed,1,RETWEET,2089215681636278534
555569063,17525171,Directed,2,MENTION,2089215681501782191
555569063,17525171,Directed,2,RETWEET,2089215681501782191
726086976445681664,9451052,Directed,1,MENTION,2089215681455882700
726086976445681664,9451052,Directed,1,RETWEET,2089215681455882700
45455462,16331010,Directed,1,MENTION,2089215680620962211
45455462,16331010,Directed,1,RETWEET,2089215680620962211
1866908456457732096,2806914710,Directed,1,MENTION,2089215680302457006
1866908456457732096,2806914710,Directed,1,RETWEET,2089215680302457006
2511406848,9451052,Directed,1,MENTION,2089215680285442159
2511406848,9451052,Directed,1,RETWEET,2089215680285442159
1851902629724700672,1138458175663988738,Directed,1,QUOTE,2089215680080117768
1497019997813575692,173655563,Directed,1,MENTION,2089215680063414533
1497019997813575692,173655563,Directed,1,RETWEET,2089215680063414533
251862145,1365486221204586496,Directed,1,MENTION,2089215679522107660
251862145,1365486221204586496,Directed,1,RETWEET,2089215679522107660
4138179976,1118898897131319296,Directed,1,MENTION,2089215679052361916
4138179976,1118898897131319296,Directed,1,RETWEET,2089215679052361916
1353423511252054017,1486473049146904576,Directed,1,MENTION,2089215678351868330
1353423511252054017,1486473049146904576,Directed,1,RETWEET,2089215678351868330
1802950673962807296,1298153582500499457,Directed,1,MENTION,2089215678318624903
1802950673962807296,1298153582500499457,Directed,1,RETWEET,2089215678318624903
1070365651095707649,1736076895882555392,Directed,1,MENTION,2089215677324251346
1070365651095707649,1736076895882555392,Directed,1,RETWEET,2089215677324251346
1355711022984794116,286998245,Directed,1,MENTION,2089215676753862716
1355711022984794116,286998245,Directed,1,RETWEET,2089215676753862716
1848564013673615360,9451052,Directed,1,MENTION,2089215676019855588
1848564013673615360,9451052,Directed,1,RETWEET,2089215676019855588
373038413,264464195,Directed,1,MENTION,2089215675998908734
373038413,264464195,Directed,1,RETWEET,2089215675998908734
421323891,1301888576951476226,Directed,1,MENTION,2089215675940168035
421323891,1301888576951476226,Directed,1,RETWEET,2089215675940168035
3318083756,264464195,Directed,1,MENTION,2089215675885551662
3318083756,264464195,Directed,1,RETWEET,2089215675885551662
469966067,264464195,Directed,1,MENTION,2089215675558707533
469966067,264464195,Directed,1,RETWEET,2089215675558707533
567439717,264464195,Directed,1,MENTION,2089215675420020818
567439717,264464195,Directed,1,RETWEET,2089215675420020818
947073118538887168,1581107613760212992,Directed,1,MENTION,2089215675281908193
947073118538887168,1581107613760212992,Directed,1,RETWEET,2089215675281908193
1583994183639093248,1581107613760212992,Directed,1,MENTION,2089215675252216142
1583994183639093248,1581107613760212992,Directed,1,RETWEET,2089215675252216142
1639869885449908225,1550347852026724354,Directed,1,MENTION,2089215674963145132
1639869885449908225,1550347852026724354,Directed,1,RETWEET,2089215674963145132
910174333,780460754910732288,Directed,1,MENTION,2089215673742524879
910174333,780460754910732288,Directed,1,RETWEET,2089215673742524879
2614041031,1795825365321170945,Directed,1,MENTION,2089215672899490161
2614041031,1795825365321170945,Directed,1,RETWEET,2089215672899490161
835970986558251010,1550347852026724354,Directed,1,MENTION,2089215672173953125
835970986558251010,1550347852026724354,Directed,1,RETWEET,2089215672173953125
3388776673,1339619325578240000,Directed,1,MENTION,2089215672165220748
3388776673,1339619325578240000,Directed,1,RETWEET,2089215672165220748
253895573,264464195,Directed,1,MENTION,2089215672031059988
253895573,264464195,Directed,1,RETWEET,2089215672031059988
3177366009,1507122304093982722,Directed,1,MENTION,2089215672022643101
3177366009,1507122304093982722,Directed,1,RETWEET,2089215672022643101
1885747779240394752,1550347852026724354,Directed,1,MENTION,2089215671850954816
1885747779240394752,1550347852026724354,Directed,1,RETWEET,2089215671850954816
2170719838,1679206110559891476,Directed,1,MENTION,2089215671695495229
2170719838,1679206110559891476,Directed,1,RETWEET,2089215671695495229
1789531570254082048,196371325,Directed,1,MENTION,2089215671565512990
1789531570254082048,196371325,Directed,1,RETWEET,2089215671565512990
281845765,29063026,Directed,1,MENTION,2089215671423168912
281845765,29063026,Directed,1,RETWEET,2089215671423168912
884332413995941888,1679206110559891476,Directed,1,MENTION,2089215671326380152
884332413995941888,1679206110559891476,Directed,1,RETWEET,2089215671326380152
1991333844306522114,101893838,Directed,1,MENTION,2089215671053787469
1991333844306522114,101893838,Directed,1,RETWEET,2089215671053787469
1328846673574027269,2806914710,Directed,1,MENTION,2089215670693093647
1328846673574027269,2806914710,Directed,1,RETWEET,2089215670693093647
50788908,16331010,Directed,1,MENTION,2089215670395236695
50788908,16331010,Directed,1,RETWEET,2089215670395236695
1634265749228343299,17525171,Directed,1,MENTION,2089215670319788103
1634265749228343299,17525171,Directed,1,RETWEET,2089215670319788103
2026190221419933696,264119038,Directed,1,MENTION,2089215669497983436
2026190221419933696,264119038,Directed,1,RETWEET,2089215669497983436
1670075476541583360,264119038,Directed,1,MENTION,2089215669221175316
1670075476541583360,264119038,Directed,1,RETWEET,2089215669221175316
2009037401327587328,1609620531774464001,Directed,1,MENTION,2089215668977623412
2009037401327587328,1609620531774464001,Directed,1,RETWEET,2089215668977623412
2045873692459302912,2056802713602498560,Directed,1,MENTION,2089215668726177911
2045873692459302912,2056802713602498560,Directed,1,RETWEET,2089215668726177911
3182221356,1736076895882555392,Directed,1,MENTION,2089215668612690090
3182221356,1736076895882555392,Directed,1,RETWEET,2089215668612690090
316853920,975195434,Directed,1,MENTION,2089215668214227061
316853920,975195434,Directed,1,RETWEET,2089215668214227061
224885027,1283550166910410752,Directed,1,MENTION,2089215667816018016
224885027,1283550166910410752,Directed,1,RETWEET,2089215667816018016
867191076,1736076895882555392,Directed,1,MENTION,2089215667543142895
867191076,1736076895882555392,Directed,1,RETWEET,2089215667543142895
388589045,1118898897131319296,Directed,1,MENTION,2089215667396317418
388589045,1118898897131319296,Directed,1,RETWEET,2089215667396317418
1799524235083149312,1679206110559891476,Directed,1,MENTION,2089215666414899641
1799524235083149312,1679206110559891476,Directed,1,RETWEET,2089215666414899641
2877960079,264464195,Directed,1,MENTION,2089215666050244978
2877960079,264464195,Directed,1,RETWEET,2089215666050244978
2877370575,1320483313518321664,Directed,1,MENTION,2089215665890619646
2877370575,1320483313518321664,Directed,1,RETWEET,2089215665890619646
1630581066686939140,3368946544,Directed,1,MENTION,2089215665773429022
1630581066686939140,3368946544,Directed,1,RETWEET,2089215665773429022
195949955,1320483313518321664,Directed,1,MENTION,2089215665102033351
195949955,1320483313518321664,Directed,1,RETWEET,2089215665102033351
3234798149,264464195,Directed,1,MENTION,2089215664989089895
3234798149,264464195,Directed,1,RETWEET,2089215664989089895
2040871843117355008,1118898897131319296,Directed,1,MENTION,2089215664632565822
2040871843117355008,1118898897131319296,Directed,1,RETWEET,2089215664632565822
1062097760650964992,1193761285948743680,Directed,1,MENTION,2089215662933573778
1062097760650964992,1193761285948743680,Directed,1,RETWEET,2089215662933573778
2029359706427539456,1320483313518321664,Directed,1,MENTION,2089215662115987802
2029359706427539456,1320483313518321664,Directed,1,RETWEET,2089215662115987802
2521148384,264464195,Directed,1,MENTION,2089215661843042734
2521148384,264464195,Directed,1,RETWEET,2089215661843042734
1145702648441712640,264464195,Directed,1,MENTION,2089215661687890430
1145702648441712640,264464195,Directed,1,RETWEET,2089215661687890430
1939220075422085120,76766018,Directed,1,MENTION,2089215661662785707
1939220075422085120,76766018,Directed,1,RETWEET,2089215661662785707
1491202868631777280,1365486221204586496,Directed,1,MENTION,2089215661394305431
1491202868631777280,1365486221204586496,Directed,1,RETWEET,2089215661394305431
728592798820216833,1590534110325481472,Directed,1,MENTION,2089215661058720048
728592798820216833,1590534110325481472,Directed,1,RETWEET,2089215661058720048
26074413,9451052,Directed,1,MENTION,2089215660861641167
26074413,9451052,Directed,1,RETWEET,2089215660861641167
1029755758085206016,1736076895882555392,Directed,1,MENTION,2089215660228505708
1029755758085206016,1736076895882555392,Directed,1,RETWEET,2089215660228505708
1865211399489662976,264464195,Directed,1,MENTION,2089215659645304994
1865211399489662976,264464195,Directed,1,RETWEET,2089215659645304994
3306714361,217438534,Directed,1,MENTION,2089215658831577431
3306714361,217438534,Directed,1,RETWEET,2089215658831577431
175287052,9451052,Directed,1,MENTION,2089215657409949973
175287052,9451052,Directed,1,RETWEET,2089215657409949973
1509021003225067523,1795825365321170945,Directed,1,MENTION,2089215657057378761
1509021003225067523,1795825365321170945,Directed,1,RETWEET,2089215657057378761
251267113,988949341028024320,Directed,1,MENTION,2089215656986104059
251267113,988949341028024320,Directed,1,RETWEET,2089215656986104059
997515281068158977,1403014008781770758,Directed,1,MENTION,2089215656910582243
997515281068158977,1403014008781770758,Directed,1,RETWEET,2089215656910582243
3320366514,19209569,Directed,1,MENTION,2089215656638005405
3320366514,19209569,Directed,1,RETWEET,2089215656638005405
3147480614,1298153582500499457,Directed,1,MENTION,2089215656499765632
3147480614,1298153582500499457,Directed,1,RETWEET,2089215656499765632
1698139764216537088,1590534110325481472,Directed,1,MENTION,2089215656105250918
1698139764216537088,1590534110325481472,Directed,1,RETWEET,2089215656105250918
2755910767,264464195,Directed,1,MENTION,2089215656101052566
2755910767,264464195,Directed,1,RETWEET,2089215656101052566
270183312,4429003533,Directed,1,MENTION,2089215656092733521
270183312,16331010,Directed,1,MENTION,2089215656092733521
270183312,4429003533,Directed,1,RETWEET,2089215656092733521
481987499,1757670698091417600,Directed,1,MENTION,2089215656075944090
481987499,1757670698091417600,Directed,1,RETWEET,2089215656075944090
617509879,1736076895882555392,Directed,1,MENTION,2089215656075935952
617509879,1736076895882555392,Directed,1,RETWEET,2089215656075935952
1226357823128375297,1245005193957253122,Directed,1,MENTION,2089215655983587494
1226357823128375297,1245005193957253122,Directed,1,RETWEET,2089215655983587494
1663266230,16331010,Directed,1,MENTION,2089215655652303282
1663266230,16331010,Directed,1,RETWEET,2089215655652303282
795473592993517568,264119038,Directed,1,MENTION,2089215654440136941
795473592993517568,264119038,Directed,1,RETWEET,2089215654440136941
303455427,1118898897131319296,Directed,1,MENTION,2089215653928374371
303455427,1118898897131319296,Directed,1,RETWEET,2089215653928374371
1448414469663727616,1320483313518321664,Directed,1,MENTION,2089215653462851978
1448414469663727616,1320483313518321664,Directed,1,RETWEET,2089215653462851978
879043915613163520,1320483313518321664,Directed,1,MENTION,2089215653207031836
879043915613163520,1320483313518321664,Directed,1,RETWEET,2089215653207031836
1080251942708883456,1319287761048723458,Directed,1,MENTION,2089215653035085903
1080251942708883456,1319287761048723458,Directed,1,RETWEET,2089215653035085903
1322161541395992576,264464195,Directed,1,MENTION,2089215652535906772
1322161541395992576,264464195,Directed,1,RETWEET,2089215652535906772
374977986,1795825365321170945,Directed,1,MENTION,2089215652443930637
374977986,1795825365321170945,Directed,1,RETWEET,2089215652443930637
78409979,51241574,Directed,1,MENTION,2089215652372627872
78409979,51241574,Directed,1,RETWEET,2089215652372627872
3012768157,1346940628446437378,Directed,1,MENTION,2089215652120686987
3012768157,1346940628446437378,Directed,1,RETWEET,2089215652120686987
186736425,14780915,Directed,1,MENTION,2089215651697053762
186736425,14780915,Directed,1,RETWEET,2089215651697053762
1476726044346527746,1268693169522294789,Directed,1,MENTION,2089215651248246857
1476726044346527746,1268693169522294789,Directed,1,RETWEET,2089215651248246857
64001246,1736076895882555392,Directed,1,MENTION,2089215650371699002
64001246,1736076895882555392,Directed,1,RETWEET,2089215650371699002
775133099231481857,264464195,Directed,1,MENTION,2089215650145169416
775133099231481857,264464195,Directed,1,RETWEET,2089215650145169416
1100379199674769408,1319287761048723458,Directed,1,MENTION,2089215649759252912
1100379199674769408,1319287761048723458,Directed,1,RETWEET,2089215649759252912
1786452668996583424,139283076,Directed,1,MENTION,2089215649478332606
1786452668996583424,139283076,Directed,1,RETWEET,2089215649478332606
1993811439195430912,264464195,Directed,1,MENTION,2089215649306255509
1993811439195430912,264464195,Directed,1,RETWEET,2089215649306255509
231231893,1141112668180238336,Directed,1,MENTION,2089215649146953738
231231893,1141112668180238336,Directed,1,RETWEET,2089215649146953738
2009770113428541440,1138458175663988738,Directed,1,MENTION,2089215649084293380
2009770113428541440,1138458175663988738,Directed,1,RETWEET,2089215649084293380
1960895825061588992,1365486221204586496,Directed,1,MENTION,2089215648735863147
1960895825061588992,1365486221204586496,Directed,1,RETWEET,2089215648735863147
989812668713373696,780460754910732288,Directed,1,MENTION,2089215648698085557
989812668713373696,780460754910732288,Directed,1,RETWEET,2089215648698085557
1496336632638844929,975195434,Directed,1,MENTION,2089215648664588548
1496336632638844929,975195434,Directed,1,RETWEET,2089215648664588548
2385738608,1301888576951476226,Directed,1,MENTION,2089215647817372154
2385738608,1301888576951476226,Directed,1,RETWEET,2089215647817372154
1509573348157792300,1316655254306394112,Directed,1,MENTION,2089215646840328455
1509573348157792300,1316655254306394112,Directed,1,RETWEET,2089215646840328455
3218911687,1320483313518321664,Directed,1,MENTION,2089215645569183866
3218911687,1320483313518321664,Directed,1,RETWEET,2089215645569183866
270183312,1320483313518321664,Directed,1,MENTION,2089215644927459458
270183312,1320483313518321664,Directed,1,RETWEET,2089215644927459458
1156151907955515392,1365486221204586496,Directed,1,MENTION,2089215644898382203
1156151907955515392,1365486221204586496,Directed,1,RETWEET,2089215644898382203
1380621463775027200,1550347852026724354,Directed,1,MENTION,2089215644721873402
1380621463775027200,1550347852026724354,Directed,1,RETWEET,2089215644721873402
925928846762786817,1581107613760212992,Directed,1,MENTION,2089215644676010224
925928846762786817,1581107613760212992,Directed,1,RETWEET,2089215644676010224
1197873541,118851968,Directed,1,MENTION,2089215644382183896
1197873541,118851968,Directed,1,RETWEET,2089215644382183896
1427800768724209674,264464195,Directed,1,MENTION,2089215644168335381
1427800768724209674,264464195,Directed,1,RETWEET,2089215644168335381
1024511200627965954,264464195,Directed,1,MENTION,2089215643543339101
1024511200627965954,264464195,Directed,1,RETWEET,2089215643543339101
1229585444712648704,264464195,Directed,1,MENTION,2089215643375542775
1229585444712648704,264464195,Directed,1,RETWEET,2089215643375542775
1930058698568937474,16331010,Directed,1,MENTION,2089215642994139429
1930058698568937474,16331010,Directed,1,RETWEET,2089215642994139429
3234798149,1118898897131319296,Directed,1,MENTION,2089215642503418246
3234798149,1118898897131319296,Directed,1,RETWEET,2089215642503418246
3225892430,1320483313518321664,Directed,1,MENTION,2089215642398539805
3225892430,1320483313518321664,Directed,1,RETWEET,2089215642398539805
1315666002,4429003533,Directed,1,MENTION,2089215641446162686
1315666002,16331010,Directed,1,MENTION,2089215641446162686
1315666002,4429003533,Directed,1,RETWEET,2089215641446162686
186975568,1736076895882555392,Directed,1,MENTION,2089215641324572779
186975568,1736076895882555392,Directed,1,RETWEET,2089215641324572779
1328948470800125953,1393068018704347146,Directed,1,MENTION,2089215641169559809
1328948470800125953,1393068018704347146,Directed,1,RETWEET,2089215641169559809
1630581066686939140,1757507032624570368,Directed,1,MENTION,2089215640444063937
1630581066686939140,1757507032624570368,Directed,1,RETWEET,2089215640444063937
1023927069716226049,17446621,Directed,1,MENTION,2089215640141812174
1023927069716226049,17446621,Directed,1,RETWEET,2089215640141812174
108705585,1679206110559891476,Directed,1,MENTION,2089215639290265659
108705585,1679206110559891476,Directed,1,RETWEET,2089215639290265659
1150940172034433024,1679206110559891476,Directed,1,MENTION,2089215638380196186
1150940172034433024,1679206110559891476,Directed,1,RETWEET,2089215638380196186
335792796,1594871021978652673,Directed,1,MENTION,2089215637994217655
335792796,1594871021978652673,Directed,1,RETWEET,2089215637994217655
1106017380352823296,1320483313518321664,Directed,1,MENTION,2089215637717504308
1106017380352823296,1320483313518321664,Directed,1,RETWEET,2089215637717504308
1128056396631687168,264464195,Directed,1,MENTION,2089215637713256453
1128056396631687168,264464195,Directed,1,RETWEET,2089215637713256453
788161014,17525171,Directed,1,MENTION,2089215636639559788
788161014,17525171,Directed,1,RETWEET,2089215636639559788
910174333,9451052,Directed,1,MENTION,2089215636585263128
910174333,9451052,Directed,1,RETWEET,2089215636585263128
1951985115636342784,1550347852026724354,Directed,1,MENTION,2089215636111012329
1951985115636342784,1550347852026724354,Directed,1,RETWEET,2089215636111012329
889769022,1320483313518321664,Directed,1,MENTION,2089215635167346696
889769022,1320483313518321664,Directed,1,RETWEET,2089215635167346696
976691692567912450,1118898897131319296,Directed,1,MENTION,2089215635012124956
976691692567912450,1118898897131319296,Directed,1,RETWEET,2089215635012124956
587778768,1320483313518321664,Directed,1,MENTION,2089215634441752651
587778768,1320483313518321664,Directed,1,RETWEET,2089215634441752651
1463133367,960285302899298304,Directed,1,MENTION,2089215633242439864
1463133367,960285302899298304,Directed,1,RETWEET,2089215633242439864
347102039,412808700,Directed,1,MENTION,2089215633242145137
347102039,412808700,Directed,1,RETWEET,2089215633242145137
1599768151,1365486221204586496,Directed,1,MENTION,2089215633166643411
1599768151,1365486221204586496,Directed,1,RETWEET,2089215633166643411
2772879893,1320483313518321664,Directed,1,MENTION,2089215633007227328
2772879893,1320483313518321664,Directed,1,RETWEET,2089215633007227328
2402838900,264464195,Directed,1,MENTION,2089215632495587735
2402838900,264464195,Directed,1,RETWEET,2089215632495587735
1076706450792214528,286998245,Directed,1,MENTION,2089215632210280903
1076706450792214528,286998245,Directed,1,RETWEET,2089215632210280903
1853868627977453568,1320483313518321664,Directed,1,MENTION,2089215631908327599
1853868627977453568,1320483313518321664,Directed,1,RETWEET,2089215631908327599
3255960180,217438534,Directed,1,MENTION,2089215631862239679
3255960180,217438534,Directed,1,RETWEET,2089215631862239679
1380055524113256463,1147329967203766274,Directed,1,MENTION,2089215630855602421
1380055524113256463,1147329967203766274,Directed,1,RETWEET,2089215630855602421
707636293,17525171,Directed,1,MENTION,2089215630410936393
707636293,17525171,Directed,1,RETWEET,2089215630410936393
956045674444926976,1320483313518321664,Directed,1,MENTION,2089215630171894023
956045674444926976,1320483313518321664,Directed,1,RETWEET,2089215630171894023
24057592,887353242497273856,Directed,1,MENTION,2089215629983351249
24057592,887353242497273856,Directed,1,RETWEET,2089215629983351249
788762022385111040,1118898897131319296,Directed,1,MENTION,2089215629651836974
788762022385111040,1118898897131319296,Directed,1,RETWEET,2089215629651836974
335792796,20108560,Directed,1,MENTION,2089215629635047595
335792796,20108560,Directed,1,RETWEET,2089215629635047595
708063951842582528,14780915,Directed,1,MENTION,2089215629530194175
708063951842582528,14780915,Directed,1,RETWEET,2089215629530194175
54628830,17525171,Directed,1,MENTION,2089215628880036215
54628830,17525171,Directed,1,RETWEET,2089215628880036215
575881019,264119038,Directed,1,MENTION,2089215628838101133
575881019,264119038,Directed,1,RETWEET,2089215628838101133
1049226698,727328741077180416,Directed,1,MENTION,2089215628154388768
1049226698,16331010,Directed,1,QUOTE,2089215628154388768
2040769670936948736,38102088,Directed,1,MENTION,2089215627814662543
2040769670936948736,38102088,Directed,1,RETWEET,2089215627814662543
141307802,2883841,Directed,1,MENTION,2089215627554701402
141307802,2883841,Directed,1,RETWEET,2089215627554701402
1846344717321052160,1147329967203766274,Directed,1,MENTION,2089215627353329831
1846344717321052160,1147329967203766274,Directed,1,RETWEET,2089215627353329831
1633405449260113921,9451052,Directed,1,MENTION,2089215627206537591
1633405449260113921,9451052,Directed,1,RETWEET,2089215627206537591
1020526641213329408,1590534110325481472,Directed,1,MENTION,2089215626984272289
1020526641213329408,1590534110325481472,Directed,1,RETWEET,2089215626984272289
1860123868947443712,1320483313518321664,Directed,1,MENTION,2089215626912911425
1860123868947443712,1320483313518321664,Directed,1,RETWEET,2089215626912911425
2057989099550826496,4429003533,Directed,1,MENTION,2089215626032345526
2057989099550826496,16331010,Directed,1,MENTION,2089215626032345526
2057989099550826496,4429003533,Directed,1,RETWEET,2089215626032345526
1457498415563223044,1679206110559891476,Directed,1,MENTION,2089215625881100326
1457498415563223044,1679206110559891476,Directed,1,RETWEET,2089215625881100326
1483269287611715584,1320483313518321664,Directed,1,MENTION,2089215625558114734
1483269287611715584,1320483313518321664,Directed,1,RETWEET,2089215625558114734
3280263870,16331010,Directed,1,MENTION,2089215625210352109
3280263870,16331010,Directed,1,RETWEET,2089215625210352109
1517296715090776065,1394680198705123329,Directed,1,MENTION,2089215625038352826
1517296715090776065,1394680198705123329,Directed,1,RETWEET,2089215625038352826
1630581066686939140,1386821772775936001,Directed,1,MENTION,2089215624954384730
1630581066686939140,1386821772775936001,Directed,1,RETWEET,2089215624954384730
1049432319029899264,1193761285948743680,Directed,1,MENTION,2089215624798994865
1049432319029899264,1193761285948743680,Directed,1,RETWEET,2089215624798994865
290901441,29063026,Directed,1,MENTION,2089215624140435475
290901441,29063026,Directed,1,RETWEET,2089215624140435475
99001029,811682960743264256,Directed,1,MENTION,2089215624065040765
99001029,811682960743264256,Directed,1,RETWEET,2089215624065040765
381868063,139283076,Directed,1,MENTION,2089215623813333010
381868063,139283076,Directed,1,RETWEET,2089215623813333010
1198759640265191424,1560155798046511105,Directed,1,MENTION,2089215623784169948
1198759640265191424,1560155798046511105,Directed,1,RETWEET,2089215623784169948
1081850731924201472,1590534110325481472,Directed,1,MENTION,2089215623427420169
1081850731924201472,1590534110325481472,Directed,1,RETWEET,2089215623427420169
27687835,1854608907819495424,Directed,1,MENTION,2089215623242948891
27687835,1854608907819495424,Directed,1,RETWEET,2089215623242948891
2871909807,16523905,Directed,1,MENTION,2089215623184474290
2871909807,16523905,Directed,1,RETWEET,2089215623184474290
2086492400218677248,264119038,Directed,1,MENTION,2089215623037358323
2086492400218677248,264119038,Directed,1,RETWEET,2089215623037358323
955554205456101376,264464195,Directed,1,MENTION,2089215622638883004
955554205456101376,264464195,Directed,1,RETWEET,2089215622638883004
320123156,16331010,Directed,1,MENTION,2089215622123340121
320123156,16331010,Directed,1,RETWEET,2089215622123340121
1188453690916687872,117518298,Directed,1,MENTION,2089215621913288792
1188453690916687872,117518298,Directed,1,RETWEET,2089215621913288792
555569063,3804329353,Directed,1,MENTION,2089215621686825321
555569063,3804329353,Directed,1,RETWEET,2089215621686825321
306882721,1320483313518321664,Directed,1,MENTION,2089215620965396550
306882721,1320483313518321664,Directed,1,RETWEET,2089215620965396550
960522695862554624,1550347852026724354,Directed,1,MENTION,2089215620818608233
960522695862554624,1550347852026724354,Directed,1,RETWEET,2089215620818608233
1303220928999034880,1320483313518321664,Directed,1,MENTION,2089215620621480091
1303220928999034880,1320483313518321664,Directed,1,RETWEET,2089215620621480091
878103650773721088,1550347852026724354,Directed,1,MENTION,2089215619644158319
878103650773721088,1550347852026724354,Directed,1,RETWEET,2089215619644158319
1046565988643295232,13049362,Directed,1,MENTION,2089215619237327021
1046565988643295232,13049362,Directed,1,RETWEET,2089215619237327021
986840336105340929,217438534,Directed,1,MENTION,2089215619203838426
986840336105340929,217438534,Directed,1,RETWEET,2089215619203838426
879875020041986048,29063026,Directed,1,MENTION,2089215619006677391
879875020041986048,29063026,Directed,1,RETWEET,2089215619006677391
1661546703478988801,264464195,Directed,1,MENTION,2089215618847305948
1661546703478988801,264464195,Directed,1,RETWEET,2089215618847305948
1921014610897104899,264119038,Directed,1,MENTION,2089215618834645163
1921014610897104899,264119038,Directed,1,RETWEET,2089215618834645163
1910635602632134656,1320483313518321664,Directed,1,MENTION,2089215618440704057
1910635602632134656,1320483313518321664,Directed,1,RETWEET,2089215618440704057
1697051037922930688,2597157732,Directed,1,MENTION,2089215618335818184
1697051037922930688,2597157732,Directed,1,RETWEET,2089215618335818184
1545054154166439936,2803025889,Directed,1,MENTION,2089215618243588473
1545054154166439936,2803025889,Directed,1,RETWEET,2089215618243588473
1481792792703741953,887353242497273856,Directed,1,MENTION,2089215618230747478
1481792792703741953,887353242497273856,Directed,1,RETWEET,2089215618230747478
1240455936768192517,9451052,Directed,1,MENTION,2089215618020954199
1240455936768192517,9451052,Directed,1,RETWEET,2089215618020954199
316853920,1736076895882555392,Directed,1,MENTION,2089215617576382664
316853920,1736076895882555392,Directed,1,RETWEET,2089215617576382664
1427820976729899008,16331010,Directed,2,MENTION,2089215616527806476
1427820976729899008,16331010,Directed,1,RETWEET,2089215616527806476
46729989,1640929196,Directed,1,MENTION,2089215615546560574
46729989,1640929196,Directed,1,RETWEET,2089215615546560574
630481071,1301888576951476226,Directed,1,MENTION,2089215614808117474
630481071,1301888576951476226,Directed,1,RETWEET,2089215614808117474
598783540,2426183605,Directed,1,MENTION,2089215614648832382
598783540,2426183605,Directed,1,RETWEET,2089215614648832382
141036742,1550347852026724354,Directed,1,MENTION,2089215614493610179
141036742,1550347852026724354,Directed,1,RETWEET,2089215614493610179
565829107,264464195,Directed,1,MENTION,2089215614099304941
565829107,264464195,Directed,1,RETWEET,2089215614099304941
3675654197,1246970002823172096,Directed,1,MENTION,2089215613583417844
3675654197,1246970002823172096,Directed,1,RETWEET,2089215613583417844
567561088,1854608907819495424,Directed,1,MENTION,2089215613537534372
567561088,1854608907819495424,Directed,1,RETWEET,2089215613537534372
224885027,1334293381938343937,Directed,1,MENTION,2089215611612369030
224885027,1334293381938343937,Directed,1,RETWEET,2089215611612369030
2026190221419933696,534023,Directed,1,MENTION,2089215611335544975
2026190221419933696,534023,Directed,1,RETWEET,2089215611335544975
1657850828449890304,811682960743264256,Directed,1,MENTION,2089215611305881901
1657850828449890304,811682960743264256,Directed,1,RETWEET,2089215611305881901
1286402688876523526,1679206110559891476,Directed,1,MENTION,2089215611280716070
1286402688876523526,1679206110559891476,Directed,1,RETWEET,2089215611280716070
1401200439048110086,1320483313518321664,Directed,1,MENTION,2089215610924531756
1401200439048110086,1320483313518321664,Directed,1,RETWEET,2089215610924531756
1164606249398394881,52712735,Directed,1,MENTION,2089215610861314109
1164606249398394881,52712735,Directed,1,RETWEET,2089215610861314109
1202036880050704384,1246970002823172096,Directed,1,MENTION,2089215609598877934
1202036880050704384,1246970002823172096,Directed,1,RETWEET,2089215609598877934
291287225,76248440,Directed,1,MENTION,2089215609108087102
291287225,76248440,Directed,1,RETWEET,2089215609108087102
1462254693376303105,1193761285948743680,Directed,1,MENTION,2089215609024188884
1462254693376303105,1193761285948743680,Directed,1,RETWEET,2089215609024188884
2047054922928005120,4429003533,Directed,1,MENTION,2089215608349163813
2047054922928005120,16331010,Directed,1,MENTION,2089215608349163813
2047054922928005120,4429003533,Directed,1,RETWEET,2089215608349163813
387219095,264119038,Directed,1,MENTION,2089215608348905542
387219095,264119038,Directed,1,RETWEET,2089215608348905542
1679057963556966401,17525171,Directed,1,MENTION,2089215607501983914
1679057963556966401,17525171,Directed,1,RETWEET,2089215607501983914
1427702402329743360,1255456903406202882,Directed,1,MENTION,2089215607413588052
1427702402329743360,1255456903406202882,Directed,1,RETWEET,2089215607413588052
2025662888346537984,1147329967203766274,Directed,1,MENTION,2089215607405179339
2025662888346537984,1147329967203766274,Directed,1,RETWEET,2089215607405179339
1176937456358305793,4429003533,Directed,1,MENTION,2089215607094886513
1176937456358305793,16331010,Directed,1,MENTION,2089215607094886513
1176937456358305793,4429003533,Directed,1,RETWEET,2089215607094886513
1635412690117046274,1363585324660776970,Directed,1,MENTION,2089215607015182825
1635412690117046274,1363585324660776970,Directed,1,RETWEET,2089215607015182825
1005970884488818688,1795825365321170945,Directed,1,MENTION,2089215606692196385
1005970884488818688,1795825365321170945,Directed,1,RETWEET,2089215606692196385
3523000213,1320483313518321664,Directed,1,MENTION,2089215606646358207
3523000213,1320483313518321664,Directed,1,RETWEET,2089215606646358207
506540447,582230335,Directed,1,MENTION,2089215606545350711
506540447,582230335,Directed,1,RETWEET,2089215606545350711
2437486374,217438534,Directed,1,MENTION,2089215606499242182
2437486374,217438534,Directed,1,RETWEET,2089215606499242182
2595682376,1095233856016244736,Directed,1,MENTION,2089215606457532723
2595682376,1095233856016244736,Directed,1,RETWEET,2089215606457532723
919040961224888320,1320483313518321664,Directed,1,MENTION,2089215605698166788
919040961224888320,1320483313518321664,Directed,1,RETWEET,2089215605698166788
1958848098,1298153582500499457,Directed,1,MENTION,2089215605367021833
1958848098,1298153582500499457,Directed,1,RETWEET,2089215605367021833
3016515368,264464195,Directed,1,MENTION,2089215605329011103
3016515368,264464195,Directed,1,RETWEET,2089215605329011103
91470369,29063026,Directed,1,MENTION,2089215604804800802
91470369,29063026,Directed,1,RETWEET,2089215604804800802
2405950344,117518298,Directed,1,MENTION,2089215604666364028
2405950344,117518298,Directed,1,RETWEET,2089215604666364028
1107281327425011712,76766018,Directed,1,MENTION,2089215604246900758
1107281327425011712,76766018,Directed,1,RETWEET,2089215604246900758
595171116,1334293381938343937,Directed,1,MENTION,2089215603957719056
595171116,1334293381938343937,Directed,1,RETWEET,2089215603957719056
856689182323945472,1298153582500499457,Directed,1,MENTION,2089215603890397242
856689182323945472,1298153582500499457,Directed,1,RETWEET,2089215603890397242
952383019146412034,1320483313518321664,Directed,1,MENTION,2089215603328352470
952383019146412034,1320483313518321664,Directed,1,RETWEET,2089215603328352470
1333105449512656905,29063026,Directed,1,MENTION,2089215603294830868
1333105449512656905,29063026,Directed,1,RETWEET,2089215603294830868
769665532698107905,9451052,Directed,1,MENTION,2089215603215421908
769665532698107905,9451052,Directed,1,RETWEET,2089215603215421908
183643528,1990329876063420416,Directed,1,MENTION,2089215602271432964
183643528,1990329876063420416,Directed,1,RETWEET,2089215602271432964
859391708244529152,9451052,Directed,1,MENTION,2089215601063674059
859391708244529152,9451052,Directed,1,RETWEET,2089215601063674059
822149370342768640,1550347852026724354,Directed,1,MENTION,2089215600887206272
822149370342768640,1550347852026724354,Directed,1,RETWEET,2089215600887206272
1367591297964507137,129434729,Directed,1,MENTION,2089215600681685338
1367591297964507137,129434729,Directed,1,RETWEET,2089215600681685338
988917477273894913,1320483313518321664,Directed,1,MENTION,2089215600287416352
988917477273894913,1320483313518321664,Directed,1,RETWEET,2089215600287416352
1923503137433976832,1320483313518321664,Directed,1,MENTION,2089215599662481442
1923503137433976832,1320483313518321664,Directed,1,RETWEET,2089215599662481442
1169426685697175552,264464195,Directed,1,MENTION,2089215599343738906
1169426685697175552,264464195,Directed,1,RETWEET,2089215599343738906
1137093499759845383,1118898897131319296,Directed,1,MENTION,2089215599062708452
1137093499759845383,1118898897131319296,Directed,1,RETWEET,2089215599062708452
726466795549368324,286998245,Directed,1,MENTION,2089215599050150172
726466795549368324,286998245,Directed,1,RETWEET,2089215599050150172
2906517796,17446621,Directed,1,MENTION,2089215598991397203
2906517796,17446621,Directed,1,RETWEET,2089215598991397203
1544581630819504128,264119038,Directed,1,MENTION,2089215598374891910
1544581630819504128,264119038,Directed,1,RETWEET,2089215598374891910
1344490703569620992,1550347852026724354,Directed,1,MENTION,2089215597837951003
1344490703569620992,1550347852026724354,Directed,1,RETWEET,2089215597837951003
2078752022702997505,2883841,Directed,1,MENTION,2089215596420337913
2078752022702997505,2883841,Directed,1,RETWEET,2089215596420337913
1460441129023905796,217438534,Directed,1,MENTION,2089215596055404666
1460441129023905796,217438534,Directed,1,RETWEET,2089215596055404666
381868063,273254214,Directed,1,MENTION,2089215595728322564
381868063,273254214,Directed,1,RETWEET,2089215595728322564
2009650721306615808,1320483313518321664,Directed,1,MENTION,2089215595560497398
2009650721306615808,1320483313518321664,Directed,1,RETWEET,2089215595560497398
706000648966430720,18742360,Directed,1,MENTION,2089215594822349017
706000648966430720,18742360,Directed,1,RETWEET,2089215594822349017
1427820976729899008,17525171,Directed,1,MENTION,2089215594813960261
1427820976729899008,17525171,Directed,1,RETWEET,2089215594813960261
1940250435019055106,1320483313518321664,Directed,1,MENTION,2089215594528653349
1940250435019055106,1320483313518321664,Directed,1,RETWEET,2089215594528653349
920023038,61550741,Directed,1,MENTION,2089215594067345506
920023038,61550741,Directed,1,RETWEET,2089215594067345506
1530995832828338178,2182926994,Directed,1,MENTION,2089215594050519447
1530995832828338178,2182926994,Directed,1,RETWEET,2089215594050519447
1042835578499358720,1186428279756075008,Directed,1,MENTION,2089215593920573894
1042835578499358720,1186428279756075008,Directed,1,RETWEET,2089215593920573894
1273102677124288512,748730247739084800,Directed,1,MENTION,2089215593786335345
1273102677124288512,748730247739084800,Directed,1,RETWEET,2089215593786335345
869300385734942721,1382784423234445315,Directed,1,MENTION,2089215593463308604
869300385734942721,1382784423234445315,Directed,1,RETWEET,2089215593463308604
926921744803401729,264464195,Directed,1,MENTION,2089215593392001512
926921744803401729,264464195,Directed,1,RETWEET,2089215593392001512
73934487,765208928657387520,Directed,1,MENTION,2089215592809075030
73934487,765208928657387520,Directed,1,RETWEET,2089215592809075030
1631422454231883776,16331010,Directed,1,MENTION,2089215592737947924
1631422454231883776,16331010,Directed,1,RETWEET,2089215592737947924
509501505,139283076,Directed,1,MENTION,2089215591445897331
509501505,139283076,Directed,1,RETWEET,2089215591445897331
1763388263820320768,117518298,Directed,1,MENTION,2089215591299043792
1763388263820320768,117518298,Directed,1,RETWEET,2089215591299043792
1024842167238287360,17525171,Directed,1,MENTION,2089215591047651374
1024842167238287360,17525171,Directed,1,RETWEET,2089215591047651374
1577527299045367808,1118898897131319296,Directed,1,MENTION,2089215591030874392
1577527299045367808,1118898897131319296,Directed,1,RETWEET,2089215591030874392
1580969982611132416,16331010,Directed,1,MENTION,2089215590938345646
1580969982611132416,16331010,Directed,1,RETWEET,2089215590938345646
1780034394192744448,16331010,Directed,1,MENTION,2089215590917407007
1780034394192744448,16331010,Directed,1,RETWEET,2089215590917407007
1660767564,1320483313518321664,Directed,1,MENTION,2089215587440271517
1660767564,1320483313518321664,Directed,1,RETWEET,2089215587440271517
984845769156059137,1365486221204586496,Directed,1,MENTION,2089215587214090747
984845769156059137,1365486221204586496,Directed,1,RETWEET,2089215587214090747
1812187634115993600,1590534110325481472,Directed,1,MENTION,2089215586567958824
1812187634115993600,1590534110325481472,Directed,1,RETWEET,2089215586567958824
1025037296930902016,780460754910732288,Directed,1,MENTION,2089215586328834207
1025037296930902016,780460754910732288,Directed,1,RETWEET,2089215586328834207
1682157093523169282,960285302899298304,Directed,1,MENTION,2089215585737637943
1682157093523169282,960285302899298304,Directed,1,RETWEET,2089215585737637943
1746025885952589824,1795825365321170945,Directed,1,MENTION,2089215585628410122
1746025885952589824,1795825365321170945,Directed,1,RETWEET,2089215585628410122
3784869147,1246970002823172096,Directed,1,MENTION,2089215585380954428
3784869147,1246970002823172096,Directed,1,RETWEET,2089215585380954428
563329976,217438534,Directed,1,MENTION,2089215585267724333
563329976,217438534,Directed,1,RETWEET,2089215585267724333
1876952805531176960,1193761285948743680,Directed,1,MENTION,2089215585141883050
1876952805531176960,1193761285948743680,Directed,1,RETWEET,2089215585141883050
1645235072633655298,1320483313518321664,Directed,1,MENTION,2089215584617586713
1645235072633655298,1320483313518321664,Directed,1,RETWEET,2089215584617586713
1118330528,1118898897131319296,Directed,1,MENTION,2089215584328163390
1118330528,1118898897131319296,Directed,1,RETWEET,2089215584328163390
170321170,1334293381938343937,Directed,1,MENTION,2089215584265478383
170321170,1334293381938343937,Directed,1,RETWEET,2089215584265478383
727181784,264464195,Directed,1,MENTION,2089215583975813611
727181784,264464195,Directed,1,RETWEET,2089215583975813611
66547784,1334293381938343937,Directed,1,MENTION,2089215583719964790
66547784,1334293381938343937,Directed,1,RETWEET,2089215583719964790
769665532698107905,531945489,Directed,1,MENTION,2089215583636312284
769665532698107905,531945489,Directed,1,RETWEET,2089215583636312284
1416524885426376705,1339619325578240000,Directed,1,MENTION,2089215583501852829
1416524885426376705,1339619325578240000,Directed,1,RETWEET,2089215583501852829
402913403,52712735,Directed,1,MENTION,2089215583065616674
402913403,52712735,Directed,1,RETWEET,2089215583065616674
1458243673909571587,1298153582500499457,Directed,1,MENTION,2089215582965022726
1458243673909571587,1298153582500499457,Directed,1,RETWEET,2089215582965022726
755924286628466688,1118898897131319296,Directed,1,MENTION,2089215581790597412
755924286628466688,1118898897131319296,Directed,1,RETWEET,2089215581790597412
3272370122,1507122304093982722,Directed,1,MENTION,2089215581522461073
3272370122,1507122304093982722,Directed,1,RETWEET,2089215581522461073
1709056395000074240,811682960743264256,Directed,1,MENTION,2089215581463392463
1709056395000074240,811682960743264256,Directed,1,RETWEET,2089215581463392463
1583074552770400256,17525171,Directed,1,MENTION,2089215581450883212
1583074552770400256,17525171,Directed,1,RETWEET,2089215581450883212
2062949170231828480,1320483313518321664,Directed,1,MENTION,2089215581258227938
2062949170231828480,1320483313518321664,Directed,1,RETWEET,2089215581258227938
1014852662351704064,264119038,Directed,1,MENTION,2089215580637368830
1014852662351704064,264119038,Directed,1,RETWEET,2089215580637368830
30102529,975195434,Directed,1,MENTION,2089215580565827634
30102529,975195434,Directed,1,RETWEET,2089215580565827634
2923539787,1365486221204586496,Directed,1,MENTION,2089215580377112626
2923539787,1365486221204586496,Directed,1,RETWEET,2089215580377112626
1427701969272164361,17525171,Directed,1,MENTION,2089215579693470070
1427701969272164361,17525171,Directed,1,RETWEET,2089215579693470070
1969385758936219656,1513632805078634500,Directed,1,MENTION,2089215579576258940
1969385758936219656,1513632805078634500,Directed,1,RETWEET,2089215579576258940
1427820976729899008,1550347852026724354,Directed,1,MENTION,2089215579504656866
1427820976729899008,1550347852026724354,Directed,1,RETWEET,2089215579504656866
1238083198543945729,217438534,Directed,1,MENTION,2089215579471114276
1238083198543945729,217438534,Directed,1,RETWEET,2089215579471114276
1462938631551791110,1581107613760212992,Directed,1,MENTION,2089215579336954121
1462938631551791110,1581107613760212992,Directed,1,RETWEET,2089215579336954121
1638010036411850753,2643570679,Directed,1,MENTION,2089215579291066443
1638010036411850753,2643570679,Directed,1,RETWEET,2089215579291066443
1927817250192703488,17525171,Directed,1,MENTION,2089215579219771746
1927817250192703488,17525171,Directed,1,RETWEET,2089215579219771746
1949823189384847360,17525171,Directed,1,MENTION,2089215578955514088
1949823189384847360,17525171,Directed,1,RETWEET,2089215578955514088
1916520278068432897,13049362,Directed,1,MENTION,2089215578783334717
1916520278068432897,13049362,Directed,1,RETWEET,2089215578783334717
1757636543835955200,217438534,Directed,1,MENTION,2089215578212884927
1757636543835955200,217438534,Directed,1,RETWEET,2089215578212884927
14219822,264464195,Directed,1,MENTION,2089215577202250198
14219822,264464195,Directed,1,RETWEET,2089215577202250198
2031640875378552833,1363585324660776970,Directed,1,MENTION,2089215576170524800
2031640875378552833,1363585324660776970,Directed,1,RETWEET,2089215576170524800
291844821,805532293951606785,Directed,1,MENTION,2089215575788515373
291844821,805532293951606785,Directed,1,RETWEET,2089215575788515373
2857124771,2806914710,Directed,1,MENTION,2089215575226511518
2857124771,2806914710,Directed,1,RETWEET,2089215575226511518
27604923,14780915,Directed,1,MENTION,2089215574941323736
27604923,14780915,Directed,1,RETWEET,2089215574941323736
32459869,1640929196,Directed,1,MENTION,2089215574618632497
32459869,1640929196,Directed,1,RETWEET,2089215574618632497
965691148282056704,264464195,Directed,1,MENTION,2089215574421184790
965691148282056704,264464195,Directed,1,RETWEET,2089215574421184790
764687318,1118898897131319296,Directed,1,MENTION,2089215574354326005
764687318,1118898897131319296,Directed,1,RETWEET,2089215574354326005
895002270278045697,1403014008781770758,Directed,1,MENTION,2089215574219895187
895002270278045697,1403014008781770758,Directed,1,RETWEET,2089215574219895187
1588222885704990720,1420141435001741323,Directed,1,MENTION,2089215573054156857
1588222885704990720,1420141435001741323,Directed,1,RETWEET,2089215573054156857
16548960,742143,Directed,1,MENTION,2089215572647281036
16548960,742143,Directed,1,RETWEET,2089215572647281036
630481071,1581107613760212992,Directed,1,MENTION,2089215572609323213
630481071,1581107613760212992,Directed,1,RETWEET,2089215572609323213
1216456417059753985,1320483313518321664,Directed,1,MENTION,2089215572366041488
1216456417059753985,1320483313518321664,Directed,1,RETWEET,2089215572366041488
1198800389740609538,1193761285948743680,Directed,1,MENTION,2089215571749482501
1198800389740609538,1193761285948743680,Directed,1,RETWEET,2089215571749482501
1192172366,780460754910732288,Directed,1,MENTION,2089215571699314851
1192172366,780460754910732288,Directed,1,RETWEET,2089215571699314851
189740620,1612681336753426432,Directed,1,MENTION,2089215571414175793
189740620,16331010,Directed,1,MENTION,2089215571414175793
189740620,1612681336753426432,Directed,1,RETWEET,2089215571414175793
484343019,1246970002823172096,Directed,1,MENTION,2089215569631514705
484343019,1246970002823172096,Directed,1,RETWEET,2089215569631514705
420552796,1363585324660776970,Directed,1,MENTION,2089215569560023343
420552796,1363585324660776970,Directed,1,RETWEET,2089215569560023343
732648308485722112,1118898897131319296,Directed,1,MENTION,2089215569492852841
732648308485722112,1118898897131319296,Directed,1,RETWEET,2089215569492852841
2410743962,9451052,Directed,1,MENTION,2089215569455124658
2410743962,9451052,Directed,1,RETWEET,2089215569455124658
2883346833,1138458175663988738,Directed,1,MENTION,2089215569442591068
2883346833,1138458175663988738,Directed,1,RETWEET,2089215569442591068
2081952140390477824,117518298,Directed,1,MENTION,2089215568897323228
2081952140390477824,117518298,Directed,1,RETWEET,2089215568897323228
454565478,118851968,Directed,1,MENTION,2089215568180326840
454565478,118851968,Directed,1,RETWEET,2089215568180326840
1036513490528157696,1319353186990182402,Directed,1,MENTION,2089215568163516586
1036513490528157696,1319353186990182402,Directed,1,RETWEET,2089215568163516586
1910855480676605952,1115495508519182336,Directed,1,MENTION,2089215568024850446
1910855480676605952,1115495508519182336,Directed,1,RETWEET,2089215568024850446
707679570514681856,1118898897131319296,Directed,1,MENTION,2089215567752278077
707679570514681856,1118898897131319296,Directed,1,RETWEET,2089215567752278077
1414482571,4655263643,Directed,1,MENTION,2089215567718949092
1414482571,4655263643,Directed,1,RETWEET,2089215567718949092
1418272743502630916,1298153582500499457,Directed,1,MENTION,2089215567546728506
1418272743502630916,1298153582500499457,Directed,1,RETWEET,2089215567546728506
2606908575,224571417,Directed,1,MENTION,2089215567156654275
2606908575,224571417,Directed,1,RETWEET,2089215567156654275
57695071,1138458175663988738,Directed,1,MENTION,2089215567014006857
57695071,1138458175663988738,Directed,1,RETWEET,2089215567014006857
1281528396544180224,217438534,Directed,1,MENTION,2089215566934335934
1281528396544180224,217438534,Directed,1,RETWEET,2089215566934335934
1188334335285288960,1795825365321170945,Directed,1,MENTION,2089215566250975376
1188334335285288960,1795825365321170945,Directed,1,RETWEET,2089215566250975376
411861036,1736076895882555392,Directed,1,MENTION,2089215565734805677
411861036,1736076895882555392,Directed,1,RETWEET,2089215565734805677
1552335251527041025,1320483313518321664,Directed,1,MENTION,2089215565684429013
1552335251527041025,1320483313518321664,Directed,1,RETWEET,2089215565684429013
89838116,1795825365321170945,Directed,1,MENTION,2089215565600575538
89838116,1795825365321170945,Directed,1,RETWEET,2089215565600575538
432114689,1679206110559891476,Directed,1,MENTION,2089215565516710270
432114689,1679206110559891476,Directed,1,RETWEET,2089215565516710270
47147212,29391021,Directed,1,MENTION,2089215565218845161
47147212,29391021,Directed,1,RETWEET,2089215565218845161
1347616159936425984,20745274,Directed,1,MENTION,2089215564992426250
1347616159936425984,20745274,Directed,1,RETWEET,2089215564992426250
324543904,1320483313518321664,Directed,1,MENTION,2089215564895891776
324543904,1320483313518321664,Directed,1,RETWEET,2089215564895891776
137140225,1478563993572814848,Directed,1,MENTION,2089215564447170978
137140225,16331010,Directed,1,MENTION,2089215564447170978
137140225,1478563993572814848,Directed,1,RETWEET,2089215564447170978
2906955885,1193761285948743680,Directed,1,MENTION,2089215564434858490
2906955885,1193761285948743680,Directed,1,RETWEET,2089215564434858490
1569510639617572864,1486473049146904576,Directed,1,MENTION,2089215564161880245
1569510639617572864,1486473049146904576,Directed,1,RETWEET,2089215564161880245
707636293,1550347852026724354,Directed,1,MENTION,2089215563952165183
707636293,1550347852026724354,Directed,1,RETWEET,2089215563952165183
2378324935,1769720558235635712,Directed,1,MENTION,2089215563050467712
2378324935,1769720558235635712,Directed,1,RETWEET,2089215563050467712
1243859753744379904,1320483313518321664,Directed,1,MENTION,2089215562115158083
1243859753744379904,1320483313518321664,Directed,1,RETWEET,2089215562115158083
1336375934262407169,13049362,Directed,1,MENTION,2089215562043855156
1336375934262407169,13049362,Directed,1,RETWEET,2089215562043855156
1718629764146049024,52712735,Directed,1,MENTION,2089215561616003398
1718629764146049024,52712735,Directed,1,RETWEET,2089215561616003398
2269182204,1873816363103641606,Directed,1,MENTION,2089215561414676700
2269182204,1873816363103641606,Directed,1,RETWEET,2089215561414676700
501362368,1334293381938343937,Directed,1,MENTION,2089215561406550298
501362368,1334293381938343937,Directed,1,RETWEET,2089215561406550298
1579830788668915713,1736076895882555392,Directed,1,MENTION,2089215561385308610
1579830788668915713,1736076895882555392,Directed,1,RETWEET,2089215561385308610
138473648,1652541,Directed,1,MENTION,2089215561138139556
138473648,1652541,Directed,1,RETWEET,2089215561138139556
1883719119016546304,52712735,Directed,1,MENTION,2089215560600936521
1883719119016546304,52712735,Directed,1,RETWEET,2089215560600936521
1436222954,780460754910732288,Directed,1,MENTION,2089215560433406395
1436222954,780460754910732288,Directed,1,RETWEET,2089215560433406395
1727874942929133568,1320483313518321664,Directed,1,MENTION,2089215560412287311
1727874942929133568,1320483313518321664,Directed,1,RETWEET,2089215560412287311
1599230641962377217,2035186346256736262,Directed,1,MENTION,2089215560248607187
1599230641962377217,2035186346256736262,Directed,1,RETWEET,2089215560248607187
1323406049186111488,17525171,Directed,1,MENTION,2089215560059895898
1323406049186111488,17525171,Directed,1,RETWEET,2089215560059895898
119571049,264119038,Directed,1,MENTION,2089215559506198618
119571049,264119038,Directed,1,RETWEET,2089215559506198618
1679650386452381698,2806914710,Directed,1,MENTION,2089215558570938730
1679650386452381698,2806914710,Directed,1,RETWEET,2089215558570938730
236675680,1118898897131319296,Directed,1,MENTION,2089215558411522489
236675680,1118898897131319296,Directed,1,RETWEET,2089215558411522489
2049539426762502144,780460754910732288,Directed,1,MENTION,2089215558294094282
2049539426762502144,780460754910732288,Directed,1,RETWEET,2089215558294094282
1546319108697997314,1736076895882555392,Directed,1,MENTION,2089215558042497176
1546319108697997314,1736076895882555392,Directed,1,RETWEET,2089215558042497176
119167325,1320483313518321664,Directed,1,MENTION,2089215557715579114
119167325,1320483313518321664,Directed,1,RETWEET,2089215557715579114
731580870809657344,1590534110325481472,Directed,1,MENTION,2089215557518397903
731580870809657344,1590534110325481472,Directed,1,RETWEET,2089215557518397903
1277097315392786432,139283076,Directed,1,MENTION,2089215556817711199
1277097315392786432,139283076,Directed,1,RETWEET,2089215556817711199
228489437,765208928657387520,Directed,1,MENTION,2089215556536692736
228489437,765208928657387520,Directed,1,RETWEET,2089215556536692736
710161158729236484,765208928657387520,Directed,1,MENTION,2089215556205346853
710161158729236484,765208928657387520,Directed,1,RETWEET,2089215556205346853
1801368146281967616,139283076,Directed,1,MENTION,2089215555882406381
1801368146281967616,139283076,Directed,1,RETWEET,2089215555882406381
1320052244570644483,1363585324660776970,Directed,1,QUOTE,2089215555626586167
4176529814,17525171,Directed,1,MENTION,2089215553965633906
4176529814,17525171,Directed,1,RETWEET,2089215553965633906
122165429,1246970002823172096,Directed,1,MENTION,2089215553965588924
122165429,1246970002823172096,Directed,1,RETWEET,2089215553965588924
1132834548985815041,1795825365321170945,Directed,1,MENTION,2089215553219006780
1132834548985815041,1795825365321170945,Directed,1,RETWEET,2089215553219006780
1490199397375827971,1320483313518321664,Directed,1,MENTION,2089215552816370169
1490199397375827971,1320483313518321664,Directed,1,RETWEET,2089215552816370169
2437486374,1118898897131319296,Directed,1,MENTION,2089215552094941324
2437486374,1118898897131319296,Directed,1,RETWEET,2089215552094941324
825816025,887353242497273856,Directed,1,MENTION,2089215551562215741
825816025,887353242497273856,Directed,1,RETWEET,2089215551562215741
939575895735627777,264464195,Directed,1,MENTION,2089215551507660969
939575895735627777,264464195,Directed,1,RETWEET,2089215551507660969
1984087942873411584,10228272,Directed,1,MENTION,2089215551096930788
1786974446978293761,759783710803714050,Directed,1,MENTION,2089215551092433335
1786974446978293761,759783710803714050,Directed,1,RETWEET,2089215551092433335
2445776468,1246970002823172096,Directed,1,MENTION,2089215550345883840
2445776468,1246970002823172096,Directed,1,RETWEET,2089215550345883840
217833036,60983411,Directed,1,MENTION,2089215549553234415
217833036,60983411,Directed,1,RETWEET,2089215549553234415
4722356400,1246970002823172096,Directed,1,MENTION,2089215549503152557
4722356400,1246970002823172096,Directed,1,RETWEET,2089215549503152557
39297925,4429003533,Directed,1,MENTION,2089215549423190225
39297925,16331010,Directed,1,MENTION,2089215549423190225
39297925,4429003533,Directed,1,RETWEET,2089215549423190225
1224814081263243266,286998245,Directed,1,MENTION,2089215549112787220
1224814081263243266,286998245,Directed,1,RETWEET,2089215549112787220
35981210,264464195,Directed,1,MENTION,2089215548961825231
35981210,264464195,Directed,1,RETWEET,2089215548961825231
842561695,17525171,Directed,1,MENTION,2089215548567716263
842561695,17525171,Directed,1,RETWEET,2089215548567716263
2078425221988524032,1316632013470867456,Directed,1,MENTION,2089215547342831761
2078425221988524032,1316632013470867456,Directed,1,RETWEET,2089215547342831761
809823522,264119038,Directed,1,MENTION,2089215547099750570
809823522,264119038,Directed,1,RETWEET,2089215547099750570
1813995005440049152,1320483313518321664,Directed,1,MENTION,2089215546445193500
1813995005440049152,1320483313518321664,Directed,1,RETWEET,2089215546445193500
513365249,1486473049146904576,Directed,1,MENTION,2089215545988030893
513365249,1486473049146904576,Directed,1,RETWEET,2089215545988030893
1638010036411850753,2657914215,Directed,1,MENTION,2089215545711444250
1638010036411850753,2657914215,Directed,1,RETWEET,2089215545711444250
927187711584124928,2806914710,Directed,1,MENTION,2089215545338102042
927187711584124928,2806914710,Directed,1,RETWEET,2089215545338102042
1536007262925336576,16331010,Directed,1,MENTION,2089215543459062114
1536007262925336576,16331010,Directed,1,RETWEET,2089215543459062114
715619253311778824,9451052,Directed,1,MENTION,2089215543404536183
715619253311778824,9451052,Directed,1,RETWEET,2089215543404536183
1074802912080134144,582230335,Directed,1,MENTION,2089215543366787086
1074802912080134144,582230335,Directed,1,RETWEET,2089215543366787086
3242645961,1416927705812045824,Directed,1,MENTION,2089215543362417097
3242645961,1416927705812045824,Directed,1,RETWEET,2089215543362417097
1597975110824206337,264119038,Directed,1,MENTION,2089215542943006944
1597975110824206337,264119038,Directed,1,RETWEET,2089215542943006944
168553219,1248585282720608260,Directed,1,MENTION,2089215542653505687
168553219,1248585282720608260,Directed,1,RETWEET,2089215542653505687
1185046189101715456,1590534110325481472,Directed,1,MENTION,2089215542452199541
1185046189101715456,1590534110325481472,Directed,1,RETWEET,2089215542452199541
1622541388595462145,1138458175663988738,Directed,1,MENTION,2089215542418907521
1622541388595462145,1138458175663988738,Directed,1,RETWEET,2089215542418907521
2036624693160300544,1550347852026724354,Directed,1,MENTION,2089215542351810964
2036624693160300544,1550347852026724354,Directed,1,RETWEET,2089215542351810964
1356276970397450256,264119038,Directed,1,MENTION,2089215542305677684
1356276970397450256,264119038,Directed,1,RETWEET,2089215542305677684
1969125471389696000,1363585324660776970,Directed,1,MENTION,2089215542271914166
1969125471389696000,1363585324660776970,Directed,1,RETWEET,2089215542271914166
1473141039196106755,9451052,Directed,1,MENTION,2089215541659730407
1473141039196106755,9451052,Directed,1,RETWEET,2089215541659730407
488821230,117518298,Directed,1,MENTION,2089215540996784409
488821230,117518298,Directed,1,RETWEET,2089215540996784409
1106231061833490441,1320483313518321664,Directed,1,MENTION,2089215540564832276
1106231061833490441,1320483313518321664,Directed,1,RETWEET,2089215540564832276
1272975879887564800,1486473049146904576,Directed,1,MENTION,2089215540522881170
1272975879887564800,1486473049146904576,Directed,1,RETWEET,2089215540522881170
2718483357,1550190373804310533,Directed,1,MENTION,2089215540393095492
2718483357,28785486,Directed,1,MENTION,2089215540393095492
2718483357,1550190373804310533,Directed,1,RETWEET,2089215540393095492
57695071,9451052,Directed,1,MENTION,2089215540220850628
57695071,9451052,Directed,1,RETWEET,2089215540220850628
154862780,52712735,Directed,1,MENTION,2089215540011160047
154862780,52712735,Directed,1,RETWEET,2089215540011160047
1937414945336901633,4429003533,Directed,1,MENTION,2089215539344183510
1937414945336901633,16331010,Directed,1,MENTION,2089215539344183510
1937414945336901633,4429003533,Directed,1,RETWEET,2089215539344183510
1026546606642999297,1334293381938343937,Directed,1,MENTION,2089215539067461660
1026546606642999297,1334293381938343937,Directed,1,RETWEET,2089215539067461660
1595303723848302592,759783710803714050,Directed,1,MENTION,2089215538937401755
1595303723848302592,759783710803714050,Directed,1,RETWEET,2089215538937401755
45740488,9451052,Directed,1,MENTION,2089215538652152009
45740488,9451052,Directed,1,RETWEET,2089215538652152009
1631479269367971843,1736076895882555392,Directed,1,MENTION,2089215538132119620
1631479269367971843,1736076895882555392,Directed,1,RETWEET,2089215538132119620
1666671054629093376,1193761285948743680,Directed,1,MENTION,2089215537221927112
1666671054629093376,1193761285948743680,Directed,1,RETWEET,2089215537221927112
1604011465454850048,173655563,Directed,1,MENTION,2089215537179931060
1604011465454850048,173655563,Directed,1,RETWEET,2089215537179931060
726782985094238209,1339619325578240000,Directed,1,MENTION,2089215537125413265
726782985094238209,1339619325578240000,Directed,1,RETWEET,2089215537125413265
1679650386452381698,1118898897131319296,Directed,1,MENTION,2089215537075151141
1679650386452381698,1118898897131319296,Directed,1,RETWEET,2089215537075151141
1905490955492352000,765208928657387520,Directed,1,MENTION,2089215537041608706
1905490955492352000,765208928657387520,Directed,1,RETWEET,2089215537041608706
1623933873364115456,4429003533,Directed,1,MENTION,2089215535988801908
1623933873364115456,16331010,Directed,1,MENTION,2089215535988801908
1623933873364115456,4429003533,Directed,1,RETWEET,2089215535988801908
373038413,1320483313518321664,Directed,1,MENTION,2089215535942648161
373038413,1320483313518321664,Directed,1,RETWEET,2089215535942648161
348780934,117518298,Directed,1,MENTION,2089215535237996665
348780934,117518298,Directed,1,RETWEET,2089215535237996665
295051700,4429003533,Directed,1,MENTION,2089215534768533995
295051700,16331010,Directed,1,MENTION,2089215534768533995
295051700,4429003533,Directed,1,RETWEET,2089215534768533995
58751428,4429003533,Directed,1,MENTION,2089215534651126219
58751428,16331010,Directed,1,MENTION,2089215534651126219
58751428,4429003533,Directed,1,RETWEET,2089215534651126219
1004552524538540032,139283076,Directed,1,MENTION,2089215534399168588
1004552524538540032,139283076,Directed,1,RETWEET,2089215534399168588
1499543820,9451052,Directed,1,MENTION,2089215534348837069
1499543820,9451052,Directed,1,RETWEET,2089215534348837069
1814021540591046656,1550347852026724354,Directed,1,MENTION,2089215533593829758
1814021540591046656,1550347852026724354,Directed,1,RETWEET,2089215533593829758
2566965944,17525171,Directed,1,MENTION,2089215533086281885
2566965944,17525171,Directed,1,RETWEET,2089215533086281885
1119749420,1382784423234445315,Directed,1,MENTION,2089215533010796675
1119749420,1382784423234445315,Directed,1,RETWEET,2089215533010796675
1188334335285288960,2035186346256736262,Directed,1,MENTION,2089215532629455136
1188334335285288960,2035186346256736262,Directed,1,RETWEET,2089215532629455136
1950288044298551296,264119038,Directed,1,MENTION,2089215532587192367
1950288044298551296,264119038,Directed,1,RETWEET,2089215532587192367
1613413486260031488,17446621,Directed,1,MENTION,2089215532411281905
1613413486260031488,17446621,Directed,1,RETWEET,2089215532411281905
114502625,1519385353660080129,Directed,1,MENTION,2089215531043750143
114502625,1519385353660080129,Directed,1,RETWEET,2089215531043750143
2320459087,52712735,Directed,2,MENTION,2089215530960097455
2320459087,52712735,Directed,2,RETWEET,2089215530960097455
635004033,2806914710,Directed,1,MENTION,2089215530662350960
635004033,2806914710,Directed,1,RETWEET,2089215530662350960
27604923,4429003533,Directed,1,MENTION,2089215530460741699
27604923,16331010,Directed,1,MENTION,2089215530460741699
27604923,4429003533,Directed,1,RETWEET,2089215530460741699
1425216062216343561,264464195,Directed,1,MENTION,2089215530397737027
1425216062216343561,264464195,Directed,1,RETWEET,2089215530397737027
3692998280,61550741,Directed,1,MENTION,2089215530359980396
3692998280,61550741,Directed,1,RETWEET,2089215530359980396
1753076059501993984,1346940628446437378,Directed,1,MENTION,2089215530242621682
1753076059501993984,1346940628446437378,Directed,1,RETWEET,2089215530242621682
472521685,264464195,Directed,1,MENTION,2089215530204815390
472521685,264464195,Directed,1,RETWEET,2089215530204815390
3370518494,759251,Directed,1,MENTION,2089215530163154994
3370518494,759251,Directed,1,RETWEET,2089215530163154994
107662858,17525171,Directed,1,MENTION,2089215529923776846
107662858,17525171,Directed,1,RETWEET,2089215529923776846
1057440344529387520,1679206110559891476,Directed,1,MENTION,2089215529776980435
1057440344529387520,1679206110559891476,Directed,1,RETWEET,2089215529776980435
3742581013,264464195,Directed,1,MENTION,2089215529626096068
3742581013,264464195,Directed,1,RETWEET,2089215529626096068
1116298556875264002,264119038,Directed,1,MENTION,2089215529592774737
1116298556875264002,264119038,Directed,1,RETWEET,2089215529592774737
416657277,17525171,Directed,1,MENTION,2089215529470906837
416657277,17525171,Directed,1,RETWEET,2089215529470906837
1346276025550991361,1320483313518321664,Directed,1,MENTION,2089215528904605836
1346276025550991361,1320483313518321664,Directed,1,RETWEET,2089215528904605836
1966939599210483712,1413288812562821121,Directed,1,MENTION,2089215528820732375
1966939599210483712,1413288812562821121,Directed,1,RETWEET,2089215528820732375
1569860035554992128,139283076,Directed,1,MENTION,2089215526987788581
1569860035554992128,139283076,Directed,1,RETWEET,2089215526987788581
1261099776969342976,1193761285948743680,Directed,1,MENTION,2089215526841262435
1261099776969342976,1193761285948743680,Directed,1,RETWEET,2089215526841262435
1874875503439462400,264464195,Directed,1,MENTION,2089215526094434755
1874875503439462400,264464195,Directed,1,RETWEET,2089215526094434755
1608720416045948929,1320483313518321664,Directed,1,MENTION,2089215525943394757
1608720416045948929,1320483313518321664,Directed,1,RETWEET,2089215525943394757
105819954,759783710803714050,Directed,1,MENTION,2089215525305897244
105819954,759783710803714050,Directed,1,RETWEET,2089215525305897244
1461388428499632135,9451052,Directed,1,MENTION,2089215525234545046
1461388428499632135,9451052,Directed,1,RETWEET,2089215525234545046
1786974446978293761,412808700,Directed,1,MENTION,2089215525205184809
1786974446978293761,412808700,Directed,1,RETWEET,2089215525205184809
850804054544404480,780460754910732288,Directed,1,MENTION,2089215525151007221
850804054544404480,780460754910732288,Directed,1,RETWEET,2089215525151007221
806709053925847040,1365486221204586496,Directed,1,MENTION,2089215524525748531
806709053925847040,1365486221204586496,Directed,1,RETWEET,2089215524525748531
1427820976729899008,11744152,Directed,1,MENTION,2089215524521525357
1427820976729899008,11744152,Directed,1,RETWEET,2089215524521525357
1632473009582755840,905998514060132352,Directed,1,MENTION,2089215524399923534
1632473009582755840,905998514060132352,Directed,1,RETWEET,2089215524399923534
977324691982397441,1367531,Directed,1,MENTION,2089215524286898383
977324691982397441,1367531,Directed,1,RETWEET,2089215524286898383
433076500,28785486,Directed,1,MENTION,2089215523967938780
433076500,28785486,Directed,1,RETWEET,2089215523967938780
3299968119,264464195,Directed,1,MENTION,2089215523963687042
3299968119,264464195,Directed,1,RETWEET,2089215523963687042
1316760300859928577,264464195,Directed,1,MENTION,2089215523888189714
1316760300859928577,264464195,Directed,1,RETWEET,2089215523888189714
56281371,582230335,Directed,1,MENTION,2089215523103842684
56281371,582230335,Directed,1,RETWEET,2089215523103842684
1801368146281967616,1095233856016244736,Directed,1,MENTION,2089215523074568211
1801368146281967616,1095233856016244736,Directed,1,RETWEET,2089215523074568211
1004552524538540032,1590534110325481472,Directed,1,MENTION,2089215522483126682
1004552524538540032,1590534110325481472,Directed,1,RETWEET,2089215522483126682
954926814320889856,17525171,Directed,1,MENTION,2089215522328207602
954926814320889856,17525171,Directed,1,RETWEET,2089215522328207602
1630581066686939140,1392913222034931719,Directed,1,MENTION,2089215521720091134
1630581066686939140,1392913222034931719,Directed,1,RETWEET,2089215521720091134
1669085506871734285,2806914710,Directed,1,MENTION,2089215521635885372
1669085506871734285,2806914710,Directed,1,RETWEET,2089215521635885372
1583074552770400256,1795825365321170945,Directed,1,MENTION,2089215521585516697
1583074552770400256,1795825365321170945,Directed,1,RETWEET,2089215521585516697
793188650427281408,1365486221204586496,Directed,1,MENTION,2089215521065476467
793188650427281408,1365486221204586496,Directed,1,RETWEET,2089215521065476467
24838127,1246970002823172096,Directed,1,MENTION,2089215520667287601
24838127,1246970002823172096,Directed,1,RETWEET,2089215520667287601
1467489075691143168,118851968,Directed,1,MENTION,2089215520608305641
1467489075691143168,118851968,Directed,1,RETWEET,2089215520608305641
306422550,264464195,Directed,1,MENTION,2089215519442248156
306422550,264464195,Directed,1,RETWEET,2089215519442248156
872504056081764352,217438534,Directed,1,MENTION,2089215518947389621
872504056081764352,217438534,Directed,1,RETWEET,2089215518947389621
1969125471389696000,2806914710,Directed,1,MENTION,2089215518804754477
1969125471389696000,2806914710,Directed,1,RETWEET,2089215518804754477
2763363762,1736076895882555392,Directed,1,MENTION,2089215518708236725
2763363762,1736076895882555392,Directed,1,RETWEET,2089215518708236725
728592798820216833,1363585324660776970,Directed,1,MENTION,2089215518406303890
728592798820216833,1363585324660776970,Directed,1,RETWEET,2089215518406303890
1491641393961652226,765208928657387520,Directed,1,MENTION,2089215517529870344
1491641393961652226,765208928657387520,Directed,1,RETWEET,2089215517529870344
1170129578,217438534,Directed,1,MENTION,2089215517030506630
1170129578,217438534,Directed,1,RETWEET,2089215517030506630
1829985147543818240,12993222,Directed,1,MENTION,2089215517022203988
1829985147543818240,12993222,Directed,1,RETWEET,2089215517022203988
2378324935,235841871,Directed,1,MENTION,2089215516858597879
2378324935,235841871,Directed,1,RETWEET,2089215516858597879
1087058936291840000,1320483313518321664,Directed,1,MENTION,2089215516552429630
1087058936291840000,1320483313518321664,Directed,1,RETWEET,2089215516552429630
246107458,2803025889,Directed,1,MENTION,2089215516455944659
246107458,2803025889,Directed,1,RETWEET,2089215516455944659
220590389,17525171,Directed,1,MENTION,2089215516435157400
220590389,17525171,Directed,1,RETWEET,2089215516435157400
1470386073738133514,1193761285948743680,Directed,1,MENTION,2089215516414001577
1470386073738133514,1193761285948743680,Directed,1,RETWEET,2089215516414001577
1148487813400150016,1590534110325481472,Directed,1,MENTION,2089215516271579373
1148487813400150016,1590534110325481472,Directed,1,RETWEET,2089215516271579373
68579466,264464195,Directed,1,MENTION,2089215516237775136
68579466,264464195,Directed,1,RETWEET,2089215516237775136
1179724433524760576,1193761285948743680,Directed,1,MENTION,2089215515487285531
1179724433524760576,1193761285948743680,Directed,1,RETWEET,2089215515487285531
843501162687053826,1365486221204586496,Directed,1,MENTION,2089215515323470003
843501162687053826,1365486221204586496,Directed,1,RETWEET,2089215515323470003
1070542902063841281,1365486221204586496,Directed,1,MENTION,2089215514258317780
1070542902063841281,1365486221204586496,Directed,1,RETWEET,2089215514258317780
1236704761208078338,2806914710,Directed,1,MENTION,2089215514178465904
1236704761208078338,2806914710,Directed,1,RETWEET,2089215514178465904
1661054202,1383917402056892420,Directed,1,MENTION,2089215514039971850
1661054202,1383917402056892420,Directed,1,RETWEET,2089215514039971850
1247302226726531074,117518298,Directed,1,MENTION,2089215513524113448
1247302226726531074,117518298,Directed,1,RETWEET,2089215513524113448
1475758010,1320483313518321664,Directed,1,MENTION,2089215512743915543
1475758010,1320483313518321664,Directed,1,RETWEET,2089215512743915543
155606648,1320483313518321664,Directed,1,MENTION,2089215512500724102
155606648,1320483313518321664,Directed,1,RETWEET,2089215512500724102
1599768151,1795825365321170945,Directed,1,MENTION,2089215512253280487
1599768151,1795825365321170945,Directed,1,RETWEET,2089215512253280487
2437486374,1193761285948743680,Directed,1,MENTION,2089215512165114296
2437486374,1193761285948743680,Directed,1,RETWEET,2089215512165114296
2043307370571337728,13049362,Directed,1,MENTION,2089215511263387740
2043307370571337728,13049362,Directed,1,RETWEET,2089215511263387740
62414527,264119038,Directed,1,RETWEET,2089215511250743696
1586202196366032896,1679206110559891476,Directed,1,MENTION,2089215509451387357
1586202196366032896,1679206110559891476,Directed,1,RETWEET,2089215509451387357
158906467,1736076895882555392,Directed,1,MENTION,2089215508155646232
158906467,1736076895882555392,Directed,1,RETWEET,2089215508155646232
1808501969306234880,1679206110559891476,Directed,1,MENTION,2089215507970863369
1808501969306234880,1679206110559891476,Directed,1,RETWEET,2089215507970863369
1347658676061020160,16331010,Directed,1,MENTION,2089215507824095251
1347658676061020160,16331010,Directed,1,RETWEET,2089215507824095251
1761821039095377920,264119038,Directed,1,MENTION,2089215507278758080
1761821039095377920,264119038,Directed,1,RETWEET,2089215507278758080
947394561357344769,1590534110325481472,Directed,1,MENTION,2089215506750304691
947394561357344769,1590534110325481472,Directed,1,RETWEET,2089215506750304691
451913025,118851968,Directed,1,MENTION,2089215506444341556
451913025,118851968,Directed,1,RETWEET,2089215506444341556
705060929873059845,17525171,Directed,1,MENTION,2089215506389540879
705060929873059845,17525171,Directed,1,RETWEET,2089215506389540879
843251904708857856,755185741655789568,Directed,1,MENTION,2089215505898909864
843251904708857856,755185741655789568,Directed,1,RETWEET,2089215505898909864
2713614696,2597157732,Directed,1,MENTION,2089215505668178206
2713614696,2597157732,Directed,1,RETWEET,2089215505668178206
1547245747791331333,1382784423234445315,Directed,1,MENTION,2089215505429082428
1547245747791331333,1382784423234445315,Directed,1,RETWEET,2089215505429082428
1783317235978641408,1365486221204586496,Directed,1,MENTION,2089215504263078330
1783317235978641408,1365486221204586496,Directed,1,RETWEET,2089215504263078330
1284199530208976896,179583592,Directed,1,MENTION,2089215504196239814
1284199530208976896,179583592,Directed,1,RETWEET,2089215504196239814
1569900547636879360,1320483313518321664,Directed,1,MENTION,2089215503004766654
1569900547636879360,1320483313518321664,Directed,1,RETWEET,2089215503004766654
1451580600721174530,264119038,Directed,1,MENTION,2089215502824644978
1451580600721174530,264119038,Directed,1,RETWEET,2089215502824644978
1093968693355335687,264119038,Directed,1,MENTION,2089215502577016918
1093968693355335687,264119038,Directed,1,RETWEET,2089215502577016918
534457596,887353242497273856,Directed,1,MENTION,2089215502518194583
534457596,887353242497273856,Directed,1,RETWEET,2089215502518194583
1910855480676605952,14780915,Directed,1,MENTION,2089215502467887226
1910855480676605952,14780915,Directed,1,RETWEET,2089215502467887226
939575895735627777,264119038,Directed,1,MENTION,2089215502312673631
939575895735627777,264119038,Directed,1,RETWEET,2089215502312673631
764935967782211584,1320483313518321664,Directed,1,MENTION,2089215502056866033
764935967782211584,1320483313518321664,Directed,1,RETWEET,2089215502056866033
3042649988,9451052,Directed,1,MENTION,2089215502002327722
3042649988,9451052,Directed,1,RETWEET,2089215502002327722
715619253311778824,139283076,Directed,1,MENTION,2089215501583225329
715619253311778824,139283076,Directed,1,RETWEET,2089215501583225329
1235222007144472577,117518298,Directed,1,MENTION,2089215501289263305
1235222007144472577,117518298,Directed,1,RETWEET,2089215501289263305
220590389,2806914710,Directed,1,MENTION,2089215501168001028
220590389,2806914710,Directed,1,RETWEET,2089215501168001028
1322743929180196866,17525171,Directed,1,MENTION,2089215501155041391
1322743929180196866,17525171,Directed,1,RETWEET,2089215501155041391
1257018981094916096,63514682,Directed,1,MENTION,2089215500932805120
1257018981094916096,63514682,Directed,1,RETWEET,2089215500932805120
1253338105,1320483313518321664,Directed,1,MENTION,2089215500697903488
1253338105,1320483313518321664,Directed,1,RETWEET,2089215500697903488
1392485373297807364,264119038,Directed,1,MENTION,2089215500580491654
1392485373297807364,264119038,Directed,1,RETWEET,2089215500580491654
3041268363,988949341028024320,Directed,1,MENTION,2089215500169662702
3041268363,988949341028024320,Directed,1,RETWEET,2089215500169662702
1191223584301232129,17525171,Directed,1,MENTION,2089215500085576056
1191223584301232129,17525171,Directed,1,RETWEET,2089215500085576056
1910379771554611200,780460754910732288,Directed,1,MENTION,2089215499921969356
1910379771554611200,780460754910732288,Directed,1,RETWEET,2089215499921969356
1599768151,76248440,Directed,1,MENTION,2089215498831495586
1599768151,76248440,Directed,1,RETWEET,2089215498831495586
1951455887450890240,9451052,Directed,1,MENTION,2089215497535738324
1951455887450890240,9451052,Directed,1,RETWEET,2089215497535738324
889776078,1478563993572814848,Directed,1,MENTION,2089215496381931660
889776078,16331010,Directed,1,MENTION,2089215496381931660
889776078,1478563993572814848,Directed,1,RETWEET,2089215496381931660
1091240505801871360,101893838,Directed,1,MENTION,2089215495970902328
1091240505801871360,101893838,Directed,1,RETWEET,2089215495970902328
629145092,1320483313518321664,Directed,1,MENTION,2089215495757295969
629145092,1320483313518321664,Directed,1,RETWEET,2089215495757295969
1149385662245851136,1679206110559891476,Directed,1,MENTION,2089215495731921338
1149385662245851136,1679206110559891476,Directed,1,RETWEET,2089215495731921338
1824828576761319424,4429003533,Directed,1,MENTION,2089215495354401052
1824828576761319424,16331010,Directed,1,MENTION,2089215495354401052
1824828576761319424,4429003533,Directed,1,RETWEET,2089215495354401052
1315911951042703360,1118898897131319296,Directed,1,MENTION,2089215495043973345
1315911951042703360,1118898897131319296,Directed,1,RETWEET,2089215495043973345
1936962210955399168,1298153582500499457,Directed,1,MENTION,2089215494851006905
1936962210955399168,1298153582500499457,Directed,1,RETWEET,2089215494851006905
755712929543008258,2803025889,Directed,1,MENTION,2089215494775595423
755712929543008258,2803025889,Directed,1,RETWEET,2089215494775595423
1953938718357864448,1928548814,Directed,1,MENTION,2089215494616224172
1953938718357864448,1928548814,Directed,1,RETWEET,2089215494616224172
920970580140032000,1416927705812045824,Directed,1,MENTION,2089215494154834181
920970580140032000,1416927705812045824,Directed,1,RETWEET,2089215494154834181
3257112530,217438534,Directed,1,MENTION,2089215494046027788
3257112530,217438534,Directed,1,RETWEET,2089215494046027788
3154229819,1320483313518321664,Directed,1,MENTION,2089215493898973312
3154229819,1320483313518321664,Directed,1,RETWEET,2089215493898973312
220590389,780460754910732288,Directed,1,MENTION,2089215493131678156
220590389,780460754910732288,Directed,1,RETWEET,2089215493131678156
597889605,264464195,Directed,1,MENTION,2089215492959477847
597889605,264464195,Directed,1,RETWEET,2089215492959477847
589963551,17446621,Directed,1,MENTION,2089215492879704117
589963551,17446621,Directed,1,RETWEET,2089215492879704117
1542615655081545730,975195434,Directed,1,MENTION,2089215492846203255
1542615655081545730,975195434,Directed,1,RETWEET,2089215492846203255
1546735356111831040,1519385353660080129,Directed,1,MENTION,2089215492557099091
1546735356111831040,1519385353660080129,Directed,1,RETWEET,2089215492557099091
1419900197380009984,1382784423234445315,Directed,1,MENTION,2089215491755725240
1419900197380009984,1382784423234445315,Directed,1,RETWEET,2089215491755725240
817848497210851330,1413288812562821121,Directed,1,MENTION,2089215491696943267
817848497210851330,1413288812562821121,Directed,1,RETWEET,2089215491696943267
1370543001714429957,1679206110559891476,Directed,1,MENTION,2089215490916753666
1370543001714429957,1679206110559891476,Directed,1,RETWEET,2089215490916753666
583413051,1736076895882555392,Directed,1,MENTION,2089215490451222897
583413051,1736076895882555392,Directed,1,RETWEET,2089215490451222897
1327020243575828482,9451052,Directed,1,MENTION,2089215490098970912
1327020243575828482,9451052,Directed,1,RETWEET,2089215490098970912
221143685,139283076,Directed,1,MENTION,2089215489272639543
221143685,139283076,Directed,1,RETWEET,2089215489272639543
564111073,264119038,Directed,1,MENTION,2089215488362422606
564111073,264119038,Directed,1,RETWEET,2089215488362422606
1439317535103541248,1550347852026724354,Directed,1,MENTION,2089215487586562290
1439317535103541248,1550347852026724354,Directed,1,RETWEET,2089215487586562290
153978155,9451052,Directed,1,MENTION,2089215487272009829
153978155,9451052,Directed,1,RETWEET,2089215487272009829
1656851014719361024,264464195,Directed,1,MENTION,2089215487188054492
1656851014719361024,264464195,Directed,1,RETWEET,2089215487188054492
3230301055,17525171,Directed,1,QUOTE,2089215487066386724
780658500,22650211,Directed,1,MENTION,2089215486932185345
780658500,22650211,Directed,1,RETWEET,2089215486932185345
1826399213334200320,264119038,Directed,1,MENTION,2089215486751809613
1826399213334200320,264119038,Directed,1,RETWEET,2089215486751809613
1786248313894731776,811682960743264256,Directed,1,MENTION,2089215486651232336
1786248313894731776,811682960743264256,Directed,1,RETWEET,2089215486651232336
3227875243,416759640,Directed,1,MENTION,2089215486324007053
3227875243,416759640,Directed,1,RETWEET,2089215486324007053
1026898886672019457,988949341028024320,Directed,1,MENTION,2089215486194233631
1026898886672019457,988949341028024320,Directed,1,RETWEET,2089215486194233631
724446211,1382784423234445315,Directed,1,MENTION,2089215486185652650
724446211,1382784423234445315,Directed,1,RETWEET,2089215486185652650
2854277745,1795825365321170945,Directed,1,MENTION,2089215486051397773
2854277745,1795825365321170945,Directed,1,RETWEET,2089215486051397773
1171219036954386432,1246970002823172096,Directed,1,MENTION,2089215485954933141
1171219036954386432,1246970002823172096,Directed,1,RETWEET,2089215485954933141
978403381499789313,582230335,Directed,1,MENTION,2089215485418127766
978403381499789313,582230335,Directed,1,RETWEET,2089215485418127766
1019988882174238720,1795825365321170945,Directed,1,MENTION,2089215484897989063
1019988882174238720,1795825365321170945,Directed,1,RETWEET,2089215484897989063
1803352218768408576,217438534,Directed,1,MENTION,2089215484751421506
1803352218768408576,217438534,Directed,1,RETWEET,2089215484751421506
27676387,16331010,Directed,1,MENTION,2089215484667314383
27676387,16331010,Directed,1,RETWEET,2089215484667314383
445948611,1030562655440986113,Directed,1,MENTION,2089215484306588066
445948611,1030562655440986113,Directed,1,RETWEET,2089215484306588066
1106012218410307586,1365486221204586496,Directed,1,MENTION,2089215484134670624
1106012218410307586,1365486221204586496,Directed,1,RETWEET,2089215484134670624
1233923229032468481,2806914710,Directed,1,MENTION,2089215483883270288
1233923229032468481,2806914710,Directed,1,RETWEET,2089215483883270288
4582527557,887353242497273856,Directed,1,MENTION,2089215483836801342
4582527557,887353242497273856,Directed,1,RETWEET,2089215483836801342
890375511142268929,1365486221204586496,Directed,1,MENTION,2089215483543228467
890375511142268929,1365486221204586496,Directed,1,RETWEET,2089215483543228467
1087600747,1298153582500499457,Directed,1,MENTION,2089215482461327561
1087600747,1298153582500499457,Directed,1,RETWEET,2089215482461327561
1982121837208498176,1416927705812045824,Directed,1,MENTION,2089215482431668597
1982121837208498176,1416927705812045824,Directed,1,RETWEET,2089215482431668597
2966656841,1118898897131319296,Directed,1,MENTION,2089215482050048031
2966656841,1118898897131319296,Directed,1,RETWEET,2089215482050048031
1373385214525902850,903223524445257729,Directed,1,MENTION,2089215481798643836
1373385214525902850,903223524445257729,Directed,1,RETWEET,2089215481798643836
35981210,2056802713602498560,Directed,1,MENTION,2089215481727033410
35981210,2056802713602498560,Directed,1,RETWEET,2089215481727033410
993756634206777345,17525171,Directed,1,MENTION,2089215481127546958
993756634206777345,17525171,Directed,1,RETWEET,2089215481127546958
1748221186373234688,1413288812562821121,Directed,1,MENTION,2089215481081184380
1748221186373234688,1413288812562821121,Directed,1,RETWEET,2089215481081184380
58881330,1301888576951476226,Directed,1,MENTION,2089215480674312320
58881330,1301888576951476226,Directed,1,RETWEET,2089215480674312320
1279917431461498880,13049362,Directed,1,MENTION,2089215479931933141
1279917431461498880,13049362,Directed,1,RETWEET,2089215479931933141
1509463239083573248,1320483313518321664,Directed,1,MENTION,2089215479894118412
1509463239083573248,1320483313518321664,Directed,1,RETWEET,2089215479894118412
104654949,16331010,Directed,1,MENTION,2089215479281811543
104654949,16331010,Directed,1,RETWEET,2089215479281811543
2043153394018189312,1320483313518321664,Directed,1,MENTION,2089215479038484628
2043153394018189312,1320483313518321664,Directed,1,RETWEET,2089215479038484628
176924621,988949341028024320,Directed,1,MENTION,2089215478472274252
176924621,988949341028024320,Directed,1,RETWEET,2089215478472274252
58751428,1320483313518321664,Directed,1,MENTION,2089215478128586828
58751428,1320483313518321664,Directed,1,RETWEET,2089215478128586828
947073118538887168,582230335,Directed,1,MENTION,2089215477910511790
947073118538887168,582230335,Directed,1,RETWEET,2089215477910511790
1054129642821640192,759251,Directed,1,MENTION,2089215477578883484
1054129642821640192,759251,Directed,1,RETWEET,2089215477578883484
1835482239721000960,1795825365321170945,Directed,1,MENTION,2089215477444968469
1835482239721000960,1795825365321170945,Directed,1,RETWEET,2089215477444968469
1410532820158541830,780460754910732288,Directed,1,MENTION,2089215476937183303
1410532820158541830,780460754910732288,Directed,1,RETWEET,2089215476937183303
1082810902691209216,4429003533,Directed,1,MENTION,2089215476782256419
1082810902691209216,16331010,Directed,1,MENTION,2089215476782256419
1082810902691209216,4429003533,Directed,1,RETWEET,2089215476782256419
1252769108254502912,9451052,Directed,1,MENTION,2089215476622565384
1252769108254502912,9451052,Directed,1,RETWEET,2089215476622565384
171154350,1193761285948743680,Directed,1,MENTION,2089215476509356356
171154350,1193761285948743680,Directed,1,RETWEET,2089215476509356356
2436297290,264464195,Directed,1,MENTION,2089215476488441911
2436297290,264464195,Directed,1,RETWEET,2089215476488441911
1315109245868666882,1365486221204586496,Directed,1,MENTION,2089215475838591129
1315109245868666882,1365486221204586496,Directed,1,RETWEET,2089215475838591129
3230301055,1507122304093982722,Directed,1,QUOTE,2089215475494392001
1979737623749951488,1320483313518321664,Directed,1,MENTION,2089215475418878425
1979737623749951488,1320483313518321664,Directed,1,RETWEET,2089215475418878425
1669483925587083264,286998245,Directed,1,MENTION,2089215475217559928
1669483925587083264,286998245,Directed,1,RETWEET,2089215475217559928
1526799214444945409,1320483313518321664,Directed,1,MENTION,2089215474387255599
1526799214444945409,1320483313518321664,Directed,1,RETWEET,2089215474387255599
2036477828787740674,1346940628446437378,Directed,1,MENTION,2089215474286383520
2036477828787740674,1346940628446437378,Directed,1,RETWEET,2089215474286383520
1584006509167489024,1363585324660776970,Directed,1,MENTION,2089215474097889759
1584006509167489024,1363585324660776970,Directed,1,RETWEET,2089215474097889759
321804686,872673109291130884,Directed,1,MENTION,2089215473992806442
321804686,872673109291130884,Directed,1,RETWEET,2089215473992806442
1314936602909708289,2803025889,Directed,1,MENTION,2089215473833697512
1314936602909708289,2803025889,Directed,1,RETWEET,2089215473833697512
1952388331389820928,17525171,Directed,1,MENTION,2089215473539748010
1952388331389820928,17525171,Directed,1,RETWEET,2089215473539748010
591186219,1118898897131319296,Directed,1,MENTION,2089215473464271085
591186219,1118898897131319296,Directed,1,RETWEET,2089215473464271085
1617364930314833923,1550347852026724354,Directed,1,MENTION,2089215473325879730
1617364930314833923,1550347852026724354,Directed,1,RETWEET,2089215473325879730
1206311371,179583592,Directed,1,MENTION,2089215473325879729
1206311371,179583592,Directed,1,RETWEET,2089215473325879729
1586163222591442944,264119038,Directed,1,MENTION,2089215473108000947
1586163222591442944,264119038,Directed,1,RETWEET,2089215473108000947
1072789311119114240,217438534,Directed,1,MENTION,2089215472642273663
1072789311119114240,217438534,Directed,1,RETWEET,2089215472642273663
1470972149754216455,1990329876063420416,Directed,1,MENTION,2089215471853658291
1470972149754216455,1990329876063420416,Directed,1,RETWEET,2089215471853658291
757447855,9451052,Directed,1,MENTION,2089215470960628026
757447855,9451052,Directed,1,RETWEET,2089215470960628026
1822493681879801856,1320483313518321664,Directed,1,MENTION,2089215470427590727
1822493681879801856,1320483313518321664,Directed,1,RETWEET,2089215470427590727
309659125,117518298,Directed,1,MENTION,2089215469861441649
309659125,117518298,Directed,1,RETWEET,2089215469861441649
105890656,117518298,Directed,1,MENTION,2089215469685293525
105890656,117518298,Directed,1,RETWEET,2089215469685293525
61398906,895007453074665474,Directed,1,MENTION,2089215469559710147
61398906,895007453074665474,Directed,1,RETWEET,2089215469559710147
740672576804921348,9451052,Directed,1,MENTION,2089215469232234939
740672576804921348,9451052,Directed,1,RETWEET,2089215469232234939
1809206162799382528,1320483313518321664,Directed,1,MENTION,2089215468557009081
1809206162799382528,1320483313518321664,Directed,1,RETWEET,2089215468557009081
1164641922583076864,1320483313518321664,Directed,1,MENTION,2089215468275896777
1164641922583076864,1320483313518321664,Directed,1,RETWEET,2089215468275896777
278714518,1320483313518321664,Directed,1,MENTION,2089215467424481522
278714518,1320483313518321664,Directed,1,RETWEET,2089215467424481522
1315536226464591872,1320483313518321664,Directed,1,MENTION,2089215467416137801
1315536226464591872,1320483313518321664,Directed,1,RETWEET,2089215467416137801
1953285950790090752,1430574681652928515,Directed,1,MENTION,2089215466803765498
1953285950790090752,1430574681652928515,Directed,1,RETWEET,2089215466803765498
1432553883386224643,2806914710,Directed,1,MENTION,2089215466161967417
1432553883386224643,2806914710,Directed,1,RETWEET,2089215466161967417
1369812194880290822,217438534,Directed,1,MENTION,2089215466002620894
1369812194880290822,217438534,Directed,1,RETWEET,2089215466002620894
825175845912338432,264119038,Directed,1,MENTION,2089215465990095219
825175845912338432,264119038,Directed,1,RETWEET,2089215465990095219
1530995832828338178,300916291,Directed,1,MENTION,2089215465516065157
1530995832828338178,300916291,Directed,1,RETWEET,2089215465516065157
789097698506878976,264464195,Directed,1,MENTION,2089215465243758797
789097698506878976,264464195,Directed,1,RETWEET,2089215465243758797
1112604853111529472,1736076895882555392,Directed,1,MENTION,2089215464933134466
1112604853111529472,1736076895882555392,Directed,1,RETWEET,2089215464933134466
4042322654,1182864496018149376,Directed,1,MENTION,2089215464350359737
4042322654,1182864496018149376,Directed,1,RETWEET,2089215464350359737
258457727,264464195,Directed,1,MENTION,2089215464127832225
258457727,264464195,Directed,1,RETWEET,2089215464127832225
1785056898724618240,1943162477048664065,Directed,1,MENTION,2089215462152212829
1785056898724618240,1943162477048664065,Directed,1,RETWEET,2089215462152212829
30102529,264464195,Directed,1,MENTION,2089215461665739147
30102529,264464195,Directed,1,RETWEET,2089215461665739147
788161014,4429003533,Directed,1,MENTION,2089215461208506554
788161014,16331010,Directed,1,MENTION,2089215461208506554
788161014,4429003533,Directed,1,RETWEET,2089215461208506554
752552825142386689,179583592,Directed,1,MENTION,2089215460810387904
752552825142386689,179583592,Directed,1,RETWEET,2089215460810387904
3042649988,1550347852026724354,Directed,1,MENTION,2089215460772319721
3042649988,1550347852026724354,Directed,1,RETWEET,2089215460772319721
64326216,1334293381938343937,Directed,1,MENTION,2089215460277465264
64326216,1334293381938343937,Directed,1,RETWEET,2089215460277465264
1986589741240782848,264464195,Directed,1,MENTION,2089215459967094979
1986589741240782848,264464195,Directed,1,RETWEET,2089215459967094979
1188334335285288960,1320483313518321664,Directed,1,MENTION,2089215459916923021
1188334335285288960,1320483313518321664,Directed,1,RETWEET,2089215459916923021
2354890799,1320483313518321664,Directed,1,MENTION,2089215459107205195
2354890799,1320483313518321664,Directed,1,RETWEET,2089215459107205195
3118503300,1392913222034931719,Directed,1,MENTION,2089215459098784062
3118503300,1392913222034931719,Directed,1,RETWEET,2089215459098784062
1175198206742925313,60983411,Directed,1,MENTION,2089215458578690060
1175198206742925313,60983411,Directed,1,RETWEET,2089215458578690060
1672142408543268865,1365486221204586496,Directed,1,MENTION,2089215458188611791
1672142408543268865,1365486221204586496,Directed,1,RETWEET,2089215458188611791
1951455887450890240,1550347852026724354,Directed,1,MENTION,2089215458172088515
1951455887450890240,1550347852026724354,Directed,1,RETWEET,2089215458172088515
747827006780354561,1486473049146904576,Directed,1,MENTION,2089215456900960585
747827006780354561,1486473049146904576,Directed,1,RETWEET,2089215456900960585
331782173,1679206110559891476,Directed,1,MENTION,2089215456892612993
331782173,1679206110559891476,Directed,1,RETWEET,2089215456892612993
1748221186373234688,1249542350386290689,Directed,1,MENTION,2089215456695521476
1748221186373234688,1249542350386290689,Directed,1,RETWEET,2089215456695521476
2391790928,1363585324660776970,Directed,1,MENTION,2089215455374487626
2391790928,1363585324660776970,Directed,1,RETWEET,2089215455374487626
1494365324547956739,1339619325578240000,Directed,1,MENTION,2089215454556361179
1494365324547956739,1339619325578240000,Directed,1,RETWEET,2089215454556361179
1204644277038374912,264119038,Directed,1,MENTION,2089215454019834063
1204644277038374912,264119038,Directed,1,RETWEET,2089215454019834063
3230301055,13049362,Directed,1,QUOTE,2089215453700735458
1195129918918725632,264464195,Directed,1,MENTION,2089215453692313602
1195129918918725632,264464195,Directed,1,RETWEET,2089215453692313602
497022525,14780915,Directed,1,MENTION,2089215453482676400
497022525,14780915,Directed,1,RETWEET,2089215453482676400
1216469259402039296,1382784423234445315,Directed,1,MENTION,2089215453369451005
1216469259402039296,1382784423234445315,Directed,1,RETWEET,2089215453369451005
2008421639927615488,2803025889,Directed,1,MENTION,2089215452538970366
2008421639927615488,2803025889,Directed,1,RETWEET,2089215452538970366
1462789567694659585,1320483313518321664,Directed,1,MENTION,2089215452509536659
1462789567694659585,1320483313518321664,Directed,1,RETWEET,2089215452509536659
860547074860908548,1225955468125691904,Directed,1,MENTION,2089215452413136991
860547074860908548,1225955468125691904,Directed,1,RETWEET,2089215452413136991
1090480268,264119038,Directed,1,MENTION,2089215452350484719
1090480268,264119038,Directed,1,RETWEET,2089215452350484719
309659125,16331010,Directed,1,MENTION,2089215451616195034
309659125,16331010,Directed,1,RETWEET,2089215451616195034
391093601,1513632805078634500,Directed,1,MENTION,2089215451041513937
391093601,1513632805078634500,Directed,1,RETWEET,2089215451041513937
933735084213055488,9451052,Directed,1,MENTION,2089215450957631533
933735084213055488,9451052,Directed,1,RETWEET,2089215450957631533
1655086260006912002,780460754910732288,Directed,1,MENTION,2089215450819305522
1655086260006912002,780460754910732288,Directed,1,RETWEET,2089215450819305522
379141685,1138458175663988738,Directed,1,MENTION,2089215450504974450
379141685,1138458175663988738,Directed,1,RETWEET,2089215450504974450
1526799214444945409,264464195,Directed,1,MENTION,2089215450156773617
1526799214444945409,264464195,Directed,1,RETWEET,2089215450156773617
2069827976372400128,1392913222034931719,Directed,1,MENTION,2089215449506386005
2069827976372400128,1392913222034931719,Directed,1,RETWEET,2089215449506386005
1831206088177336320,2806914710,Directed,1,MENTION,2089215448692752645
1831206088177336320,2806914710,Directed,1,RETWEET,2089215448692752645
1545453378905354240,217438534,Directed,1,MENTION,2089215448487506131
1545453378905354240,217438534,Directed,1,RETWEET,2089215448487506131
107927286,264119038,Directed,1,MENTION,2089215448306896988
107927286,264119038,Directed,1,RETWEET,2089215448306896988
1373385214525902850,217438534,Directed,1,MENTION,2089215447904461294
1373385214525902850,217438534,Directed,1,RETWEET,2089215447904461294
1427820976729899008,4429003533,Directed,1,MENTION,2089215447698743590
1427820976729899008,4429003533,Directed,1,RETWEET,2089215447698743590
1812264516996210688,264464195,Directed,1,MENTION,2089215447304647121
1812264516996210688,264464195,Directed,1,RETWEET,2089215447304647121
55396269,264464195,Directed,1,MENTION,2089215446729818506
55396269,264464195,Directed,1,RETWEET,2089215446729818506
757447855,139283076,Directed,1,MENTION,2089215446709067881
757447855,139283076,Directed,1,RETWEET,2089215446709067881
1618755153758408706,264119038,Directed,1,MENTION,2089215446394474851
1618755153758408706,264119038,Directed,1,RETWEET,2089215446394474851
1222713795459584005,1320483313518321664,Directed,1,MENTION,2089215445706383456
1222713795459584005,1320483313518321664,Directed,1,RETWEET,2089215445706383456
1799114995386441732,1550347852026724354,Directed,1,MENTION,2089215445341520074
1799114995386441732,1550347852026724354,Directed,1,RETWEET,2089215445341520074
1699196689892904960,17446621,Directed,1,MENTION,2089215445224091702
1699196689892904960,17446621,Directed,1,RETWEET,2089215445224091702
3037659009,1138458175663988738,Directed,1,MENTION,2089215444875948405
3037659009,1138458175663988738,Directed,1,RETWEET,2089215444875948405
840312517226311682,1118898897131319296,Directed,1,MENTION,2089215444808782069
840312517226311682,1118898897131319296,Directed,1,RETWEET,2089215444808782069
1526117087789596672,1320483313518321664,Directed,1,MENTION,2089215444511334710
1526117087789596672,1320483313518321664,Directed,1,RETWEET,2089215444511334710
25764789,17525171,Directed,1,MENTION,2089215444389392448
25764789,17525171,Directed,1,RETWEET,2089215444389392448
715854906972848128,1581107613760212992,Directed,1,MENTION,2089215444133560742
715854906972848128,1581107613760212992,Directed,1,RETWEET,2089215444133560742
327715579,1138458175663988738,Directed,1,MENTION,2089215443969966562
327715579,1138458175663988738,Directed,1,RETWEET,2089215443969966562
39983436,1486473049146904576,Directed,1,MENTION,2089215443860906220
39983436,1486473049146904576,Directed,1,RETWEET,2089215443860906220
1408617174277656576,1486473049146904576,Directed,1,MENTION,2089215443835748755
1408617174277656576,1486473049146904576,Directed,1,RETWEET,2089215443835748755
954540158921183232,16331010,Directed,1,MENTION,2089215443303031058
954540158921183232,16331010,Directed,1,RETWEET,2089215443303031058
1128109457521688577,16331010,Directed,1,MENTION,2089215443177275469
1128109457521688577,16331010,Directed,1,RETWEET,2089215443177275469
335792796,2182926994,Directed,1,MENTION,2089215443097505931
335792796,2182926994,Directed,1,RETWEET,2089215443097505931
3032030997,1183606359951982593,Directed,1,MENTION,2089215443063935344
3032030997,1183606359951982593,Directed,1,RETWEET,2089215443063935344
1630581066686939140,1337377197472894977,Directed,1,MENTION,2089215442984501756
1630581066686939140,1337377197472894977,Directed,1,RETWEET,2089215442984501756
1072682894529888256,264464195,Directed,1,MENTION,2089215442975944809
1072682894529888256,264464195,Directed,1,RETWEET,2089215442975944809
3195778922,9451052,Directed,1,MENTION,2089215442929745939
3195778922,9451052,Directed,1,RETWEET,2089215442929745939
1672142408543268865,2806914710,Directed,1,MENTION,2089215442514526559
1672142408543268865,2806914710,Directed,1,RETWEET,2089215442514526559
24465039,780460754910732288,Directed,1,MENTION,2089215442145484856
24465039,780460754910732288,Directed,1,RETWEET,2089215442145484856
1674965053135638534,9451052,Directed,1,MENTION,2089215441755689102
1674965053135638534,9451052,Directed,1,RETWEET,2089215441755689102
1139761747773001729,1781791974502146048,Directed,1,MENTION,2089215441637986415
1139761747773001729,1781791974502146048,Directed,1,RETWEET,2089215441637986415
1986189517045354497,1365486221204586496,Directed,1,MENTION,2089215441600192525
1986189517045354497,1365486221204586496,Directed,1,RETWEET,2089215441600192525
20791409,887353242497273856,Directed,1,MENTION,2089215440677486745
20791409,887353242497273856,Directed,1,RETWEET,2089215440677486745
2045720747977453568,582230335,Directed,1,MENTION,2089215440618659986
2045720747977453568,582230335,Directed,1,RETWEET,2089215440618659986
1586112186295926791,16664681,Directed,1,MENTION,2089215439293292948
1586112186295926791,16664681,Directed,1,RETWEET,2089215439293292948
2378324935,45500908,Directed,1,MENTION,2089215439159148901
2378324935,45500908,Directed,1,RETWEET,2089215439159148901
1525520886589272064,4429003533,Directed,1,MENTION,2089215438735470726
1525520886589272064,16331010,Directed,1,MENTION,2089215438735470726
1525520886589272064,4429003533,Directed,1,RETWEET,2089215438735470726
141307802,765208928657387520,Directed,1,MENTION,2089215438378901799
141307802,765208928657387520,Directed,1,RETWEET,2089215438378901799
2042241177697517568,16331010,Directed,1,MENTION,2089215438316023976
2042241177697517568,16331010,Directed,1,RETWEET,2089215438316023976
911917921,117518298,Directed,1,MENTION,2089215436336627890
911917921,117518298,Directed,1,RETWEET,2089215436336627890
116077492,1416927705812045824,Directed,1,MENTION,2089215436139253764
116077492,1416927705812045824,Directed,1,RETWEET,2089215436139253764
1953285950790090752,2056874552051785728,Directed,1,MENTION,2089215435921138037
1953285950790090752,2056874552051785728,Directed,1,RETWEET,2089215435921138037
1014189415,1590534110325481472,Directed,1,MENTION,2089215435656864217
1014189415,1590534110325481472,Directed,1,RETWEET,2089215435656864217
997709874007085056,1590534110325481472,Directed,1,MENTION,2089215435166093777
997709874007085056,1590534110325481472,Directed,1,RETWEET,2089215435166093777
1427820976729899008,1320483313518321664,Directed,1,MENTION,2089215434947965354
1427820976729899008,1320483313518321664,Directed,1,RETWEET,2089215434947965354
1247302226726531074,1679206110559891476,Directed,1,MENTION,2089215434000117867
1247302226726531074,1679206110559891476,Directed,1,RETWEET,2089215434000117867
1039023018553602053,250494091,Directed,1,MENTION,2089215433031229799
1039023018553602053,250494091,Directed,1,RETWEET,2089215433031229799
1028031492390367236,1320483313518321664,Directed,1,MENTION,2089215432855064822
1028031492390367236,1320483313518321664,Directed,1,RETWEET,2089215432855064822
1534242006330908672,1320483313518321664,Directed,1,MENTION,2089215432536240383
1534242006330908672,1320483313518321664,Directed,1,RETWEET,2089215432536240383
760611303350120449,1301888576951476226,Directed,1,MENTION,2089215432251343311
760611303350120449,1301888576951476226,Directed,1,RETWEET,2089215432251343311
1100442296397381638,1679206110559891476,Directed,1,MENTION,2089215431932305465
1100442296397381638,1679206110559891476,Directed,1,RETWEET,2089215431932305465
1262030564271497224,217438534,Directed,1,MENTION,2089215431865168333
1262030564271497224,217438534,Directed,1,RETWEET,2089215431865168333
949902827031224320,1486473049146904576,Directed,1,MENTION,2089215431848677464
949902827031224320,1486473049146904576,Directed,1,RETWEET,2089215431848677464
58751428,1138458175663988738,Directed,1,MENTION,2089215431336980804
58751428,1138458175663988738,Directed,1,RETWEET,2089215431336980804
73893564,1486473049146904576,Directed,1,MENTION,2089215430917509303
73893564,1486473049146904576,Directed,1,RETWEET,2089215430917509303
1093968693355335687,264464195,Directed,1,MENTION,2089215430883705149
1093968693355335687,264464195,Directed,1,RETWEET,2089215430883705149
256757930,1795825365321170945,Directed,1,MENTION,2089215430011371837
256757930,1795825365321170945,Directed,1,RETWEET,2089215430011371837
1554259771233972225,17525171,Directed,1,MENTION,2089215429076299814
1554259771233972225,17525171,Directed,1,RETWEET,2089215429076299814
1096275344959725568,23603092,Directed,1,MENTION,2089215428870517240
1096275344959725568,23603092,Directed,1,RETWEET,2089215428870517240
2319716933,16331010,Directed,1,MENTION,2089215428304240994
2319716933,16331010,Directed,1,RETWEET,2089215428304240994
1453100707016495106,1892063202932031489,Directed,1,MENTION,2089215427683451111
1453100707016495106,1892063202932031489,Directed,1,RETWEET,2089215427683451111
1183974328486055936,1320483313518321664,Directed,1,MENTION,2089215427318604182
1183974328486055936,1320483313518321664,Directed,1,RETWEET,2089215427318604182
1483128576878600195,264119038,Directed,1,MENTION,2089215426983268518
1483128576878600195,264119038,Directed,1,RETWEET,2089215426983268518
1007834072561999872,1138458175663988738,Directed,1,MENTION,2089215426769113417
1007834072561999872,1138458175663988738,Directed,1,RETWEET,2089215426769113417
1189328634630299649,9451052,Directed,1,MENTION,2089215426072920214
1189328634630299649,9451052,Directed,1,RETWEET,2089215426072920214
1112455948306649089,1365486221204586496,Directed,1,MENTION,2089215425292763403
1112455948306649089,1365486221204586496,Directed,1,RETWEET,2089215425292763403
113076286,1486473049146904576,Directed,1,MENTION,2089215424885829869
113076286,1486473049146904576,Directed,1,RETWEET,2089215424885829869
273139759,1320483313518321664,Directed,1,MENTION,2089215424676172154
273139759,1320483313518321664,Directed,1,RETWEET,2089215424676172154
1040831501003153408,1193761285948743680,Directed,1,MENTION,2089215423573266601
1040831501003153408,1193761285948743680,Directed,1,RETWEET,2089215423573266601
1801368146281967616,179583592,Directed,1,MENTION,2089215423489142898
1801368146281967616,179583592,Directed,1,RETWEET,2089215423489142898
1761821039095377920,1513632805078634500,Directed,1,MENTION,2089215423359164447
1761821039095377920,1513632805078634500,Directed,1,RETWEET,2089215423359164447
788161014,1320483313518321664,Directed,1,MENTION,2089215422616752170
788161014,1320483313518321664,Directed,1,RETWEET,2089215422616752170
1199379873770491908,1320483313518321664,Directed,1,MENTION,2089215422126006693
1199379873770491908,1320483313518321664,Directed,1,RETWEET,2089215422126006693
1654589630879256576,1432014119931162629,Directed,1,MENTION,2089215421870485785
1654589630879256576,1432014119931162629,Directed,1,RETWEET,2089215421870485785
1657850828449890304,1802399137100435456,Directed,1,MENTION,2089215421714935848
1657850828449890304,1802399137100435456,Directed,1,RETWEET,2089215421714935848
1465506979925921792,1138458175663988738,Directed,1,MENTION,2089215421673050605
1465506979925921792,1138458175663988738,Directed,1,RETWEET,2089215421673050605
1054129642821640192,1339619325578240000,Directed,1,MENTION,2089215421559779767
1054129642821640192,1339619325578240000,Directed,1,RETWEET,2089215421559779767
757507041053343744,16331010,Directed,1,MENTION,2089215421417218475
757507041053343744,16331010,Directed,1,RETWEET,2089215421417218475
142465047,1365486221204586496,Directed,1,MENTION,2089215420981272825
142465047,1365486221204586496,Directed,1,RETWEET,2089215420981272825
1902415128953548804,52712735,Directed,1,MENTION,2089215420972581182
1902415128953548804,52712735,Directed,1,RETWEET,2089215420972581182
2076427797560516608,780460754910732288,Directed,1,MENTION,2089215420859335010
2076427797560516608,780460754910732288,Directed,1,RETWEET,2089215420859335010
34807106,780460754910732288,Directed,1,MENTION,2089215420087640527
34807106,780460754910732288,Directed,1,RETWEET,2089215420087640527
258457727,838664052045975554,Directed,1,MENTION,2089215420020519014
258457727,780460754910732288,Directed,1,MENTION,2089215420020519014
258457727,838664052045975554,Directed,1,RETWEET,2089215420020519014
176174928,52712735,Directed,1,MENTION,2089215419965911220
176174928,52712735,Directed,1,RETWEET,2089215419965911220
1619412763603881984,1550347852026724354,Directed,1,MENTION,2089215419907293474
1619412763603881984,1550347852026724354,Directed,1,RETWEET,2089215419907293474
1875709382924615680,1736076895882555392,Directed,1,MENTION,2089215419512955059
1875709382924615680,1736076895882555392,Directed,1,RETWEET,2089215419512955059
24055407,1298153582500499457,Directed,1,MENTION,2089215419374604491
24055407,1298153582500499457,Directed,1,RETWEET,2089215419374604491
1220317800343986177,1968055282434818048,Directed,1,MENTION,2089215419265499567
1220317800343986177,1968055282434818048,Directed,1,RETWEET,2089215419265499567
1271681422739361792,1193761285948743680,Directed,1,MENTION,2089215418879672371
1271681422739361792,1193761285948743680,Directed,1,RETWEET,2089215418879672371
1041095221705097216,1193761285948743680,Directed,1,MENTION,2089215418686640372
1041095221705097216,1193761285948743680,Directed,1,RETWEET,2089215418686640372
70749775,2426183605,Directed,1,MENTION,2089215418451841134
70749775,2426183605,Directed,1,RETWEET,2089215418451841134
3317744725,780460754910732288,Directed,1,MENTION,2089215418405957981
3317744725,780460754910732288,Directed,1,RETWEET,2089215418405957981
1062585068588359680,11744152,Directed,1,MENTION,2089215418405621916
1062585068588359680,11744152,Directed,1,RETWEET,2089215418405621916
841465983088939008,452540168,Directed,1,MENTION,2089215418124718130
841465983088939008,452540168,Directed,1,RETWEET,2089215418124718130
1322672661231771653,9451052,Directed,1,MENTION,2089215417008935213
1322672661231771653,9451052,Directed,1,RETWEET,2089215417008935213
829485259645472768,2764080110,Directed,1,MENTION,2089215416379805883
829485259645472768,2764080110,Directed,1,RETWEET,2089215416379805883
1269391375906283522,1320483313518321664,Directed,1,MENTION,2089215416295907390
1269391375906283522,1320483313518321664,Directed,1,RETWEET,2089215416295907390
1328188853618946048,1365486221204586496,Directed,1,MENTION,2089215415457124434
1328188853618946048,1365486221204586496,Directed,1,RETWEET,2089215415457124434
1380055524113256463,811682960743264256,Directed,1,MENTION,2089215415444533744
1380055524113256463,811682960743264256,Directed,1,RETWEET,2089215415444533744
1799524235083149312,1382784423234445315,Directed,1,MENTION,2089215415335436718
1799524235083149312,1382784423234445315,Directed,1,RETWEET,2089215415335436718
884522417229639682,1301888576951476226,Directed,1,MENTION,2089215415104729145
884522417229639682,1301888576951476226,Directed,1,RETWEET,2089215415104729145
4208090055,2806914710,Directed,1,MENTION,2089215413011821051
4208090055,2806914710,Directed,1,RETWEET,2089215413011821051
203722587,1363585324660776970,Directed,1,MENTION,2089215412999176578
203722587,1363585324660776970,Directed,1,RETWEET,2089215412999176578
824791841300111360,16331010,Directed,1,MENTION,2089215412693016754
824791841300111360,16331010,Directed,1,RETWEET,2089215412693016754
355296210,264464195,Directed,1,MENTION,2089215412684668953
355296210,264464195,Directed,1,RETWEET,2089215412684668953
856423651138310145,1365486221204586496,Directed,1,MENTION,2089215411929690345
856423651138310145,1365486221204586496,Directed,1,RETWEET,2089215411929690345
2021877517968187392,1339619325578240000,Directed,1,MENTION,2089215411883573697
2021877517968187392,1339619325578240000,Directed,1,RETWEET,2089215411883573697
1360147988,52712735,Directed,1,MENTION,2089215410675605909
1360147988,52712735,Directed,1,RETWEET,2089215410675605909
33733789,1095233856016244736,Directed,1,MENTION,2089215410222551504
33733789,1095233856016244736,Directed,1,RETWEET,2089215410222551504
284043153,264464195,Directed,1,MENTION,2089215409945788477
284043153,264464195,Directed,1,RETWEET,2089215409945788477
314370114,1420141435001741323,Directed,1,MENTION,2089215409727644143
314370114,1420141435001741323,Directed,1,RETWEET,2089215409727644143
806709053925847040,9451052,Directed,1,MENTION,2089215409094361365
806709053925847040,9451052,Directed,1,RETWEET,2089215409094361365
949121116823572480,52712735,Directed,1,MENTION,2089215408767131967
949121116823572480,52712735,Directed,1,RETWEET,2089215408767131967
1592244580157739010,264119038,Directed,1,MENTION,2089215408465170798
1592244580157739010,264119038,Directed,1,RETWEET,2089215408465170798
1223016153880113155,9451052,Directed,1,MENTION,2089215407957692434
1223016153880113155,9451052,Directed,1,RETWEET,2089215407957692434
52365790,117518298,Directed,1,MENTION,2089215407928271017
52365790,117518298,Directed,1,RETWEET,2089215407928271017
1091240505801871360,1320483313518321664,Directed,1,MENTION,2089215407513088221
1091240505801871360,1320483313518321664,Directed,1,RETWEET,2089215407513088221
1990323390155235328,1363585324660776970,Directed,1,MENTION,2089215407336878464
1990323390155235328,1363585324660776970,Directed,1,RETWEET,2089215407336878464
129982039,1679206110559891476,Directed,1,MENTION,2089215406825517523
129982039,1679206110559891476,Directed,1,RETWEET,2089215406825517523
1801368146281967616,9451052,Directed,1,MENTION,2089215406233760194
1801368146281967616,9451052,Directed,1,RETWEET,2089215406233760194
849303654645587968,9451052,Directed,1,MENTION,2089215405936038172
849303654645587968,9451052,Directed,1,RETWEET,2089215405936038172
363370218,1476804893356744709,Directed,1,MENTION,2089215405818880207
363370218,1476804893356744709,Directed,1,RETWEET,2089215405818880207
1442710848741457923,217438534,Directed,1,MENTION,2089215405680115722
1442710848741457923,217438534,Directed,1,RETWEET,2089215405680115722
1433587698,1118898897131319296,Directed,1,MENTION,2089215405659422758
1433587698,1118898897131319296,Directed,1,RETWEET,2089215405659422758
850294217414918144,1363585324660776970,Directed,1,MENTION,2089215405080625413
850294217414918144,1363585324660776970,Directed,1,RETWEET,2089215405080625413
1120030654484373506,1486473049146904576,Directed,1,MENTION,2089215404220596376
1120030654484373506,1486473049146904576,Directed,1,RETWEET,2089215404220596376
451013527,127141772,Directed,1,MENTION,2089215404111450602
451013527,127141772,Directed,1,RETWEET,2089215404111450602
169551350,17525171,Directed,1,MENTION,2089215403788534210
169551350,17525171,Directed,1,RETWEET,2089215403788534210
1599768151,1345879784358891521,Directed,1,MENTION,2089215403486539875
1599768151,1345879784358891521,Directed,1,RETWEET,2089215403486539875
42559022,1928548814,Directed,1,MENTION,2089215403150999563
42559022,1928548814,Directed,1,RETWEET,2089215403150999563
1255420310322585601,264119038,Directed,1,MENTION,2089215402807099465
1255420310322585601,264119038,Directed,1,RETWEET,2089215402807099465
1431578429128855554,1550347852026724354,Directed,1,MENTION,2089215402601751015
1431578429128855554,1550347852026724354,Directed,1,RETWEET,2089215402601751015
456161896,23603092,Directed,1,MENTION,2089215402442129735
456161896,23603092,Directed,1,RETWEET,2089215402442129735
1675581071218421760,1560155798046511105,Directed,1,MENTION,2089215402219888990
1675581071218421760,1560155798046511105,Directed,1,RETWEET,2089215402219888990
726157473103536128,1193761285948743680,Directed,1,MENTION,2089215401913671945
726157473103536128,1193761285948743680,Directed,1,RETWEET,2089215401913671945
1495526381085675529,17525171,Directed,1,MENTION,2089215399468442058
1495526381085675529,17525171,Directed,1,RETWEET,2089215399468442058
1532922804563324928,9451052,Directed,1,MENTION,2089215399174844894
1532922804563324928,9451052,Directed,1,RETWEET,2089215399174844894
1437222190647324678,1486473049146904576,Directed,1,MENTION,2089215399044714645
1437222190647324678,1486473049146904576,Directed,1,RETWEET,2089215399044714645
1715792531294720000,16331010,Directed,1,MENTION,2089215398822510989
1715792531294720000,16331010,Directed,1,RETWEET,2089215398822510989
1781294325822902272,264464195,Directed,1,MENTION,2089215398633681149
1781294325822902272,264464195,Directed,1,RETWEET,2089215398633681149
1001924306639769600,217438534,Directed,1,MENTION,2089215398113685776
1001924306639769600,217438534,Directed,1,RETWEET,2089215398113685776
3169069519,1320483313518321664,Directed,1,MENTION,2089215397820317738
3169069519,1320483313518321664,Directed,1,RETWEET,2089215397820317738
1780034394192744448,1736076895882555392,Directed,1,MENTION,2089215397790638428
1780034394192744448,1736076895882555392,Directed,1,RETWEET,2089215397790638428
133039721,1193761285948743680,Directed,1,MENTION,2089215397761302929
133039721,1193761285948743680,Directed,1,RETWEET,2089215397761302929
952646289514225664,17446621,Directed,1,MENTION,2089215396964602099
952646289514225664,17446621,Directed,1,RETWEET,2089215396964602099
318672766,1590534110325481472,Directed,1,MENTION,2089215396926595263
318672766,1590534110325481472,Directed,1,RETWEET,2089215396926595263
17911160,275276082,Directed,1,MENTION,2089215396431950261
17911160,275276082,Directed,1,RETWEET,2089215396431950261
283229568,2538322138,Directed,1,MENTION,2089215396389777669
283229568,2538322138,Directed,1,RETWEET,2089215396389777669
1699196689892904960,22650211,Directed,1,MENTION,2089215396339470788
1699196689892904960,22650211,Directed,1,RETWEET,2089215396339470788
1204122478101970945,4793997588,Directed,1,MENTION,2089215395626660106
1204122478101970945,4793997588,Directed,1,RETWEET,2089215395626660106
1526676538581729281,264464195,Directed,1,MENTION,2089215395496341868
1526676538581729281,264464195,Directed,1,RETWEET,2089215395496341868
1592893665197772801,118851968,Directed,1,MENTION,2089215395366576462
1592893665197772801,118851968,Directed,1,RETWEET,2089215395366576462
46353958,52712735,Directed,1,MENTION,2089215394745553189
46353958,52712735,Directed,1,RETWEET,2089215394745553189
1937860968,1507122304093982722,Directed,1,MENTION,2089215394598785086
1937860968,1507122304093982722,Directed,1,RETWEET,2089215394598785086
842558553424642050,1486473049146904576,Directed,1,QUOTE,2089215394305466849
947394561357344769,179583592,Directed,1,MENTION,2089215394166771777
947394561357344769,179583592,Directed,1,RETWEET,2089215394166771777
1164643545208127488,217438534,Directed,1,MENTION,2089215393797923302
1164643545208127488,217438534,Directed,1,RETWEET,2089215393797923302
1630581066686939140,1310965052787363844,Directed,1,MENTION,2089215393563050118
1630581066686939140,1310965052787363844,Directed,1,RETWEET,2089215393563050118
921697693000458242,1320483313518321664,Directed,1,MENTION,2089215393554427936
921697693000458242,1320483313518321664,Directed,1,RETWEET,2089215393554427936
1759882675102597120,264464195,Directed,1,MENTION,2089215393475027184
1759882675102597120,264464195,Directed,1,RETWEET,2089215393475027184
1078163875604787200,264119038,Directed,1,MENTION,2089215393051344925
1078163875604787200,264119038,Directed,1,RETWEET,2089215393051344925
1723015838834311168,9451052,Directed,1,MENTION,2089215392904523785
1723015838834311168,9451052,Directed,1,RETWEET,2089215392904523785
758175062000304132,1365486221204586496,Directed,1,MENTION,2089215392300278234
758175062000304132,1365486221204586496,Directed,1,RETWEET,2089215392300278234
992983210358341632,1367531,Directed,1,MENTION,2089215392099062075
992983210358341632,1367531,Directed,1,RETWEET,2089215392099062075
1440169285,22650211,Directed,1,MENTION,2089215391830585503
1440169285,22650211,Directed,1,RETWEET,2089215391830585503
1340130492264267776,1138458175663988738,Directed,1,MENTION,2089215391197495442
1340130492264267776,1138458175663988738,Directed,1,RETWEET,2089215391197495442
1599768151,1115495508519182336,Directed,1,MENTION,2089215391121678801
1599768151,1115495508519182336,Directed,1,RETWEET,2089215391121678801
501362368,975195434,Directed,1,MENTION,2089215390249578626
501362368,975195434,Directed,1,RETWEET,2089215390249578626
1760911727921602560,765564184465727488,Directed,1,MENTION,2089215390169575460
1760911727921602560,765564184465727488,Directed,1,RETWEET,2089215390169575460
949902827031224320,17525171,Directed,1,MENTION,2089215389666513056
949902827031224320,17525171,Directed,1,RETWEET,2089215389666513056
105890656,1320483313518321664,Directed,1,MENTION,2089215389569863789
105890656,1320483313518321664,Directed,1,RETWEET,2089215389569863789
67248717,16331010,Directed,1,MENTION,2089215389385236820
67248717,16331010,Directed,1,RETWEET,2089215389385236820
1364793578359197700,1334293381938343937,Directed,1,MENTION,2089215388617728463
1364793578359197700,1334293381938343937,Directed,1,RETWEET,2089215388617728463
992588178824417281,9451052,Directed,1,MENTION,2089215388576031059
992588178824417281,9451052,Directed,1,RETWEET,2089215388576031059
1124889927639011330,9451052,Directed,1,MENTION,2089215388408324522
1124889927639011330,9451052,Directed,1,RETWEET,2089215388408324522
1873799804171452416,1183606359951982593,Directed,1,QUOTE,2089215387384664414
380801047,9451052,Directed,1,MENTION,2089215387267113167
380801047,9451052,Directed,1,RETWEET,2089215387267113167
1023637037037973504,264119038,Directed,1,MENTION,2089215386978001076
1023637037037973504,264119038,Directed,1,RETWEET,2089215386978001076
1062499251706650624,1679206110559891476,Directed,1,MENTION,2089215386637959582
1062499251706650624,1679206110559891476,Directed,1,RETWEET,2089215386637959582
259378005,264119038,Directed,1,MENTION,2089215386549956880
259378005,264119038,Directed,1,RETWEET,2089215386549956880
887452140,1581107613760212992,Directed,1,MENTION,2089215386373779576
887452140,1581107613760212992,Directed,1,RETWEET,2089215386373779576
267496194,264464195,Directed,1,MENTION,2089215385593692237
267496194,264464195,Directed,1,RETWEET,2089215385593692237
843501162687053826,9451052,Directed,1,MENTION,2089215385417511079
843501162687053826,9451052,Directed,1,RETWEET,2089215385417511079
335792796,52712735,Directed,1,MENTION,2089215385312608326
335792796,52712735,Directed,1,RETWEET,2089215385312608326
1323021366392750081,1581107613760212992,Directed,1,MENTION,2089215385308443029
1323021366392750081,1581107613760212992,Directed,1,RETWEET,2089215385308443029
852186912,1392913222034931719,Directed,1,MENTION,2089215385228697885
852186912,1392913222034931719,Directed,1,RETWEET,2089215385228697885
1181234477865066497,582230335,Directed,1,MENTION,2089215385048379676
1181234477865066497,582230335,Directed,1,RETWEET,2089215385048379676
1786248313894731776,264464195,Directed,1,MENTION,2089215385002201437
1786248313894731776,264464195,Directed,1,RETWEET,2089215385002201437
1119087828548210689,1365486221204586496,Directed,1,MENTION,2089215384968626395
1119087828548210689,1365486221204586496,Directed,1,RETWEET,2089215384968626395
2014278763325124609,1486473049146904576,Directed,1,MENTION,2089215384918343944
2014278763325124609,1486473049146904576,Directed,1,REPLY,2089215384918343944
1546319108697997314,582230335,Directed,1,MENTION,2089215384394027103
1546319108697997314,582230335,Directed,1,RETWEET,2089215384394027103
602504175,22650211,Directed,1,MENTION,2089215384117293254
602504175,22650211,Directed,1,RETWEET,2089215384117293254
1378888303408254978,1795825365321170945,Directed,1,MENTION,2089215383618408524
1378888303408254978,1795825365321170945,Directed,1,RETWEET,2089215383618408524
543279749,17525171,Directed,1,MENTION,2089215383035167090
543279749,17525171,Directed,1,RETWEET,2089215383035167090
62574329,1320483313518321664,Directed,1,MENTION,2089215382997320119
62574329,1320483313518321664,Directed,1,RETWEET,2089215382997320119
1062097760650964992,1107858549131145216,Directed,1,QUOTE,2089215382678630751
743454864642965505,1298153582500499457,Directed,1,MENTION,2089215382351745235
743454864642965505,1298153582500499457,Directed,1,RETWEET,2089215382351745235
2461361866,264464195,Directed,1,MENTION,2089215382330495195
2461361866,264464195,Directed,1,RETWEET,2089215382330495195
231231893,1320483313518321664,Directed,1,MENTION,2089215381739020625
231231893,1320483313518321664,Directed,1,RETWEET,2089215381739020625
775181431,1246970002823172096,Directed,1,MENTION,2089215381529387018
775181431,1246970002823172096,Directed,1,RETWEET,2089215381529387018
1162062264620453888,1416927705812045824,Directed,1,MENTION,2089215381458100421
1162062264620453888,1416927705812045824,Directed,1,RETWEET,2089215381458100421
586273305,52712735,Directed,1,MENTION,2089215381185626112
586273305,52712735,Directed,1,RETWEET,2089215381185626112
4520605760,1320483313518321664,Directed,1,MENTION,2089215380703314108
4520605760,1320483313518321664,Directed,1,RETWEET,2089215380703314108
1799524235083149312,1193761285948743680,Directed,1,MENTION,2089215380325626135
1799524235083149312,1193761285948743680,Directed,1,RETWEET,2089215380325626135
1438867526885249031,1320483313518321664,Directed,1,MENTION,2089215379859992834
1438867526885249031,1320483313518321664,Directed,1,RETWEET,2089215379859992834
1727158490412539904,52712735,Directed,1,MENTION,2089215379667071154
1727158490412539904,52712735,Directed,1,RETWEET,2089215379667071154
1118090206459068417,17525171,Directed,1,MENTION,2089215379511947520
1118090206459068417,17525171,Directed,1,RETWEET,2089215379511947520
33733789,534023,Directed,1,MENTION,2089215379247694229
33733789,534023,Directed,1,RETWEET,2089215379247694229
1472973320538800128,9451052,Directed,1,MENTION,2089215379163713840
1472973320538800128,9451052,Directed,1,RETWEET,2089215379163713840
1386495199761866752,1138458175663988738,Directed,1,MENTION,2089215379004387560
1386495199761866752,1138458175663988738,Directed,1,RETWEET,2089215379004387560
711395361177214977,2464470806,Directed,1,MENTION,2089215378690048344
711395361177214977,2464470806,Directed,1,RETWEET,2089215378690048344
1940554900196249600,29063026,Directed,1,MENTION,2089215378190639488
1940554900196249600,29063026,Directed,1,RETWEET,2089215378190639488
789134837978390528,1640929196,Directed,1,MENTION,2089215377918050316
789134837978390528,1640929196,Directed,1,RETWEET,2089215377918050316
1572232969,2806914710,Directed,1,MENTION,2089215377620320433
1572232969,2806914710,Directed,1,RETWEET,2089215377620320433
1441426638231773185,264464195,Directed,1,MENTION,2089215376810819696
1441426638231773185,264464195,Directed,1,RETWEET,2089215376810819696
1354485889821368322,765208928657387520,Directed,1,MENTION,2089215376458719526
1354485889821368322,765208928657387520,Directed,1,RETWEET,2089215376458719526
3554939899,1513632805078634500,Directed,1,MENTION,2089215376458694779
3554939899,1513632805078634500,Directed,1,RETWEET,2089215376458694779
1499151500,17525171,Directed,1,MENTION,2089215375976108527
1499151500,17525171,Directed,1,RETWEET,2089215375976108527
61398906,118851968,Directed,1,MENTION,2089215375783407894
61398906,118851968,Directed,1,RETWEET,2089215375783407894
1175637685454757888,1301888576951476226,Directed,1,MENTION,2089215375716012377
1175637685454757888,1301888576951476226,Directed,1,RETWEET,2089215375716012377
1284179921028485121,217438534,Directed,1,MENTION,2089215374864633973
1284179921028485121,217438534,Directed,1,RETWEET,2089215374864633973
1932509463778635776,1298153582500499457,Directed,1,MENTION,2089215373878902996
1932509463778635776,1298153582500499457,Directed,1,RETWEET,2089215373878902996
1212952738478215168,1736076895882555392,Directed,1,MENTION,2089215373493125276
1212952738478215168,1736076895882555392,Directed,1,RETWEET,2089215373493125276
1453868521843273728,1298153582500499457,Directed,1,MENTION,2089215373333635319
1453868521843273728,1298153582500499457,Directed,1,RETWEET,2089215373333635319
2856054824,9451052,Directed,1,MENTION,2089215372432159100
2856054824,9451052,Directed,1,RETWEET,2089215372432159100
1789463534881128449,76248440,Directed,1,MENTION,2089215372398633400
1789463534881128449,76248440,Directed,1,RETWEET,2089215372398633400
1567556210802434049,1346940628446437378,Directed,1,MENTION,2089215371559485666
1567556210802434049,1346940628446437378,Directed,1,RETWEET,2089215371559485666
2850808259,1795825365321170945,Directed,1,MENTION,2089215371160985827
2850808259,1795825365321170945,Directed,1,RETWEET,2089215371160985827
1089725859664220160,1507122304093982722,Directed,1,MENTION,2089215371018371366
1089725859664220160,1507122304093982722,Directed,1,RETWEET,2089215371018371366
417828284,1795825365321170945,Directed,1,MENTION,2089215371010064412
417828284,1795825365321170945,Directed,1,RETWEET,2089215371010064412
884522417229639682,1581107613760212992,Directed,1,MENTION,2089215370850680922
884522417229639682,1581107613760212992,Directed,1,RETWEET,2089215370850680922
1785056898724618240,1679206110559891476,Directed,1,MENTION,2089215370703843480
1785056898724618240,1679206110559891476,Directed,1,RETWEET,2089215370703843480
1554818451952336896,1138458175663988738,Directed,1,MENTION,2089215370213175700
1554818451952336896,1138458175663988738,Directed,1,RETWEET,2089215370213175700
1063505193248141313,17525171,Directed,1,MENTION,2089215369999257727
1063505193248141313,17525171,Directed,1,RETWEET,2089215369999257727
1601195391680233472,755185741655789568,Directed,1,MENTION,2089215369575825447
1601195391680233472,755185741655789568,Directed,1,RETWEET,2089215369575825447
437491668,2806914710,Directed,1,MENTION,2089215369345155545
437491668,2806914710,Directed,1,RETWEET,2089215369345155545
32437091,1550347852026724354,Directed,1,MENTION,2089215368950620199
32437091,1550347852026724354,Directed,1,RETWEET,2089215368950620199
2269182204,264119038,Directed,1,MENTION,2089215368942305748
2269182204,264119038,Directed,1,RETWEET,2089215368942305748
2628214214,2806914710,Directed,1,MENTION,2089215368208245023
2628214214,2806914710,Directed,1,RETWEET,2089215368208245023
1148487813400150016,139283076,Directed,1,MENTION,2089215368003047616
1148487813400150016,139283076,Directed,1,RETWEET,2089215368003047616
243812677,264464195,Directed,1,MENTION,2089215367822352616
243812677,264464195,Directed,1,RETWEET,2089215367822352616
1973266845386801153,1320483313518321664,Directed,1,MENTION,2089215367587790955
1973266845386801153,1320483313518321664,Directed,1,RETWEET,2089215367587790955
1816445515459866624,217438534,Directed,1,MENTION,2089215367449030760
1816445515459866624,217438534,Directed,1,RETWEET,2089215367449030760
1446174434121814024,1249542350386290689,Directed,1,MENTION,2089215367369658665
1446174434121814024,1249542350386290689,Directed,1,RETWEET,2089215367369658665
1953938718357864448,2609163074,Directed,1,MENTION,2089215367008723268
1953938718357864448,2609163074,Directed,1,RETWEET,2089215367008723268
1805669495123345408,1558249149421731841,Directed,1,MENTION,2089215366211813419
1805669495123345408,1558249149421731841,Directed,1,RETWEET,2089215366211813419
1577702211676692483,1320483313518321664,Directed,1,MENTION,2089215366115577972
1577702211676692483,1320483313518321664,Directed,1,RETWEET,2089215366115577972
1360147988,811682960743264256,Directed,1,MENTION,2089215365968511018
1360147988,811682960743264256,Directed,1,RETWEET,2089215365968511018
1463759883258322952,1320483313518321664,Directed,1,MENTION,2089215365616484725
1463759883258322952,1320483313518321664,Directed,1,RETWEET,2089215365616484725
1581056789898035200,1320483313518321664,Directed,1,MENTION,2089215365536498152
1581056789898035200,1320483313518321664,Directed,1,RETWEET,2089215365536498152
813103639069884416,2806914710,Directed,1,MENTION,2089215365465157867
813103639069884416,2806914710,Directed,1,RETWEET,2089215365465157867
555569063,16331010,Directed,1,MENTION,2089215365272228068
555569063,16331010,Directed,1,RETWEET,2089215365272228068
1897723130178605056,2803025889,Directed,1,MENTION,2089215365179949274
1897723130178605056,2803025889,Directed,1,RETWEET,2089215365179949274
3476784073,1096553891943071744,Directed,1,MENTION,2089215364332720540
3476784073,1320483313518321664,Directed,1,MENTION,2089215364332720540
3476784073,1096553891943071744,Directed,1,RETWEET,2089215364332720540
43077286,7587032,Directed,1,MENTION,2089215363355676862
43077286,7587032,Directed,1,RETWEET,2089215363355676862
879802401745711105,742143,Directed,1,MENTION,2089215363074453796
879802401745711105,742143,Directed,1,RETWEET,2089215363074453796
3277826486,1301888576951476226,Directed,1,MENTION,2089215362864742486
3277826486,1301888576951476226,Directed,1,RETWEET,2089215362864742486
1593473984963674116,1312302974002135040,Directed,1,MENTION,2089215362277478786
1593473984963674116,1312302974002135040,Directed,1,RETWEET,2089215362277478786
1101604825400131584,1193761285948743680,Directed,1,MENTION,2089215362168660091
1101604825400131584,1193761285948743680,Directed,1,RETWEET,2089215362168660091
177506308,1513632805078634500,Directed,1,MENTION,2089215362134913139
177506308,1513632805078634500,Directed,1,RETWEET,2089215362134913139
1886429303425904640,1679206110559891476,Directed,1,MENTION,2089215362092941434
1886429303425904640,1679206110559891476,Directed,1,RETWEET,2089215362092941434
1470972149754216455,887353242497273856,Directed,1,MENTION,2089215362080391462
1470972149754216455,887353242497273856,Directed,1,RETWEET,2089215362080391462
3405858994,1334293381938343937,Directed,1,MENTION,2089215361547747357
3405858994,1334293381938343937,Directed,1,RETWEET,2089215361547747357
1204122478101970945,1363585324660776970,Directed,1,MENTION,2089215361401176088
1204122478101970945,1363585324660776970,Directed,1,RETWEET,2089215361401176088
448590097,275276082,Directed,1,MENTION,2089215361329557867
448590097,275276082,Directed,1,RETWEET,2089215361329557867
1549103615389974532,4429003533,Directed,1,MENTION,2089215361203736855
1549103615389974532,16331010,Directed,1,MENTION,2089215361203736855
1549103615389974532,4429003533,Directed,1,RETWEET,2089215361203736855
1645919978024218625,264464195,Directed,1,MENTION,2089215361166275017
1645919978024218625,264464195,Directed,1,RETWEET,2089215361166275017
1937259126188290048,1256313094122409985,Directed,1,MENTION,2089215361065328858
1937259126188290048,1256313094122409985,Directed,1,RETWEET,2089215361065328858
105913584,264119038,Directed,1,MENTION,2089215360977285415
105913584,264119038,Directed,1,RETWEET,2089215360977285415
1879970952391667712,179583592,Directed,1,MENTION,2089215360113222008
1879970952391667712,179583592,Directed,1,RETWEET,2089215360113222008
885974349483843584,139283076,Directed,1,MENTION,2089215359714795659
885974349483843584,139283076,Directed,1,RETWEET,2089215359714795659
161117674,2182926994,Directed,1,MENTION,2089215359618265182
161117674,2182926994,Directed,1,RETWEET,2089215359618265182
1386495199761866752,1320483313518321664,Directed,1,MENTION,2089215359077224665
1386495199761866752,1320483313518321664,Directed,1,RETWEET,2089215359077224665
406247820,16331010,Directed,1,MENTION,2089215358997516312
406247820,16331010,Directed,1,RETWEET,2089215358997516312
2023898610954354688,95137387,Directed,1,MENTION,2089215358938865664
2023898610954354688,95137387,Directed,1,RETWEET,2089215358938865664
1812264516996210688,1416927705812045824,Directed,1,MENTION,2089215358590951466
1812264516996210688,1416927705812045824,Directed,1,RETWEET,2089215358590951466
1660424766103093250,217438534,Directed,1,MENTION,2089215358490017821
1660424766103093250,217438534,Directed,1,RETWEET,2089215358490017821
2056396875234983937,17525171,Directed,1,MENTION,2089215358268051778
2056396875234983937,17525171,Directed,1,RETWEET,2089215358268051778
988241918260858880,1320483313518321664,Directed,1,MENTION,2089215358263590944
988241918260858880,1320483313518321664,Directed,1,RETWEET,2089215358263590944
3759715163,286998245,Directed,1,MENTION,2089215358037094614
3759715163,286998245,Directed,1,RETWEET,2089215358037094614
1678116809562546177,1193761285948743680,Directed,1,MENTION,2089215358016115059
1678116809562546177,1193761285948743680,Directed,1,RETWEET,2089215358016115059
1373757540207583232,1320483313518321664,Directed,1,MENTION,2089215357856657464
1373757540207583232,1320483313518321664,Directed,1,RETWEET,2089215357856657464
1562594565692932096,1320483313518321664,Directed,1,MENTION,2089215357642850609
1562594565692932096,1320483313518321664,Directed,1,RETWEET,2089215357642850609
1269447656906149889,1320483313518321664,Directed,1,MENTION,2089215356883632225
1269447656906149889,1320483313518321664,Directed,1,RETWEET,2089215356883632225
300481857,9451052,Directed,1,MENTION,2089215355608559627
300481857,9451052,Directed,1,RETWEET,2089215355608559627
2913038191,264119038,Directed,1,MENTION,2089215354190852433
2913038191,264119038,Directed,1,RETWEET,2089215354190852433
1378080674876379137,9451052,Directed,1,MENTION,2089215354119561714
1378080674876379137,9451052,Directed,1,RETWEET,2089215354119561714
2856054824,1550347852026724354,Directed,1,MENTION,2089215353926885873
2856054824,1550347852026724354,Directed,1,RETWEET,2089215353926885873
485279416,52712735,Directed,1,MENTION,2089215353809437181
485279416,52712735,Directed,1,RETWEET,2089215353809437181
1856013588890083328,1301888576951476226,Directed,1,MENTION,2089215353784320490
1856013588890083328,1301888576951476226,Directed,1,RETWEET,2089215353784320490
1040524761804222464,811682960743264256,Directed,1,MENTION,2089215353221939288
1040524761804222464,811682960743264256,Directed,1,RETWEET,2089215353221939288
25195304,16331010,Directed,1,MENTION,2089215353138344198
25195304,16331010,Directed,1,RETWEET,2089215353138344198
1678291255804194821,264119038,Directed,1,MENTION,2089215352924213285
1678291255804194821,264119038,Directed,1,RETWEET,2089215352924213285
1699196689892904960,1339619325578240000,Directed,1,MENTION,2089215352525750429
1699196689892904960,1339619325578240000,Directed,1,RETWEET,2089215352525750429
1880554264625565696,16331010,Directed,1,MENTION,2089215352513138986
1880554264625565696,16331010,Directed,1,RETWEET,2089215352513138986
1823050517532311552,780460754910732288,Directed,1,MENTION,2089215352140169271
1823050517532311552,780460754910732288,Directed,1,RETWEET,2089215352140169271
1011101503841501184,1320483313518321664,Directed,1,MENTION,2089215352131453052
1011101503841501184,1320483313518321664,Directed,1,RETWEET,2089215352131453052
2378324935,2076271990453735425,Directed,1,MENTION,2089215351816901107
2378324935,2076271990453735425,Directed,1,RETWEET,2089215351816901107
1688045985597923328,9451052,Directed,1,MENTION,2089215351611408796
1688045985597923328,9451052,Directed,1,RETWEET,2089215351611408796
2081425111463202816,1513632805078634500,Directed,1,MENTION,2089215350600540496
2081425111463202816,1513632805078634500,Directed,1,RETWEET,2089215350600540496
2062949170231828480,17525171,Directed,1,MENTION,2089215350231679455
2062949170231828480,17525171,Directed,1,RETWEET,2089215350231679455
1199379873770491908,1382784423234445315,Directed,1,MENTION,2089215350084599933
1199379873770491908,1382784423234445315,Directed,1,RETWEET,2089215350084599933
1314702685950615555,1507122304093982722,Directed,1,MENTION,2089215350021783938
1314702685950615555,1507122304093982722,Directed,1,RETWEET,2089215350021783938
751770110,264464195,Directed,1,MENTION,2089215349929529635
751770110,264464195,Directed,1,RETWEET,2089215349929529635
960522695862554624,179583592,Directed,1,MENTION,2089215349677769022
960522695862554624,179583592,Directed,1,RETWEET,2089215349677769022
321640812,1802399137100435456,Directed,1,MENTION,2089215348897685884
321640812,1802399137100435456,Directed,1,RETWEET,2089215348897685884
1584658062027227136,1795825365321170945,Directed,1,MENTION,2089215348704678078
1584658062027227136,1795825365321170945,Directed,1,RETWEET,2089215348704678078
1805669495123345408,17469289,Directed,1,MENTION,2089215348570472773
1805669495123345408,17469289,Directed,1,RETWEET,2089215348570472773
1944323923283238912,22650211,Directed,1,MENTION,2089215348407153115
1944323923283238912,22650211,Directed,1,REPLY,2089215348407153115
187836067,88339098,Directed,1,MENTION,2089215348054913426
187836067,88339098,Directed,1,RETWEET,2089215348054913426
1604961849140826122,52712735,Directed,1,MENTION,2089215347983270048
1604961849140826122,52712735,Directed,1,RETWEET,2089215347983270048
1697035448730664960,1320483313518321664,Directed,1,MENTION,2089215347941322910
1697035448730664960,1320483313518321664,Directed,1,RETWEET,2089215347941322910
1479211584509595652,838664052045975554,Directed,1,MENTION,2089215347790434792
1479211584509595652,4429003533,Directed,1,MENTION,2089215347790434792
1479211584509595652,16331010,Directed,1,MENTION,2089215347790434792
1479211584509595652,838664052045975554,Directed,1,RETWEET,2089215347790434792
1397673318677897219,217438534,Directed,1,MENTION,2089215347391934470
1397673318677897219,217438534,Directed,1,RETWEET,2089215347391934470
1287574517800460288,1320483313518321664,Directed,1,MENTION,2089215347177951390
1287574517800460288,1320483313518321664,Directed,1,RETWEET,2089215347177951390
812356686178459648,264119038,Directed,1,MENTION,2089215346582356452
812356686178459648,264119038,Directed,1,RETWEET,2089215346582356452
1583074552770400256,16331010,Directed,1,MENTION,2089215346058117138
1583074552770400256,16331010,Directed,1,RETWEET,2089215346058117138
83457749,264464195,Directed,1,MENTION,2089215345961914544
83457749,264464195,Directed,1,RETWEET,2089215345961914544
1205289521639645184,52712735,Directed,1,MENTION,2089215345324388457
1205289521639645184,52712735,Directed,1,RETWEET,2089215345324388457
287840217,2803025889,Directed,1,MENTION,2089215345110450477
287840217,2803025889,Directed,1,RETWEET,2089215345110450477
3784869147,264464195,Directed,1,MENTION,2089215344535613510
3784869147,264464195,Directed,1,RETWEET,2089215344535613510
1119534595823800320,29063026,Directed,1,MENTION,2089215344099328285
1119534595823800320,29063026,Directed,1,RETWEET,2089215344099328285
180334465,17525171,Directed,1,MENTION,2089215343633838410
180334465,17525171,Directed,1,RETWEET,2089215343633838410
1193956381965062146,139283076,Directed,1,MENTION,2089215343612903575
1193956381965062146,139283076,Directed,1,RETWEET,2089215343612903575
112873119,264119038,Directed,1,MENTION,2089215343159869499
112873119,264119038,Directed,1,RETWEET,2089215343159869499
321567239,264464195,Directed,1,MENTION,2089215342945980547
321567239,264464195,Directed,1,RETWEET,2089215342945980547
806554101635043328,1320483313518321664,Directed,1,MENTION,2089215342379717025
806554101635043328,1320483313518321664,Directed,1,RETWEET,2089215342379717025
2053120527087095811,217438534,Directed,1,MENTION,2089215342325445004
2053120527087095811,217438534,Directed,1,RETWEET,2089215342325445004
1163731782,1118898897131319296,Directed,1,MENTION,2089215341951885520
1163731782,1118898897131319296,Directed,1,RETWEET,2089215341951885520
1386495199761866752,4429003533,Directed,1,MENTION,2089215341851209965
1386495199761866752,16331010,Directed,1,MENTION,2089215341851209965
1386495199761866752,4429003533,Directed,1,RETWEET,2089215341851209965
236299992,17446621,Directed,1,MENTION,2089215341394096339
236299992,17446621,Directed,1,RETWEET,2089215341394096339
2874285073,1590534110325481472,Directed,1,MENTION,2089215341302014191
2874285073,1590534110325481472,Directed,1,RETWEET,2089215341302014191
1327553379518869505,1590534110325481472,Directed,1,MENTION,2089215341301841979
1327553379518869505,1590534110325481472,Directed,1,RETWEET,2089215341301841979
1900942723336503296,9451052,Directed,1,MENTION,2089215340802609356
1900942723336503296,9451052,Directed,1,RETWEET,2089215340802609356
1252387824,16331010,Directed,1,MENTION,2089215340748354044
1252387824,16331010,Directed,1,RETWEET,2089215340748354044
1687282135063748608,2441807808,Directed,1,MENTION,2089215340714582456
1687282135063748608,2441807808,Directed,1,RETWEET,2089215340714582456
1204122478101970945,780460754910732288,Directed,1,MENTION,2089215340165361765
1204122478101970945,780460754910732288,Directed,1,RETWEET,2089215340165361765
3308016117,1115495508519182336,Directed,1,MENTION,2089215340031193330
3308016117,1115495508519182336,Directed,1,RETWEET,2089215340031193330
1617683725516414976,25386925,Directed,1,MENTION,2089215339837960356
1617683725516414976,25386925,Directed,1,RETWEET,2089215339837960356
1162062264620453888,1382784423234445315,Directed,1,MENTION,2089215339733164532
1162062264620453888,1382784423234445315,Directed,1,RETWEET,2089215339733164532
4719878245,582230335,Directed,1,MENTION,2089215339729154327
4719878245,582230335,Directed,1,RETWEET,2089215339729154327
1805669495123345408,428333,Directed,1,MENTION,2089215339259195749
1805669495123345408,428333,Directed,1,RETWEET,2089215339259195749
1462254693376303105,1320483313518321664,Directed,1,MENTION,2089215339225592100
1462254693376303105,1320483313518321664,Directed,1,RETWEET,2089215339225592100
393700491,217438534,Directed,1,MENTION,2089215339124969969
393700491,217438534,Directed,1,RETWEET,2089215339124969969
1699196689892904960,28785486,Directed,1,MENTION,2089215339124883612
1699196689892904960,28785486,Directed,1,RETWEET,2089215339124883612
719980401087901696,264464195,Directed,1,MENTION,2089215339028525272
719980401087901696,264464195,Directed,1,RETWEET,2089215339028525272
1499151500,22650211,Directed,1,MENTION,2089215338462249088
1499151500,22650211,Directed,1,RETWEET,2089215338462249088
29136760,264464195,Directed,1,MENTION,2089215338298671185
29136760,264464195,Directed,1,RETWEET,2089215338298671185
2984991731,988949341028024320,Directed,1,MENTION,2089215338252493062
2984991731,988949341028024320,Directed,1,RETWEET,2089215338252493062
1188334335285288960,2538322138,Directed,1,MENTION,2089215338185723929
1188334335285288960,2538322138,Directed,1,RETWEET,2089215338185723929
1334937351760605187,1266135007258607618,Directed,1,MENTION,2089215337875091937
1334937351760605187,1266135007258607618,Directed,1,RETWEET,2089215337875091937
1558064613886795777,4429003533,Directed,1,MENTION,2089215336159846517
1558064613886795777,16331010,Directed,1,MENTION,2089215336159846517
1558064613886795777,4429003533,Directed,1,RETWEET,2089215336159846517
1570888312843378692,1550347852026724354,Directed,1,MENTION,2089215336079933934
1570888312843378692,1550347852026724354,Directed,1,RETWEET,2089215336079933934
115917675,1246970002823172096,Directed,1,MENTION,2089215335723585872
115917675,1246970002823172096,Directed,1,RETWEET,2089215335723585872
1195832837930409984,1550347852026724354,Directed,1,MENTION,2089215335643676778
1195832837930409984,1550347852026724354,Directed,1,RETWEET,2089215335643676778
1018988229482119169,1736076895882555392,Directed,1,MENTION,2089215335526244818
1018988229482119169,1736076895882555392,Directed,1,RETWEET,2089215335526244818
1454315514294005763,1640929196,Directed,1,MENTION,2089215335425880369
1454315514294005763,1640929196,Directed,1,RETWEET,2089215335425880369
1061074424,264464195,Directed,1,MENTION,2089215334783820115
1061074424,264464195,Directed,1,RETWEET,2089215334783820115
24621668,811682960743264256,Directed,1,MENTION,2089215334628905084
24621668,811682960743264256,Directed,1,RETWEET,2089215334628905084
1372904443411378176,1590534110325481472,Directed,1,MENTION,2089215334574161960
1372904443411378176,1590534110325481472,Directed,1,RETWEET,2089215334574161960
785448857194799104,1363585324660776970,Directed,1,MENTION,2089215334523998430
785448857194799104,1363585324660776970,Directed,1,RETWEET,2089215334523998430
1630696811202596866,264464195,Directed,1,MENTION,2089215334016237605
1630696811202596866,264464195,Directed,1,RETWEET,2089215334016237605
1657850828449890304,17525171,Directed,1,MENTION,2089215333923971423
1657850828449890304,17525171,Directed,1,RETWEET,2089215333923971423
271672363,1382784423234445315,Directed,1,MENTION,2089215333856911412
271672363,1382784423234445315,Directed,1,RETWEET,2089215333856911412
1557074647711195137,264464195,Directed,1,MENTION,2089215333626237406
1557074647711195137,264464195,Directed,1,RETWEET,2089215333626237406
548886483,1320483313518321664,Directed,1,MENTION,2089215333580120449
548886483,1320483313518321664,Directed,1,RETWEET,2089215333580120449
1386495199761866752,780460754910732288,Directed,1,MENTION,2089215333483581828
1386495199761866752,780460754910732288,Directed,1,RETWEET,2089215333483581828
1472973320538800128,2806914710,Directed,1,MENTION,2089215332535705866
1472973320538800128,2806914710,Directed,1,RETWEET,2089215332535705866
1903195788542648320,888041230629818368,Directed,1,MENTION,2089215332347199781
1903195788542648320,888041230629818368,Directed,1,RETWEET,2089215332347199781
1335770072,1359367927988965376,Directed,1,MENTION,2089215331923284073
1335770072,1359367927988965376,Directed,1,RETWEET,2089215331923284073
731580870809657344,1298153582500499457,Directed,1,MENTION,2089215331680268631
731580870809657344,1298153582500499457,Directed,1,RETWEET,2089215331680268631
58684991,17525171,Directed,1,MENTION,2089215331562823713
58684991,17525171,Directed,1,RETWEET,2089215331562823713
1018939427530293248,1443307819986563072,Directed,1,MENTION,2089215331541954715
1018939427530293248,1443307819986563072,Directed,1,RETWEET,2089215331541954715
1659056281552814082,117518298,Directed,1,MENTION,2089215331222929713
1659056281552814082,117518298,Directed,1,RETWEET,2089215331222929713
1021502318,975195434,Directed,1,MENTION,2089215330212065706
1021502318,975195434,Directed,1,RETWEET,2089215330212065706
1805669495123345408,932786452739407872,Directed,1,MENTION,2089215329574486022
1805669495123345408,932786452739407872,Directed,1,RETWEET,2089215329574486022
1529131704,1320483313518321664,Directed,1,MENTION,2089215329540993028
1529131704,1320483313518321664,Directed,1,RETWEET,2089215329540993028
2628214214,28785486,Directed,1,MENTION,2089215329297699080
2628214214,28785486,Directed,1,RETWEET,2089215329297699080
1314336323126407168,1320483313518321664,Directed,1,MENTION,2089215329129873505
1314336323126407168,1320483313518321664,Directed,1,RETWEET,2089215329129873505
3118503300,1246970002823172096,Directed,1,MENTION,2089215328966345100
3118503300,1246970002823172096,Directed,1,RETWEET,2089215328966345100
1699196689892904960,20108560,Directed,1,MENTION,2089215328714637524
1699196689892904960,20108560,Directed,1,RETWEET,2089215328714637524
1676112029877149697,1550347852026724354,Directed,1,MENTION,2089215326756200866
1676112029877149697,1550347852026724354,Directed,1,RETWEET,2089215326756200866
137140225,1320483313518321664,Directed,1,MENTION,2089215315511025670
137140225,1320483313518321664,Directed,1,RETWEET,2089215315511025670
1675850503417200641,1118898897131319296,Directed,1,MENTION,2089215301464301971
1675850503417200641,1118898897131319296,Directed,1,RETWEET,2089215301464301971
318195562,1679206110559891476,Directed,1,MENTION,2089215300868686218
318195562,1679206110559891476,Directed,1,RETWEET,2089215300868686218
1365860098053177345,1320483313518321664,Directed,1,MENTION,2089215283944685634
1365860098053177345,1320483313518321664,Directed,1,RETWEET,2089215283944685634
1259107776846073856,1590534110325481472,Directed,1,MENTION,2089215283575599275
1259107776846073856,1590534110325481472,Directed,1,RETWEET,2089215283575599275
335792796,718599435513507842,Directed,1,MENTION,2089215276474671583
335792796,718599435513507842,Directed,1,RETWEET,2089215276474671583
