Source,Target,Type,Weight,Interaction,post_id
1472083143213686784,13615722,Directed,2,MENTION,2087409290248400920
1472083143213686784,13615722,Directed,2,REPLY,2087409290248400920
2083835950430351360,13615722,Directed,1,MENTION,2087409238628827383
2083835950430351360,13615722,Directed,1,REPLY,2087409238628827383
2077031044071763968,13615722,Directed,2,MENTION,2087408390146265243
2077031044071763968,13615722,Directed,2,REPLY,2087408390146265243
1500700961488183296,13615722,Directed,1,MENTION,2087407501406781457
1500700961488183296,13615722,Directed,1,REPLY,2087407501406781457
3292046109,13615722,Directed,3,MENTION,2087404428571873352
3292046109,13615722,Directed,3,REPLY,2087404428571873352
1049627392082243584,1491072274740482054,Directed,3,MENTION,2087404031849505211
1049627392082243584,233370384,Directed,3,MENTION,2087404031849505211
1049627392082243584,13615722,Directed,3,MENTION,2087404031849505211
1049627392082243584,1491072274740482054,Directed,3,REPLY,2087404031849505211
1491072274740482054,1049627392082243584,Directed,2,MENTION,2087402290059587636
1491072274740482054,233370384,Directed,3,MENTION,2087402290059587636
1491072274740482054,13615722,Directed,5,MENTION,2087402290059587636
1491072274740482054,1049627392082243584,Directed,2,REPLY,2087402290059587636
2077345398251827200,13615722,Directed,1,MENTION,2087402231347749145
2077345398251827200,13615722,Directed,1,REPLY,2087402231347749145
2077345715789914112,13615722,Directed,1,MENTION,2087402210342653954
2077345715789914112,13615722,Directed,1,REPLY,2087402210342653954
1816611509595963394,13615722,Directed,1,MENTION,2087398214190391738
1816611509595963394,13615722,Directed,1,REPLY,2087398214190391738
1624117761403133953,13615722,Directed,1,MENTION,2087397705425293707
1624117761403133953,13615722,Directed,1,REPLY,2087397705425293707
1265419378285137920,1273120481550499843,Directed,1,MENTION,2087397287278547388
1265419378285137920,13615722,Directed,1,MENTION,2087397287278547388
1265419378285137920,1273120481550499843,Directed,1,REPLY,2087397287278547388
1664122391671508993,13615722,Directed,1,MENTION,2087395307474801067
1664122391671508993,13615722,Directed,1,REPLY,2087395307474801067
2082318320313778176,13615722,Directed,1,MENTION,2087395114926674214
2082318320313778176,13615722,Directed,1,REPLY,2087395114926674214
1454208180997795840,1805187517294985216,Directed,1,MENTION,2087394441896005731
1454208180997795840,13615722,Directed,1,MENTION,2087394441896005731
1454208180997795840,1805187517294985216,Directed,1,REPLY,2087394441896005731
1998370707143630848,1652739040272166914,Directed,1,MENTION,2087393848817287411
1998370707143630848,13615722,Directed,1,MENTION,2087393848817287411
1998370707143630848,1652739040272166914,Directed,1,REPLY,2087393848817287411
2077307384108605440,13615722,Directed,1,MENTION,2087392294387228947
2077307384108605440,13615722,Directed,1,REPLY,2087392294387228947
1379963270422011907,13615722,Directed,1,MENTION,2087392152846303601
1379963270422011907,13615722,Directed,1,REPLY,2087392152846303601
49503277,13615722,Directed,1,MENTION,2087391346638151860
49503277,13615722,Directed,1,REPLY,2087391346638151860
1426336063346388992,1071606463557197824,Directed,2,MENTION,2087385194885980580
1426336063346388992,1690130307847192577,Directed,3,MENTION,2087385194885980580
1426336063346388992,1367174855150469121,Directed,3,MENTION,2087385194885980580
1426336063346388992,13615722,Directed,3,MENTION,2087385194885980580
1426336063346388992,1071606463557197824,Directed,2,REPLY,2087385194885980580
1977103232339263490,985555266681933824,Directed,1,MENTION,2087384664990155249
1977103232339263490,13615722,Directed,1,MENTION,2087384664990155249
1977103232339263490,985555266681933824,Directed,1,REPLY,2087384664990155249
2077331527222898688,13615722,Directed,1,MENTION,2087382281102966971
2077331527222898688,13615722,Directed,1,REPLY,2087382281102966971
2856794113,13615722,Directed,1,MENTION,2087380756737790125
2856794113,13615722,Directed,1,REPLY,2087380756737790125
1071606463557197824,1426336063346388992,Directed,2,MENTION,2087380285508010458
1071606463557197824,1690130307847192577,Directed,2,MENTION,2087380285508010458
1071606463557197824,1367174855150469121,Directed,2,MENTION,2087380285508010458
1071606463557197824,13615722,Directed,2,MENTION,2087380285508010458
1071606463557197824,1426336063346388992,Directed,2,REPLY,2087380285508010458
2085173066808868864,13615722,Directed,4,MENTION,2087379886600241539
2085173066808868864,13615722,Directed,4,REPLY,2087379886600241539
1886610923403591680,13615722,Directed,1,MENTION,2087378488005206467
1886610923403591680,13615722,Directed,1,REPLY,2087378488005206467
1720665183188922368,2059345184526135297,Directed,1,MENTION,2087374555887075714
1720665183188922368,13615722,Directed,7,MENTION,2087374555887075714
1720665183188922368,2059345184526135297,Directed,1,REPLY,2087374555887075714
2059345184526135297,13615722,Directed,1,MENTION,2087374358490558764
2059345184526135297,1720665183188922368,Directed,1,MENTION,2087374358490558764
2059345184526135297,13615722,Directed,1,REPLY,2087374358490558764
1426336063346388992,1690130307847192577,Directed,1,REPLY,2087373751759331749
1923943542805708800,13615722,Directed,1,MENTION,2087373267942154460
1923943542805708800,13615722,Directed,1,REPLY,2087373267942154460
1574754519094804485,13615722,Directed,1,MENTION,2087362243209974254
1574754519094804485,13615722,Directed,1,REPLY,2087362243209974254
2077312858887528448,13615722,Directed,1,MENTION,2087362067988713637
2077312858887528448,13615722,Directed,1,REPLY,2087362067988713637
1532714484623585282,13615722,Directed,1,MENTION,2087361631991066674
1532714484623585282,13615722,Directed,1,REPLY,2087361631991066674
1019998458214735872,13615722,Directed,3,MENTION,2087361324456313184
1019998458214735872,13615722,Directed,2,REPLY,2087361324456313184
1744783816206462976,13615722,Directed,1,MENTION,2087357956341805529
1744783816206462976,13615722,Directed,1,REPLY,2087357956341805529
2081740554233090048,13615722,Directed,1,MENTION,2087357575935193356
2081740554233090048,13615722,Directed,1,REPLY,2087357575935193356
1980009411688226816,13615722,Directed,1,MENTION,2087355285048598862
1980009411688226816,13615722,Directed,1,REPLY,2087355285048598862
1588559942046318592,1704572559625183233,Directed,1,MENTION,2087354759078433211
1588559942046318592,13615722,Directed,1,MENTION,2087354759078433211
1588559942046318592,1704572559625183233,Directed,1,REPLY,2087354759078433211
1690130307847192577,1367174855150469121,Directed,1,MENTION,2087354620972573069
1690130307847192577,13615722,Directed,3,MENTION,2087354620972573069
1690130307847192577,1367174855150469121,Directed,1,REPLY,2087354620972573069
1690130307847192577,13615722,Directed,2,REPLY,2087354385584042397
2002519651197333505,13615722,Directed,3,MENTION,2087353664125939907
2002519651197333505,13615722,Directed,3,REPLY,2087353664125939907
1542414604411801602,2456419389,Directed,1,MENTION,2087352917812486307
1542414604411801602,13615722,Directed,1,MENTION,2087352917812486307
1542414604411801602,2456419389,Directed,1,REPLY,2087352917812486307
2024200534627143681,13615722,Directed,5,MENTION,2087352779807527038
2024200534627143681,13615722,Directed,5,REPLY,2087352779807527038
1571622919553388544,13615722,Directed,1,MENTION,2087350797575000485
1571622919553388544,13615722,Directed,1,REPLY,2087350797575000485
1293083352,13615722,Directed,1,MENTION,2087350700506337481
1293083352,13615722,Directed,1,REPLY,2087350700506337481
2085185610868822016,13615722,Directed,1,MENTION,2087348172280529233
2085185610868822016,13615722,Directed,1,REPLY,2087348172280529233
2621267674,13615722,Directed,1,MENTION,2087344571873136820
2621267674,13615722,Directed,1,REPLY,2087344571873136820
1672616007972659200,13615722,Directed,1,MENTION,2087344463035437527
1672616007972659200,13615722,Directed,1,REPLY,2087344463035437527
2079468053998206976,13615722,Directed,1,MENTION,2087344031365779478
2079468053998206976,13615722,Directed,1,REPLY,2087344031365779478
1596500751752241153,1374312620434526208,Directed,1,MENTION,2087341358885286384
1596500751752241153,13615722,Directed,36,MENTION,2087341358885286384
1596500751752241153,1374312620434526208,Directed,1,REPLY,2087341358885286384
1596500751752241153,13615722,Directed,31,REPLY,2087341061001695395
1374312620434526208,13615722,Directed,1,MENTION,2087339038088847500
1374312620434526208,13615722,Directed,1,REPLY,2087339038088847500
2007433735629877248,13615722,Directed,1,MENTION,2087336554242990396
2007433735629877248,13615722,Directed,1,REPLY,2087336554242990396
2079341099416432640,13615722,Directed,1,MENTION,2087334843650638207
2079341099416432640,13615722,Directed,1,REPLY,2087334843650638207
1720665183188922368,215425902,Directed,1,MENTION,2087333696319726064
1720665183188922368,1265526183137067010,Directed,1,MENTION,2087333696319726064
1720665183188922368,44196397,Directed,1,MENTION,2087333696319726064
1720665183188922368,215425902,Directed,1,REPLY,2087333696319726064
215425902,1720665183188922368,Directed,1,MENTION,2087333543621869617
215425902,1265526183137067010,Directed,1,MENTION,2087333543621869617
215425902,44196397,Directed,1,MENTION,2087333543621869617
215425902,13615722,Directed,3,MENTION,2087333543621869617
215425902,1720665183188922368,Directed,1,REPLY,2087333543621869617
1127329118574583809,1689725907294879745,Directed,1,MENTION,2087333049205715412
1127329118574583809,13615722,Directed,1,MENTION,2087333049205715412
1127329118574583809,1689725907294879745,Directed,1,REPLY,2087333049205715412
1640697881786200066,13615722,Directed,2,MENTION,2087325440956604505
1640697881786200066,13615722,Directed,2,REPLY,2087325440956604505
2456419389,13615722,Directed,4,MENTION,2087323875994468358
2456419389,13615722,Directed,2,REPLY,2087323875994468358
1596500751752241153,11989152,Directed,1,MENTION,2087323555318898947
1596500751752241153,1318419526132862976,Directed,1,MENTION,2087323555318898947
1491072274740482054,233370384,Directed,1,REPLY,2087321648345039116
2462427811,1565471830793756673,Directed,1,MENTION,2087321634696835474
2462427811,1339835893,Directed,1,MENTION,2087321634696835474
2462427811,13615722,Directed,1,MENTION,2087321634696835474
2462427811,1565471830793756673,Directed,1,REPLY,2087321634696835474
1491072274740482054,13615722,Directed,2,REPLY,2087321571987767767
1596500751752241153,1805336009523228672,Directed,1,MENTION,2087317219906666827
1596500751752241153,1805336009523228672,Directed,1,REPLY,2087317219906666827
1564637274490413063,13615722,Directed,1,MENTION,2087316414201987536
1564637274490413063,13615722,Directed,1,REPLY,2087316414201987536
1432138055490617344,13615722,Directed,1,MENTION,2087314955351499111
1432138055490617344,13615722,Directed,1,REPLY,2087314955351499111
1596500751752241153,1980275427072417792,Directed,1,QUOTE,2087314817065394551
2087309030339256323,13615722,Directed,1,MENTION,2087313492592206128
2087309030339256323,2087215941457207296,Directed,1,QUOTE,2087313492592206128
2087309030339256323,13615722,Directed,1,REPLY,2087313492592206128
1841277723479609350,13615722,Directed,1,MENTION,2087312467550466362
1841277723479609350,13615722,Directed,1,REPLY,2087312467550466362
2044911297905491968,1875236520845590528,Directed,1,MENTION,2087311574943911987
2044911297905491968,13615722,Directed,4,MENTION,2087311574943911987
2044911297905491968,1875236520845590528,Directed,1,REPLY,2087311574943911987
1596500751752241153,15955157,Directed,1,MENTION,2087310584031142047
233370384,13615722,Directed,1,MENTION,2087302402596610339
233370384,13615722,Directed,1,REPLY,2087302402596610339
1985491119778750464,13615722,Directed,2,MENTION,2087299990037172397
1985491119778750464,13615722,Directed,1,REPLY,2087299990037172397
2728546588,13615722,Directed,1,MENTION,2087298210683408876
2728546588,13615722,Directed,1,REPLY,2087298210683408876
2899922942,13615722,Directed,1,MENTION,2087298061986832515
2899922942,13615722,Directed,1,REPLY,2087298061986832515
1346168779005427712,13615722,Directed,1,MENTION,2087297819464151081
1346168779005427712,13615722,Directed,1,REPLY,2087297819464151081
1875236520845590528,13615722,Directed,2,MENTION,2087296827863306706
1875236520845590528,13615722,Directed,2,REPLY,2087296827863306706
1728587289964466176,13615722,Directed,4,MENTION,2087296434634998161
1728587289964466176,13615722,Directed,4,REPLY,2087296434634998161
1689725907294879745,13615722,Directed,1,MENTION,2087292955946369501
1689725907294879745,13615722,Directed,1,REPLY,2087292955946369501
1805187517294985216,13615722,Directed,1,MENTION,2087292806612316608
1805187517294985216,13615722,Directed,1,REPLY,2087292806612316608
1573001145970204674,13615722,Directed,1,MENTION,2087291988030709780
1573001145970204674,13615722,Directed,1,REPLY,2087291988030709780
1237681719056240640,13615722,Directed,1,MENTION,2087290796051517890
2955172937,13615722,Directed,1,MENTION,2087290391330451701
2955172937,13615722,Directed,1,REPLY,2087290391330451701
2046526797743792128,13615722,Directed,1,MENTION,2087290382031671381
2046526797743792128,13615722,Directed,1,REPLY,2087290382031671381
1786040102440853504,13615722,Directed,1,MENTION,2087289437122167256
1786040102440853504,13615722,Directed,1,REPLY,2087289437122167256
118445582,13615722,Directed,1,MENTION,2087287473252565076
118445582,13615722,Directed,1,REPLY,2087287473252565076
8928402,13615722,Directed,1,MENTION,2087281952218878452
8928402,13615722,Directed,1,REPLY,2087281952218878452
1404186239742447618,13615722,Directed,1,MENTION,2087281843452129715
1404186239742447618,13615722,Directed,1,REPLY,2087281843452129715
1251485172987572226,13615722,Directed,1,MENTION,2087281101215871153
1251485172987572226,13615722,Directed,1,REPLY,2087281101215871153
2077187632698720256,13615722,Directed,2,MENTION,2087280984555225380
2077187632698720256,13615722,Directed,2,REPLY,2087280984555225380
1498102826,13615722,Directed,1,MENTION,2087279260977217716
1498102826,13615722,Directed,1,REPLY,2087279260977217716
1497982680767549445,13615722,Directed,1,MENTION,2087279030139502853
1497982680767549445,13615722,Directed,1,REPLY,2087279030139502853
1836251273445756928,1390442450314043395,Directed,1,MENTION,2087278530631491910
1836251273445756928,3125597391,Directed,1,MENTION,2087278530631491910
1836251273445756928,13615722,Directed,6,MENTION,2087278530631491910
1836251273445756928,1390442450314043395,Directed,1,REPLY,2087278530631491910
1836251273445756928,1369354272,Directed,1,MENTION,2087278484410228740
1836251273445756928,1237095325,Directed,1,MENTION,2087278484410228740
1836251273445756928,479456207,Directed,1,MENTION,2087278484410228740
1836251273445756928,1369354272,Directed,1,REPLY,2087278484410228740
1814732882201448448,13615722,Directed,1,MENTION,2087277982599499960
1814732882201448448,13615722,Directed,1,REPLY,2087277982599499960
1667798598,812737065767096320,Directed,1,MENTION,2087277148990304634
1667798598,13615722,Directed,1,MENTION,2087277148990304634
1667798598,812737065767096320,Directed,1,REPLY,2087277148990304634
1487222725101998087,13615722,Directed,1,MENTION,2087276673292963966
1487222725101998087,13615722,Directed,1,REPLY,2087276673292963966
2041997699352846336,13615722,Directed,1,MENTION,2087275945623200128
2041997699352846336,13615722,Directed,1,REPLY,2087275945623200128
2045269321601970176,13615722,Directed,1,MENTION,2087274566808903971
2045269321601970176,13615722,Directed,1,REPLY,2087274566808903971
1198249440877928453,13615722,Directed,1,MENTION,2087274041153376381
1198249440877928453,13615722,Directed,1,REPLY,2087274041153376381
1924502883443093504,13615722,Directed,1,MENTION,2087273548716867788
1924502883443093504,13615722,Directed,1,REPLY,2087273548716867788
985555266681933824,13615722,Directed,1,MENTION,2087273167115231344
985555266681933824,13615722,Directed,1,REPLY,2087273167115231344
14690630,18809742,Directed,1,MENTION,2087272742173151337
14690630,13615722,Directed,3,MENTION,2087272742173151337
14690630,18809742,Directed,1,REPLY,2087272742173151337
1143972330856730624,13615722,Directed,9,MENTION,2087269386910413224
1143972330856730624,1283533284211908609,Directed,9,MENTION,2087269386910413224
1143972330856730624,13615722,Directed,8,REPLY,2087269386910413224
1905720887661465600,13615722,Directed,1,MENTION,2087268390935130419
1905720887661465600,13615722,Directed,1,REPLY,2087268390935130419
1596500751752241153,1704572559625183233,Directed,1,MENTION,2087267600682160429
1596500751752241153,1704572559625183233,Directed,1,REPLY,2087267600682160429
1510341560994463744,13615722,Directed,2,MENTION,2087264711725527434
1510341560994463744,13615722,Directed,2,REPLY,2087264711725527434
1591655057967271938,13615722,Directed,1,MENTION,2087263726043054096
1591655057967271938,13615722,Directed,1,REPLY,2087263726043054096
49517618,13615722,Directed,1,MENTION,2087262743976132698
49517618,13615722,Directed,1,REPLY,2087262743976132698
1927439128045477888,1439823557245083648,Directed,1,MENTION,2087262606960566314
1927439128045477888,13615722,Directed,2,MENTION,2087262606960566314
1927439128045477888,1439823557245083648,Directed,1,REPLY,2087262606960566314
2769947892,1439823557245083648,Directed,1,MENTION,2087260267453513815
2769947892,1927439128045477888,Directed,1,MENTION,2087260267453513815
2769947892,13615722,Directed,2,MENTION,2087260267453513815
2769947892,1439823557245083648,Directed,1,REPLY,2087260267453513815
2053738718276546560,13615722,Directed,1,MENTION,2087259628342333950
2053738718276546560,13615722,Directed,1,REPLY,2087259628342333950
1089240927112175621,13615722,Directed,1,MENTION,2087257829329588546
1089240927112175621,13615722,Directed,1,REPLY,2087257829329588546
1555131867552030720,13615722,Directed,1,MENTION,2087256041629393045
1555131867552030720,13615722,Directed,1,REPLY,2087256041629393045
2032204632060293120,13615722,Directed,1,MENTION,2087255228475482371
2032204632060293120,13615722,Directed,1,REPLY,2087255228475482371
1704572559625183233,13615722,Directed,1,MENTION,2087252981167140996
1704572559625183233,13615722,Directed,1,REPLY,2087252981167140996
1081117545955028993,13615722,Directed,1,MENTION,2087252553385849085
1081117545955028993,13615722,Directed,1,REPLY,2087252553385849085
1903184920912269312,13615722,Directed,2,MENTION,2087250659632377940
1903184920912269312,13615722,Directed,2,REPLY,2087250659632377940
1100163812689354753,13615722,Directed,1,MENTION,2087250123050893439
1100163812689354753,13615722,Directed,1,REPLY,2087250123050893439
2052242120401096704,13615722,Directed,1,MENTION,2087247009749274693
2052242120401096704,13615722,Directed,1,REPLY,2087247009749274693
1367174855150469121,13615722,Directed,1,MENTION,2087246524103225795
1367174855150469121,13615722,Directed,1,REPLY,2087246524103225795
1812609898120949760,13615722,Directed,4,MENTION,2087245534847463915
1812609898120949760,13615722,Directed,4,REPLY,2087245534847463915
887350005379584001,13615722,Directed,1,MENTION,2087245397064372289
887350005379584001,13615722,Directed,1,REPLY,2087245397064372289
1458129453368946697,988591689144119296,Directed,1,MENTION,2087244107546525699
1458129453368946697,4013407935,Directed,1,MENTION,2087244107546525699
1458129453368946697,13615722,Directed,1,MENTION,2087244107546525699
1458129453368946697,988591689144119296,Directed,1,REPLY,2087244107546525699
1059650366,13615722,Directed,1,MENTION,2087241439839187348
1059650366,13615722,Directed,1,REPLY,2087241439839187348
2077063944322088960,13615722,Directed,2,MENTION,2087237702093537341
2077063944322088960,13615722,Directed,2,REPLY,2087237702093537341
61850508,812737065767096320,Directed,1,MENTION,2087237498460156341
61850508,13615722,Directed,1,MENTION,2087237498460156341
61850508,812737065767096320,Directed,1,REPLY,2087237498460156341
106929313,13615722,Directed,1,MENTION,2087237465677410448
106929313,13615722,Directed,1,REPLY,2087237465677410448
1134309055613218818,13615722,Directed,2,MENTION,2087237245291872400
1134309055613218818,13615722,Directed,2,REPLY,2087237245291872400
2078829599622922240,812737065767096320,Directed,1,MENTION,2087231893909409913
2078829599622922240,13615722,Directed,1,MENTION,2087231893909409913
2078829599622922240,812737065767096320,Directed,1,REPLY,2087231893909409913
812737065767096320,13615722,Directed,1,MENTION,2087231383328710765
812737065767096320,13615722,Directed,1,REPLY,2087231383328710765
2079647360309698561,13615722,Directed,1,MENTION,2087228083568799790
2079647360309698561,13615722,Directed,1,REPLY,2087228083568799790
1560406705732714498,1767852532053741568,Directed,1,MENTION,2087225925075075407
1560406705732714498,13615722,Directed,1,MENTION,2087225925075075407
1560406705732714498,1767852532053741568,Directed,1,REPLY,2087225925075075407
1690100918056837120,1857462468,Directed,1,MENTION,2087224575935344751
1690100918056837120,13615722,Directed,2,MENTION,2087224575935344751
1690100918056837120,1857462468,Directed,1,REPLY,2087224575935344751
1616640307474358272,13615722,Directed,3,MENTION,2087224384264028284
1616640307474358272,13615722,Directed,2,REPLY,2087224384264028284
1518679136633597953,13615722,Directed,1,MENTION,2087223640307781640
1518679136633597953,13615722,Directed,1,REPLY,2087223640307781640
1857462468,1690100918056837120,Directed,1,MENTION,2087222176365650064
1857462468,13615722,Directed,1,MENTION,2087222176365650064
1857462468,1690100918056837120,Directed,1,REPLY,2087222176365650064
2040867021236109312,13615722,Directed,1,MENTION,2087222140332548347
2040867021236109312,13615722,Directed,1,REPLY,2087222140332548347
215425902,13615722,Directed,1,REPLY,2087221850770169902
1522870669360381953,13615722,Directed,1,MENTION,2087221178423251158
1522870669360381953,13615722,Directed,1,REPLY,2087221178423251158
2070279008336400384,13615722,Directed,5,MENTION,2087220674599256309
2070279008336400384,13615722,Directed,3,REPLY,2087220674599256309
1346592270464679936,13615722,Directed,1,MENTION,2087220089670226227
1346592270464679936,13615722,Directed,1,REPLY,2087220089670226227
1577420143726051330,13615722,Directed,1,MENTION,2087219567852507151
1577420143726051330,13615722,Directed,1,REPLY,2087219567852507151
952713982724501504,13615722,Directed,9,MENTION,2087218967223881730
952713982724501504,13615722,Directed,9,REPLY,2087218967223881730
2077078858763812864,13615722,Directed,1,MENTION,2087218879307153559
2077078858763812864,13615722,Directed,1,REPLY,2087218879307153559
1678304166819536896,13615722,Directed,12,MENTION,2087218295808070123
1678304166819536896,13615722,Directed,12,REPLY,2087218295808070123
2239223047,58090710,Directed,1,MENTION,2087215779737632961
2239223047,1834003971075084288,Directed,1,MENTION,2087215779737632961
2239223047,13615722,Directed,1,MENTION,2087215779737632961
2239223047,58090710,Directed,1,REPLY,2087215779737632961
780284709641281536,13615722,Directed,3,MENTION,2087215605350899927
780284709641281536,13615722,Directed,3,REPLY,2087215605350899927
1805336009523228672,13615722,Directed,14,MENTION,2087211925188874689
1805336009523228672,13615722,Directed,14,REPLY,2087211925188874689
1497400587457077250,13615722,Directed,1,MENTION,2087211297263743188
1497400587457077250,13615722,Directed,1,REPLY,2087211297263743188
176126108,13615722,Directed,4,MENTION,2087209788581015831
176126108,13615722,Directed,3,REPLY,2087209788581015831
976518621378891778,13615722,Directed,1,MENTION,2087207980160725060
976518621378891778,13615722,Directed,1,REPLY,2087207980160725060
303639872,13615722,Directed,1,MENTION,2087207449736700145
303639872,13615722,Directed,1,REPLY,2087207449736700145
1483927411318304769,13615722,Directed,1,MENTION,2087206990124617984
1483927411318304769,13615722,Directed,1,REPLY,2087206990124617984
922678624268046337,13615722,Directed,1,MENTION,2087203755192180737
922678624268046337,13615722,Directed,1,REPLY,2087203755192180737
1923716295062597632,13615722,Directed,1,MENTION,2087201693301882975
1923716295062597632,13615722,Directed,1,REPLY,2087201693301882975
970401765509226496,13615722,Directed,1,MENTION,2087199634640756970
970401765509226496,13615722,Directed,1,REPLY,2087199634640756970
2073055412551892993,13615722,Directed,1,MENTION,2087196801447391503
2073055412551892993,13615722,Directed,1,REPLY,2087196801447391503
1601061884,13615722,Directed,1,MENTION,2087195665134662040
1601061884,13615722,Directed,1,REPLY,2087195665134662040
1786699446387941376,13615722,Directed,2,MENTION,2087193914813952441
1786699446387941376,13615722,Directed,2,REPLY,2087193914813952441
2068951423002263552,13615722,Directed,1,MENTION,2087192739959980172
2068951423002263552,13615722,Directed,1,REPLY,2087192739959980172
18809742,14690630,Directed,1,MENTION,2087189137392611472
18809742,13615722,Directed,1,MENTION,2087189137392611472
18809742,14690630,Directed,1,REPLY,2087189137392611472
1690100918056837120,13615722,Directed,1,REPLY,2087189100772147527
1381576124077985800,13615722,Directed,1,MENTION,2087185062878142653
1381576124077985800,13615722,Directed,1,REPLY,2087185062878142653
1421289336432123907,13615722,Directed,1,MENTION,2087184323107537166
1421289336432123907,13615722,Directed,1,REPLY,2087184323107537166
148582791,13615722,Directed,1,MENTION,2087182733676310910
148582791,13615722,Directed,1,REPLY,2087182733676310910
1602029702553763840,13615722,Directed,1,MENTION,2087176927069024304
1602029702553763840,13615722,Directed,1,REPLY,2087176927069024304
213932110,13615722,Directed,1,MENTION,2087175672762691730
213932110,13615722,Directed,1,REPLY,2087175672762691730
3610902503,13615722,Directed,1,MENTION,2087175223846056423
3610902503,13615722,Directed,1,REPLY,2087175223846056423
1300391887862485002,13615722,Directed,8,MENTION,2087170941596180537
1300391887862485002,13615722,Directed,8,REPLY,2087170941596180537
1959940866295943168,13615722,Directed,1,MENTION,2087170729309622644
1959940866295943168,13615722,Directed,1,REPLY,2087170729309622644
1452307665229651968,13615722,Directed,1,MENTION,2087169117639872952
1452307665229651968,13615722,Directed,1,REPLY,2087169117639872952
2077024087604387840,13615722,Directed,1,MENTION,2087168337293738021
2077024087604387840,13615722,Directed,1,REPLY,2087168337293738021
2083576770016706560,13615722,Directed,1,MENTION,2087164809209159866
2083576770016706560,13615722,Directed,1,REPLY,2087164809209159866
2077399576542322688,13615722,Directed,2,MENTION,2087160817250935075
2077399576542322688,13615722,Directed,2,REPLY,2087160817250935075
4903653585,13615722,Directed,1,MENTION,2087160509800092088
4903653585,13615722,Directed,1,REPLY,2087160509800092088
2076990569226661888,13615722,Directed,1,MENTION,2087158250366009780
2076990569226661888,13615722,Directed,1,REPLY,2087158250366009780
57003699,13615722,Directed,1,MENTION,2087157233935368450
57003699,13615722,Directed,1,REPLY,2087157233935368450
2065794225900310528,13615722,Directed,1,MENTION,2087156245216010420
2065794225900310528,13615722,Directed,1,REPLY,2087156245216010420
265689003,13615722,Directed,1,MENTION,2087154617666646072
265689003,13615722,Directed,1,REPLY,2087154617666646072
825040096353214465,13615722,Directed,1,MENTION,2087150543080747275
825040096353214465,13615722,Directed,1,REPLY,2087150543080747275
1487264598793555968,13615722,Directed,1,MENTION,2087147411441635394
1487264598793555968,13615722,Directed,1,REPLY,2087147411441635394
1938551210824654848,13615722,Directed,1,MENTION,2087142533545500913
1938551210824654848,13615722,Directed,1,REPLY,2087142533545500913
2086639498679447552,13615722,Directed,1,MENTION,2087139473620382198
2086639498679447552,13615722,Directed,1,REPLY,2087139473620382198
778347954172198912,13615722,Directed,1,MENTION,2087138970786255054
778347954172198912,13615722,Directed,1,REPLY,2087138970786255054
1660954294030598147,13615722,Directed,1,MENTION,2087138555856609514
1660954294030598147,13615722,Directed,1,REPLY,2087138555856609514
1963263818840379394,13615722,Directed,1,MENTION,2087138263039721915
1963263818840379394,13615722,Directed,1,REPLY,2087138263039721915
2238493709,1404380701345079299,Directed,1,MENTION,2087137836684190129
2238493709,13615722,Directed,1,MENTION,2087137836684190129
185185461,13615722,Directed,1,MENTION,2087137626981798398
185185461,13615722,Directed,1,REPLY,2087137626981798398
1981377439394856960,13615722,Directed,1,MENTION,2087137353119002922
1981377439394856960,13615722,Directed,1,REPLY,2087137353119002922
728513653855506434,13615722,Directed,1,MENTION,2087134438366851313
728513653855506434,13615722,Directed,1,REPLY,2087134438366851313
2075414965012553730,13615722,Directed,1,MENTION,2087131377388929169
2075414965012553730,13615722,Directed,1,REPLY,2087131377388929169
4795988032,13615722,Directed,2,MENTION,2087131227710947415
4795988032,13615722,Directed,2,REPLY,2087131227710947415
14690630,13615722,Directed,2,REPLY,2087130389743616409
987774220326191104,13615722,Directed,1,MENTION,2087130032166805947
987774220326191104,13615722,Directed,1,REPLY,2087130032166805947
2568803555,13615722,Directed,1,MENTION,2087126029282193733
2568803555,13615722,Directed,1,REPLY,2087126029282193733
1569032042087878658,13615722,Directed,1,MENTION,2087125785794801774
1569032042087878658,13615722,Directed,1,REPLY,2087125785794801774
1708143825980399616,13615722,Directed,1,MENTION,2087121494765621551
1708143825980399616,13615722,Directed,1,REPLY,2087121494765621551
2080509869841592320,13615722,Directed,1,MENTION,2087120877360239018
2080509869841592320,13615722,Directed,1,REPLY,2087120877360239018
1948418413048528897,13615722,Directed,1,MENTION,2087119630770807245
1948418413048528897,13615722,Directed,1,REPLY,2087119630770807245
1987897925952008192,13615722,Directed,1,MENTION,2087119557655662706
1987897925952008192,13615722,Directed,1,REPLY,2087119557655662706
2050965595475070976,13615722,Directed,6,MENTION,2087119021619482931
2050965595475070976,13615722,Directed,6,REPLY,2087119021619482931
1737245520391753728,13615722,Directed,1,MENTION,2087111028869939262
1737245520391753728,13615722,Directed,1,REPLY,2087111028869939262
2042293595281989632,13615722,Directed,2,MENTION,2087109316788510780
2042293595281989632,13615722,Directed,2,REPLY,2087109316788510780
2076984232845422592,13615722,Directed,1,MENTION,2087106704009777623
2076984232845422592,13615722,Directed,1,REPLY,2087106704009777623
2080896428021518336,13615722,Directed,1,MENTION,2087104313462280426
2080896428021518336,13615722,Directed,1,REPLY,2087104313462280426
1481659284085788675,13615722,Directed,1,MENTION,2087099706635595945
1481659284085788675,13615722,Directed,1,REPLY,2087099706635595945
2044911297905491968,13615722,Directed,3,REPLY,2087095430718894542
2043968941827985408,13615722,Directed,1,MENTION,2087093107364155864
2043968941827985408,13615722,Directed,1,REPLY,2087093107364155864
284740166,13615722,Directed,2,MENTION,2087092936219791862
284740166,13615722,Directed,2,REPLY,2087092936219791862
1868262092874330113,13615722,Directed,1,MENTION,2087091322398347474
1868262092874330113,13615722,Directed,1,REPLY,2087091322398347474
2058878687358140417,13615722,Directed,3,MENTION,2087090843933127117
2058878687358140417,13615722,Directed,2,REPLY,2087090843933127117
1920856287811633152,13615722,Directed,1,MENTION,2087089683671171125
1920856287811633152,13615722,Directed,1,REPLY,2087089683671171125
2041086311331758080,13615722,Directed,2,MENTION,2087086319209992396
2041086311331758080,13615722,Directed,2,REPLY,2087086319209992396
589369550,13615722,Directed,1,MENTION,2087083221385130273
589369550,13615722,Directed,1,REPLY,2087083221385130273
799151263,13615722,Directed,1,MENTION,2087082823287243227
799151263,13615722,Directed,1,REPLY,2087082823287243227
873697482475282432,13615722,Directed,2,MENTION,2087082597247549551
873697482475282432,13615722,Directed,2,REPLY,2087082597247549551
1818617049821609984,13615722,Directed,1,MENTION,2087080750864543760
1818617049821609984,13615722,Directed,1,REPLY,2087080750864543760
954059638412070912,13615722,Directed,1,MENTION,2087072467739119751
954059638412070912,13615722,Directed,1,REPLY,2087072467739119751
2065501886203990017,13615722,Directed,2,MENTION,2087071784088535102
2065501886203990017,13615722,Directed,1,REPLY,2087071406328558048
2076977828994666496,13615722,Directed,1,MENTION,2087069862765994132
2076977828994666496,13615722,Directed,1,REPLY,2087069862765994132
1574488912545955855,13615722,Directed,2,MENTION,2087067752213475635
1574488912545955855,13615722,Directed,2,REPLY,2087067752213475635
2060517996339367936,13615722,Directed,2,MENTION,2087067414160945378
2060517996339367936,13615722,Directed,2,REPLY,2087067414160945378
734749363726061568,13615722,Directed,3,MENTION,2087063652733964794
734749363726061568,13615722,Directed,3,REPLY,2087063652733964794
2079674420352708609,13615722,Directed,2,MENTION,2087063555400937543
2079674420352708609,13615722,Directed,2,REPLY,2087063555400937543
2076938721341956096,13615722,Directed,1,MENTION,2087059859879469159
2076938721341956096,13615722,Directed,1,REPLY,2087059859879469159
1199945494874578944,13615722,Directed,1,MENTION,2087058055259369823
1199945494874578944,13615722,Directed,1,REPLY,2087058055259369823
2084005084157911040,550184028,Directed,1,MENTION,2087056796724633876
2084005084157911040,13615722,Directed,4,MENTION,2087056796724633876
2084005084157911040,550184028,Directed,1,REPLY,2087056796724633876
1945603658906742784,13615722,Directed,1,MENTION,2087056333493219775
1945603658906742784,13615722,Directed,1,REPLY,2087056333493219775
717759683293872129,13615722,Directed,1,MENTION,2087054825682792879
717759683293872129,13615722,Directed,1,REPLY,2087054825682792879
1995103902895890432,13615722,Directed,1,MENTION,2087052966607921647
1995103902895890432,13615722,Directed,1,REPLY,2087052966607921647
596459475,13615722,Directed,1,MENTION,2087051667321549080
596459475,13615722,Directed,1,REPLY,2087051667321549080
2077823071126261760,13615722,Directed,1,MENTION,2087049738994503739
2077823071126261760,13615722,Directed,1,REPLY,2087049738994503739
1257696064221536257,13615722,Directed,2,MENTION,2087037219894931791
1257696064221536257,13615722,Directed,2,REPLY,2087037219894931791
1639031804,13615722,Directed,1,MENTION,2087035271854383373
1639031804,13615722,Directed,1,REPLY,2087035271854383373
1064607267998392321,13615722,Directed,1,MENTION,2087034558659043360
1064607267998392321,13615722,Directed,1,REPLY,2087034558659043360
1026062852,13615722,Directed,1,MENTION,2087030689418084658
1026062852,13615722,Directed,1,REPLY,2087030689418084658
2077817255161671680,13615722,Directed,1,MENTION,2087029649838604472
2077817255161671680,13615722,Directed,1,REPLY,2087029649838604472
1179201668765949953,13615722,Directed,2,MENTION,2087022864113303930
1179201668765949953,13615722,Directed,2,REPLY,2087022864113303930
2087002537169711104,13615722,Directed,1,MENTION,2087022518972424243
2087002537169711104,13615722,Directed,1,REPLY,2087022518972424243
15974514,13615722,Directed,1,MENTION,2087021482769572204
15974514,13615722,Directed,1,REPLY,2087021482769572204
550184028,2070279008336400384,Directed,2,MENTION,2087016083848880289
550184028,13615722,Directed,3,MENTION,2087016083848880289
550184028,2070279008336400384,Directed,2,REPLY,2087016083848880289
934953745032544257,13615722,Directed,1,MENTION,2087015061428588929
934953745032544257,13615722,Directed,1,REPLY,2087015061428588929
550184028,13615722,Directed,1,REPLY,2087014769844748627
1817340722078715904,13615722,Directed,1,MENTION,2087009514159501655
1817340722078715904,13615722,Directed,1,REPLY,2087009514159501655
2038476874658004992,13615722,Directed,1,MENTION,2087007068826067310
2038476874658004992,13615722,Directed,1,REPLY,2087007068826067310
1311582120171593728,13615722,Directed,1,MENTION,2087004158247473657
1311582120171593728,13615722,Directed,1,REPLY,2087004158247473657
1307125312400969728,2004977639585710082,Directed,1,MENTION,2087000805551513782
1307125312400969728,13615722,Directed,2,MENTION,2087000805551513782
1307125312400969728,2004977639585710082,Directed,1,REPLY,2087000805551513782
1307125312400969728,1339261053549555712,Directed,1,MENTION,2087000432824717327
1307125312400969728,1339261053549555712,Directed,1,REPLY,2087000432824717327
1501440079918772225,13615722,Directed,1,MENTION,2086999782661255405
1501440079918772225,13615722,Directed,1,REPLY,2086999782661255405
1561049828456538114,13615722,Directed,2,MENTION,2086999739900346865
1561049828456538114,13615722,Directed,2,REPLY,2086999739900346865
913207967880802306,13615722,Directed,1,MENTION,2086996871646433495
913207967880802306,3347070778,Directed,1,MENTION,2086996871646433495
913207967880802306,13615722,Directed,1,REPLY,2086996871646433495
1553385492,13615722,Directed,3,MENTION,2086994264311943422
1553385492,13615722,Directed,2,REPLY,2086994264311943422
1588348516237049858,13615722,Directed,1,MENTION,2086992481694965889
1588348516237049858,13615722,Directed,1,REPLY,2086992481694965889
1878122329043300352,13615722,Directed,1,MENTION,2086979538890744118
1878122329043300352,13615722,Directed,1,REPLY,2086979538890744118
1516593248239853571,13615722,Directed,1,MENTION,2086978993128083777
1516593248239853571,13615722,Directed,1,REPLY,2086978993128083777
1852777064681861120,655093,Directed,1,MENTION,2086977918815645845
1852777064681861120,13615722,Directed,1,MENTION,2086977918815645845
3009578024,2836218276,Directed,1,MENTION,2086973334437130312
3009578024,13615722,Directed,1,MENTION,2086973334437130312
3009578024,2836218276,Directed,1,REPLY,2086973334437130312
1929719706212356097,13615722,Directed,1,MENTION,2086972655069168071
1929719706212356097,13615722,Directed,1,REPLY,2086972655069168071
1714432832292966400,13615722,Directed,1,MENTION,2086971551627296794
1714432832292966400,13615722,Directed,1,REPLY,2086971551627296794
1381449223657426945,13615722,Directed,1,MENTION,2086969462704509089
1381449223657426945,13615722,Directed,1,REPLY,2086969462704509089
2056920650686595073,13615722,Directed,1,MENTION,2086966886583939331
2056920650686595073,13615722,Directed,1,REPLY,2086966886583939331
1284303994450567175,13615722,Directed,1,MENTION,2086966450674077901
1284303994450567175,13615722,Directed,1,REPLY,2086966450674077901
1884752671263072256,2078975868970627072,Directed,1,MENTION,2086964860735103051
1884752671263072256,13615722,Directed,1,MENTION,2086964860735103051
1884752671263072256,2078975868970627072,Directed,1,REPLY,2086964860735103051
1213503485066432512,13615722,Directed,1,MENTION,2086961662616072629
1213503485066432512,13615722,Directed,1,REPLY,2086961662616072629
1413608677135749125,13615722,Directed,1,MENTION,2086953939946115491
1413608677135749125,13615722,Directed,1,REPLY,2086953939946115491
1475562324647821313,13615722,Directed,1,MENTION,2086951965385506925
1475562324647821313,13615722,Directed,1,REPLY,2086951965385506925
1656635302566416385,13615722,Directed,1,MENTION,2086951931344257472
1656635302566416385,65183293,Directed,1,MENTION,2086951931344257472
1656635302566416385,13615722,Directed,1,REPLY,2086951931344257472
883206485278285825,13615722,Directed,1,MENTION,2086951772158079206
883206485278285825,13615722,Directed,1,REPLY,2086951772158079206
2067971560405651458,13615722,Directed,1,MENTION,2086951408578830529
2067971560405651458,13615722,Directed,1,REPLY,2086951408578830529
1104781426078158850,1104608366,Directed,1,MENTION,2086947880414113796
1104781426078158850,13615722,Directed,1,MENTION,2086947880414113796
1104781426078158850,1104608366,Directed,1,REPLY,2086947880414113796
853648119862525953,13615722,Directed,1,MENTION,2086947336056459470
853648119862525953,13615722,Directed,1,REPLY,2086947336056459470
1600081787362983937,13615722,Directed,2,MENTION,2086947275268305172
1600081787362983937,13615722,Directed,2,REPLY,2086947275268305172
1609953199301050371,13615722,Directed,2,MENTION,2086943934270324893
1609953199301050371,13615722,Directed,2,REPLY,2086943934270324893
1483498295993548807,13615722,Directed,2,MENTION,2086938417254777258
1483498295993548807,13615722,Directed,2,REPLY,2086938417254777258
1206622892,13615722,Directed,1,MENTION,2086937662598885544
1206622892,13615722,Directed,1,REPLY,2086937662598885544
1398729916594671620,13615722,Directed,1,MENTION,2086936057589682506
1398729916594671620,13615722,Directed,1,REPLY,2086936057589682506
1836251273445756928,1922860611798695936,Directed,1,MENTION,2086933793051451708
1836251273445756928,3318124892,Directed,1,MENTION,2086933793051451708
1836251273445756928,1922860611798695936,Directed,1,REPLY,2086933793051451708
1836251273445756928,1170902577195757573,Directed,1,MENTION,2086933650575110470
1836251273445756928,3569200641,Directed,1,MENTION,2086933650575110470
1836251273445756928,1170902577195757573,Directed,1,REPLY,2086933650575110470
737491662025416704,13615722,Directed,2,MENTION,2086931366705254782
737491662025416704,13615722,Directed,2,REPLY,2086931366705254782
2959843478,13615722,Directed,1,MENTION,2086928802782032235
2959843478,13615722,Directed,1,REPLY,2086928802782032235
1298786698877448193,1339261053549555712,Directed,1,MENTION,2086923120426819869
1298786698877448193,13615722,Directed,1,MENTION,2086923120426819869
1298786698877448193,1339261053549555712,Directed,1,REPLY,2086923120426819869
837434549801869312,900308371651407872,Directed,1,MENTION,2086919750421303708
837434549801869312,13615722,Directed,2,MENTION,2086919750421303708
837434549801869312,900308371651407872,Directed,1,REPLY,2086919750421303708
2049180663446712320,3299457967,Directed,1,MENTION,2086916965528924376
2049180663446712320,13615722,Directed,5,MENTION,2086916965528924376
2049180663446712320,3299457967,Directed,1,REPLY,2086916965528924376
1627637798,1898845850232557568,Directed,1,MENTION,2086915037919166744
1627637798,655093,Directed,2,MENTION,2086915037919166744
1627637798,8943,Directed,2,MENTION,2086915037919166744
1627637798,13615722,Directed,2,MENTION,2086915037919166744
1627637798,1898845850232557568,Directed,1,REPLY,2086915037919166744
1898845850232557568,1627637798,Directed,1,MENTION,2086914945589928227
1898845850232557568,655093,Directed,1,MENTION,2086914945589928227
1898845850232557568,8943,Directed,1,MENTION,2086914945589928227
1898845850232557568,13615722,Directed,1,MENTION,2086914945589928227
1898845850232557568,1627637798,Directed,1,REPLY,2086914945589928227
1052519965973078016,13615722,Directed,1,MENTION,2086914280759165090
59946726,13615722,Directed,1,MENTION,2086913996439839137
59946726,13615722,Directed,1,REPLY,2086913996439839137
2799822766,13615722,Directed,1,MENTION,2086913109881688540
2799822766,13615722,Directed,1,REPLY,2086913109881688540
239200853,3299457967,Directed,1,MENTION,2086913056294990093
239200853,13615722,Directed,1,MENTION,2086913056294990093
239200853,3299457967,Directed,1,REPLY,2086913056294990093
1205960263322624000,13615722,Directed,1,MENTION,2086912721023545803
1205960263322624000,13615722,Directed,1,REPLY,2086912721023545803
1627637798,620808069,Directed,1,QUOTE,2086912636248117568
1535400176021643264,13615722,Directed,1,MENTION,2086911596580774159
1535400176021643264,13615722,Directed,1,REPLY,2086911596580774159
1916076875635691523,13615722,Directed,1,MENTION,2086911587017986485
1916076875635691523,13615722,Directed,1,REPLY,2086911587017986485
797114449568104449,13615722,Directed,1,MENTION,2086909323154985286
797114449568104449,13615722,Directed,1,REPLY,2086909323154985286
612298308,1497500260612120581,Directed,1,MENTION,2086907558128767205
612298308,13615722,Directed,2,MENTION,2086907558128767205
612298308,1497500260612120581,Directed,1,REPLY,2086907558128767205
2004977639585710082,2433742650,Directed,1,MENTION,2086906432671056278
2004977639585710082,1266619363399856129,Directed,2,MENTION,2086906432671056278
2004977639585710082,13615722,Directed,3,MENTION,2086906432671056278
2004977639585710082,2433742650,Directed,1,REPLY,2086906432671056278
2012929173627486208,13615722,Directed,1,MENTION,2086906141322186966
2012929173627486208,13615722,Directed,1,REPLY,2086906141322186966
1638968675586777088,13615722,Directed,1,MENTION,2086905939219644638
1638968675586777088,13615722,Directed,1,REPLY,2086905939219644638
1641090406208217090,13615722,Directed,1,MENTION,2086905526831415637
1641090406208217090,13615722,Directed,1,REPLY,2086905526831415637
346926651,13615722,Directed,1,MENTION,2086903342542823607
346926651,13615722,Directed,1,REPLY,2086903342542823607
1354369054413357056,13615722,Directed,1,MENTION,2086902822495203439
1354369054413357056,13615722,Directed,1,REPLY,2086902822495203439
364376721,13615722,Directed,1,MENTION,2086901276890046575
364376721,13615722,Directed,1,REPLY,2086901276890046575
106697834,13615722,Directed,1,MENTION,2086900835854721507
106697834,13615722,Directed,1,REPLY,2086900835854721507
1744141697821319169,13615722,Directed,1,MENTION,2086900740811804739
1744141697821319169,13615722,Directed,1,REPLY,2086900740811804739
1921129503386202112,30683939,Directed,8,MENTION,2086900401828450800
1921129503386202112,1821719543535767552,Directed,8,MENTION,2086900401828450800
1921129503386202112,1822459185151488000,Directed,8,MENTION,2086900401828450800
1921129503386202112,2051442783198556160,Directed,8,MENTION,2086900401828450800
1921129503386202112,1843437250669096961,Directed,8,MENTION,2086900401828450800
1921129503386202112,1478171356353024000,Directed,8,MENTION,2086900401828450800
1921129503386202112,1637130624648585216,Directed,8,MENTION,2086900401828450800
1921129503386202112,1932652860229214208,Directed,8,MENTION,2086900401828450800
1921129503386202112,2027942036440289282,Directed,8,MENTION,2086900401828450800
1921129503386202112,1968487709762080768,Directed,8,MENTION,2086900401828450800
1921129503386202112,1720692550942720001,Directed,8,MENTION,2086900401828450800
1921129503386202112,1991707456846852099,Directed,8,MENTION,2086900401828450800
1921129503386202112,3431297769,Directed,8,MENTION,2086900401828450800
1921129503386202112,1327041912,Directed,8,MENTION,2086900401828450800
1921129503386202112,615150280,Directed,8,MENTION,2086900401828450800
1921129503386202112,136426049,Directed,8,MENTION,2086900401828450800
1921129503386202112,13615722,Directed,8,MENTION,2086900401828450800
1921129503386202112,432895323,Directed,8,MENTION,2086900401828450800
1921129503386202112,30683939,Directed,1,REPLY,2086900401828450800
1918037013388754944,13615722,Directed,1,MENTION,2086900257552515292
1918037013388754944,13615722,Directed,1,REPLY,2086900257552515292
1837332604686622720,13615722,Directed,1,MENTION,2086899914181673151
1837332604686622720,13615722,Directed,1,REPLY,2086899914181673151
1667586940542287874,13615722,Directed,1,MENTION,2086899849182797993
1667586940542287874,13615722,Directed,1,REPLY,2086899849182797993
1818555932252467200,13615722,Directed,1,MENTION,2086897772633174136
1818555932252467200,13615722,Directed,1,REPLY,2086897772633174136
2042403875622203392,13615722,Directed,1,MENTION,2086896793363837350
2042403875622203392,13615722,Directed,1,REPLY,2086896793363837350
1965726348661456896,841850622915796993,Directed,1,MENTION,2086893505931084219
1965726348661456896,13615722,Directed,7,MENTION,2086893505931084219
1965726348661456896,841850622915796993,Directed,1,REPLY,2086893505931084219
1814173169042825216,13615722,Directed,2,MENTION,2086892852991205571
1814173169042825216,13615722,Directed,1,REPLY,2086892543095005519
28476073,13615722,Directed,1,MENTION,2086892239221833833
28476073,13615722,Directed,1,REPLY,2086892239221833833
1691968348006076417,13615722,Directed,1,MENTION,2086892048821477831
1691968348006076417,13615722,Directed,1,REPLY,2086892048821477831
1682695797274492928,13615722,Directed,1,MENTION,2086891329640862056
1682695797274492928,13615722,Directed,1,REPLY,2086891329640862056
2437179991,13615722,Directed,1,MENTION,2086890863867666634
2437179991,13615722,Directed,1,REPLY,2086890863867666634
1497500260612120581,612298308,Directed,1,MENTION,2086886432489058717
1497500260612120581,13615722,Directed,1,MENTION,2086886432489058717
1497500260612120581,612298308,Directed,1,REPLY,2086886432489058717
2018737478845210624,13615722,Directed,1,MENTION,2086886423345696918
2018737478845210624,13615722,Directed,1,REPLY,2086886423345696918
2067380728795467777,13615722,Directed,1,MENTION,2086886238343037130
2067380728795467777,13615722,Directed,1,REPLY,2086886238343037130
1942249287401828352,13615722,Directed,1,MENTION,2086885680643535280
1942249287401828352,13615722,Directed,1,REPLY,2086885680643535280
841850622915796993,1965726348661456896,Directed,1,MENTION,2086884875403973083
841850622915796993,13615722,Directed,1,MENTION,2086884875403973083
841850622915796993,1965726348661456896,Directed,1,REPLY,2086884875403973083
1760183917808951296,13615722,Directed,1,MENTION,2086884654897139930
1760183917808951296,13615722,Directed,1,REPLY,2086884654897139930
1728702526298456064,13615722,Directed,2,MENTION,2086884390567657594
1728702526298456064,13615722,Directed,2,REPLY,2086884390567657594
14397711,13615722,Directed,1,MENTION,2086883268301840836
14397711,13615722,Directed,1,REPLY,2086883268301840836
2433742650,2004977639585710082,Directed,1,MENTION,2086881711145505254
2433742650,1266619363399856129,Directed,1,MENTION,2086881711145505254
2433742650,13615722,Directed,1,MENTION,2086881711145505254
2433742650,2004977639585710082,Directed,1,REPLY,2086881711145505254
1825250836617773057,13615722,Directed,1,MENTION,2086881023422513442
1825250836617773057,13615722,Directed,1,REPLY,2086881023422513442
1440993866019229701,876579120091627520,Directed,1,MENTION,2086879588500578398
1440993866019229701,13615722,Directed,1,MENTION,2086879588500578398
1440993866019229701,876579120091627520,Directed,1,REPLY,2086879588500578398
1080246246772797440,13615722,Directed,1,MENTION,2086877070861168912
1080246246772797440,13615722,Directed,1,REPLY,2086877070861168912
262762495,13615722,Directed,1,MENTION,2086874249986232778
262762495,13615722,Directed,1,REPLY,2086874249986232778
1951293651658723329,13615722,Directed,1,MENTION,2086872754620367039
1951293651658723329,13615722,Directed,1,REPLY,2086872754620367039
3435813707,13615722,Directed,2,MENTION,2086870418921525687
3435813707,13615722,Directed,2,REPLY,2086870418921525687
1102768805858537472,13615722,Directed,1,MENTION,2086869690052456608
1102768805858537472,13615722,Directed,1,REPLY,2086869690052456608
1928206547890360321,1104608366,Directed,2,MENTION,2086869573085560987
1928206547890360321,1427798726601449473,Directed,2,MENTION,2086869573085560987
1928206547890360321,13615722,Directed,2,MENTION,2086869573085560987
1928206547890360321,1104608366,Directed,2,REPLY,2086869573085560987
30683939,1821719543535767552,Directed,1,MENTION,2086868524409000131
30683939,1822459185151488000,Directed,1,MENTION,2086868524409000131
30683939,1921129503386202112,Directed,1,MENTION,2086868524409000131
30683939,2051442783198556160,Directed,1,MENTION,2086868524409000131
30683939,1843437250669096961,Directed,1,MENTION,2086868524409000131
30683939,1478171356353024000,Directed,1,MENTION,2086868524409000131
30683939,1637130624648585216,Directed,1,MENTION,2086868524409000131
30683939,1932652860229214208,Directed,1,MENTION,2086868524409000131
30683939,2027942036440289282,Directed,1,MENTION,2086868524409000131
30683939,1968487709762080768,Directed,1,MENTION,2086868524409000131
30683939,1720692550942720001,Directed,1,MENTION,2086868524409000131
30683939,1991707456846852099,Directed,1,MENTION,2086868524409000131
30683939,3431297769,Directed,1,MENTION,2086868524409000131
30683939,1327041912,Directed,1,MENTION,2086868524409000131
30683939,615150280,Directed,1,MENTION,2086868524409000131
30683939,136426049,Directed,1,MENTION,2086868524409000131
30683939,13615722,Directed,1,MENTION,2086868524409000131
30683939,432895323,Directed,1,MENTION,2086868524409000131
30683939,1821719543535767552,Directed,1,REPLY,2086868524409000131
1120934646643142657,13615722,Directed,1,MENTION,2086867694473863569
1120934646643142657,13615722,Directed,1,REPLY,2086867694473863569
1297641581571448834,13615722,Directed,2,MENTION,2086867203555512559
1297641581571448834,13615722,Directed,2,REPLY,2086867203555512559
1778093211375882240,13615722,Directed,1,MENTION,2086867077315314042
1778093211375882240,13615722,Directed,1,REPLY,2086867077315314042
1684554679756128262,1456559317709357058,Directed,1,MENTION,2086864269027745855
1684554679756128262,13615722,Directed,1,MENTION,2086864269027745855
1684554679756128262,1456559317709357058,Directed,1,REPLY,2086864269027745855
1474432543223336960,13615722,Directed,1,MENTION,2086861902001705054
1474432543223336960,13615722,Directed,1,REPLY,2086861902001705054
725934016222748672,13615722,Directed,1,MENTION,2086861594882187594
725934016222748672,13615722,Directed,1,REPLY,2086861594882187594
1508242696539934725,13615722,Directed,1,MENTION,2086860691583975673
1508242696539934725,13615722,Directed,1,REPLY,2086860691583975673
962250263523360768,13615722,Directed,1,MENTION,2086860343108673547
962250263523360768,13615722,Directed,1,REPLY,2086860343108673547
1856439905401868288,13615722,Directed,1,MENTION,2086859377387192361
1856439905401868288,13615722,Directed,1,REPLY,2086859377387192361
1018836254211870721,326890012,Directed,1,MENTION,2086858249479868491
1018836254211870721,13615722,Directed,1,MENTION,2086858249479868491
1018836254211870721,326890012,Directed,1,REPLY,2086858249479868491
2065174663270141952,13615722,Directed,1,MENTION,2086857843282702699
2065174663270141952,13615722,Directed,1,REPLY,2086857843282702699
2618450319,1907489320513986560,Directed,1,MENTION,2086857629234536907
2618450319,13615722,Directed,1,MENTION,2086857629234536907
1010314203943620608,1927439128045477888,Directed,1,MENTION,2086856787102220679
1010314203943620608,13615722,Directed,1,MENTION,2086856787102220679
1010314203943620608,1927439128045477888,Directed,1,REPLY,2086856787102220679
88995653,13615722,Directed,1,MENTION,2086856596366180758
88995653,13615722,Directed,1,REPLY,2086856596366180758
1997617923473707008,13615722,Directed,1,MENTION,2086855733321048149
1997617923473707008,13615722,Directed,1,REPLY,2086855733321048149
1888090298196353024,13615722,Directed,1,MENTION,2086853393189155185
1888090298196353024,13615722,Directed,1,REPLY,2086853393189155185
1836293665,1339261053549555712,Directed,1,MENTION,2086853280978661860
1836293665,13615722,Directed,1,MENTION,2086853280978661860
1836293665,1339261053549555712,Directed,1,REPLY,2086853280978661860
1921129503386202112,1821719543535767552,Directed,5,REPLY,2086852040056271338
2027942036440289282,1921129503386202112,Directed,2,MENTION,2086851084983890096
2027942036440289282,1821719543535767552,Directed,2,MENTION,2086851084983890096
2027942036440289282,1843437250669096961,Directed,2,MENTION,2086851084983890096
2027942036440289282,1822459185151488000,Directed,2,MENTION,2086851084983890096
2027942036440289282,2051442783198556160,Directed,2,MENTION,2086851084983890096
2027942036440289282,1478171356353024000,Directed,2,MENTION,2086851084983890096
2027942036440289282,1637130624648585216,Directed,2,MENTION,2086851084983890096
2027942036440289282,30683939,Directed,2,MENTION,2086851084983890096
2027942036440289282,1932652860229214208,Directed,2,MENTION,2086851084983890096
2027942036440289282,1968487709762080768,Directed,2,MENTION,2086851084983890096
2027942036440289282,1720692550942720001,Directed,2,MENTION,2086851084983890096
2027942036440289282,1991707456846852099,Directed,2,MENTION,2086851084983890096
2027942036440289282,3431297769,Directed,2,MENTION,2086851084983890096
2027942036440289282,1327041912,Directed,2,MENTION,2086851084983890096
2027942036440289282,615150280,Directed,2,MENTION,2086851084983890096
2027942036440289282,136426049,Directed,2,MENTION,2086851084983890096
2027942036440289282,13615722,Directed,2,MENTION,2086851084983890096
2027942036440289282,432895323,Directed,2,MENTION,2086851084983890096
2027942036440289282,1921129503386202112,Directed,1,REPLY,2086851084983890096
94290596,13615722,Directed,1,MENTION,2086850073380430276
94290596,13615722,Directed,1,REPLY,2086850073380430276
2051442783198556160,1821719543535767552,Directed,2,MENTION,2086849937698865645
2051442783198556160,1843437250669096961,Directed,2,MENTION,2086849937698865645
2051442783198556160,1921129503386202112,Directed,2,MENTION,2086849937698865645
2051442783198556160,2027942036440289282,Directed,2,MENTION,2086849937698865645
2051442783198556160,1822459185151488000,Directed,2,MENTION,2086849937698865645
2051442783198556160,1478171356353024000,Directed,2,MENTION,2086849937698865645
2051442783198556160,1637130624648585216,Directed,2,MENTION,2086849937698865645
2051442783198556160,30683939,Directed,2,MENTION,2086849937698865645
2051442783198556160,1932652860229214208,Directed,2,MENTION,2086849937698865645
2051442783198556160,1968487709762080768,Directed,2,MENTION,2086849937698865645
2051442783198556160,1720692550942720001,Directed,2,MENTION,2086849937698865645
2051442783198556160,1991707456846852099,Directed,2,MENTION,2086849937698865645
2051442783198556160,3431297769,Directed,2,MENTION,2086849937698865645
2051442783198556160,1327041912,Directed,2,MENTION,2086849937698865645
2051442783198556160,615150280,Directed,2,MENTION,2086849937698865645
2051442783198556160,136426049,Directed,2,MENTION,2086849937698865645
2051442783198556160,13615722,Directed,2,MENTION,2086849937698865645
2051442783198556160,432895323,Directed,2,MENTION,2086849937698865645
2051442783198556160,1821719543535767552,Directed,2,REPLY,2086849937698865645
1821719543535767552,1843437250669096961,Directed,6,MENTION,2086849814730350755
1821719543535767552,1921129503386202112,Directed,6,MENTION,2086849814730350755
1821719543535767552,2027942036440289282,Directed,6,MENTION,2086849814730350755
1821719543535767552,1822459185151488000,Directed,6,MENTION,2086849814730350755
1821719543535767552,2051442783198556160,Directed,6,MENTION,2086849814730350755
1821719543535767552,1478171356353024000,Directed,6,MENTION,2086849814730350755
1821719543535767552,1637130624648585216,Directed,6,MENTION,2086849814730350755
1821719543535767552,30683939,Directed,6,MENTION,2086849814730350755
1821719543535767552,1932652860229214208,Directed,6,MENTION,2086849814730350755
1821719543535767552,1968487709762080768,Directed,6,MENTION,2086849814730350755
1821719543535767552,1720692550942720001,Directed,6,MENTION,2086849814730350755
1821719543535767552,1991707456846852099,Directed,6,MENTION,2086849814730350755
1821719543535767552,3431297769,Directed,6,MENTION,2086849814730350755
1821719543535767552,1327041912,Directed,6,MENTION,2086849814730350755
1821719543535767552,615150280,Directed,6,MENTION,2086849814730350755
1821719543535767552,136426049,Directed,6,MENTION,2086849814730350755
1821719543535767552,13615722,Directed,6,MENTION,2086849814730350755
1821719543535767552,432895323,Directed,6,MENTION,2086849814730350755
1821719543535767552,1843437250669096961,Directed,1,REPLY,2086849814730350755
2079616124354719745,2004977639585710082,Directed,1,MENTION,2086849528804581445
2079616124354719745,13615722,Directed,1,MENTION,2086849528804581445
2079616124354719745,2004977639585710082,Directed,1,REPLY,2086849528804581445
1843437250669096961,1821719543535767552,Directed,2,MENTION,2086849122209046697
1843437250669096961,1921129503386202112,Directed,2,MENTION,2086849122209046697
1843437250669096961,2027942036440289282,Directed,2,MENTION,2086849122209046697
1843437250669096961,1822459185151488000,Directed,2,MENTION,2086849122209046697
1843437250669096961,2051442783198556160,Directed,2,MENTION,2086849122209046697
1843437250669096961,1478171356353024000,Directed,2,MENTION,2086849122209046697
1843437250669096961,1637130624648585216,Directed,2,MENTION,2086849122209046697
1843437250669096961,30683939,Directed,2,MENTION,2086849122209046697
1843437250669096961,1932652860229214208,Directed,2,MENTION,2086849122209046697
1843437250669096961,1968487709762080768,Directed,2,MENTION,2086849122209046697
1843437250669096961,1720692550942720001,Directed,2,MENTION,2086849122209046697
1843437250669096961,1991707456846852099,Directed,2,MENTION,2086849122209046697
1843437250669096961,3431297769,Directed,2,MENTION,2086849122209046697
1843437250669096961,1327041912,Directed,2,MENTION,2086849122209046697
1843437250669096961,615150280,Directed,2,MENTION,2086849122209046697
1843437250669096961,136426049,Directed,2,MENTION,2086849122209046697
1843437250669096961,13615722,Directed,2,MENTION,2086849122209046697
1843437250669096961,432895323,Directed,2,MENTION,2086849122209046697
1843437250669096961,1821719543535767552,Directed,2,REPLY,2086849122209046697
2012564904595554304,13615722,Directed,1,MENTION,2086849055351877796
2012564904595554304,13615722,Directed,1,REPLY,2086849055351877796
1821719543535767552,1921129503386202112,Directed,2,REPLY,2086848579751047421
71473797,13615722,Directed,1,MENTION,2086848180575158479
71473797,13615722,Directed,1,REPLY,2086848180575158479
1921129503386202112,173616014,Directed,1,MENTION,2086847538158817655
1921129503386202112,2346524875,Directed,1,MENTION,2086847538158817655
1921129503386202112,1296618483203993600,Directed,1,MENTION,2086847538158817655
1921129503386202112,1880989528019607552,Directed,1,MENTION,2086847538158817655
1921129503386202112,1941305379541090304,Directed,1,MENTION,2086847538158817655
1921129503386202112,1518993102131933190,Directed,1,MENTION,2086847538158817655
1921129503386202112,590500852,Directed,1,MENTION,2086847538158817655
1921129503386202112,2916305152,Directed,1,MENTION,2086847538158817655
1921129503386202112,107190796,Directed,1,MENTION,2086847538158817655
1921129503386202112,1927885236224057344,Directed,1,MENTION,2086847538158817655
1921129503386202112,33152005,Directed,1,MENTION,2086847538158817655
1921129503386202112,50117326,Directed,1,MENTION,2086847538158817655
1921129503386202112,241382835,Directed,1,MENTION,2086847538158817655
1921129503386202112,1366266445924040704,Directed,1,MENTION,2086847538158817655
1921129503386202112,20652877,Directed,1,MENTION,2086847538158817655
1921129503386202112,1600396060471459840,Directed,1,MENTION,2086847538158817655
1921129503386202112,1895235427793281027,Directed,1,MENTION,2086847538158817655
1970968241280565248,1399196452816052225,Directed,1,MENTION,2086847296424095946
1970968241280565248,13615722,Directed,1,MENTION,2086847296424095946
1970968241280565248,1399196452816052225,Directed,1,REPLY,2086847296424095946
73036050,326890012,Directed,1,MENTION,2086847137057292483
73036050,13615722,Directed,1,MENTION,2086847137057292483
73036050,326890012,Directed,1,REPLY,2086847137057292483
1676840699470200834,326890012,Directed,1,MENTION,2086846921331613881
1676840699470200834,13615722,Directed,1,MENTION,2086846921331613881
1676840699470200834,326890012,Directed,1,REPLY,2086846921331613881
1399196452816052225,13615722,Directed,1,MENTION,2086846113043075507
1399196452816052225,1970968241280565248,Directed,1,MENTION,2086846113043075507
1399196452816052225,13615722,Directed,1,REPLY,2086846113043075507
721755312403955712,13615722,Directed,1,MENTION,2086845991982883270
721755312403955712,1105645695246184448,Directed,1,MENTION,2086845991982883270
721755312403955712,13615722,Directed,1,REPLY,2086845991982883270
1500010956239167491,807803181614833664,Directed,1,MENTION,2086845284835852474
1500010956239167491,13615722,Directed,1,MENTION,2086845284835852474
1500010956239167491,1289209576554811397,Directed,1,MENTION,2086845284835852474
1500010956239167491,807803181614833664,Directed,1,REPLY,2086845284835852474
1693165844644110336,13615722,Directed,1,MENTION,2086844664271798582
1693165844644110336,13615722,Directed,1,REPLY,2086844664271798582
1821719543535767552,2027942036440289282,Directed,1,REPLY,2086844421018890260
2027942036440289282,1821719543535767552,Directed,1,REPLY,2086843295863648332
1641144341094596633,13615722,Directed,1,MENTION,2086843232348999779
1641144341094596633,13615722,Directed,1,REPLY,2086843232348999779
3258309564,13615722,Directed,1,MENTION,2086842732580913358
3258309564,13615722,Directed,1,REPLY,2086842732580913358
1502153854334353410,13615722,Directed,1,MENTION,2086842287145746682
1502153854334353410,13615722,Directed,1,REPLY,2086842287145746682
1982482078165094400,13615722,Directed,1,MENTION,2086842219625853023
1982482078165094400,13615722,Directed,1,REPLY,2086842219625853023
1582956433288544256,13615722,Directed,2,MENTION,2086841471052005513
1582956433288544256,13615722,Directed,2,REPLY,2086841471052005513
1625126645618147328,13615722,Directed,1,MENTION,2086841187432857838
1625126645618147328,13615722,Directed,1,REPLY,2086841187432857838
2073781846031372288,13615722,Directed,1,MENTION,2086840566680260794
2073781846031372288,13615722,Directed,1,REPLY,2086840566680260794
1810534023057530880,1985374750068391936,Directed,1,MENTION,2086840513034965357
1810534023057530880,13615722,Directed,1,MENTION,2086840513034965357
1810534023057530880,1985374750068391936,Directed,1,REPLY,2086840513034965357
1496696972249649152,13615722,Directed,1,MENTION,2086839878214357249
1496696972249649152,13615722,Directed,1,REPLY,2086839878214357249
326890012,13615722,Directed,1,MENTION,2086839445559369741
326890012,13615722,Directed,1,REPLY,2086839445559369741
512581065,13615722,Directed,1,MENTION,2086839373111157053
512581065,13615722,Directed,1,REPLY,2086839373111157053
1575157411337437184,2060351939540643840,Directed,1,MENTION,2086838469263810728
1575157411337437184,13615722,Directed,2,MENTION,2086838469263810728
1575157411337437184,2060351939540643840,Directed,1,REPLY,2086838469263810728
74431425,13615722,Directed,1,MENTION,2086838316415254747
74431425,13615722,Directed,1,REPLY,2086838316415254747
1167487306850295808,13615722,Directed,1,MENTION,2086838133224566895
1167487306850295808,13615722,Directed,1,REPLY,2086838133224566895
795397619229097984,1955230700325548032,Directed,1,MENTION,2086837194052845629
795397619229097984,13615722,Directed,1,MENTION,2086837194052845629
795397619229097984,1955230700325548032,Directed,1,REPLY,2086837194052845629
1910086761600200704,13615722,Directed,1,MENTION,2086836613603017051
1910086761600200704,13615722,Directed,1,REPLY,2086836613603017051
2060351939540643840,13615722,Directed,4,MENTION,2086836493101019601
2060351939540643840,13615722,Directed,2,REPLY,2086836493101019601
1924504110922887168,1882750902366593024,Directed,1,MENTION,2086836165261365709
1924504110922887168,13615722,Directed,1,MENTION,2086836165261365709
1924504110922887168,1882750902366593024,Directed,1,REPLY,2086836165261365709
1955230700325548032,13615722,Directed,1,MENTION,2086835675593134439
1955230700325548032,13615722,Directed,1,REPLY,2086835675593134439
2060351939540643840,1982400093774131200,Directed,2,MENTION,2086835399423672479
2060351939540643840,1982400093774131200,Directed,2,REPLY,2086835399423672479
1558511945262694405,3299457967,Directed,1,MENTION,2086835219647152488
1558511945262694405,13615722,Directed,1,MENTION,2086835219647152488
1558511945262694405,3299457967,Directed,1,REPLY,2086835219647152488
2025214155817713667,13615722,Directed,1,MENTION,2086835005670687081
2025214155817713667,13615722,Directed,1,REPLY,2086835005670687081
1574498653561143300,13615722,Directed,1,MENTION,2086833951314706468
1574498653561143300,1287003594789707777,Directed,1,MENTION,2086833951314706468
1574498653561143300,13615722,Directed,1,REPLY,2086833951314706468
1656532163930595329,13615722,Directed,1,MENTION,2086833684632510651
1656532163930595329,13615722,Directed,1,REPLY,2086833684632510651
2049385997448744960,13615722,Directed,1,MENTION,2086833235015680073
2049385997448744960,13615722,Directed,1,REPLY,2086833235015680073
35093623,13615722,Directed,1,MENTION,2086833184189141137
35093623,13615722,Directed,1,REPLY,2086833184189141137
2013353899696984064,1882750902366593024,Directed,1,MENTION,2086833115566092311
2013353899696984064,13615722,Directed,2,MENTION,2086833115566092311
2013353899696984064,1882750902366593024,Directed,1,REPLY,2086833115566092311
2013353899696984064,13615722,Directed,1,REPLY,2086832912582738205
1532100584907874304,13615722,Directed,1,MENTION,2086832781729157498
1532100584907874304,13615722,Directed,1,REPLY,2086832781729157498
1380910633357438977,13615722,Directed,1,MENTION,2086832608680579159
1380910633357438977,13615722,Directed,1,REPLY,2086832608680579159
1081819903,13615722,Directed,1,MENTION,2086832127828525224
1081819903,13615722,Directed,1,REPLY,2086832127828525224
720500924,13615722,Directed,1,MENTION,2086831581285515318
720500924,13615722,Directed,1,REPLY,2086831581285515318
1117085448,13615722,Directed,1,MENTION,2086831388297208265
1117085448,13615722,Directed,1,REPLY,2086831388297208265
1081605355388448768,13615722,Directed,1,MENTION,2086830382742122989
1081605355388448768,13615722,Directed,1,REPLY,2086830382742122989
1390092534337179649,13615722,Directed,1,MENTION,2086830256212546023
1390092534337179649,13615722,Directed,1,REPLY,2086830256212546023
1821719543535767552,1822459185151488000,Directed,2,REPLY,2086829862036066697
2292926462,13615722,Directed,1,MENTION,2086828522761330813
2292926462,13615722,Directed,1,REPLY,2086828522761330813
1478171356353024000,1821719543535767552,Directed,1,MENTION,2086827258514383287
1478171356353024000,1822459185151488000,Directed,1,MENTION,2086827258514383287
1478171356353024000,1921129503386202112,Directed,1,MENTION,2086827258514383287
1478171356353024000,2051442783198556160,Directed,1,MENTION,2086827258514383287
1478171356353024000,1843437250669096961,Directed,1,MENTION,2086827258514383287
1478171356353024000,1637130624648585216,Directed,1,MENTION,2086827258514383287
1478171356353024000,30683939,Directed,1,MENTION,2086827258514383287
1478171356353024000,1932652860229214208,Directed,1,MENTION,2086827258514383287
1478171356353024000,2027942036440289282,Directed,1,MENTION,2086827258514383287
1478171356353024000,1968487709762080768,Directed,1,MENTION,2086827258514383287
1478171356353024000,1720692550942720001,Directed,1,MENTION,2086827258514383287
1478171356353024000,1991707456846852099,Directed,1,MENTION,2086827258514383287
1478171356353024000,3431297769,Directed,1,MENTION,2086827258514383287
1478171356353024000,1327041912,Directed,1,MENTION,2086827258514383287
1478171356353024000,615150280,Directed,1,MENTION,2086827258514383287
1478171356353024000,136426049,Directed,1,MENTION,2086827258514383287
1478171356353024000,13615722,Directed,1,MENTION,2086827258514383287
1478171356353024000,432895323,Directed,1,MENTION,2086827258514383287
1478171356353024000,1821719543535767552,Directed,1,REPLY,2086827258514383287
1822459185151488000,1821719543535767552,Directed,2,MENTION,2086827070617776461
1822459185151488000,1921129503386202112,Directed,2,MENTION,2086827070617776461
1822459185151488000,2051442783198556160,Directed,2,MENTION,2086827070617776461
1822459185151488000,1843437250669096961,Directed,2,MENTION,2086827070617776461
1822459185151488000,1478171356353024000,Directed,2,MENTION,2086827070617776461
1822459185151488000,1637130624648585216,Directed,2,MENTION,2086827070617776461
1822459185151488000,30683939,Directed,2,MENTION,2086827070617776461
1822459185151488000,1932652860229214208,Directed,2,MENTION,2086827070617776461
1822459185151488000,2027942036440289282,Directed,2,MENTION,2086827070617776461
1822459185151488000,1968487709762080768,Directed,2,MENTION,2086827070617776461
1822459185151488000,1720692550942720001,Directed,2,MENTION,2086827070617776461
1822459185151488000,1991707456846852099,Directed,2,MENTION,2086827070617776461
1822459185151488000,3431297769,Directed,2,MENTION,2086827070617776461
1822459185151488000,1327041912,Directed,2,MENTION,2086827070617776461
1822459185151488000,615150280,Directed,2,MENTION,2086827070617776461
1822459185151488000,136426049,Directed,2,MENTION,2086827070617776461
1822459185151488000,13615722,Directed,2,MENTION,2086827070617776461
1822459185151488000,432895323,Directed,2,MENTION,2086827070617776461
1822459185151488000,1821719543535767552,Directed,2,REPLY,2086827070617776461
248419273,13615722,Directed,1,MENTION,2086826336086368437
248419273,1473340157571051538,Directed,1,QUOTE,2086826336086368437
248419273,13615722,Directed,1,REPLY,2086826336086368437
1921129503386202112,1822459185151488000,Directed,1,REPLY,2086826325625733426
114936603,13615722,Directed,1,MENTION,2086826126974804376
114936603,13615722,Directed,1,REPLY,2086826126974804376
1636820396740624407,1116716759875244038,Directed,1,MENTION,2086824934609731870
1636820396740624407,13615722,Directed,1,MENTION,2086824934609731870
1636820396740624407,1116716759875244038,Directed,1,REPLY,2086824934609731870
1637130624648585216,1921129503386202112,Directed,1,MENTION,2086824116531683583
1637130624648585216,2051442783198556160,Directed,1,MENTION,2086824116531683583
1637130624648585216,1843437250669096961,Directed,1,MENTION,2086824116531683583
1637130624648585216,1478171356353024000,Directed,1,MENTION,2086824116531683583
1637130624648585216,30683939,Directed,1,MENTION,2086824116531683583
1637130624648585216,1822459185151488000,Directed,1,MENTION,2086824116531683583
1637130624648585216,1932652860229214208,Directed,1,MENTION,2086824116531683583
1637130624648585216,2027942036440289282,Directed,1,MENTION,2086824116531683583
1637130624648585216,1968487709762080768,Directed,1,MENTION,2086824116531683583
1637130624648585216,1720692550942720001,Directed,1,MENTION,2086824116531683583
1637130624648585216,1991707456846852099,Directed,1,MENTION,2086824116531683583
1637130624648585216,3431297769,Directed,1,MENTION,2086824116531683583
1637130624648585216,1327041912,Directed,1,MENTION,2086824116531683583
1637130624648585216,615150280,Directed,1,MENTION,2086824116531683583
1637130624648585216,136426049,Directed,1,MENTION,2086824116531683583
1637130624648585216,13615722,Directed,1,MENTION,2086824116531683583
1637130624648585216,432895323,Directed,1,MENTION,2086824116531683583
1637130624648585216,1821719543535767552,Directed,1,MENTION,2086824116531683583
1637130624648585216,1921129503386202112,Directed,1,REPLY,2086824116531683583
1592427634155102208,13615722,Directed,1,MENTION,2086822243922055230
1592427634155102208,13615722,Directed,1,REPLY,2086822243922055230
1734156835999920128,13615722,Directed,1,MENTION,2086822145166909685
1734156835999920128,13615722,Directed,1,REPLY,2086822145166909685
20731138,13615722,Directed,1,MENTION,2086821973955326339
20731138,13615722,Directed,1,REPLY,2086821973955326339
2004977639585710082,1266619363399856129,Directed,1,REPLY,2086821155294339429
2077404352549982208,13615722,Directed,1,MENTION,2086821112030077169
2077404352549982208,13615722,Directed,1,REPLY,2086821112030077169
1425901434453774340,13615722,Directed,1,MENTION,2086821032321581336
1425901434453774340,13615722,Directed,1,REPLY,2086821032321581336
17145973,13615722,Directed,3,MENTION,2086820894471581921
17145973,13615722,Directed,3,REPLY,2086820894471581921
1401150478839332864,13615722,Directed,2,MENTION,2086820877522309524
1401150478839332864,13615722,Directed,1,REPLY,2086820877522309524
55651631,1439823557245083648,Directed,1,MENTION,2086819921632067791
55651631,1927439128045477888,Directed,1,MENTION,2086819921632067791
55651631,13615722,Directed,1,MENTION,2086819921632067791
55651631,1439823557245083648,Directed,1,REPLY,2086819921632067791
2071544670870511616,13615722,Directed,1,MENTION,2086819904330645724
2071544670870511616,13615722,Directed,1,REPLY,2086819904330645724
1968487709762080768,1921129503386202112,Directed,1,MENTION,2086818537079714131
1968487709762080768,2051442783198556160,Directed,1,MENTION,2086818537079714131
1968487709762080768,1843437250669096961,Directed,1,MENTION,2086818537079714131
1968487709762080768,1478171356353024000,Directed,1,MENTION,2086818537079714131
1968487709762080768,1637130624648585216,Directed,1,MENTION,2086818537079714131
1968487709762080768,30683939,Directed,1,MENTION,2086818537079714131
1968487709762080768,1822459185151488000,Directed,1,MENTION,2086818537079714131
1968487709762080768,1932652860229214208,Directed,1,MENTION,2086818537079714131
1968487709762080768,2027942036440289282,Directed,1,MENTION,2086818537079714131
1968487709762080768,1720692550942720001,Directed,1,MENTION,2086818537079714131
1968487709762080768,1991707456846852099,Directed,1,MENTION,2086818537079714131
1968487709762080768,3431297769,Directed,1,MENTION,2086818537079714131
1968487709762080768,1327041912,Directed,1,MENTION,2086818537079714131
1968487709762080768,615150280,Directed,1,MENTION,2086818537079714131
1968487709762080768,136426049,Directed,1,MENTION,2086818537079714131
1968487709762080768,13615722,Directed,1,MENTION,2086818537079714131
1968487709762080768,432895323,Directed,1,MENTION,2086818537079714131
1968487709762080768,1821719543535767552,Directed,1,MENTION,2086818537079714131
1968487709762080768,1921129503386202112,Directed,1,REPLY,2086818537079714131
807060845419237376,13615722,Directed,1,MENTION,2086818114289729850
807060845419237376,13615722,Directed,1,REPLY,2086818114289729850
883372082,13615722,Directed,1,MENTION,2086816312517341617
883372082,13615722,Directed,1,REPLY,2086816312517341617
358492618,1927439128045477888,Directed,1,MENTION,2086815886548046302
358492618,13615722,Directed,1,MENTION,2086815886548046302
358492618,1927439128045477888,Directed,1,REPLY,2086815886548046302
59799195,13615722,Directed,2,MENTION,2086815817212338498
59799195,13615722,Directed,2,REPLY,2086815817212338498
1917145818320064512,13615722,Directed,1,MENTION,2086815726996729919
1917145818320064512,13615722,Directed,1,REPLY,2086815726996729919
271144090,13615722,Directed,1,MENTION,2086814883069239441
271144090,62821796,Directed,1,MENTION,2086814883069239441
271144090,13615722,Directed,1,REPLY,2086814883069239441
1889782762766254081,1266619363399856129,Directed,2,MENTION,2086814433599222054
1889782762766254081,2004977639585710082,Directed,5,MENTION,2086814433599222054
1889782762766254081,13615722,Directed,9,MENTION,2086814433599222054
1889782762766254081,1266619363399856129,Directed,2,REPLY,2086814433599222054
1889782762766254081,2004977639585710082,Directed,2,REPLY,2086814255949484276
1889782762766254081,1827966080326803456,Directed,1,MENTION,2086813924469387722
1889782762766254081,1827966080326803456,Directed,1,REPLY,2086813924469387722
1889782762766254081,1396540398,Directed,1,MENTION,2086813363724550348
1889782762766254081,1396540398,Directed,1,REPLY,2086813363724550348
1889782762766254081,13615722,Directed,1,REPLY,2086813061885686034
1266619363399856129,2004977639585710082,Directed,1,MENTION,2086812169694535870
1266619363399856129,13615722,Directed,1,MENTION,2086812169694535870
1266619363399856129,2004977639585710082,Directed,1,REPLY,2086812169694535870
1889782762766254081,1882750902366593024,Directed,2,MENTION,2086812118704066652
1889782762766254081,1882750902366593024,Directed,2,REPLY,2086812118704066652
778283494963380224,13615722,Directed,1,MENTION,2086811959589040339
778283494963380224,13615722,Directed,1,REPLY,2086811959589040339
1576675067412488193,3299457967,Directed,1,MENTION,2086810098689507659
1576675067412488193,13615722,Directed,1,MENTION,2086810098689507659
1576675067412488193,3299457967,Directed,1,REPLY,2086810098689507659
2017401660797038593,13615722,Directed,3,MENTION,2086809537533575200
2017401660797038593,13615722,Directed,3,REPLY,2086809537533575200
2023683630539960321,13615722,Directed,1,MENTION,2086808723658338662
2023683630539960321,13615722,Directed,1,REPLY,2086808723658338662
1104608366,1928206547890360321,Directed,1,MENTION,2086808521585086527
1104608366,1427798726601449473,Directed,2,MENTION,2086808521585086527
1104608366,13615722,Directed,3,MENTION,2086808521585086527
1104608366,1928206547890360321,Directed,1,REPLY,2086808521585086527
2058208353180897280,13615722,Directed,8,MENTION,2086808119229690145
2058208353180897280,13615722,Directed,8,REPLY,2086808119229690145
1492193108238479360,162692513,Directed,4,MENTION,2086806180203012412
1492193108238479360,13615722,Directed,5,MENTION,2086806180203012412
1492193108238479360,162692513,Directed,4,REPLY,2086806180203012412
1931110442342264832,13615722,Directed,1,MENTION,2086805959435858043
1931110442342264832,13615722,Directed,1,REPLY,2086805959435858043
1424039623596986369,13615722,Directed,1,MENTION,2086804911216550218
1424039623596986369,13615722,Directed,1,REPLY,2086804911216550218
2026083506401816576,13615722,Directed,1,MENTION,2086804804773241012
2026083506401816576,13615722,Directed,1,REPLY,2086804804773241012
1762094854744756224,13615722,Directed,5,MENTION,2086804605602807895
1762094854744756224,13615722,Directed,4,REPLY,2086804605602807895
1107857369193549824,13615722,Directed,1,MENTION,2086804082057179465
1107857369193549824,13615722,Directed,1,REPLY,2086804082057179465
250065751,13615722,Directed,1,MENTION,2086803673603068246
250065751,13615722,Directed,1,REPLY,2086803673603068246
1530878710970298369,13615722,Directed,1,MENTION,2086802650100887676
1530878710970298369,13615722,Directed,1,REPLY,2086802650100887676
2086763787600748544,13615722,Directed,2,MENTION,2086802051883761952
2086763787600748544,13615722,Directed,2,REPLY,2086802051883761952
1395027701279477765,13615722,Directed,1,MENTION,2086801951736389689
1395027701279477765,13615722,Directed,1,REPLY,2086801951736389689
162692513,1492193108238479360,Directed,3,MENTION,2086801662216229216
162692513,13615722,Directed,3,MENTION,2086801662216229216
162692513,1492193108238479360,Directed,3,REPLY,2086801662216229216
1677981054022619136,13615722,Directed,2,MENTION,2086801041006481498
1677981054022619136,13615722,Directed,2,REPLY,2086801041006481498
1180762907057049601,1882750902366593024,Directed,1,MENTION,2086799047763841108
1180762907057049601,13615722,Directed,1,MENTION,2086799047763841108
1180762907057049601,1882750902366593024,Directed,1,REPLY,2086799047763841108
1104649814535532546,13615722,Directed,1,MENTION,2086799042667827421
1104649814535532546,13615722,Directed,1,REPLY,2086799042667827421
1883987212884115456,13615722,Directed,3,MENTION,2086798463501574579
1883987212884115456,13615722,Directed,3,REPLY,2086798463501574579
541355852,1780553744674902017,Directed,1,MENTION,2086797467887005762
541355852,13615722,Directed,2,MENTION,2086797467887005762
541355852,1780553744674902017,Directed,1,REPLY,2086797467887005762
1775952521472692224,13615722,Directed,1,MENTION,2086796366357934245
1775952521472692224,13615722,Directed,1,REPLY,2086796366357934245
2882495383,13615722,Directed,3,MENTION,2086793669965938949
2882495383,13615722,Directed,2,REPLY,2086793469713146250
910128959886696448,13615722,Directed,1,MENTION,2086793296181964830
910128959886696448,13615722,Directed,1,REPLY,2086793296181964830
2645050887,541438803,Directed,1,MENTION,2086793134772474235
2645050887,13615722,Directed,1,MENTION,2086793134772474235
2645050887,541438803,Directed,1,REPLY,2086793134772474235
2016910551587119116,13615722,Directed,1,MENTION,2086793072373874773
2016910551587119116,13615722,Directed,1,REPLY,2086793072373874773
1676606187209367557,13615722,Directed,2,MENTION,2086792347782873355
1676606187209367557,13615722,Directed,2,REPLY,2086792347782873355
1758631695274938368,13615722,Directed,1,MENTION,2086792249476858048
1758631695274938368,13615722,Directed,1,REPLY,2086792249476858048
1527626261597650946,13615722,Directed,1,MENTION,2086792182581588007
1527626261597650946,13615722,Directed,1,REPLY,2086792182581588007
2080960435340120064,1882750902366593024,Directed,1,MENTION,2086791871519457594
2080960435340120064,13615722,Directed,1,MENTION,2086791871519457594
2080960435340120064,1882750902366593024,Directed,1,REPLY,2086791871519457594
2791665640,13615722,Directed,2,MENTION,2086791204490838402
2791665640,13615722,Directed,2,REPLY,2086791204490838402
1985374750068391936,13615722,Directed,1,MENTION,2086790955332403276
1985374750068391936,13615722,Directed,1,REPLY,2086790955332403276
618155381,13615722,Directed,1,MENTION,2086790601253797968
618155381,13615722,Directed,1,REPLY,2086790601253797968
2280368549,1339261053549555712,Directed,1,MENTION,2086790138726613500
2280368549,13615722,Directed,1,MENTION,2086790138726613500
2280368549,1339261053549555712,Directed,1,REPLY,2086790138726613500
1818585985242058752,13615722,Directed,1,MENTION,2086784657371398389
1818585985242058752,13615722,Directed,1,REPLY,2086784657371398389
3998753120,13615722,Directed,1,MENTION,2086784503759167910
3998753120,13615722,Directed,1,REPLY,2086784503759167910
571957508,1961750392284286976,Directed,2,MENTION,2086782343780467126
571957508,13615722,Directed,3,MENTION,2086782343780467126
571957508,1961750392284286976,Directed,2,REPLY,2086782343780467126
430958876,1549055023,Directed,1,MENTION,2086782013248360914
430958876,13615722,Directed,1,MENTION,2086782013248360914
430958876,1549055023,Directed,1,REPLY,2086782013248360914
703513942711279616,13615722,Directed,1,MENTION,2086781528726532215
703513942711279616,13615722,Directed,1,REPLY,2086781528726532215
1906739916702388224,13615722,Directed,1,MENTION,2086781208932077745
1906739916702388224,13615722,Directed,1,REPLY,2086781208932077745
2952449310,13615722,Directed,1,MENTION,2086780557409865852
2952449310,13615722,Directed,1,REPLY,2086780557409865852
2038703120650264576,13615722,Directed,1,MENTION,2086780289053794578
2038703120650264576,13615722,Directed,1,REPLY,2086780289053794578
837369978,13615722,Directed,1,MENTION,2086780039031660712
837369978,13615722,Directed,1,REPLY,2086780039031660712
1869522223373160448,13615722,Directed,1,MENTION,2086779572272394274
1869522223373160448,13615722,Directed,1,REPLY,2086779572272394274
1828469386442665992,13615722,Directed,1,MENTION,2086778968418488662
1828469386442665992,13615722,Directed,1,REPLY,2086778968418488662
2082093616638697472,13615722,Directed,1,MENTION,2086778330263785534
2082093616638697472,13615722,Directed,1,REPLY,2086778330263785534
1404497182221291523,2749428793,Directed,1,MENTION,2086774940561236062
1404497182221291523,1941178419296845825,Directed,1,MENTION,2086774940561236062
1404497182221291523,13615722,Directed,1,MENTION,2086774940561236062
1404497182221291523,2749428793,Directed,1,REPLY,2086774940561236062
2045568809101037568,13615722,Directed,4,MENTION,2086773712859140607
2045568809101037568,13615722,Directed,4,REPLY,2086773712859140607
2055954719206723584,13615722,Directed,1,MENTION,2086772684759904264
2055954719206723584,13615722,Directed,1,REPLY,2086772684759904264
1720534716263149568,13615722,Directed,1,MENTION,2086770896379769012
1720534716263149568,13615722,Directed,1,REPLY,2086770896379769012
1454387567411879938,13615722,Directed,1,MENTION,2086770346154479705
1454387567411879938,13615722,Directed,1,REPLY,2086770346154479705
1511336173922308100,13615722,Directed,1,MENTION,2086766347434799493
1511336173922308100,13615722,Directed,1,REPLY,2086766347434799493
1836251273445756928,2047110969864896513,Directed,1,MENTION,2086766297455472972
1836251273445756928,1514361992458514435,Directed,1,MENTION,2086766297455472972
1836251273445756928,2047110969864896513,Directed,1,REPLY,2086766297455472972
924692104177160195,13615722,Directed,4,MENTION,2086766227884478959
924692104177160195,13615722,Directed,4,REPLY,2086766227884478959
1895812853291999232,1616896828456464384,Directed,1,MENTION,2086765545169244265
1895812853291999232,13615722,Directed,1,MENTION,2086765545169244265
1895812853291999232,1616896828456464384,Directed,1,QUOTE,2086765545169244265
1895812853291999232,1616896828456464384,Directed,1,REPLY,2086765545169244265
721328601,13615722,Directed,1,MENTION,2086765466165678307
721328601,13615722,Directed,1,REPLY,2086765466165678307
1495841751403171842,743631546,Directed,1,MENTION,2086764984827318482
1495841751403171842,13615722,Directed,1,MENTION,2086764984827318482
1495841751403171842,743631546,Directed,1,REPLY,2086764984827318482
1270724484371083265,13615722,Directed,2,MENTION,2086763904898658494
1270724484371083265,13615722,Directed,2,REPLY,2086763904898658494
1462005205617283074,13615722,Directed,1,MENTION,2086763519379116199
1462005205617283074,13615722,Directed,1,REPLY,2086763519379116199
1068623262337380352,13615722,Directed,1,MENTION,2086763475632558466
1068623262337380352,13615722,Directed,1,REPLY,2086763475632558466
318134798,13615722,Directed,1,MENTION,2086763371416682570
318134798,13615722,Directed,1,REPLY,2086763371416682570
1650559289579192321,13615722,Directed,2,MENTION,2086760884727169183
1650559289579192321,13615722,Directed,2,REPLY,2086760884727169183
1720665183188922368,1650559289579192321,Directed,1,MENTION,2086760836517793962
1720665183188922368,1650559289579192321,Directed,1,REPLY,2086760836517793962
1650559289579192321,1720665183188922368,Directed,1,MENTION,2086760748340908541
1418253996477845508,13615722,Directed,1,MENTION,2086759744769810911
1418253996477845508,13615722,Directed,1,REPLY,2086759744769810911
1780553744674902017,541355852,Directed,1,MENTION,2086758622911197682
1780553744674902017,13615722,Directed,1,MENTION,2086758622911197682
1780553744674902017,541355852,Directed,1,REPLY,2086758622911197682
2045233234515038208,13615722,Directed,1,MENTION,2086754727383998687
2045233234515038208,13615722,Directed,1,REPLY,2086754727383998687
1688641820513726466,13615722,Directed,2,MENTION,2086754245538185338
1688641820513726466,2048891226624081920,Directed,2,QUOTE,2086754245538185338
1688641820513726466,13615722,Directed,2,REPLY,2086754245538185338
2055005657678684160,13615722,Directed,1,MENTION,2086753675259633838
2055005657678684160,13615722,Directed,1,REPLY,2086753675259633838
382913197,13615722,Directed,1,MENTION,2086753196207128859
382913197,13615722,Directed,1,REPLY,2086753196207128859
1809271855674716168,13615722,Directed,1,MENTION,2086752987616293180
1809271855674716168,13615722,Directed,1,REPLY,2086752987616293180
1320918565931732996,13615722,Directed,1,MENTION,2086752933442712050
1320918565931732996,13615722,Directed,1,REPLY,2086752933442712050
1744477543363674112,13615722,Directed,1,MENTION,2086752837581574373
1744477543363674112,13615722,Directed,1,REPLY,2086752837581574373
1500931550560542724,13615722,Directed,1,MENTION,2086752810188628286
1500931550560542724,13615722,Directed,1,REPLY,2086752810188628286
1210240651574407168,13615722,Directed,2,MENTION,2086752440385511838
1210240651574407168,13615722,Directed,2,REPLY,2086752440385511838
1936151149440286721,13615722,Directed,1,MENTION,2086750461361615069
1936151149440286721,13615722,Directed,1,REPLY,2086750461361615069
540137605,13615722,Directed,1,MENTION,2086749585129537880
540137605,13615722,Directed,1,REPLY,2086749585129537880
1965726348661456896,13615722,Directed,6,REPLY,2086749580448731596
1822155236879761409,13615722,Directed,1,MENTION,2086749500564218233
1822155236879761409,13615722,Directed,1,REPLY,2086749500564218233
1589287306925441024,13615722,Directed,1,MENTION,2086749125195055574
1589287306925441024,13615722,Directed,1,REPLY,2086749125195055574
1601925037484908545,13615722,Directed,1,MENTION,2086748715654504840
1601925037484908545,13615722,Directed,1,REPLY,2086748715654504840
52983190,13615722,Directed,1,MENTION,2086747398207090995
52983190,13615722,Directed,1,REPLY,2086747398207090995
1682519427273596928,1841382714387173376,Directed,1,MENTION,2086745926241022198
1682519427273596928,13615722,Directed,1,MENTION,2086745926241022198
1682519427273596928,1841382714387173376,Directed,1,REPLY,2086745926241022198
2006195486039105538,13615722,Directed,1,MENTION,2086744533283258657
2006195486039105538,13615722,Directed,1,REPLY,2086744533283258657
2784610815,13615722,Directed,1,MENTION,2086744268803096583
2784610815,13615722,Directed,1,REPLY,2086744268803096583
1840199520426074112,13615722,Directed,4,MENTION,2086743783895413198
1840199520426074112,13615722,Directed,4,REPLY,2086743783895413198
1053287504483438592,1370771353394151426,Directed,1,MENTION,2086743509965439002
1053287504483438592,13615722,Directed,1,MENTION,2086743509965439002
1053287504483438592,1370771353394151426,Directed,1,REPLY,2086743509965439002
2075842888294944769,13615722,Directed,1,MENTION,2086742592792809810
2075842888294944769,13615722,Directed,1,REPLY,2086742592792809810
1841382714387173376,13615722,Directed,1,MENTION,2086742341331890186
1841382714387173376,13615722,Directed,1,REPLY,2086742341331890186
1203093121929818113,13615722,Directed,1,MENTION,2086741381112824198
1203093121929818113,13615722,Directed,1,REPLY,2086741381112824198
4297121063,13615722,Directed,2,MENTION,2086740441081450903
4297121063,13615722,Directed,2,REPLY,2086740441081450903
1802758399286784001,13615722,Directed,1,MENTION,2086740426959257903
1802758399286784001,13615722,Directed,1,REPLY,2086740426959257903
1480024975973093379,13615722,Directed,1,MENTION,2086740137728426033
1480024975973093379,13615722,Directed,1,REPLY,2086740137728426033
2077669068123865088,13615722,Directed,1,MENTION,2086739996820509027
2077669068123865088,13615722,Directed,1,REPLY,2086739996820509027
2004102369546838016,13615722,Directed,2,MENTION,2086738760809537925
2004102369546838016,13615722,Directed,2,REPLY,2086738760809537925
2012939597605486593,13615722,Directed,1,MENTION,2086735788197265792
2012939597605486593,13615722,Directed,1,REPLY,2086735788197265792
2349918961,13615722,Directed,1,MENTION,2086735457329598704
2349918961,13615722,Directed,1,REPLY,2086735457329598704
2028105607103066112,13615722,Directed,1,MENTION,2086735010913280148
2028105607103066112,13615722,Directed,1,REPLY,2086735010913280148
2060276328939884544,13615722,Directed,1,MENTION,2086734858349588769
2060276328939884544,13615722,Directed,1,REPLY,2086734858349588769
73457004,13615722,Directed,1,MENTION,2086734302650540536
73457004,13615722,Directed,1,REPLY,2086734302650540536
546867637,13615722,Directed,1,MENTION,2086734112627507665
546867637,13615722,Directed,1,REPLY,2086734112627507665
1915638908005867521,13615722,Directed,1,MENTION,2086733265625284769
1915638908005867521,13615722,Directed,1,REPLY,2086733265625284769
3394832992,13615722,Directed,1,MENTION,2086732463779287292
3394832992,13615722,Directed,1,REPLY,2086732463779287292
1832585041416708096,13615722,Directed,1,MENTION,2086731770368496033
1832585041416708096,13615722,Directed,1,REPLY,2086731770368496033
2081778982362460160,13615722,Directed,7,MENTION,2086730770563895393
2081778982362460160,13615722,Directed,7,REPLY,2086730770563895393
1465429062248280072,1353605765483929610,Directed,1,MENTION,2086729612550090861
1465429062248280072,13615722,Directed,1,MENTION,2086729612550090861
1465429062248280072,1353605765483929610,Directed,1,REPLY,2086729612550090861
1547494105596407809,1456559317709357058,Directed,1,MENTION,2086729268265193886
1547494105596407809,13615722,Directed,1,MENTION,2086729268265193886
1547494105596407809,1456559317709357058,Directed,1,REPLY,2086729268265193886
1885948821253038080,13615722,Directed,1,MENTION,2086728369542922513
1885948821253038080,1774395856927551488,Directed,1,MENTION,2086728369542922513
1885948821253038080,13615722,Directed,1,REPLY,2086728369542922513
1506030721357467648,13615722,Directed,1,MENTION,2086727236745396317
1506030721357467648,13615722,Directed,1,REPLY,2086727236745396317
2340348621,13615722,Directed,1,MENTION,2086725996917797048
2340348621,13615722,Directed,1,REPLY,2086725996917797048
1787515956169949184,13615722,Directed,2,MENTION,2086725865606455597
1787515956169949184,13615722,Directed,2,REPLY,2086725865606455597
1994004489037328384,13615722,Directed,1,MENTION,2086725353678999742
1994004489037328384,13615722,Directed,1,REPLY,2086725353678999742
1994476671370739712,13615722,Directed,4,MENTION,2086724022998651318
1994476671370739712,13615722,Directed,4,REPLY,2086724022998651318
1524527703931736065,13615722,Directed,1,MENTION,2086723728029687844
1524527703931736065,13615722,Directed,1,REPLY,2086723728029687844
89532776,13615722,Directed,1,MENTION,2086723721683988885
89532776,13615722,Directed,1,REPLY,2086723721683988885
2836218276,13615722,Directed,1,MENTION,2086722530811998372
2836218276,13615722,Directed,1,REPLY,2086722530811998372
2065886018847600640,13615722,Directed,1,MENTION,2086721148851753295
2065886018847600640,13615722,Directed,1,REPLY,2086721148851753295
1801291259052466176,13615722,Directed,1,MENTION,2086720378093576626
1801291259052466176,13615722,Directed,1,REPLY,2086720378093576626
1752102045484462081,13615722,Directed,1,MENTION,2086718849626370235
1752102045484462081,2220080532,Directed,1,MENTION,2086718849626370235
1752102045484462081,13615722,Directed,1,REPLY,2086718849626370235
1514727940256407560,1941178419296845825,Directed,1,MENTION,2086718820152991897
1514727940256407560,13615722,Directed,1,MENTION,2086718820152991897
1514727940256407560,1941178419296845825,Directed,1,REPLY,2086718820152991897
1893687880415133696,13615722,Directed,1,MENTION,2086717740920750317
1893687880415133696,13615722,Directed,1,REPLY,2086717740920750317
2077655203294126080,13615722,Directed,1,MENTION,2086717624939892985
2077655203294126080,13615722,Directed,1,REPLY,2086717624939892985
1494391478,1941178419296845825,Directed,1,MENTION,2086716125128380545
1494391478,13615722,Directed,1,MENTION,2086716125128380545
1494391478,1941178419296845825,Directed,1,REPLY,2086716125128380545
1322224568891822081,13615722,Directed,1,MENTION,2086714768828555494
1322224568891822081,13615722,Directed,1,REPLY,2086714768828555494
1515590123064340484,13615722,Directed,2,MENTION,2086713758898856170
1515590123064340484,13615722,Directed,2,REPLY,2086713758898856170
730172531311783936,13615722,Directed,1,MENTION,2086712412506325475
730172531311783936,13615722,Directed,1,REPLY,2086712412506325475
1461628621693534210,13615722,Directed,1,MENTION,2086712312316977580
1461628621693534210,13615722,Directed,1,REPLY,2086712312316977580
918302987306569729,13615722,Directed,1,MENTION,2086710304600182852
918302987306569729,13615722,Directed,1,REPLY,2086710304600182852
91474298,13615722,Directed,1,MENTION,2086710140598616150
91474298,13615722,Directed,1,REPLY,2086710140598616150
1159151608728604674,13615722,Directed,1,MENTION,2086707920641880350
1159151608728604674,13615722,Directed,1,REPLY,2086707920641880350
1431090685625634821,13615722,Directed,1,MENTION,2086707737400913946
1431090685625634821,13615722,Directed,1,REPLY,2086707737400913946
2077467182112428032,13615722,Directed,1,MENTION,2086707446660112699
2077467182112428032,13615722,Directed,1,REPLY,2086707446660112699
1952971631179251714,2070014739850104832,Directed,1,MENTION,2086706578556858867
1952971631179251714,13615722,Directed,1,MENTION,2086706578556858867
1952971631179251714,2070014739850104832,Directed,1,REPLY,2086706578556858867
876579120091627520,13615722,Directed,1,MENTION,2086706480909103606
876579120091627520,13615722,Directed,1,REPLY,2086706480909103606
722722308125769730,13615722,Directed,1,MENTION,2086706383366353296
722722308125769730,13615722,Directed,1,REPLY,2086706383366353296
1044088828020035584,13615722,Directed,1,MENTION,2086705189826723911
1044088828020035584,13615722,Directed,1,REPLY,2086705189826723911
2085692800029364226,1873779771332550657,Directed,1,MENTION,2086705070096228450
2085692800029364226,44196397,Directed,1,MENTION,2086705070096228450
2085692800029364226,8943,Directed,1,MENTION,2086705070096228450
2085692800029364226,13615722,Directed,1,MENTION,2086705070096228450
2085692800029364226,98677089,Directed,1,MENTION,2086705070096228450
2085692800029364226,1954961630523260929,Directed,1,MENTION,2086705070096228450
2085692800029364226,1751851,Directed,1,MENTION,2086705070096228450
2085692800029364226,1085999515633471488,Directed,1,MENTION,2086705070096228450
2085692800029364226,2250986521,Directed,1,MENTION,2086705070096228450
2085692800029364226,1873779771332550657,Directed,1,REPLY,2086705070096228450
1590610871172173824,13615722,Directed,1,MENTION,2086704366065754332
1590610871172173824,13615722,Directed,1,REPLY,2086704366065754332
1346895074,31067047,Directed,1,MENTION,2086703788027473995
1346895074,13615722,Directed,1,MENTION,2086703788027473995
1346895074,31067047,Directed,1,REPLY,2086703788027473995
1353605765483929610,13615722,Directed,1,MENTION,2086703781719228560
1353605765483929610,1465429062248280072,Directed,1,MENTION,2086703781719228560
1353605765483929610,13615722,Directed,1,REPLY,2086703781719228560
4270169713,13615722,Directed,1,MENTION,2086700511277756889
4270169713,13615722,Directed,1,REPLY,2086700511277756889
288924003,13615722,Directed,1,MENTION,2086700480000880988
288924003,13615722,Directed,1,REPLY,2086700480000880988
1178279325457498113,13615722,Directed,1,MENTION,2086699979062509606
1178279325457498113,13615722,Directed,1,REPLY,2086699979062509606
1185827694140747776,13615722,Directed,1,MENTION,2086699306216775784
1185827694140747776,13615722,Directed,1,REPLY,2086699306216775784
2078744644511576064,13615722,Directed,1,MENTION,2086698832327483428
2078744644511576064,1486659674963267589,Directed,1,QUOTE,2086698832327483428
2078744644511576064,13615722,Directed,1,REPLY,2086698832327483428
1626242921111384065,13615722,Directed,1,MENTION,2086698785867026724
1626242921111384065,13615722,Directed,1,REPLY,2086698785867026724
2069679304238133248,13615722,Directed,1,MENTION,2086698310421590438
2069679304238133248,13615722,Directed,1,REPLY,2086698310421590438
1162193824929611777,13615722,Directed,1,MENTION,2086697468490891322
1162193824929611777,13615722,Directed,1,REPLY,2086697468490891322
2075638668384243712,13615722,Directed,1,MENTION,2086697447271842133
2075638668384243712,13615722,Directed,1,REPLY,2086697447271842133
2077437927093678080,13615722,Directed,1,MENTION,2086697395039932916
2077437927093678080,13615722,Directed,1,REPLY,2086697395039932916
541355852,13615722,Directed,1,REPLY,2086695818833142171
1827966080326803456,2004977639585710082,Directed,1,MENTION,2086693726978494710
1827966080326803456,13615722,Directed,1,MENTION,2086693726978494710
1827966080326803456,2004977639585710082,Directed,1,REPLY,2086693726978494710
1720665183188922368,1551375250914525184,Directed,1,MENTION,2086693613283553599
1720665183188922368,1551375250914525184,Directed,1,REPLY,2086693613283553599
1551375250914525184,13615722,Directed,1,MENTION,2086693248186139132
1551375250914525184,1720665183188922368,Directed,1,MENTION,2086693248186139132
1551375250914525184,13615722,Directed,1,REPLY,2086693248186139132
848045963025317888,13615722,Directed,1,MENTION,2086692414111334593
848045963025317888,13615722,Directed,1,REPLY,2086692414111334593
2436904296,13615722,Directed,1,MENTION,2086691901454110926
2436904296,13615722,Directed,1,REPLY,2086691901454110926
2074207491978924032,13615722,Directed,1,MENTION,2086691608993616158
2074207491978924032,13615722,Directed,1,REPLY,2086691608993616158
1747916782881665024,13615722,Directed,1,MENTION,2086691064686264807
1747916782881665024,13615722,Directed,1,REPLY,2086691064686264807
16489536,13615722,Directed,1,MENTION,2086689884425576750
16489536,13615722,Directed,1,REPLY,2086689884425576750
430204650,13615722,Directed,1,MENTION,2086689499086815344
430204650,13615722,Directed,1,REPLY,2086689499086815344
31067047,13615722,Directed,1,MENTION,2086688945832698305
31067047,13615722,Directed,1,REPLY,2086688945832698305
3261699644,13615722,Directed,1,MENTION,2086687493219573777
3261699644,13615722,Directed,1,REPLY,2086687493219573777
2077641198408273920,13615722,Directed,1,MENTION,2086687411463954507
2077641198408273920,13615722,Directed,1,REPLY,2086687411463954507
2022284087117955072,13615722,Directed,1,MENTION,2086687079245684965
2022284087117955072,13615722,Directed,1,REPLY,2086687079245684965
1896027144675082242,13615722,Directed,2,MENTION,2086686652366504349
1896027144675082242,13615722,Directed,2,REPLY,2086686652366504349
121258900,2004977639585710082,Directed,1,MENTION,2086685671486529971
121258900,13615722,Directed,1,MENTION,2086685671486529971
121258900,2004977639585710082,Directed,1,REPLY,2086685671486529971
2070019926384050176,13615722,Directed,1,MENTION,2086685596110504291
2070019926384050176,13615722,Directed,1,REPLY,2086685596110504291
771423380096548864,13615722,Directed,1,MENTION,2086684755215470718
771423380096548864,13615722,Directed,1,REPLY,2086684755215470718
1577165066733965314,1882750902366593024,Directed,1,MENTION,2086682604041085159
1577165066733965314,13615722,Directed,1,MENTION,2086682604041085159
1577165066733965314,1882750902366593024,Directed,1,REPLY,2086682604041085159
2083011981167222784,13615722,Directed,1,MENTION,2086682403075231773
2083011981167222784,13615722,Directed,1,REPLY,2086682403075231773
254979927,13615722,Directed,1,MENTION,2086681558917001275
254979927,13615722,Directed,1,REPLY,2086681558917001275
330353363,13615722,Directed,1,MENTION,2086678567656546379
330353363,13615722,Directed,1,REPLY,2086678567656546379
1920141019976441856,13615722,Directed,1,MENTION,2086678217797107867
1920141019976441856,13615722,Directed,1,REPLY,2086678217797107867
1457928379798335490,13615722,Directed,1,MENTION,2086678204102611318
1457928379798335490,13615722,Directed,1,REPLY,2086678204102611318
1651211155,1279477862685261824,Directed,1,MENTION,2086678204035596659
1651211155,13615722,Directed,1,MENTION,2086678204035596659
1651211155,1279477862685261824,Directed,1,REPLY,2086678204035596659
2077535831825268737,13615722,Directed,2,MENTION,2086677291480813781
2077535831825268737,13615722,Directed,2,REPLY,2086677291480813781
1441268495317028867,13615722,Directed,1,MENTION,2086676328523473143
1441268495317028867,13615722,Directed,1,REPLY,2086676328523473143
1630006787876458497,13615722,Directed,1,MENTION,2086675444842307688
1630006787876458497,1189314871520677888,Directed,1,MENTION,2086675444842307688
1630006787876458497,13615722,Directed,1,REPLY,2086675444842307688
1650131747445567491,13615722,Directed,1,MENTION,2086675442199568565
1650131747445567491,13615722,Directed,1,REPLY,2086675442199568565
1162497214733783040,1222434724448292865,Directed,1,MENTION,2086675368677711972
1162497214733783040,1845069860243464209,Directed,2,MENTION,2086675368677711972
1162497214733783040,1710380164478373888,Directed,2,MENTION,2086675368677711972
1162497214733783040,13615722,Directed,2,MENTION,2086675368677711972
1162497214733783040,1222434724448292865,Directed,1,REPLY,2086675368677711972
928373652130693120,13615722,Directed,2,MENTION,2086674649350570217
928373652130693120,13615722,Directed,2,REPLY,2086674649350570217
108601969,13615722,Directed,1,MENTION,2086672493901697438
108601969,13615722,Directed,1,REPLY,2086672493901697438
2153504883,1077591552845860864,Directed,1,MENTION,2086670419365343294
2153504883,13615722,Directed,1,MENTION,2086670419365343294
2153504883,1077591552845860864,Directed,1,REPLY,2086670419365343294
1451755782412791825,13615722,Directed,1,MENTION,2086670111906386063
1451755782412791825,13615722,Directed,1,REPLY,2086670111906386063
606865339,13615722,Directed,1,MENTION,2086669500389478803
606865339,13615722,Directed,1,REPLY,2086669500389478803
2065638222974107648,25146002,Directed,1,MENTION,2086668456649199621
2065638222974107648,13615722,Directed,1,MENTION,2086668456649199621
2065638222974107648,25146002,Directed,1,REPLY,2086668456649199621
2077530639381803008,13615722,Directed,1,MENTION,2086667379564527755
2077530639381803008,13615722,Directed,1,REPLY,2086667379564527755
1496791680565248009,3121599186,Directed,1,MENTION,2086666173920530447
1496791680565248009,13615722,Directed,1,MENTION,2086666173920530447
1496791680565248009,3121599186,Directed,1,REPLY,2086666173920530447
1941178419296845825,52421750,Directed,1,MENTION,2086665251865456676
1941178419296845825,2749428793,Directed,1,MENTION,2086665251865456676
1941178419296845825,13615722,Directed,2,MENTION,2086665251865456676
1941178419296845825,52421750,Directed,1,REPLY,2086665251865456676
1197580447284379651,13615722,Directed,1,MENTION,2086664227746394354
1197580447284379651,13615722,Directed,1,REPLY,2086664227746394354
2058911914957086720,13615722,Directed,1,MENTION,2086663737327415556
2058911914957086720,13615722,Directed,1,REPLY,2086663737327415556
1514304003449917440,1456559317709357058,Directed,1,MENTION,2086662978049597851
1514304003449917440,13615722,Directed,1,MENTION,2086662978049597851
1514304003449917440,1456559317709357058,Directed,1,REPLY,2086662978049597851
1197835724080349184,13615722,Directed,1,MENTION,2086662842456187319
1197835724080349184,13615722,Directed,1,REPLY,2086662842456187319
1708315415750037504,1676205226808733696,Directed,1,MENTION,2086662431854723258
1708315415750037504,783214,Directed,1,MENTION,2086662431854723258
1708315415750037504,13615722,Directed,1,MENTION,2086662431854723258
1708315415750037504,1676205226808733696,Directed,1,REPLY,2086662431854723258
1538685115492179968,13615722,Directed,1,MENTION,2086661789442363657
1538685115492179968,13615722,Directed,1,REPLY,2086661789442363657
1907741474898186240,1525889508209827840,Directed,1,MENTION,2086661430225547684
1907741474898186240,739402218923798528,Directed,1,MENTION,2086661430225547684
1907741474898186240,13615722,Directed,1,MENTION,2086661430225547684
1907741474898186240,1525889508209827840,Directed,1,REPLY,2086661430225547684
2076962116045819904,13615722,Directed,1,MENTION,2086660944344805830
2076962116045819904,13615722,Directed,1,REPLY,2086660944344805830
1713569475067314176,13615722,Directed,2,MENTION,2086660771769929900
1713569475067314176,13615722,Directed,2,REPLY,2086660771769929900
909039013725638659,13615722,Directed,1,MENTION,2086659834980577370
909039013725638659,13615722,Directed,1,REPLY,2086659834980577370
1676205226808733696,1708315415750037504,Directed,1,MENTION,2086658920425075003
1676205226808733696,783214,Directed,1,MENTION,2086658920425075003
1676205226808733696,13615722,Directed,1,MENTION,2086658920425075003
1676205226808733696,1708315415750037504,Directed,1,REPLY,2086658920425075003
1603996016784674818,13615722,Directed,1,MENTION,2086658637276020970
1603996016784674818,13615722,Directed,1,REPLY,2086658637276020970
52421750,2749428793,Directed,1,MENTION,2086658363551547673
52421750,1941178419296845825,Directed,1,MENTION,2086658363551547673
52421750,13615722,Directed,1,MENTION,2086658363551547673
52421750,2749428793,Directed,1,REPLY,2086658363551547673
2069848279144116224,13615722,Directed,1,MENTION,2086658155623194695
2069848279144116224,13615722,Directed,1,REPLY,2086658155623194695
2063004576328929281,13615722,Directed,1,MENTION,2086658132856480190
2063004576328929281,13615722,Directed,1,REPLY,2086658132856480190
1135161523347775488,2004977639585710082,Directed,1,MENTION,2086658125479002244
1135161523347775488,13615722,Directed,2,MENTION,2086658125479002244
1135161523347775488,2004977639585710082,Directed,1,REPLY,2086658125479002244
1135161523347775488,1339261053549555712,Directed,1,MENTION,2086657295673643378
1135161523347775488,1339261053549555712,Directed,1,REPLY,2086657295673643378
871189772873674753,13615722,Directed,1,MENTION,2086656378190602578
871189772873674753,13615722,Directed,1,REPLY,2086656378190602578
1862211595620782080,13615722,Directed,1,MENTION,2086656332254323084
1862211595620782080,13615722,Directed,1,REPLY,2086656332254323084
1743638339235004416,13615722,Directed,1,MENTION,2086656147059364275
1743638339235004416,13615722,Directed,1,REPLY,2086656147059364275
2084005084157911040,3299457967,Directed,1,MENTION,2086655279345623058
2084005084157911040,3299457967,Directed,1,REPLY,2086655279345623058
1353427383089553408,13615722,Directed,1,MENTION,2086654562950090973
1353427383089553408,13615722,Directed,1,REPLY,2086654562950090973
1961750392284286976,571957508,Directed,2,MENTION,2086654129292628411
1961750392284286976,13615722,Directed,2,MENTION,2086654129292628411
1961750392284286976,571957508,Directed,2,REPLY,2086654129292628411
4220336834,13615722,Directed,1,MENTION,2086653777600548983
4220336834,13615722,Directed,1,REPLY,2086653777600548983
1462044867572506627,13615722,Directed,1,MENTION,2086653526772502691
1462044867572506627,13615722,Directed,1,REPLY,2086653526772502691
2021087744450236416,13615722,Directed,1,MENTION,2086652937665745363
2021087744450236416,13615722,Directed,1,REPLY,2086652937665745363
1289209576554811397,807803181614833664,Directed,1,MENTION,2086652661928239533
1289209576554811397,13615722,Directed,1,MENTION,2086652661928239533
1289209576554811397,1500010956239167491,Directed,1,MENTION,2086652661928239533
1289209576554811397,807803181614833664,Directed,1,REPLY,2086652661928239533
57490881,13615722,Directed,1,MENTION,2086652325108515263
57490881,54581174,Directed,1,MENTION,2086652325108515263
57490881,13615722,Directed,1,REPLY,2086652325108515263
1565603923796295680,13615722,Directed,1,MENTION,2086651234157498555
1565603923796295680,13615722,Directed,1,REPLY,2086651234157498555
852872683247333378,13615722,Directed,1,MENTION,2086650788189708533
852872683247333378,13615722,Directed,1,REPLY,2086650788189708533
1258458226657570816,13615722,Directed,1,MENTION,2086650341320233121
1258458226657570816,13615722,Directed,1,REPLY,2086650341320233121
463001014,13615722,Directed,1,MENTION,2086649989598416907
463001014,405099179,Directed,1,MENTION,2086649989598416907
463001014,13615722,Directed,1,REPLY,2086649989598416907
3299457967,13615722,Directed,1,MENTION,2086648072038408407
3299457967,13615722,Directed,1,REPLY,2086648072038408407
14946736,13615722,Directed,1,MENTION,2086647317533446551
14946736,13615722,Directed,1,REPLY,2086647317533446551
2077518326868082688,13615722,Directed,1,MENTION,2086647169402941869
2077518326868082688,13615722,Directed,1,REPLY,2086647169402941869
53117611,100562602,Directed,1,MENTION,2086646106755129671
53117611,13615722,Directed,1,MENTION,2086646106755129671
53117611,100562602,Directed,1,REPLY,2086646106755129671
102905181,13615722,Directed,1,MENTION,2086645869928153387
102905181,13615722,Directed,1,REPLY,2086645869928153387
1651008789770911746,13615722,Directed,1,MENTION,2086644849906692481
1651008789770911746,13615722,Directed,1,REPLY,2086644849906692481
1653657280540291072,13615722,Directed,1,MENTION,2086643906263826797
1653657280540291072,13615722,Directed,1,REPLY,2086643906263826797
1693787478820638720,13615722,Directed,1,MENTION,2086643226883334249
1693787478820638720,13615722,Directed,1,REPLY,2086643226883334249
2749428793,1941178419296845825,Directed,1,MENTION,2086641464331673707
2749428793,13615722,Directed,1,MENTION,2086641464331673707
2749428793,1941178419296845825,Directed,1,REPLY,2086641464331673707
1857855768344584193,13615722,Directed,1,MENTION,2086640618244034701
1857855768344584193,13615722,Directed,1,REPLY,2086640618244034701
1516435266927353856,13615722,Directed,1,MENTION,2086639604057456791
1516435266927353856,13615722,Directed,1,REPLY,2086639604057456791
1896478183773634560,13615722,Directed,1,MENTION,2086639582469407218
1896478183773634560,13615722,Directed,1,REPLY,2086639582469407218
1962213727735803904,13615722,Directed,1,MENTION,2086638547444879766
1962213727735803904,13615722,Directed,1,REPLY,2086638547444879766
2077513043823460352,13615722,Directed,1,MENTION,2086637104981827836
2077513043823460352,13615722,Directed,1,REPLY,2086637104981827836
2077513015595847680,13615722,Directed,1,MENTION,2086637082441576566
2077513015595847680,13615722,Directed,1,REPLY,2086637082441576566
2077512841704189952,13615722,Directed,1,MENTION,2086637069548265980
2077512841704189952,13615722,Directed,1,REPLY,2086637069548265980
1389300077202661377,13615722,Directed,1,MENTION,2086636777901875240
1389300077202661377,13615722,Directed,1,REPLY,2086636777901875240
1635521590543675392,13615722,Directed,1,MENTION,2086636765188903185
1635521590543675392,13615722,Directed,1,REPLY,2086636765188903185
1805739115784085504,13615722,Directed,1,MENTION,2086636690345496916
1805739115784085504,13615722,Directed,1,REPLY,2086636690345496916
1352882524322635776,13615722,Directed,1,MENTION,2086636305350562207
1352882524322635776,13615722,Directed,1,REPLY,2086636305350562207
1108260647530168321,13615722,Directed,1,MENTION,2086635635306344692
1108260647530168321,13615722,Directed,1,REPLY,2086635635306344692
2070014739850104832,13615722,Directed,1,MENTION,2086634639301419412
2070014739850104832,13615722,Directed,1,REPLY,2086634639301419412
3312007667,13615722,Directed,1,MENTION,2086634254125953215
3312007667,13615722,Directed,1,REPLY,2086634254125953215
263905830,3120934321,Directed,1,MENTION,2086632164615938056
263905830,13615722,Directed,1,MENTION,2086632164615938056
263905830,3120934321,Directed,1,REPLY,2086632164615938056
2005749529338126337,13615722,Directed,1,MENTION,2086631992343286214
2005749529338126337,13615722,Directed,1,REPLY,2086631992343286214
2006937161967489024,13615722,Directed,1,MENTION,2086631625010376799
2006937161967489024,13615722,Directed,1,REPLY,2086631625010376799
1403350644237365250,13615722,Directed,1,MENTION,2086631566495936750
1403350644237365250,13615722,Directed,1,REPLY,2086631566495936750
1732272002772172800,13615722,Directed,1,MENTION,2086631062378098841
1732272002772172800,13615722,Directed,1,REPLY,2086631062378098841
1177293206553341954,13615722,Directed,1,MENTION,2086630470226264261
1177293206553341954,13615722,Directed,1,REPLY,2086630470226264261
1885908850915569664,1339261053549555712,Directed,1,MENTION,2086630202537374141
1885908850915569664,13615722,Directed,1,MENTION,2086630202537374141
1885908850915569664,1339261053549555712,Directed,1,REPLY,2086630202537374141
788179,13615722,Directed,1,MENTION,2086630129548071137
788179,13615722,Directed,1,REPLY,2086630129548071137
179132062,13615722,Directed,1,MENTION,2086630011738398844
179132062,13615722,Directed,1,REPLY,2086630011738398844
1432812124934451202,13615722,Directed,1,MENTION,2086629376234250702
1432812124934451202,13615722,Directed,1,REPLY,2086629376234250702
1622416748397068288,13615722,Directed,1,MENTION,2086628364379730024
1622416748397068288,13615722,Directed,1,REPLY,2086628364379730024
1517914853922459648,13615722,Directed,1,MENTION,2086628344611680619
1517914853922459648,13615722,Directed,1,REPLY,2086628344611680619
1132614662644740097,13615722,Directed,1,MENTION,2086628261790896259
1132614662644740097,13615722,Directed,1,REPLY,2086628261790896259
42890409,13615722,Directed,1,MENTION,2086627566022955484
42890409,13615722,Directed,1,REPLY,2086627566022955484
2077500970414559232,13615722,Directed,1,MENTION,2086626999959708148
2077500970414559232,13615722,Directed,1,REPLY,2086626999959708148
2084553548063293440,1147746059998748674,Directed,1,MENTION,2086626716873531801
2084553548063293440,13615722,Directed,1,MENTION,2086626716873531801
2084553548063293440,1147746059998748674,Directed,1,REPLY,2086626716873531801
1280640202554216448,1601623135295504390,Directed,1,MENTION,2086626211896361214
1280640202554216448,13615722,Directed,1,MENTION,2086626211896361214
1280640202554216448,1601623135295504390,Directed,1,REPLY,2086626211896361214
1425358628144308224,13615722,Directed,1,MENTION,2086625817308918046
1425358628144308224,13615722,Directed,1,REPLY,2086625817308918046
1472445221204111360,13615722,Directed,1,MENTION,2086625538375131175
1472445221204111360,13615722,Directed,1,REPLY,2086625538375131175
1663128411554865163,13615722,Directed,1,MENTION,2086625237286740401
1663128411554865163,13615722,Directed,1,REPLY,2086625237286740401
2355740370,13615722,Directed,1,MENTION,2086624695491956930
2355740370,13615722,Directed,1,REPLY,2086624695491956930
1026699823892901888,13615722,Directed,1,MENTION,2086623465688236515
1026699823892901888,13615722,Directed,1,REPLY,2086623465688236515
1664414968114999298,13615722,Directed,1,MENTION,2086622513967051233
1664414968114999298,13615722,Directed,1,REPLY,2086622513967051233
1759761909547425792,761562697909403649,Directed,1,MENTION,2086622485118701820
1759761909547425792,13615722,Directed,1,MENTION,2086622485118701820
1759761909547425792,761562697909403649,Directed,1,REPLY,2086622485118701820
1894275411628232704,1882750902366593024,Directed,1,MENTION,2086622447475036393
1894275411628232704,13615722,Directed,1,MENTION,2086622447475036393
1894275411628232704,1882750902366593024,Directed,1,REPLY,2086622447475036393
3012449385,13615722,Directed,1,MENTION,2086621401163669886
3012449385,428555639,Directed,1,MENTION,2086621401163669886
3012449385,13615722,Directed,1,REPLY,2086621401163669886
1485902331468292098,13615722,Directed,1,MENTION,2086621002423779528
1485902331468292098,13615722,Directed,1,REPLY,2086621002423779528
2075715986834264064,13615722,Directed,1,MENTION,2086620767186501889
2075715986834264064,82450461,Directed,1,QUOTE,2086620767186501889
2075715986834264064,13615722,Directed,1,REPLY,2086620767186501889
308071399,13615722,Directed,1,MENTION,2086620530447163492
308071399,13615722,Directed,1,REPLY,2086620530447163492
1003737976675885057,13615722,Directed,1,MENTION,2086620437505581316
1003737976675885057,538659963,Directed,1,MENTION,2086620437505581316
1003737976675885057,13615722,Directed,1,REPLY,2086620437505581316
1004383608415703040,13615722,Directed,1,MENTION,2086619402925969687
1004383608415703040,13615722,Directed,1,REPLY,2086619402925969687
871275836342546433,13615722,Directed,1,MENTION,2086618992970752195
871275836342546433,825906379743432705,Directed,1,MENTION,2086618992970752195
871275836342546433,13615722,Directed,1,REPLY,2086618992970752195
2769947892,13615722,Directed,1,REPLY,2086617927886029006
1399807382516084741,13615722,Directed,1,MENTION,2086617758968541397
1399807382516084741,13615722,Directed,1,REPLY,2086617758968541397
1364388055059202050,251714718,Directed,1,MENTION,2086617098189476247
1364388055059202050,13615722,Directed,1,MENTION,2086617098189476247
1364388055059202050,251714718,Directed,1,REPLY,2086617098189476247
2077496454776545280,13615722,Directed,1,MENTION,2086617042031882579
2077496454776545280,13615722,Directed,1,REPLY,2086617042031882579
2077496321552863232,13615722,Directed,1,MENTION,2086617028836679854
2077496321552863232,13615722,Directed,1,REPLY,2086617028836679854
732159785307508736,13615722,Directed,1,MENTION,2086616313351561370
732159785307508736,13615722,Directed,1,REPLY,2086616313351561370
2061583367477293056,13615722,Directed,1,MENTION,2086615590911824335
2061583367477293056,13615722,Directed,1,REPLY,2086615590911824335
1945006733363175425,13615722,Directed,1,MENTION,2086614293579968674
1945006733363175425,13615722,Directed,1,REPLY,2086614293579968674
1949898283045765121,954505254321651712,Directed,1,MENTION,2086614266376016103
1949898283045765121,13615722,Directed,1,MENTION,2086614266376016103
28370340,13615722,Directed,1,MENTION,2086614231038796286
28370340,13615722,Directed,1,REPLY,2086614231038796286
1698604226203791360,1611967195982225408,Directed,1,MENTION,2086613778431639901
1698604226203791360,13615722,Directed,2,MENTION,2086613778431639901
1698604226203791360,1611967195982225408,Directed,1,REPLY,2086613778431639901
1878483349859168256,13615722,Directed,1,MENTION,2086613724207497531
1878483349859168256,13615722,Directed,1,REPLY,2086613724207497531
3674750116,13615722,Directed,1,MENTION,2086613616535740446
3674750116,13615722,Directed,1,REPLY,2086613616535740446
1698604226203791360,13615722,Directed,1,REPLY,2086613388780872047
1781277069168586752,780284709641281536,Directed,1,MENTION,2086612633499639935
1781277069168586752,13615722,Directed,1,MENTION,2086612633499639935
1781277069168586752,780284709641281536,Directed,1,REPLY,2086612633499639935
309060764,13615722,Directed,1,MENTION,2086612262194708706
309060764,13615722,Directed,1,REPLY,2086612262194708706
2265552619,503747289,Directed,1,MENTION,2086611837554950534
2265552619,13615722,Directed,1,MENTION,2086611837554950534
873086513377968128,13615722,Directed,1,MENTION,2086611421148688429
873086513377968128,13615722,Directed,1,REPLY,2086611421148688429
1608431308706914307,13615722,Directed,1,MENTION,2086611277552509251
1608431308706914307,13615722,Directed,1,REPLY,2086611277552509251
54980636,13615722,Directed,1,MENTION,2086610402717360141
54980636,13615722,Directed,1,REPLY,2086610402717360141
1025493565416386565,13615722,Directed,1,MENTION,2086610352263819320
1025493565416386565,13615722,Directed,1,REPLY,2086610352263819320
1994585689300897794,13615722,Directed,1,MENTION,2086610141378380128
1994585689300897794,13615722,Directed,1,REPLY,2086610141378380128
1878218797431304192,13615722,Directed,1,MENTION,2086609217155477551
1878218797431304192,13615722,Directed,1,REPLY,2086609217155477551
1847703432599138304,13615722,Directed,1,MENTION,2086608843035877869
1847703432599138304,13615722,Directed,1,REPLY,2086608843035877869
1953207935628201984,3121599186,Directed,1,MENTION,2086608410175221981
1953207935628201984,13615722,Directed,1,MENTION,2086608410175221981
1953207935628201984,3121599186,Directed,1,REPLY,2086608410175221981
1468932745787281411,13615722,Directed,1,MENTION,2086608304038379800
1468932745787281411,13615722,Directed,1,REPLY,2086608304038379800
1869435471832735744,13615722,Directed,1,MENTION,2086607533125378326
1869435471832735744,13615722,Directed,1,REPLY,2086607533125378326
100562602,13615722,Directed,2,MENTION,2086607284214346077
100562602,13615722,Directed,1,REPLY,2086607284214346077
2077476413188227073,13615722,Directed,2,MENTION,2086606954881818863
2077476413188227073,13615722,Directed,2,REPLY,2086606954881818863
1825195890946314240,13615722,Directed,1,MENTION,2086606830151860698
1825195890946314240,13615722,Directed,1,REPLY,2086606830151860698
100562602,1372375821915070464,Directed,1,MENTION,2086606279515009102
100562602,1372375821915070464,Directed,1,REPLY,2086606279515009102
4744454912,13615722,Directed,1,MENTION,2086605385771716801
4744454912,13615722,Directed,1,REPLY,2086605385771716801
1176951552042524673,13615722,Directed,1,MENTION,2086603743659757719
1176951552042524673,13615722,Directed,1,REPLY,2086603743659757719
1265226895542628352,13615722,Directed,2,MENTION,2086603696750661690
1265226895542628352,13615722,Directed,2,REPLY,2086603696750661690
1439939424633167876,13615722,Directed,1,MENTION,2086603234634842121
1439939424633167876,13615722,Directed,1,REPLY,2086603234634842121
25146002,13615722,Directed,1,MENTION,2086602668349497598
25146002,13615722,Directed,1,REPLY,2086602668349497598
1489015300087558146,1339261053549555712,Directed,1,MENTION,2086602603341775347
1489015300087558146,13615722,Directed,1,MENTION,2086602603341775347
1489015300087558146,1339261053549555712,Directed,1,REPLY,2086602603341775347
888262488,13615722,Directed,1,MENTION,2086602514850557969
888262488,13615722,Directed,1,REPLY,2086602514850557969
1833685750900043776,13615722,Directed,1,MENTION,2086601649103986838
1833685750900043776,13615722,Directed,1,REPLY,2086601649103986838
952980842531491841,13615722,Directed,1,MENTION,2086600746544365927
952980842531491841,13615722,Directed,1,REPLY,2086600746544365927
1973182294870597635,13615722,Directed,1,MENTION,2086600272978284576
1973182294870597635,13615722,Directed,1,REPLY,2086600272978284576
2052373262261268482,13615722,Directed,1,MENTION,2086599973622153479
2052373262261268482,13615722,Directed,1,REPLY,2086599973622153479
1402229344659927041,13615722,Directed,1,MENTION,2086599802884899198
1402229344659927041,13615722,Directed,1,REPLY,2086599802884899198
1620066083905622018,13615722,Directed,1,MENTION,2086599547426316367
1620066083905622018,13615722,Directed,1,REPLY,2086599547426316367
1629464235011895296,13615722,Directed,1,MENTION,2086599185562832963
1629464235011895296,13615722,Directed,1,REPLY,2086599185562832963
1947410820696313857,13615722,Directed,1,MENTION,2086598787808596059
1947410820696313857,13615722,Directed,1,REPLY,2086598787808596059
1893521265320742913,13615722,Directed,2,MENTION,2086598174332834113
1893521265320742913,13615722,Directed,2,REPLY,2086598174332834113
1744625365799116800,13615722,Directed,1,MENTION,2086597955826450882
1744625365799116800,13615722,Directed,1,REPLY,2086597955826450882
2034673911808573440,13615722,Directed,1,MENTION,2086597894665011470
2034673911808573440,13615722,Directed,1,REPLY,2086597894665011470
1095726022622957568,13615722,Directed,1,MENTION,2086597700951105893
1095726022622957568,13615722,Directed,1,REPLY,2086597700951105893
251714718,13615722,Directed,1,MENTION,2086596565456556116
251714718,13615722,Directed,1,REPLY,2086596565456556116
2046176092940009473,13615722,Directed,1,MENTION,2086596189005258891
2046176092940009473,13615722,Directed,1,REPLY,2086596189005258891
2004977639585710082,13615722,Directed,1,REPLY,2086595770065543597
1549055023,13615722,Directed,1,MENTION,2086594438026129466
1549055023,13615722,Directed,1,REPLY,2086594438026129466
1077591552845860864,13615722,Directed,1,MENTION,2086593447369097588
1077591552845860864,13615722,Directed,1,REPLY,2086593447369097588
1515755352054243329,13615722,Directed,1,MENTION,2086593253441143060
1515755352054243329,13615722,Directed,1,REPLY,2086593253441143060
1765881952442195968,1941178419296845825,Directed,1,MENTION,2086593084976951777
1765881952442195968,13615722,Directed,1,MENTION,2086593084976951777
1765881952442195968,1941178419296845825,Directed,1,REPLY,2086593084976951777
612298308,13615722,Directed,1,REPLY,2086591954595266925
3153020655,13615722,Directed,1,MENTION,2086591839725871121
3153020655,13615722,Directed,1,REPLY,2086591839725871121
1525889508209827840,739402218923798528,Directed,1,MENTION,2086591598150721624
1525889508209827840,13615722,Directed,2,MENTION,2086591598150721624
1525889508209827840,739402218923798528,Directed,1,REPLY,2086591598150721624
1898941645099278336,13615722,Directed,1,MENTION,2086591552466375091
1898941645099278336,13615722,Directed,1,REPLY,2086591552466375091
1525889508209827840,1439823557245083648,Directed,1,MENTION,2086591348551868500
1525889508209827840,1927439128045477888,Directed,1,MENTION,2086591348551868500
1525889508209827840,1439823557245083648,Directed,1,REPLY,2086591348551868500
2015575359555616768,13615722,Directed,1,MENTION,2086590949086425283
2015575359555616768,13615722,Directed,1,REPLY,2086590949086425283
1776957411569377280,13615722,Directed,1,MENTION,2086590758602080766
1776957411569377280,13615722,Directed,1,REPLY,2086590758602080766
1600598515918508036,13615722,Directed,1,MENTION,2086590736129196054
1600598515918508036,13615722,Directed,1,REPLY,2086590736129196054
1598853364514693120,13615722,Directed,1,MENTION,2086589265098534956
1598853364514693120,13615722,Directed,1,REPLY,2086589265098534956
1934220102930427904,13615722,Directed,1,MENTION,2086588870691303904
1934220102930427904,13615722,Directed,1,REPLY,2086588870691303904
14888427,13615722,Directed,1,MENTION,2086588848935780792
14888427,13615722,Directed,1,REPLY,2086588848935780792
1811883678009556992,13615722,Directed,1,MENTION,2086588006258168047
1811883678009556992,13615722,Directed,1,REPLY,2086588006258168047
1979128604069093376,13615722,Directed,1,MENTION,2086587853656514643
1979128604069093376,13615722,Directed,1,REPLY,2086587853656514643
2590736351,13615722,Directed,4,MENTION,2086586760507642045
2590736351,13615722,Directed,4,REPLY,2086586760507642045
1820210908830023680,1372375821915070464,Directed,1,MENTION,2086586611072962661
1820210908830023680,13615722,Directed,1,MENTION,2086586611072962661
1820210908830023680,1372375821915070464,Directed,1,REPLY,2086586611072962661
411765211,1104608366,Directed,2,MENTION,2086586321250738672
411765211,13615722,Directed,2,MENTION,2086586321250738672
411765211,1104608366,Directed,1,REPLY,2086586151033262281
1540033749668315138,13615722,Directed,1,MENTION,2086586030157656353
1540033749668315138,13615722,Directed,1,REPLY,2086586030157656353
2085121793379975168,13615722,Directed,1,MENTION,2086585947811111419
2085121793379975168,13615722,Directed,1,REPLY,2086585947811111419
2070025394120482816,13615722,Directed,1,MENTION,2086585871378031054
2070025394120482816,13615722,Directed,1,REPLY,2086585871378031054
3138038341,13615722,Directed,1,MENTION,2086585560769204517
3138038341,13615722,Directed,1,REPLY,2086585560769204517
1464620575,13615722,Directed,1,MENTION,2086585392774382005
1464620575,13615722,Directed,1,REPLY,2086585392774382005
2085121693933027328,13615722,Directed,1,MENTION,2086585220137099444
2085121693933027328,13615722,Directed,1,REPLY,2086585220137099444
2085123243455950848,13615722,Directed,1,MENTION,2086584121598628332
2085123243455950848,13615722,Directed,1,REPLY,2086584121598628332
1520242360931606529,13615722,Directed,1,MENTION,2086583971610296489
1520242360931606529,13615722,Directed,1,REPLY,2086583971610296489
2080500392631095296,13615722,Directed,1,MENTION,2086583169877213288
2080500392631095296,13615722,Directed,1,REPLY,2086583169877213288
1656029854066782209,13615722,Directed,1,MENTION,2086582786589106247
1656029854066782209,13615722,Directed,1,REPLY,2086582786589106247
1616896828456464384,13615722,Directed,2,MENTION,2086582117530538003
1616896828456464384,13615722,Directed,1,REPLY,2086582045938167995
1111671978723893249,13615722,Directed,1,MENTION,2086580384230236566
1111671978723893249,51164913,Directed,1,MENTION,2086580384230236566
1111671978723893249,13615722,Directed,1,REPLY,2086580384230236566
147152185,13615722,Directed,1,MENTION,2086579798504050829
147152185,13615722,Directed,1,REPLY,2086579798504050829
1893913276540452864,13615722,Directed,1,MENTION,2086578854383239629
1893913276540452864,13615722,Directed,1,REPLY,2086578854383239629
1168569956293849090,13615722,Directed,1,MENTION,2086578839795167603
1168569956293849090,13615722,Directed,1,REPLY,2086578839795167603
2080372736526872576,13615722,Directed,1,MENTION,2086577844151349526
2080372736526872576,13615722,Directed,1,REPLY,2086577844151349526
2068618020700950528,13615722,Directed,1,MENTION,2086577749368688654
2068618020700950528,13615722,Directed,1,REPLY,2086577749368688654
1263869266643742720,13615722,Directed,1,MENTION,2086577745287688506
1263869266643742720,13615722,Directed,1,REPLY,2086577745287688506
76108547,13615722,Directed,1,MENTION,2086577387593138377
76108547,13615722,Directed,1,REPLY,2086577387593138377
2086196925913616385,13615722,Directed,1,MENTION,2086577233578139775
2086196925913616385,13615722,Directed,1,REPLY,2086577233578139775
1370771353394151426,13615722,Directed,1,MENTION,2086576862310879677
1370771353394151426,13615722,Directed,1,REPLY,2086576862310879677
255092915,1601623135295504390,Directed,1,MENTION,2086576406016737784
255092915,13615722,Directed,1,MENTION,2086576406016737784
255092915,1601623135295504390,Directed,1,REPLY,2086576406016737784
2082166752469749760,13615722,Directed,1,MENTION,2086576380955824461
2082166752469749760,13615722,Directed,1,REPLY,2086576380955824461
2256853639,13615722,Directed,1,MENTION,2086576267185234317
2256853639,13615722,Directed,1,REPLY,2086576267185234317
1965892918037942272,13615722,Directed,1,MENTION,2086575939769573470
1965892918037942272,13615722,Directed,1,REPLY,2086575939769573470
2080361594198818816,13615722,Directed,1,MENTION,2086575848069451903
2080361594198818816,13615722,Directed,1,REPLY,2086575848069451903
739402218923798528,13615722,Directed,1,MENTION,2086575680934801415
739402218923798528,13615722,Directed,1,REPLY,2086575680934801415
114731085,13615722,Directed,1,MENTION,2086574695848026198
114731085,13615722,Directed,1,REPLY,2086574695848026198
2049180663446712320,1291173609503891459,Directed,1,MENTION,2086574602726023436
2049180663446712320,1291173609503891459,Directed,1,REPLY,2086574602726023436
1398141288721965057,13615722,Directed,1,MENTION,2086572983167090824
1398141288721965057,13615722,Directed,1,REPLY,2086572983167090824
617548959,13615722,Directed,1,MENTION,2086572272886657464
617548959,13615722,Directed,1,REPLY,2086572272886657464
2336663529,13615722,Directed,1,MENTION,2086571570680467943
2336663529,13615722,Directed,1,REPLY,2086571570680467943
1746617877950607360,13615722,Directed,1,MENTION,2086569960210395377
1746617877950607360,13615722,Directed,1,REPLY,2086569960210395377
1938251245267128325,13615722,Directed,1,MENTION,2086569718115356731
1938251245267128325,13615722,Directed,1,REPLY,2086569718115356731
1646543765241311234,13615722,Directed,1,MENTION,2086569317785641296
1646543765241311234,13615722,Directed,1,REPLY,2086569317785641296
4834268463,13615722,Directed,1,MENTION,2086568956907937926
4834268463,13615722,Directed,1,REPLY,2086568956907937926
1710431361700405248,9961352,Directed,1,MENTION,2086568849944551740
1710431361700405248,13615722,Directed,1,MENTION,2086568849944551740
1710431361700405248,9961352,Directed,1,REPLY,2086568849944551740
2028512771508445184,13615722,Directed,1,MENTION,2086568652485120418
2028512771508445184,13615722,Directed,1,REPLY,2086568652485120418
3076023510,13615722,Directed,1,MENTION,2086567380122304851
3076023510,13615722,Directed,1,REPLY,2086567380122304851
109098676,13615722,Directed,1,MENTION,2086567104195473507
109098676,13615722,Directed,1,REPLY,2086567104195473507
1548658785580883968,1104608366,Directed,1,MENTION,2086566745683186107
1548658785580883968,13615722,Directed,1,MENTION,2086566745683186107
1548658785580883968,1104608366,Directed,1,REPLY,2086566745683186107
1339261053549555712,13615722,Directed,2,MENTION,2086566325019713545
1339261053549555712,13615722,Directed,1,REPLY,2086566325019713545
1626262599443615744,13615722,Directed,1,MENTION,2086566287636111521
1626262599443615744,13615722,Directed,1,REPLY,2086566287636111521
1279440264,13615722,Directed,1,MENTION,2086565674625708363
1279440264,183801120,Directed,1,MENTION,2086565674625708363
1279440264,13615722,Directed,1,REPLY,2086565674625708363
1339261053549555712,1372375821915070464,Directed,1,MENTION,2086565613854503164
1339261053549555712,1372375821915070464,Directed,1,REPLY,2086565613854503164
2059507716557619200,13615722,Directed,1,MENTION,2086565544661324236
2059507716557619200,13615722,Directed,1,REPLY,2086565544661324236
1608647296652124162,13615722,Directed,1,MENTION,2086565453129011261
1608647296652124162,13615722,Directed,1,REPLY,2086565453129011261
1802850123346493440,13615722,Directed,1,MENTION,2086565438331179119
1802850123346493440,13615722,Directed,1,REPLY,2086565438331179119
933977288395325440,13615722,Directed,1,MENTION,2086564861832524025
933977288395325440,13615722,Directed,1,REPLY,2086564861832524025
1372375821915070464,13615722,Directed,1,MENTION,2086563306391925237
1372375821915070464,13615722,Directed,1,REPLY,2086563306391925237
1882750902366593024,13615722,Directed,1,MENTION,2086562937196392773
1882750902366593024,13615722,Directed,1,REPLY,2086562937196392773
2017272111459356672,13615722,Directed,1,MENTION,2086562727854571578
2017272111459356672,13615722,Directed,1,REPLY,2086562727854571578
3120934321,13615722,Directed,1,MENTION,2086562296059376064
3120934321,263905830,Directed,1,MENTION,2086562296059376064
3120934321,13615722,Directed,1,REPLY,2086562296059376064
2075349307428073472,13615722,Directed,1,MENTION,2086561945692594656
2075349307428073472,13615722,Directed,1,REPLY,2086561945692594656
2039963903241998337,13615722,Directed,1,MENTION,2086561897709806037
2039963903241998337,13615722,Directed,1,REPLY,2086561897709806037
1535420092657246208,13615722,Directed,1,MENTION,2086561828755140950
1535420092657246208,13615722,Directed,1,REPLY,2086561828755140950
427112705,13615722,Directed,1,MENTION,2086561618666684469
427112705,13615722,Directed,1,REPLY,2086561618666684469
229339660,13615722,Directed,1,MENTION,2086560975776563337
229339660,13615722,Directed,1,REPLY,2086560975776563337
2692096819,13615722,Directed,1,MENTION,2086560719567303120
2692096819,13615722,Directed,1,REPLY,2086560719567303120
1215565660945817600,13615722,Directed,1,MENTION,2086560528537669734
1215565660945817600,13615722,Directed,1,REPLY,2086560528537669734
1105500540564320262,1396540398,Directed,1,MENTION,2086560431988957191
1105500540564320262,13615722,Directed,1,MENTION,2086560431988957191
1105500540564320262,1396540398,Directed,1,REPLY,2086560431988957191
3228312458,13615722,Directed,2,MENTION,2086560214468218992
3228312458,13615722,Directed,2,REPLY,2086560214468218992
1458922497580023852,13615722,Directed,1,MENTION,2086560017025823039
1458922497580023852,13615722,Directed,1,REPLY,2086560017025823039
2386220709,13615722,Directed,1,MENTION,2086559515214778666
2386220709,13615722,Directed,1,REPLY,2086559515214778666
1602437076854644736,13615722,Directed,1,MENTION,2086559166261567814
1602437076854644736,13615722,Directed,1,REPLY,2086559166261567814
1941516876527419392,13615722,Directed,1,MENTION,2086558294936846362
1941516876527419392,13615722,Directed,1,REPLY,2086558294936846362
1222434724448292865,1162497214733783040,Directed,1,MENTION,2086558247507333232
1222434724448292865,1845069860243464209,Directed,1,MENTION,2086558247507333232
1222434724448292865,1710380164478373888,Directed,1,MENTION,2086558247507333232
1222434724448292865,13615722,Directed,1,MENTION,2086558247507333232
1222434724448292865,1162497214733783040,Directed,1,REPLY,2086558247507333232
1924408299283185664,13615722,Directed,3,MENTION,2086558061628461323
1924408299283185664,13615722,Directed,3,REPLY,2086558061628461323
2077639801415602176,13615722,Directed,1,MENTION,2086558005957419314
2077639801415602176,13615722,Directed,1,REPLY,2086558005957419314
2077603570405253120,13615722,Directed,1,MENTION,2086557948566814995
2077603570405253120,13615722,Directed,1,REPLY,2086557948566814995
1491540278951309317,13615722,Directed,1,MENTION,2086557292439466031
1491540278951309317,13615722,Directed,1,REPLY,2086557292439466031
434507002,13615722,Directed,1,MENTION,2086556443751375095
434507002,13615722,Directed,1,REPLY,2086556443751375095
1855094086681665536,13615722,Directed,3,MENTION,2086556328395182217
1855094086681665536,13615722,Directed,2,REPLY,2086556328395182217
1762168616898678784,13615722,Directed,1,MENTION,2086556119011315947
1762168616898678784,13615722,Directed,1,REPLY,2086556119011315947
15859230,571957508,Directed,1,MENTION,2086556067576926314
15859230,13615722,Directed,1,MENTION,2086556067576926314
15859230,571957508,Directed,1,REPLY,2086556067576926314
1133889600940912640,1318677263714406402,Directed,1,MENTION,2086555214882930833
1133889600940912640,13615722,Directed,1,MENTION,2086555214882930833
1133889600940912640,1318677263714406402,Directed,1,REPLY,2086555214882930833
1921219716108197888,13615722,Directed,1,MENTION,2086555076227719474
1921219716108197888,13615722,Directed,1,REPLY,2086555076227719474
354315913,13615722,Directed,1,MENTION,2086554979658346943
354315913,13615722,Directed,1,REPLY,2086554979658346943
1334179402033352704,13615722,Directed,1,MENTION,2086554591274086517
1334179402033352704,13615722,Directed,1,REPLY,2086554591274086517
1855094086681665536,1818593137654194176,Directed,1,MENTION,2086554492095369368
1855094086681665536,1818593137654194176,Directed,1,REPLY,2086554492095369368
4645838237,1142736007567069184,Directed,1,MENTION,2086554337287770130
4645838237,13615722,Directed,1,MENTION,2086554337287770130
4645838237,1142736007567069184,Directed,1,REPLY,2086554337287770130
2079890559305502720,13615722,Directed,1,MENTION,2086554093355446549
2079890559305502720,13615722,Directed,1,REPLY,2086554093355446549
1818593137654194176,1855094086681665536,Directed,1,MENTION,2086553952087126279
1818593137654194176,13615722,Directed,1,MENTION,2086553952087126279
1818593137654194176,1855094086681665536,Directed,1,REPLY,2086553952087126279
1439823557245083648,1927439128045477888,Directed,1,MENTION,2086553530098209091
1439823557245083648,13615722,Directed,1,MENTION,2086553530098209091
1439823557245083648,1927439128045477888,Directed,1,REPLY,2086553530098209091
2055337858110517248,13615722,Directed,1,MENTION,2086553409490927666
2055337858110517248,13615722,Directed,1,REPLY,2086553409490927666
2888949154,13615722,Directed,1,MENTION,2086553395041616158
2888949154,13615722,Directed,1,REPLY,2086553395041616158
35020830,9961352,Directed,1,MENTION,2086553183732555782
35020830,13615722,Directed,1,MENTION,2086553183732555782
35020830,9961352,Directed,1,REPLY,2086553183732555782
1284459507435937792,13615722,Directed,1,MENTION,2086552442536120386
1284459507435937792,13615722,Directed,1,REPLY,2086552442536120386
1684584447499456513,13615722,Directed,1,MENTION,2086552425222283435
1684584447499456513,13615722,Directed,1,REPLY,2086552425222283435
2847113681,13615722,Directed,1,MENTION,2086552245131223187
2847113681,13615722,Directed,1,REPLY,2086552245131223187
1318677263714406402,13615722,Directed,1,MENTION,2086552240840425484
1318677263714406402,1133889600940912640,Directed,1,MENTION,2086552240840425484
1318677263714406402,13615722,Directed,1,REPLY,2086552240840425484
1594364613415825408,13615722,Directed,1,MENTION,2086552132673753550
1594364613415825408,13615722,Directed,1,REPLY,2086552132673753550
1048617399384072192,13615722,Directed,1,MENTION,2086552043804922058
1048617399384072192,13615722,Directed,1,REPLY,2086552043804922058
739663456849252353,13615722,Directed,2,MENTION,2086551932261347453
739663456849252353,13615722,Directed,1,REPLY,2086551520057954431
1212202014764978176,13615722,Directed,1,MENTION,2086551276158878038
1212202014764978176,13615722,Directed,1,REPLY,2086551276158878038
1927439128045477888,13615722,Directed,1,REPLY,2086551006737760664
14846703,1662539665335889920,Directed,1,MENTION,2086550890933014881
14846703,13615722,Directed,3,MENTION,2086550890933014881
14846703,1662539665335889920,Directed,1,REPLY,2086550890933014881
760701796339810304,13615722,Directed,1,MENTION,2086550837438947583
760701796339810304,13615722,Directed,1,REPLY,2086550837438947583
754694116659703808,13615722,Directed,1,MENTION,2086550643989475362
754694116659703808,13615722,Directed,1,REPLY,2086550643989475362
807803181614833664,13615722,Directed,1,MENTION,2086550568861143115
807803181614833664,1289209576554811397,Directed,1,MENTION,2086550568861143115
807803181614833664,1500010956239167491,Directed,1,MENTION,2086550568861143115
807803181614833664,13615722,Directed,1,REPLY,2086550568861143115
3027559792,1391140647298535425,Directed,1,MENTION,2086550396810519027
3027559792,13615722,Directed,1,MENTION,2086550396810519027
3027559792,1391140647298535425,Directed,1,REPLY,2086550396810519027
1662539665335889920,14846703,Directed,1,MENTION,2086550005939159188
1662539665335889920,13615722,Directed,1,MENTION,2086550005939159188
1662539665335889920,14846703,Directed,1,REPLY,2086550005939159188
2044300616038518784,13615722,Directed,1,MENTION,2086549800909152643
2044300616038518784,13615722,Directed,1,REPLY,2086549800909152643
32972193,13615722,Directed,1,MENTION,2086549051659428068
32972193,13615722,Directed,1,REPLY,2086549051659428068
564181700,1710380164478373888,Directed,1,MENTION,2086548824223363461
564181700,13615722,Directed,1,MENTION,2086548824223363461
564181700,1710380164478373888,Directed,1,REPLY,2086548824223363461
2077529736872435712,13615722,Directed,1,MENTION,2086548004509454605
2077529736872435712,13615722,Directed,1,REPLY,2086548004509454605
2077529212848615424,13615722,Directed,1,MENTION,2086547975879155973
2077529212848615424,13615722,Directed,1,REPLY,2086547975879155973
956730794,13615722,Directed,1,MENTION,2086547486785577336
956730794,13615722,Directed,1,REPLY,2086547486785577336
2279483574,13615722,Directed,1,MENTION,2086546292310790196
2279483574,13615722,Directed,1,REPLY,2086546292310790196
1508564132064280576,13615722,Directed,1,MENTION,2086546240938946627
1508564132064280576,13615722,Directed,1,REPLY,2086546240938946627
1675132608143818755,13615722,Directed,1,MENTION,2086546080276062399
1675132608143818755,13615722,Directed,1,REPLY,2086546080276062399
1941178419296845825,13615722,Directed,1,REPLY,2086545440791462351
1969200879342665729,13615722,Directed,1,MENTION,2086544876997373969
1969200879342665729,13615722,Directed,1,REPLY,2086544876997373969
2055245419458818048,9961352,Directed,1,MENTION,2086544577851269485
2055245419458818048,13615722,Directed,1,MENTION,2086544577851269485
2055245419458818048,9961352,Directed,1,REPLY,2086544577851269485
1795392018627088384,13615722,Directed,1,MENTION,2086544283772080509
1795392018627088384,13615722,Directed,1,REPLY,2086544283772080509
1920546212987412480,13615722,Directed,1,MENTION,2086543860759457797
1920546212987412480,13615722,Directed,1,REPLY,2086543860759457797
1329985746489503746,13615722,Directed,1,MENTION,2086543684078534717
1329985746489503746,13615722,Directed,1,REPLY,2086543684078534717
1325160044,13615722,Directed,1,MENTION,2086543099883348166
1325160044,13615722,Directed,1,REPLY,2086543099883348166
907973182149283842,13615722,Directed,1,MENTION,2086543032996757570
907973182149283842,13615722,Directed,1,REPLY,2086543032996757570
1594541716580667392,13615722,Directed,1,MENTION,2086541753302360289
1594541716580667392,13615722,Directed,1,REPLY,2086541753302360289
1524074381726699521,13615722,Directed,1,MENTION,2086541707294683403
1524074381726699521,13615722,Directed,1,REPLY,2086541707294683403
1782602382192357376,13615722,Directed,1,MENTION,2086541561358086614
1782602382192357376,13615722,Directed,1,REPLY,2086541561358086614
1542476533666877442,13615722,Directed,1,MENTION,2086541326422536369
1542476533666877442,13615722,Directed,1,REPLY,2086541326422536369
1193401803817259008,2063942995901112320,Directed,1,MENTION,2086540426396201077
1193401803817259008,13615722,Directed,1,MENTION,2086540426396201077
1193401803817259008,2063942995901112320,Directed,1,REPLY,2086540426396201077
1450244062318051329,1141406547630809089,Directed,1,MENTION,2086540124708356535
1450244062318051329,13615722,Directed,1,MENTION,2086540124708356535
1450244062318051329,1141406547630809089,Directed,1,REPLY,2086540124708356535
1236658489751154693,13615722,Directed,1,MENTION,2086539696327274789
1236658489751154693,13615722,Directed,1,REPLY,2086539696327274789
1709191653167120384,13615722,Directed,1,MENTION,2086539393704034714
1709191653167120384,13615722,Directed,1,REPLY,2086539393704034714
1691314213564952576,14335994,Directed,1,MENTION,2086539389606457471
1691314213564952576,13615722,Directed,2,MENTION,2086539389606457471
1691314213564952576,14335994,Directed,1,REPLY,2086539389606457471
1684207080285126658,13615722,Directed,1,MENTION,2086539214745657516
1684207080285126658,13615722,Directed,1,REPLY,2086539214745657516
9961352,13615722,Directed,2,MENTION,2086539209360208028
9961352,13615722,Directed,2,REPLY,2086539209360208028
1819286689493536771,13615722,Directed,1,MENTION,2086538702356910421
1819286689493536771,13615722,Directed,1,REPLY,2086538702356910421
854048951590432769,13615722,Directed,1,MENTION,2086538660300701889
854048951590432769,13615722,Directed,1,REPLY,2086538660300701889
761562697909403649,13615722,Directed,1,MENTION,2086537989887611130
761562697909403649,13615722,Directed,1,REPLY,2086537989887611130
2077505458521165824,13615722,Directed,1,MENTION,2086537947684147460
2077505458521165824,13615722,Directed,1,REPLY,2086537947684147460
2077504924238188544,13615722,Directed,1,MENTION,2086537922363232294
2077504924238188544,13615722,Directed,1,REPLY,2086537922363232294
1126416230628384769,13615722,Directed,1,MENTION,2086537777353535867
1126416230628384769,13615722,Directed,1,REPLY,2086537777353535867
1141406547630809089,13615722,Directed,1,MENTION,2086537707790975047
1141406547630809089,1450244062318051329,Directed,1,MENTION,2086537707790975047
1141406547630809089,13615722,Directed,1,REPLY,2086537707790975047
2063942995901112320,13615722,Directed,1,MENTION,2086537599376597218
2063942995901112320,13615722,Directed,1,REPLY,2086537599376597218
1323359459486347269,13615722,Directed,1,MENTION,2086537568850465000
1323359459486347269,13615722,Directed,1,REPLY,2086537568850465000
1225997191,13615722,Directed,1,MENTION,2086537457747497269
1225997191,13615722,Directed,1,REPLY,2086537457747497269
2084005084157911040,1396540398,Directed,1,MENTION,2086536962236674075
2084005084157911040,1396540398,Directed,1,REPLY,2086536962236674075
1867388211456356352,13615722,Directed,1,MENTION,2086536123929469340
1867388211456356352,13615722,Directed,1,REPLY,2086536123929469340
1615748884587810816,13615722,Directed,1,MENTION,2086535794060075333
1615748884587810816,13615722,Directed,1,REPLY,2086535794060075333
2061104514183176194,13615722,Directed,1,MENTION,2086535308103856609
2061104514183176194,13615722,Directed,1,REPLY,2086535308103856609
1507480838367236100,13615722,Directed,1,MENTION,2086535198280225195
1507480838367236100,13615722,Directed,1,REPLY,2086535198280225195
954775187760836609,13615722,Directed,1,MENTION,2086535044198260812
954775187760836609,13615722,Directed,1,REPLY,2086535044198260812
1757592249737809920,13615722,Directed,2,MENTION,2086534718078808348
1757592249737809920,13615722,Directed,2,REPLY,2086534718078808348
541438803,13615722,Directed,1,MENTION,2086534433025241482
541438803,2645050887,Directed,1,MENTION,2086534433025241482
541438803,13615722,Directed,1,REPLY,2086534433025241482
2074269461985583104,13615722,Directed,1,MENTION,2086534407385416035
2074269461985583104,13615722,Directed,1,REPLY,2086534407385416035
372418185,14690630,Directed,1,MENTION,2086533790537592993
372418185,13615722,Directed,1,MENTION,2086533790537592993
372418185,14690630,Directed,1,REPLY,2086533790537592993
856669380528279552,13615722,Directed,1,MENTION,2086533639282532503
856669380528279552,13615722,Directed,1,REPLY,2086533639282532503
1391140647298535425,13615722,Directed,1,MENTION,2086533501604565214
1391140647298535425,13615722,Directed,1,REPLY,2086533501604565214
1487194289176256515,13615722,Directed,1,MENTION,2086533352853496292
1487194289176256515,13615722,Directed,1,REPLY,2086533352853496292
1457823624254173185,13615722,Directed,1,MENTION,2086532865131438252
1457823624254173185,13615722,Directed,1,REPLY,2086532865131438252
2612854886,13615722,Directed,1,MENTION,2086532499211948162
2612854886,13615722,Directed,1,REPLY,2086532499211948162
1591937897929678848,13615722,Directed,1,MENTION,2086532462721847766
1591937897929678848,13615722,Directed,1,REPLY,2086532462721847766
1452100465987031041,908545950041247744,Directed,1,MENTION,2086532142427705740
1452100465987031041,13615722,Directed,1,MENTION,2086532142427705740
1452100465987031041,4894636149,Directed,1,MENTION,2086532142427705740
1452100465987031041,908545950041247744,Directed,1,REPLY,2086532142427705740
1876892635711127552,13615722,Directed,1,MENTION,2086531629183639720
1876892635711127552,13615722,Directed,1,REPLY,2086531629183639720
1953430040235905024,13615722,Directed,1,MENTION,2086531256058077412
1953430040235905024,13615722,Directed,1,REPLY,2086531256058077412
1642902095924805634,13615722,Directed,1,MENTION,2086530540732137865
1642902095924805634,13615722,Directed,1,REPLY,2086530540732137865
908545950041247744,13615722,Directed,1,MENTION,2086529598334914706
908545950041247744,4894636149,Directed,1,MENTION,2086529598334914706
908545950041247744,1452100465987031041,Directed,1,MENTION,2086529598334914706
908545950041247744,13615722,Directed,1,REPLY,2086529598334914706
1985491119778750464,1291173609503891459,Directed,1,MENTION,2086529292419154262
1985491119778750464,1291173609503891459,Directed,1,REPLY,2086529292419154262
1518700357802766336,13615722,Directed,3,MENTION,2086529033408225385
1518700357802766336,13615722,Directed,3,REPLY,2086529033408225385
1523140802083442694,13615722,Directed,1,MENTION,2086528612463772013
1523140802083442694,13615722,Directed,1,REPLY,2086528612463772013
1229312811920187399,13615722,Directed,1,MENTION,2086528013844291955
1229312811920187399,13615722,Directed,1,REPLY,2086528013844291955
2077489138991804418,13615722,Directed,1,MENTION,2086527809145503869
2077489138991804418,13615722,Directed,1,REPLY,2086527809145503869
1897960359975165952,13615722,Directed,1,MENTION,2086527517159305614
1897960359975165952,13615722,Directed,1,REPLY,2086527517159305614
1601623135295504390,13615722,Directed,1,MENTION,2086527413647753385
1601623135295504390,13615722,Directed,1,REPLY,2086527413647753385
1278235060554985472,13615722,Directed,1,MENTION,2086526589857370216
1278235060554985472,13615722,Directed,1,REPLY,2086526589857370216
1752017056185339904,13615722,Directed,1,MENTION,2086526421896507530
1752017056185339904,13615722,Directed,1,REPLY,2086526421896507530
2180439761,13615722,Directed,1,MENTION,2086526382813618522
2180439761,13615722,Directed,1,REPLY,2086526382813618522
3033942431,13615722,Directed,1,MENTION,2086526376757076100
3033942431,13615722,Directed,1,REPLY,2086526376757076100
2003038690990546944,13615722,Directed,1,MENTION,2086525956458721777
2003038690990546944,13615722,Directed,1,REPLY,2086525956458721777
162556722,13615722,Directed,1,MENTION,2086525896161108372
162556722,13615722,Directed,1,REPLY,2086525896161108372
1104608366,1427798726601449473,Directed,1,REPLY,2086525869409948159
849252343,13615722,Directed,1,MENTION,2086525041559183412
849252343,13615722,Directed,1,REPLY,2086525041559183412
1427798726601449473,1104608366,Directed,1,MENTION,2086524085451043156
1427798726601449473,13615722,Directed,1,MENTION,2086524085451043156
1427798726601449473,1104608366,Directed,1,REPLY,2086524085451043156
1592597707306278912,1291173609503891459,Directed,1,MENTION,2086523857637093829
1592597707306278912,13615722,Directed,1,MENTION,2086523857637093829
1592597707306278912,1291173609503891459,Directed,1,REPLY,2086523857637093829
1241462608252846093,13615722,Directed,1,MENTION,2086522660889243708
1241462608252846093,13615722,Directed,1,REPLY,2086522660889243708
1870218812701790208,13615722,Directed,1,MENTION,2086521932850303291
1870218812701790208,1851977068575387649,Directed,1,QUOTE,2086521932850303291
1870218812701790208,13615722,Directed,1,REPLY,2086521932850303291
3121599186,13615722,Directed,1,MENTION,2086521304950182289
3121599186,13615722,Directed,1,REPLY,2086521304950182289
1585082425872375809,13615722,Directed,1,MENTION,2086521295689109726
1585082425872375809,13615722,Directed,1,REPLY,2086521295689109726
985019629532860416,1104608366,Directed,1,MENTION,2086521041854112121
985019629532860416,13615722,Directed,1,MENTION,2086521041854112121
985019629532860416,1104608366,Directed,1,REPLY,2086521041854112121
2037852214903934976,13615722,Directed,1,MENTION,2086520668917465153
2037852214903934976,13615722,Directed,1,REPLY,2086520668917465153
3290344237,13615722,Directed,2,MENTION,2086520345901895758
3290344237,279067744,Directed,2,MENTION,2086520345901895758
3290344237,13615722,Directed,2,REPLY,2086520345901895758
1946690927780909056,13615722,Directed,1,MENTION,2086520061599101098
1946690927780909056,13615722,Directed,1,REPLY,2086520061599101098
1456163056829046785,13615722,Directed,1,MENTION,2086518934652735648
1456163056829046785,13615722,Directed,1,REPLY,2086518934652735648
2077420291924373505,13615722,Directed,1,MENTION,2086518398033248767
2077420291924373505,13615722,Directed,1,REPLY,2086518398033248767
743631546,14846703,Directed,1,MENTION,2086518184157311083
743631546,13615722,Directed,2,MENTION,2086518184157311083
743631546,14846703,Directed,1,REPLY,2086518184157311083
743631546,13615722,Directed,1,REPLY,2086518113458090395
65676734,13615722,Directed,1,MENTION,2086517800294826198
65676734,13615722,Directed,1,REPLY,2086517800294826198
35528046,13615722,Directed,1,MENTION,2086517633466212846
35528046,13615722,Directed,1,REPLY,2086517633466212846
95684088,13615722,Directed,1,MENTION,2086517551325216934
95684088,13615722,Directed,1,REPLY,2086517551325216934
1396540398,13615722,Directed,1,MENTION,2086517257375567921
1396540398,13615722,Directed,1,REPLY,2086517257375567921
411278096,13615722,Directed,1,MENTION,2086516362038440338
411278096,13615722,Directed,1,REPLY,2086516362038440338
2067639081471717376,13615722,Directed,1,MENTION,2086516111625880051
2067639081471717376,13615722,Directed,1,REPLY,2086516111625880051
1965689487163330560,13615722,Directed,4,MENTION,2086515885909372955
1965689487163330560,13615722,Directed,4,REPLY,2086515885909372955
1063348593472532480,13615722,Directed,1,MENTION,2086515365379449121
1063348593472532480,13615722,Directed,1,REPLY,2086515365379449121
1555928043797069824,13615722,Directed,2,MENTION,2086513936879308886
1555928043797069824,13615722,Directed,2,REPLY,2086513936879308886
1536206207660265473,13615722,Directed,1,MENTION,2086513405096059194
1536206207660265473,13615722,Directed,1,REPLY,2086513405096059194
2085139419124662272,13615722,Directed,1,MENTION,2086512829503545532
2085139419124662272,13615722,Directed,1,REPLY,2086512829503545532
91034164,13615722,Directed,1,MENTION,2086512023018618887
91034164,13615722,Directed,1,REPLY,2086512023018618887
2071876846401081344,13615722,Directed,1,MENTION,2086511962121220321
2071876846401081344,13615722,Directed,1,REPLY,2086511962121220321
1720985187234795520,13615722,Directed,1,MENTION,2086511761641890248
1720985187234795520,13615722,Directed,1,REPLY,2086511761641890248
1570850003312066560,13615722,Directed,1,MENTION,2086510811099607472
1570850003312066560,13615722,Directed,1,REPLY,2086510811099607472
234590892,13615722,Directed,1,MENTION,2086510582992101385
234590892,13615722,Directed,1,REPLY,2086510582992101385
1104608366,13615722,Directed,1,REPLY,2086510404373537201
1010975602667606017,1352267578148855808,Directed,2,MENTION,2086510282642239820
1010975602667606017,13615722,Directed,3,MENTION,2086510282642239820
1010975602667606017,3290304354,Directed,1,MENTION,2086510282642239820
1010975602667606017,1352267578148855808,Directed,2,REPLY,2086510282642239820
881645292486967296,13615722,Directed,1,MENTION,2086510180326658353
881645292486967296,13615722,Directed,1,REPLY,2086510180326658353
2061488650320220160,13615722,Directed,1,MENTION,2086510153264722139
2061488650320220160,13615722,Directed,1,REPLY,2086510153264722139
23644723,1291173609503891459,Directed,1,MENTION,2086509797223137427
23644723,13615722,Directed,1,MENTION,2086509797223137427
23644723,1291173609503891459,Directed,1,REPLY,2086509797223137427
1964599664730353664,13615722,Directed,1,MENTION,2086509572064194873
1964599664730353664,13615722,Directed,1,REPLY,2086509572064194873
2077397446271881216,13615722,Directed,1,MENTION,2086509535741579530
2077397446271881216,13615722,Directed,1,REPLY,2086509535741579530
1632614971816198145,13615722,Directed,1,MENTION,2086509077123801350
1632614971816198145,13615722,Directed,1,REPLY,2086509077123801350
1959712780824481793,1337201370978545666,Directed,1,MENTION,2086509068944896355
1959712780824481793,1337369162461687808,Directed,1,MENTION,2086509068944896355
1959712780824481793,1902420168,Directed,1,MENTION,2086509068944896355
1959712780824481793,13615722,Directed,1,MENTION,2086509068944896355
1959712780824481793,1337201370978545666,Directed,1,REPLY,2086509068944896355
1060370437539028993,275614406,Directed,1,MENTION,2086508926153920581
1060370437539028993,13615722,Directed,1,MENTION,2086508926153920581
1060370437539028993,275614406,Directed,1,REPLY,2086508926153920581
91361725,13615722,Directed,1,MENTION,2086508893853950357
91361725,13615722,Directed,1,REPLY,2086508893853950357
1899725066,13615722,Directed,1,MENTION,2086508058126266767
1899725066,13615722,Directed,1,REPLY,2086508058126266767
3214234175,13615722,Directed,2,MENTION,2086506866088280526
3214234175,13615722,Directed,2,REPLY,2086506866088280526
2085129874331910144,13615722,Directed,1,MENTION,2086505406856364475
2085129874331910144,13615722,Directed,1,REPLY,2086505406856364475
1325548944,13615722,Directed,2,MENTION,2086505301373521946
1325548944,13615722,Directed,2,REPLY,2086505301373521946
1611967195982225408,13615722,Directed,1,MENTION,2086504583552262516
1611967195982225408,13615722,Directed,1,REPLY,2086504583552262516
717890058167029760,13615722,Directed,1,MENTION,2086504310976753742
717890058167029760,13615722,Directed,1,REPLY,2086504310976753742
2039407475372204033,13615722,Directed,1,MENTION,2086503641238880446
2039407475372204033,13615722,Directed,1,REPLY,2086503641238880446
2077779054346805248,13615722,Directed,1,MENTION,2086503161582223654
2077779054346805248,13615722,Directed,1,REPLY,2086503161582223654
2036273794755780608,13615722,Directed,1,MENTION,2086502798749761844
2036273794755780608,13615722,Directed,1,REPLY,2086502798749761844
1754671156806721536,13615722,Directed,1,MENTION,2086501967908499517
1754671156806721536,13615722,Directed,1,REPLY,2086501967908499517
1198559276291244033,13615722,Directed,1,MENTION,2086501581948588328
1198559276291244033,13615722,Directed,1,REPLY,2086501581948588328
2272532133,13615722,Directed,1,MENTION,2086501451182788863
2272532133,13615722,Directed,1,REPLY,2086501451182788863
303115040,13615722,Directed,1,MENTION,2086501233943089650
303115040,13615722,Directed,1,REPLY,2086501233943089650
2074787871538421760,13615722,Directed,1,MENTION,2086500191599837632
2074787871538421760,13615722,Directed,1,REPLY,2086500191599837632
93597890,13615722,Directed,1,MENTION,2086500063140782437
93597890,13615722,Directed,1,REPLY,2086500063140782437
2197681580,13615722,Directed,1,MENTION,2086499944450392314
2197681580,13615722,Directed,1,REPLY,2086499944450392314
1108347209366540288,13615722,Directed,1,MENTION,2086499795984695483
1108347209366540288,13615722,Directed,1,REPLY,2086499795984695483
817830506251321344,13615722,Directed,1,MENTION,2086499651138752730
817830506251321344,13615722,Directed,1,REPLY,2086499651138752730
1518761627973259265,13615722,Directed,1,MENTION,2086499478924636647
1518761627973259265,13615722,Directed,1,REPLY,2086499478924636647
1689819699293384705,13615722,Directed,1,MENTION,2086499382493344101
1689819699293384705,13615722,Directed,1,REPLY,2086499382493344101
1434567734,13615722,Directed,1,MENTION,2086499149466443806
1434567734,13615722,Directed,1,REPLY,2086499149466443806
421005569,13615722,Directed,1,MENTION,2086498917449965815
421005569,13615722,Directed,1,REPLY,2086498917449965815
1000930868670627840,13615722,Directed,1,MENTION,2086498856808677684
1000930868670627840,13615722,Directed,1,REPLY,2086498856808677684
1979800583428091904,13615722,Directed,1,MENTION,2086498678370656667
1979800583428091904,13615722,Directed,1,REPLY,2086498678370656667
937244492595216386,13615722,Directed,1,MENTION,2086497571078279327
937244492595216386,13615722,Directed,1,REPLY,2086497571078279327
1934474835524030464,13615722,Directed,1,MENTION,2086496948471624078
1934474835524030464,13615722,Directed,1,REPLY,2086496948471624078
2405078980,13615722,Directed,1,MENTION,2086496121858244794
2405078980,13615722,Directed,1,REPLY,2086496121858244794
1978394603624476672,1406921190170636288,Directed,2,MENTION,2086495486735679637
1978394603624476672,13615722,Directed,2,MENTION,2086495486735679637
1978394603624476672,1406921190170636288,Directed,2,REPLY,2086495486735679637
2288895287,13615722,Directed,1,MENTION,2086495459011375300
2288895287,13615722,Directed,1,REPLY,2086495459011375300
2069346916278689792,13615722,Directed,1,MENTION,2086494933893136700
2069346916278689792,13615722,Directed,1,REPLY,2086494933893136700
1366761586250166282,13615722,Directed,1,MENTION,2086494453129171131
1366761586250166282,13615722,Directed,1,REPLY,2086494453129171131
2016631379778244608,13615722,Directed,1,MENTION,2086494106075701744
2016631379778244608,13615722,Directed,1,REPLY,2086494106075701744
1673116188757446657,13615722,Directed,1,MENTION,2086493595436228884
1673116188757446657,13615722,Directed,1,REPLY,2086493595436228884
2047772648659439616,13615722,Directed,1,MENTION,2086492847054987273
2047772648659439616,13615722,Directed,1,REPLY,2086492847054987273
1279893352272367616,13615722,Directed,1,MENTION,2086492136942551256
1279893352272367616,13615722,Directed,1,REPLY,2086492136942551256
2077301891235483648,13615722,Directed,1,MENTION,2086491876362682388
2077301891235483648,13615722,Directed,1,REPLY,2086491876362682388
1164848479182741505,168719934,Directed,1,MENTION,2086491451920138616
1164848479182741505,13615722,Directed,1,MENTION,2086491451920138616
1164848479182741505,168719934,Directed,1,REPLY,2086491451920138616
819209838387412992,13615722,Directed,1,MENTION,2086491283707560382
819209838387412992,13615722,Directed,1,REPLY,2086491283707560382
1192508199095742464,1430654600378470405,Directed,1,MENTION,2086491204712026355
1192508199095742464,13615722,Directed,1,MENTION,2086491204712026355
1192508199095742464,1430654600378470405,Directed,1,REPLY,2086491204712026355
1830561548017762304,13615722,Directed,1,MENTION,2086490313061793908
1830561548017762304,13615722,Directed,1,REPLY,2086490313061793908
2022322003005345792,13615722,Directed,1,MENTION,2086489696968781915
2022322003005345792,13615722,Directed,1,REPLY,2086489696968781915
1758887991437623297,13615722,Directed,1,MENTION,2086489056486039831
1758887991437623297,13615722,Directed,1,REPLY,2086489056486039831
2057374916173774849,13615722,Directed,1,MENTION,2086488212357169435
2057374916173774849,13615722,Directed,1,REPLY,2086488212357169435
1427711911618023431,13615722,Directed,1,MENTION,2086487957070889122
1427711911618023431,13615722,Directed,1,REPLY,2086487957070889122
266750569,13615722,Directed,1,MENTION,2086487597715701968
266750569,13615722,Directed,1,REPLY,2086487597715701968
1417583923538841603,13615722,Directed,1,MENTION,2086487544493908000
1417583923538841603,13615722,Directed,1,REPLY,2086487544493908000
1720881263815585792,822455640,Directed,1,MENTION,2086487444095107117
1720881263815585792,13615722,Directed,1,MENTION,2086487444095107117
1720881263815585792,822455640,Directed,1,REPLY,2086487444095107117
1337201370978545666,1959712780824481793,Directed,1,MENTION,2086487403217195445
1337201370978545666,1337369162461687808,Directed,1,MENTION,2086487403217195445
1337201370978545666,1902420168,Directed,1,MENTION,2086487403217195445
1337201370978545666,13615722,Directed,1,MENTION,2086487403217195445
1337201370978545666,1959712780824481793,Directed,1,REPLY,2086487403217195445
1677267695824142336,13615722,Directed,2,MENTION,2086487381771747666
1677267695824142336,13615722,Directed,2,REPLY,2086487381771747666
1860750141071802368,13615722,Directed,1,MENTION,2086487215463412182
1860750141071802368,13615722,Directed,1,REPLY,2086487215463412182
1297624293048631296,13615722,Directed,1,MENTION,2086486804979712240
1297624293048631296,13615722,Directed,1,REPLY,2086486804979712240
705233062045421568,13615722,Directed,1,MENTION,2086486054731997370
705233062045421568,13615722,Directed,1,REPLY,2086486054731997370
1971877230717304832,13615722,Directed,1,MENTION,2086485805556711679
1971877230717304832,13615722,Directed,1,REPLY,2086485805556711679
221809008,13615722,Directed,1,MENTION,2086485656532824093
221809008,13615722,Directed,1,REPLY,2086485656532824093
1162497214733783040,1845069860243464209,Directed,1,REPLY,2086485514262118792
517991321,13615722,Directed,1,MENTION,2086484628571897973
517991321,13615722,Directed,1,REPLY,2086484628571897973
929391162137255936,13615722,Directed,1,MENTION,2086483798511042564
929391162137255936,13615722,Directed,1,REPLY,2086483798511042564
1470758232343949315,14846703,Directed,1,MENTION,2086483429864993043
1470758232343949315,13615722,Directed,2,MENTION,2086483429864993043
1470758232343949315,14846703,Directed,1,REPLY,2086483429864993043
2061853949217419265,13615722,Directed,1,MENTION,2086483330715787538
2061853949217419265,13615722,Directed,1,REPLY,2086483330715787538
276777469,13615722,Directed,1,MENTION,2086483292157530173
276777469,13615722,Directed,1,REPLY,2086483292157530173
1470758232343949315,13615722,Directed,1,REPLY,2086483058635518119
2077295267003375617,13615722,Directed,1,MENTION,2086483026377158932
2077295267003375617,13615722,Directed,1,REPLY,2086483026377158932
1147508634328240133,13615722,Directed,1,MENTION,2086482838480924873
1147508634328240133,13615722,Directed,1,REPLY,2086482838480924873
1633013961237905408,13615722,Directed,1,MENTION,2086481666055262521
1633013961237905408,13615722,Directed,1,REPLY,2086481666055262521
1603479592794218509,13615722,Directed,1,MENTION,2086481420415910067
1603479592794218509,13615722,Directed,1,REPLY,2086481420415910067
1493947506845044737,13615722,Directed,1,MENTION,2086480937597256174
1493947506845044737,13615722,Directed,1,REPLY,2086480937597256174
1945781501016133632,13615722,Directed,1,MENTION,2086480570482045024
1945781501016133632,13615722,Directed,1,REPLY,2086480570482045024
1430654600378470405,13615722,Directed,1,MENTION,2086480439875661892
1430654600378470405,13615722,Directed,1,REPLY,2086480439875661892
20853580,57314631,Directed,1,MENTION,2086479593628684656
20853580,13615722,Directed,1,MENTION,2086479593628684656
20853580,57314631,Directed,1,REPLY,2086479593628684656
908897411661099008,13615722,Directed,1,MENTION,2086479458878537797
908897411661099008,13615722,Directed,1,QUOTE,2086479458878537797
908897411661099008,13615722,Directed,1,REPLY,2086479458878537797
1492193108238479360,13615722,Directed,1,REPLY,2086479204170743823
1395288072678477826,13615722,Directed,1,MENTION,2086478624597717345
1395288072678477826,13615722,Directed,1,REPLY,2086478624597717345
900137391457017857,13615722,Directed,1,MENTION,2086478233009008927
900137391457017857,13615722,Directed,1,REPLY,2086478233009008927
1982400093774131200,2060351939540643840,Directed,3,MENTION,2086477755948900601
1982400093774131200,13615722,Directed,3,MENTION,2086477755948900601
1982400093774131200,2060351939540643840,Directed,3,REPLY,2086477755948900601
1547481453998514182,13615722,Directed,1,MENTION,2086476625357463582
1547481453998514182,13615722,Directed,1,REPLY,2086476625357463582
2152659744,13615722,Directed,1,MENTION,2086475856185098267
2152659744,13615722,Directed,1,REPLY,2086475856185098267
1338521346775654404,13615722,Directed,1,MENTION,2086475689369235512
1338521346775654404,13615722,Directed,1,REPLY,2086475689369235512
2085960485774487552,13615722,Directed,1,MENTION,2086474991583801488
2085960485774487552,13615722,Directed,1,REPLY,2086474991583801488
716551234526777344,13615722,Directed,1,MENTION,2086474661068451992
716551234526777344,13615722,Directed,1,REPLY,2086474661068451992
2077289206951387136,13615722,Directed,1,MENTION,2086474273921663021
2077289206951387136,13615722,Directed,1,REPLY,2086474273921663021
1289584728744562689,13615722,Directed,1,MENTION,2086473341548777713
1289584728744562689,13615722,Directed,1,REPLY,2086473341548777713
1352267578148855808,1010975602667606017,Directed,2,MENTION,2086473278575489194
1352267578148855808,13615722,Directed,3,MENTION,2086473278575489194
1352267578148855808,1010975602667606017,Directed,2,REPLY,2086473278575489194
1980960505180430337,13615722,Directed,1,MENTION,2086472602105807202
1980960505180430337,13615722,Directed,1,REPLY,2086472602105807202
730671931897286656,13615722,Directed,1,MENTION,2086470952419020890
730671931897286656,13615722,Directed,1,REPLY,2086470952419020890
919079062768726016,13615722,Directed,2,MENTION,2086470012911673480
919079062768726016,13615722,Directed,2,REPLY,2086470012911673480
1626023799995916289,13615722,Directed,1,MENTION,2086469555057037639
1626023799995916289,13615722,Directed,1,REPLY,2086469555057037639
1279477862685261824,13615722,Directed,1,MENTION,2086468833838243928
1279477862685261824,13615722,Directed,1,REPLY,2086468833838243928
1768870110272339968,13615722,Directed,1,MENTION,2086468473492763023
1768870110272339968,13615722,Directed,1,REPLY,2086468473492763023
1395815464824188937,13615722,Directed,1,MENTION,2086468331066810402
1395815464824188937,13615722,Directed,1,REPLY,2086468331066810402
1351278755466121216,2074601824405835776,Directed,1,MENTION,2086467888966238509
1351278755466121216,13615722,Directed,1,MENTION,2086467888966238509
1351278755466121216,2074601824405835776,Directed,1,REPLY,2086467888966238509
944425535114944512,13615722,Directed,1,MENTION,2086467083802697861
944425535114944512,13615722,Directed,1,REPLY,2086467083802697861
2080524125903216640,13615722,Directed,1,MENTION,2086466581916168651
2080524125903216640,13615722,Directed,1,REPLY,2086466581916168651
2073727593161875456,13615722,Directed,1,MENTION,2086465422384038201
2073727593161875456,13615722,Directed,1,REPLY,2086465422384038201
2077470107672952833,13615722,Directed,1,MENTION,2086465414318420113
2077470107672952833,13615722,Directed,1,REPLY,2086465414318420113
2077470376724934656,13615722,Directed,1,MENTION,2086465390482252078
2077470376724934656,13615722,Directed,1,REPLY,2086465390482252078
1844851893736292352,13615722,Directed,1,MENTION,2086464892702228912
1844851893736292352,13615722,Directed,1,REPLY,2086464892702228912
24798783,13615722,Directed,1,MENTION,2086464447657496763
24798783,13615722,Directed,1,REPLY,2086464447657496763
13061532,13615722,Directed,1,MENTION,2086464052692214105
13061532,13615722,Directed,1,REPLY,2086464052692214105
365208931,13615722,Directed,1,MENTION,2086463457428390273
365208931,13615722,Directed,1,REPLY,2086463457428390273
1279899741321650179,13615722,Directed,1,MENTION,2086463439191286150
1279899741321650179,2081887009124098048,Directed,1,MENTION,2086463439191286150
1279899741321650179,13615722,Directed,1,REPLY,2086463439191286150
1106731420356173826,1903568561915777024,Directed,1,MENTION,2086463289089790204
1106731420356173826,1605230972588462081,Directed,1,MENTION,2086463289089790204
1106731420356173826,13615722,Directed,1,MENTION,2086463289089790204
1106731420356173826,1903568561915777024,Directed,1,REPLY,2086463289089790204
1994647429090873347,13615722,Directed,2,MENTION,2086462540221944272
1994647429090873347,13615722,Directed,2,REPLY,2086462540221944272
1500678342743191553,13615722,Directed,1,MENTION,2086460155752014130
1500678342743191553,13615722,Directed,1,REPLY,2086460155752014130
1575157411337437184,1604745120607129601,Directed,1,MENTION,2086458624931500375
1575157411337437184,1604745120607129601,Directed,1,REPLY,2086458624931500375
1659158042787602434,13615722,Directed,3,MENTION,2086458122806161408
1659158042787602434,13615722,Directed,1,REPLY,2086458122806161408
1955962729887621122,13615722,Directed,1,MENTION,2086457004508450840
1955962729887621122,13615722,Directed,1,REPLY,2086457004508450840
2043856255366643712,13615722,Directed,1,MENTION,2086456749482000610
2043856255366643712,13615722,Directed,1,REPLY,2086456749482000610
1147768329681043456,13615722,Directed,1,MENTION,2086455525580136678
1147768329681043456,13615722,Directed,1,REPLY,2086455525580136678
2077463324099289088,13615722,Directed,1,MENTION,2086455401759883653
2077463324099289088,13615722,Directed,1,REPLY,2086455401759883653
823587476879110145,13615722,Directed,1,MENTION,2086454963333386595
823587476879110145,13615722,Directed,1,REPLY,2086454963333386595
1588884996164550657,1265317272333225984,Directed,1,MENTION,2086454908560044491
1588884996164550657,13615722,Directed,1,MENTION,2086454908560044491
1588884996164550657,1265317272333225984,Directed,1,REPLY,2086454908560044491
2571336557,13615722,Directed,1,MENTION,2086454818760003721
2571336557,13615722,Directed,1,REPLY,2086454818760003721
1265317272333225984,13615722,Directed,1,MENTION,2086454634101498245
1265317272333225984,1588884996164550657,Directed,1,MENTION,2086454634101498245
1265317272333225984,13615722,Directed,1,REPLY,2086454634101498245
2082101288221700096,13615722,Directed,1,MENTION,2086454344782696545
2082101288221700096,13615722,Directed,1,REPLY,2086454344782696545
1085498774,13615722,Directed,1,MENTION,2086451570896506923
1085498774,13615722,Directed,1,REPLY,2086451570896506923
2071664233146626048,2075476485717258240,Directed,1,MENTION,2086451421650526715
2071664233146626048,13615722,Directed,1,MENTION,2086451421650526715
2071664233146626048,2075476485717258240,Directed,1,REPLY,2086451421650526715
884873098201362432,13615722,Directed,1,MENTION,2086449768096584135
884873098201362432,13615722,Directed,1,REPLY,2086449768096584135
1774220864772349952,13615722,Directed,1,MENTION,2086448620249702662
1774220864772349952,13615722,Directed,1,REPLY,2086448620249702662
1813758009048461312,13615722,Directed,1,MENTION,2086448543905329474
1813758009048461312,13615722,Directed,1,REPLY,2086448543905329474
507608080,13615722,Directed,1,MENTION,2086448258193195189
507608080,13615722,Directed,1,REPLY,2086448258193195189
1604745120607129601,13615722,Directed,1,MENTION,2086447914524549224
1604745120607129601,13615722,Directed,1,REPLY,2086447914524549224
1547204331702829056,13615722,Directed,1,MENTION,2086446565464400263
1547204331702829056,13615722,Directed,1,REPLY,2086446565464400263
2057469058266574848,13615722,Directed,1,MENTION,2086446174878192007
2057469058266574848,13615722,Directed,1,REPLY,2086446174878192007
1820644530653179904,1291173609503891459,Directed,1,MENTION,2086445352425558493
1820644530653179904,13615722,Directed,1,MENTION,2086445352425558493
1820644530653179904,1291173609503891459,Directed,1,REPLY,2086445352425558493
2077458724579381249,13615722,Directed,1,MENTION,2086445126390346055
2077458724579381249,13615722,Directed,1,REPLY,2086445126390346055
1839507321786937344,13615722,Directed,1,MENTION,2086443493602558036
1839507321786937344,13615722,Directed,1,REPLY,2086443493602558036
841483153705390080,13615722,Directed,1,MENTION,2086442919226118585
841483153705390080,13615722,Directed,1,REPLY,2086442919226118585
1977153485952151552,13615722,Directed,1,MENTION,2086441743889670548
1977153485952151552,13615722,Directed,1,REPLY,2086441743889670548
2447927419,13615722,Directed,1,MENTION,2086441431531507981
2447927419,13615722,Directed,1,REPLY,2086441431531507981
1150932464216543232,1583207828935811148,Directed,1,MENTION,2086441166413652459
1150932464216543232,13615722,Directed,1,MENTION,2086441166413652459
1150932464216543232,1583207828935811148,Directed,1,REPLY,2086441166413652459
1456559317709357058,13615722,Directed,3,MENTION,2086440921265254749
1456559317709357058,13615722,Directed,3,REPLY,2086440921265254749
1833715843424829440,13615722,Directed,3,MENTION,2086440535699390964
1833715843424829440,13615722,Directed,3,REPLY,2086440535699390964
1616640307474358272,1170819736998801408,Directed,1,MENTION,2086439180427493645
1616640307474358272,1170819736998801408,Directed,1,REPLY,2086439180427493645
1493744740218535936,13615722,Directed,1,MENTION,2086438782262501643
1493744740218535936,13615722,Directed,1,REPLY,2086438782262501643
168719934,1164848479182741505,Directed,1,MENTION,2086438338735505580
168719934,13615722,Directed,1,MENTION,2086438338735505580
168719934,1164848479182741505,Directed,1,REPLY,2086438338735505580
2082486300402434048,13615722,Directed,1,MENTION,2086436069449535857
2082486300402434048,13615722,Directed,1,REPLY,2086436069449535857
2077454899088850945,13615722,Directed,1,MENTION,2086435599318176200
2077454899088850945,13615722,Directed,1,REPLY,2086435599318176200
1406921190170636288,1978394603624476672,Directed,1,MENTION,2086435476341145971
1406921190170636288,13615722,Directed,2,MENTION,2086435476341145971
1406921190170636288,1978394603624476672,Directed,1,REPLY,2086435476341145971
2075476485717258240,13615722,Directed,1,MENTION,2086435283118276909
2075476485717258240,13615722,Directed,1,REPLY,2086435283118276909
256841706,13615722,Directed,1,MENTION,2086435074610753760
256841706,13615722,Directed,1,REPLY,2086435074610753760
1024630411,13615722,Directed,1,MENTION,2086434633059811423
1024630411,13615722,Directed,1,REPLY,2086434633059811423
1300212727,13615722,Directed,1,MENTION,2086433276143566893
1300212727,13615722,Directed,1,REPLY,2086433276143566893
1938183179745062912,13615722,Directed,1,MENTION,2086431729456398473
1938183179745062912,13615722,Directed,1,REPLY,2086431729456398473
2062894442701266945,13615722,Directed,2,MENTION,2086430351707066625
2062894442701266945,13615722,Directed,2,REPLY,2086430351707066625
1747016336436232192,13615722,Directed,1,MENTION,2086430026031824955
1747016336436232192,13615722,Directed,1,REPLY,2086430026031824955
1583207828935811148,13615722,Directed,1,MENTION,2086429586242347333
1583207828935811148,13615722,Directed,1,REPLY,2086429586242347333
807349147372257282,13615722,Directed,1,MENTION,2086428921197646120
807349147372257282,13615722,Directed,1,REPLY,2086428921197646120
900308371651407872,13615722,Directed,2,MENTION,2086428855783350382
900308371651407872,13615722,Directed,1,REPLY,2086428855783350382
1147072447394525189,13615722,Directed,1,MENTION,2086427942612025614
1147072447394525189,13615722,Directed,1,REPLY,2086427942612025614
1189258711857913856,13615722,Directed,1,MENTION,2086427904100192261
1189258711857913856,13615722,Directed,1,REPLY,2086427904100192261
1372885123,13615722,Directed,1,MENTION,2086427084952387585
1372885123,13615722,Directed,1,REPLY,2086427084952387585
2083870612792168448,13615722,Directed,1,MENTION,2086426243982082544
2083870612792168448,13615722,Directed,1,REPLY,2086426243982082544
2077448138541973504,13615722,Directed,1,MENTION,2086425455742046440
2077448138541973504,13615722,Directed,1,REPLY,2086425455742046440
1989671357333000192,13615722,Directed,2,MENTION,2086424051031904322
1989671357333000192,13615722,Directed,2,REPLY,2086424051031904322
2069382282972942336,13615722,Directed,1,MENTION,2086423927069323406
2069382282972942336,13615722,Directed,1,REPLY,2086423927069323406
173318921,13615722,Directed,1,MENTION,2086423637213769921
173318921,13615722,Directed,1,REPLY,2086423637213769921
1858993509832814592,13615722,Directed,1,MENTION,2086422541845909744
1858993509832814592,13615722,Directed,1,REPLY,2086422541845909744
111378936,13615722,Directed,1,MENTION,2086421670215221445
111378936,13615722,Directed,1,REPLY,2086421670215221445
2009979065323925505,13615722,Directed,1,MENTION,2086420970621788439
2009979065323925505,13615722,Directed,1,REPLY,2086420970621788439
1052178896773210112,2074601824405835776,Directed,1,MENTION,2086420634448568739
1052178896773210112,13615722,Directed,1,MENTION,2086420634448568739
1052178896773210112,2074601824405835776,Directed,1,REPLY,2086420634448568739
1798950927602270208,13615722,Directed,1,MENTION,2086420263919317390
1798950927602270208,13615722,Directed,1,REPLY,2086420263919317390
980086335137505282,1144878588425986049,Directed,1,MENTION,2086417296399204451
980086335137505282,13615722,Directed,1,MENTION,2086417296399204451
980086335137505282,433423689,Directed,1,MENTION,2086417296399204451
980086335137505282,1144878588425986049,Directed,1,REPLY,2086417296399204451
1773558579192348672,13615722,Directed,1,MENTION,2086416312692080966
1773558579192348672,13615722,Directed,1,REPLY,2086416312692080966
1419989264587059200,13615722,Directed,1,MENTION,2086415292226556409
1419989264587059200,13615722,Directed,1,REPLY,2086415292226556409
1912102177012649984,13615722,Directed,1,MENTION,2086414936553509243
1912102177012649984,13615722,Directed,1,REPLY,2086414936553509243
1335610451497897984,13615722,Directed,1,MENTION,2086414718336733511
1335610451497897984,13615722,Directed,1,REPLY,2086414718336733511
2067546631709278208,13615722,Directed,1,MENTION,2086413551967564135
2067546631709278208,13615722,Directed,1,REPLY,2086413551967564135
1690740957296078848,13615722,Directed,1,MENTION,2086413227424935975
1690740957296078848,13615722,Directed,1,REPLY,2086413227424935975
4835321710,13615722,Directed,1,MENTION,2086411650597323253
4835321710,13615722,Directed,1,REPLY,2086411650597323253
376243007,13615722,Directed,1,MENTION,2086411007656648976
376243007,13615722,Directed,1,REPLY,2086411007656648976
1469106950713618437,13615722,Directed,1,MENTION,2086410398266188280
1469106950713618437,13615722,Directed,1,REPLY,2086410398266188280
1148128284,13615722,Directed,1,MENTION,2086410271715635626
1148128284,13615722,Directed,1,REPLY,2086410271715635626
1266740066094911488,13615722,Directed,1,MENTION,2086408955706671376
1266740066094911488,13615722,Directed,1,REPLY,2086408955706671376
1751280204784263169,837434549801869312,Directed,1,MENTION,2086408657361588441
1751280204784263169,13615722,Directed,1,MENTION,2086408657361588441
1751280204784263169,837434549801869312,Directed,1,REPLY,2086408657361588441
16886873,13615722,Directed,1,MENTION,2086408072877019376
16886873,13615722,Directed,1,REPLY,2086408072877019376
1117709292,282307868,Directed,1,MENTION,2086407611776205031
1117709292,13615722,Directed,1,MENTION,2086407611776205031
1117709292,282307868,Directed,1,REPLY,2086407611776205031
1300513728786558980,1521119873123950592,Directed,1,MENTION,2086407118664425864
1300513728786558980,13615722,Directed,1,MENTION,2086407118664425864
1300513728786558980,1521119873123950592,Directed,1,REPLY,2086407118664425864
1769102132353875968,13615722,Directed,1,MENTION,2086406601896841571
1769102132353875968,13615722,Directed,1,REPLY,2086406601896841571
4480779376,13615722,Directed,1,MENTION,2086404429993935288
4480779376,13615722,Directed,1,REPLY,2086404429993935288
2029991327535140864,320146266,Directed,2,MENTION,2086403064190415355
2029991327535140864,13615722,Directed,4,MENTION,2086403064190415355
2029991327535140864,320146266,Directed,2,REPLY,2086403064190415355
263625825,13615722,Directed,1,MENTION,2086402840893726722
263625825,13615722,Directed,1,REPLY,2086402840893726722
1465817540907745285,13615722,Directed,1,MENTION,2086400542952095770
1465817540907745285,13615722,Directed,1,REPLY,2086400542952095770
900308371651407872,837434549801869312,Directed,1,MENTION,2086400542905868718
900308371651407872,837434549801869312,Directed,1,REPLY,2086400542905868718
447281885,13615722,Directed,1,MENTION,2086400306661728574
447281885,13615722,Directed,1,REPLY,2086400306661728574
1723066699442696192,13615722,Directed,1,MENTION,2086397880646955245
1723066699442696192,13615722,Directed,1,REPLY,2086397880646955245
1987365389211475969,13615722,Directed,2,MENTION,2086397776389361777
1987365389211475969,13615722,Directed,2,REPLY,2086397776389361777
2083819635535933444,13615722,Directed,1,MENTION,2086397632549978499
2083819635535933444,13615722,Directed,1,REPLY,2086397632549978499
2054979919915139072,13615722,Directed,2,MENTION,2086397626879225885
2054979919915139072,13615722,Directed,2,REPLY,2086397626879225885
1992865682560851969,13615722,Directed,1,MENTION,2086396693344612711
1992865682560851969,13615722,Directed,1,REPLY,2086396693344612711
2001275993852719104,13615722,Directed,1,MENTION,2086395356489945554
2001275993852719104,13615722,Directed,1,REPLY,2086395356489945554
2077432124181827584,13615722,Directed,1,MENTION,2086395243226665312
2077432124181827584,13615722,Directed,1,REPLY,2086395243226665312
1730548435231678464,2074601824405835776,Directed,1,MENTION,2086394343158423844
1730548435231678464,13615722,Directed,1,MENTION,2086394343158423844
1730548435231678464,2074601824405835776,Directed,1,REPLY,2086394343158423844
288153435,13615722,Directed,1,MENTION,2086394073284587696
288153435,13615722,Directed,1,REPLY,2086394073284587696
2073737724050444288,13615722,Directed,2,MENTION,2086393489194090741
2073737724050444288,13615722,Directed,2,REPLY,2086393489194090741
1922891369741168640,13615722,Directed,1,MENTION,2086393259153051913
1922891369741168640,13615722,Directed,1,REPLY,2086393259153051913
939777856766447620,1406921190170636288,Directed,1,MENTION,2086393003057291308
939777856766447620,13615722,Directed,1,MENTION,2086393003057291308
939777856766447620,1406921190170636288,Directed,1,REPLY,2086393003057291308
1766658060490244097,13615722,Directed,1,MENTION,2086392645627375641
1766658060490244097,13615722,Directed,1,REPLY,2086392645627375641
980603140989956096,13615722,Directed,1,MENTION,2086391681033597179
980603140989956096,13615722,Directed,1,REPLY,2086391681033597179
2080135554885165056,13615722,Directed,1,MENTION,2086389335415193711
2080135554885165056,13615722,Directed,1,REPLY,2086389335415193711
924222192707080193,13615722,Directed,1,MENTION,2086387270626537799
924222192707080193,13615722,Directed,1,REPLY,2086387270626537799
2059558275440340993,13615722,Directed,1,MENTION,2086384023765434573
2059558275440340993,13615722,Directed,1,REPLY,2086384023765434573
170668776,14846703,Directed,1,MENTION,2086382304251752471
170668776,13615722,Directed,1,MENTION,2086382304251752471
170668776,14846703,Directed,1,REPLY,2086382304251752471
320146266,2029991327535140864,Directed,1,MENTION,2086379819764224050
320146266,13615722,Directed,2,MENTION,2086379819764224050
320146266,2029991327535140864,Directed,1,REPLY,2086379819764224050
2011808636142829568,13615722,Directed,1,MENTION,2086379311993335866
2011808636142829568,13615722,Directed,1,REPLY,2086379311993335866
2029991327535140864,13615722,Directed,1,REPLY,2086377621932400847
2029991327535140864,79529433,Directed,1,MENTION,2086377466051121339
2029991327535140864,79529433,Directed,1,REPLY,2086377466051121339
2077428821356101632,13615722,Directed,1,MENTION,2086372657306468370
2077428821356101632,13615722,Directed,1,REPLY,2086372657306468370
1291173609503891459,13615722,Directed,1,MENTION,2086372435574530233
1291173609503891459,13615722,Directed,1,REPLY,2086372435574530233
1457583948067123200,13615722,Directed,1,MENTION,2086372360526209362
1457583948067123200,13615722,Directed,1,REPLY,2086372360526209362
1906095736279990272,13615722,Directed,1,MENTION,2086372243165061236
1906095736279990272,13615722,Directed,1,REPLY,2086372243165061236
2878951308,13615722,Directed,1,MENTION,2086372040198746529
2878951308,13615722,Directed,1,REPLY,2086372040198746529
2073756170762997760,13615722,Directed,1,MENTION,2086371166554345562
2073756170762997760,13615722,Directed,1,REPLY,2086371166554345562
2074472670171672576,13615722,Directed,1,MENTION,2086369395618505179
2074472670171672576,13615722,Directed,1,REPLY,2086369395618505179
2083066003299143680,13615722,Directed,1,MENTION,2086367391186112976
2083066003299143680,13615722,Directed,1,REPLY,2086367391186112976
2040483609228791808,13615722,Directed,1,MENTION,2086367006471630882
2040483609228791808,13615722,Directed,1,REPLY,2086367006471630882
2074496696013520896,13615722,Directed,1,MENTION,2086366625800782242
2074496696013520896,13615722,Directed,1,REPLY,2086366625800782242
1676687847636566020,2297370733,Directed,1,MENTION,2086365419728687257
1676687847636566020,13615722,Directed,1,MENTION,2086365419728687257
1676687847636566020,2297370733,Directed,1,REPLY,2086365419728687257
2077426970187472896,13615722,Directed,1,MENTION,2086362643816731055
2077426970187472896,13615722,Directed,1,REPLY,2086362643816731055
3319437607,13615722,Directed,1,MENTION,2086361494124454130
3319437607,13615722,Directed,1,REPLY,2086361494124454130
2791092159,13615722,Directed,1,MENTION,2086360887645130857
2791092159,13615722,Directed,1,REPLY,2086360887645130857
2073751882854776832,13615722,Directed,1,MENTION,2086360770330136647
2073751882854776832,13615722,Directed,1,REPLY,2086360770330136647
2075489885340028928,13615722,Directed,1,MENTION,2086359501138260220
2075489885340028928,13615722,Directed,1,REPLY,2086359501138260220
1845069860243464209,1710380164478373888,Directed,1,MENTION,2086359033905045515
1845069860243464209,13615722,Directed,1,MENTION,2086359033905045515
1845069860243464209,1710380164478373888,Directed,1,REPLY,2086359033905045515
2570450862,13615722,Directed,1,MENTION,2086355959253807175
2570450862,13615722,Directed,1,REPLY,2086355959253807175
79529433,13615722,Directed,1,MENTION,2086355239662125101
79529433,13615722,Directed,1,REPLY,2086355239662125101
1406921190170636288,13615722,Directed,1,REPLY,2086354066137928104
1297944129448685569,13615722,Directed,1,MENTION,2086353101930254664
1297944129448685569,13615722,Directed,1,REPLY,2086353101930254664
1201351299159035904,13615722,Directed,1,MENTION,2086352528040714675
1201351299159035904,13615722,Directed,1,REPLY,2086352528040714675
1869970479882305536,13615722,Directed,1,MENTION,2086351052618739742
1869970479882305536,13615722,Directed,1,REPLY,2086351052618739742
1903026100042862594,57314631,Directed,1,MENTION,2086350781520007434
1903026100042862594,13615722,Directed,2,MENTION,2086350781520007434
1903026100042862594,57314631,Directed,1,REPLY,2086350781520007434
1903026100042862594,1885136846,Directed,1,MENTION,2086350732228448568
1903026100042862594,1885136846,Directed,1,REPLY,2086350732228448568
2074601824405835776,13615722,Directed,1,MENTION,2086349218311016485
2074601824405835776,13615722,Directed,1,REPLY,2086349218311016485
1821761673511768064,13615722,Directed,1,MENTION,2086349131577008415
1821761673511768064,13615722,Directed,1,REPLY,2086349131577008415
2058878687358140417,2044911297905491968,Directed,1,MENTION,2086346519435977073
2058878687358140417,2044911297905491968,Directed,1,REPLY,2086346519435977073
41391166,13615722,Directed,1,MENTION,2086346184076190178
41391166,13615722,Directed,1,REPLY,2086346184076190178
1276954447948550144,13615722,Directed,1,MENTION,2086344698772484536
1276954447948550144,13615722,Directed,1,REPLY,2086344698772484536
1831975758,13615722,Directed,2,MENTION,2086344180381495522
1831975758,13615722,Directed,2,REPLY,2086344180381495522
2073719860366815232,13615722,Directed,1,MENTION,2086343414715494581
2073719860366815232,13615722,Directed,1,REPLY,2086343414715494581
1804711744817770496,13615722,Directed,1,MENTION,2086343261514346770
1804711744817770496,13615722,Directed,1,REPLY,2086343261514346770
2598530965,13615722,Directed,1,MENTION,2086343113271021957
2598530965,13615722,Directed,1,REPLY,2086343113271021957
320146266,13615722,Directed,1,REPLY,2086343084485321157
898800324173074432,13615722,Directed,1,MENTION,2086340881699787083
898800324173074432,13615722,Directed,1,REPLY,2086340881699787083
2297370733,13615722,Directed,1,MENTION,2086340307629527393
2297370733,1676687847636566020,Directed,1,MENTION,2086340307629527393
2297370733,13615722,Directed,1,REPLY,2086340307629527393
2074507407724601344,13615722,Directed,1,MENTION,2086339767390568452
2074507407724601344,13615722,Directed,1,REPLY,2086339767390568452
431815670,759414601729634304,Directed,2,MENTION,2086339739406283104
431815670,13615722,Directed,2,MENTION,2086339739406283104
431815670,759414601729634304,Directed,1,REPLY,2086339739406283104
1805167850031878144,13615722,Directed,1,MENTION,2086339405351137295
1805167850031878144,13615722,Directed,1,REPLY,2086339405351137295
2085720955800723456,13615722,Directed,1,MENTION,2086339033047728189
2085720955800723456,13615722,Directed,1,REPLY,2086339033047728189
759414601729634304,431815670,Directed,1,MENTION,2086338344804397231
759414601729634304,13615722,Directed,1,MENTION,2086338344804397231
759414601729634304,431815670,Directed,1,REPLY,2086338344804397231
431815670,13615722,Directed,1,REPLY,2086337660939915652
260158828,13615722,Directed,1,MENTION,2086335389460029654
260158828,13615722,Directed,1,REPLY,2086335389460029654
433423689,1144878588425986049,Directed,1,MENTION,2086335135893573973
433423689,13615722,Directed,1,MENTION,2086335135893573973
433423689,1144878588425986049,Directed,1,REPLY,2086335135893573973
1984093612976828417,13615722,Directed,1,MENTION,2086334539501015191
1984093612976828417,13615722,Directed,1,REPLY,2086334539501015191
1395770905112895488,1432014119931162629,Directed,1,MENTION,2086334189688049906
1395770905112895488,13615722,Directed,1,MENTION,2086334189688049906
1395770905112895488,1432014119931162629,Directed,1,REPLY,2086334189688049906
952949381153484800,13615722,Directed,1,MENTION,2086333897567006743
952949381153484800,13615722,Directed,1,REPLY,2086333897567006743
254356798,13615722,Directed,1,MENTION,2086333886858948727
254356798,13615722,Directed,1,REPLY,2086333886858948727
1753296875749552128,13615722,Directed,1,MENTION,2086332676689235975
1753296875749552128,13615722,Directed,1,REPLY,2086332676689235975
282307868,13615722,Directed,1,MENTION,2086332269078466646
282307868,13615722,Directed,1,REPLY,2086332269078466646
1873932118067179520,13615722,Directed,1,MENTION,2086331683859501378
1873932118067179520,13615722,Directed,1,REPLY,2086331683859501378
1925409643741970432,13615722,Directed,1,MENTION,2086330954638135617
1925409643741970432,13615722,Directed,1,REPLY,2086330954638135617
1521119873123950592,13615722,Directed,1,MENTION,2086329662901244412
1521119873123950592,13615722,Directed,1,REPLY,2086329662901244412
229719189,13615722,Directed,3,MENTION,2086328992425013331
229719189,13615722,Directed,3,REPLY,2086328992425013331
1885136846,13615722,Directed,1,MENTION,2086324908313776243
1885136846,13615722,Directed,1,REPLY,2086324908313776243
1754988380176134144,13615722,Directed,1,MENTION,2086324643317662105
1754988380176134144,13615722,Directed,1,REPLY,2086324643317662105
2060588880160821248,13615722,Directed,1,MENTION,2086324143482716305
2060588880160821248,13615722,Directed,1,REPLY,2086324143482716305
1423494048,13615722,Directed,1,MENTION,2086321134329377226
1423494048,13615722,Directed,1,REPLY,2086321134329377226
1381838675366060033,837434549801869312,Directed,1,MENTION,2086319825735803202
1381838675366060033,13615722,Directed,2,MENTION,2086319825735803202
1381838675366060033,837434549801869312,Directed,1,REPLY,2086319825735803202
1381838675366060033,1454313562755645440,Directed,1,MENTION,2086319567274422671
1381838675366060033,1454313562755645440,Directed,1,REPLY,2086319567274422671
1952722738990260225,13615722,Directed,1,MENTION,2086319156299706845
1952722738990260225,13615722,Directed,1,REPLY,2086319156299706845
2025336919782031360,57314631,Directed,1,MENTION,2086318637476917326
2025336919782031360,13615722,Directed,1,MENTION,2086318637476917326
2025336919782031360,57314631,Directed,1,REPLY,2086318637476917326
1397742985006120966,13615722,Directed,1,MENTION,2086318090128867804
1397742985006120966,13615722,Directed,1,REPLY,2086318090128867804
1096178244959621120,13615722,Directed,1,MENTION,2086318045748994128
1096178244959621120,13615722,Directed,1,REPLY,2086318045748994128
1863234729962516480,13615722,Directed,1,MENTION,2086313944939958484
1863234729962516480,13615722,Directed,1,REPLY,2086313944939958484
2082422377044996096,13615722,Directed,1,MENTION,2086313654962500012
2082422377044996096,13615722,Directed,1,REPLY,2086313654962500012
2084005084157911040,275614406,Directed,1,MENTION,2086313618304295402
2084005084157911040,275614406,Directed,1,REPLY,2086313618304295402
129553608,13615722,Directed,1,MENTION,2086313149284659494
129553608,13615722,Directed,1,REPLY,2086313149284659494
1325421015665700865,13615722,Directed,1,MENTION,2086311641335898483
1325421015665700865,13615722,Directed,1,REPLY,2086311641335898483
1144878588425986049,13615722,Directed,1,MENTION,2086310114135576907
1144878588425986049,433423689,Directed,1,MENTION,2086310114135576907
1144878588425986049,13615722,Directed,1,REPLY,2086310114135576907
879754775847481344,13615722,Directed,1,MENTION,2086310073475711362
879754775847481344,13615722,Directed,1,REPLY,2086310073475711362
14846703,13615722,Directed,1,REPLY,2086308873158213869
1806100914601590784,13615722,Directed,1,MENTION,2086307252445577264
1806100914601590784,13615722,Directed,1,REPLY,2086307252445577264
2078908046365868033,13615722,Directed,1,MENTION,2086304981259309282
2078908046365868033,13615722,Directed,1,REPLY,2086304981259309282
583483025,13615722,Directed,1,MENTION,2086302796253376693
583483025,13615722,Directed,1,REPLY,2086302796253376693
36825754,57314631,Directed,1,MENTION,2086300883105562918
36825754,13615722,Directed,1,MENTION,2086300883105562918
36825754,57314631,Directed,1,REPLY,2086300883105562918
2084053333287772160,13615722,Directed,1,MENTION,2086300612057092254
2084053333287772160,13615722,Directed,1,REPLY,2086300612057092254
1607854116839260161,13615722,Directed,1,MENTION,2086299969808658517
1607854116839260161,13615722,Directed,1,REPLY,2086299969808658517
1224848681637117952,1902021591959207936,Directed,4,MENTION,2086298227440284023
1224848681637117952,771544908,Directed,3,MENTION,2086298227440284023
1224848681637117952,1869530759654244352,Directed,2,MENTION,2086298227440284023
1224848681637117952,1318419526132862976,Directed,2,MENTION,2086298227440284023
1224848681637117952,13615722,Directed,2,MENTION,2086298227440284023
1224848681637117952,1902021591959207936,Directed,1,REPLY,2086298227440284023
1726992598366035969,13615722,Directed,1,MENTION,2086297227832574367
1726992598366035969,13615722,Directed,1,REPLY,2086297227832574367
1836251273445756928,1637851804707717121,Directed,1,MENTION,2086292492362641740
1836251273445756928,1502361472692895744,Directed,1,MENTION,2086292492362641740
1836251273445756928,1637851804707717121,Directed,1,REPLY,2086292492362641740
35470897,13615722,Directed,1,MENTION,2086290274997735441
35470897,13615722,Directed,1,REPLY,2086290274997735441
1724169874199502848,13615722,Directed,1,MENTION,2086289527975370845
1724169874199502848,13615722,Directed,1,REPLY,2086289527975370845
1658705976114167808,13615722,Directed,2,MENTION,2086287369184133520
1658705976114167808,13615722,Directed,1,REPLY,2086287013142253640
1777720085584429056,16209720,Directed,1,MENTION,2086284773337510044
1777720085584429056,13615722,Directed,1,MENTION,2086284773337510044
1777720085584429056,16209720,Directed,1,REPLY,2086284773337510044
1352267578148855808,275614406,Directed,1,MENTION,2086284447091982600
1352267578148855808,275614406,Directed,1,REPLY,2086284447091982600
1308431113891659777,1559603512723419142,Directed,1,MENTION,2086283898263347645
1308431113891659777,13615722,Directed,1,MENTION,2086283898263347645
1308431113891659777,1559603512723419142,Directed,1,REPLY,2086283898263347645
1793658944252006400,13615722,Directed,1,MENTION,2086281819301814748
1793658944252006400,13615722,Directed,1,REPLY,2086281819301814748
1977088723964801024,13615722,Directed,1,MENTION,2086280126627787140
1977088723964801024,13615722,Directed,1,REPLY,2086280126627787140
1454313562755645440,13615722,Directed,1,MENTION,2086279539563626721
1454313562755645440,13615722,Directed,1,REPLY,2086279539563626721
1363914083586646016,13615722,Directed,1,MENTION,2086278824031900104
1363914083586646016,13615722,Directed,1,REPLY,2086278824031900104
1710380164478373888,13615722,Directed,1,MENTION,2086275870571090379
1710380164478373888,13615722,Directed,1,REPLY,2086275870571090379
57314631,13615722,Directed,1,MENTION,2086271210321826201
57314631,13615722,Directed,1,REPLY,2086271210321826201
1421957142710558731,13615722,Directed,1,MENTION,2086266924728471924
1421957142710558731,13615722,Directed,1,REPLY,2086266924728471924
2082171086653853696,13615722,Directed,1,MENTION,2086264234661257344
2082171086653853696,13615722,Directed,1,REPLY,2086264234661257344
822455640,13615722,Directed,1,MENTION,2086262438568055285
822455640,13615722,Directed,1,REPLY,2086262438568055285
3123114276,13615722,Directed,1,MENTION,2086259976801263848
3123114276,13615722,Directed,1,REPLY,2086259976801263848
1902021591959207936,1224848681637117952,Directed,2,MENTION,2086259116301844726
1902021591959207936,771544908,Directed,2,MENTION,2086259116301844726
1902021591959207936,1869530759654244352,Directed,2,MENTION,2086259116301844726
1902021591959207936,1318419526132862976,Directed,2,MENTION,2086259116301844726
1902021591959207936,13615722,Directed,2,MENTION,2086259116301844726
1902021591959207936,1224848681637117952,Directed,1,REPLY,2086259025797149083
58995630,13615722,Directed,1,MENTION,2086259009112457712
58995630,13615722,Directed,1,REPLY,2086259009112457712
246062786,13615722,Directed,1,MENTION,2086258726067999163
246062786,819632065004109824,Directed,1,MENTION,2086258726067999163
246062786,13615722,Directed,1,REPLY,2086258726067999163
1010975602667606017,13615722,Directed,1,REPLY,2086258110247665843
2000673441683542016,13615722,Directed,2,MENTION,2086257567928311871
2000673441683542016,13615722,Directed,1,REPLY,2086257458767343746
1594046183042793472,13615722,Directed,1,MENTION,2086255589383172428
1594046183042793472,13615722,Directed,1,REPLY,2086255589383172428
1467848753805619202,13615722,Directed,1,MENTION,2086253626566341056
1467848753805619202,13615722,Directed,1,REPLY,2086253626566341056
1224848681637117952,771544908,Directed,1,REPLY,2086252941695144076
771544908,1902021591959207936,Directed,1,MENTION,2086252347962057106
771544908,1224848681637117952,Directed,1,MENTION,2086252347962057106
771544908,1869530759654244352,Directed,1,MENTION,2086252347962057106
771544908,1318419526132862976,Directed,1,MENTION,2086252347962057106
771544908,13615722,Directed,1,MENTION,2086252347962057106
771544908,1902021591959207936,Directed,1,REPLY,2086252347962057106
2068860222026719232,2000218590746972160,Directed,1,MENTION,2086251910961524902
2068860222026719232,13615722,Directed,1,MENTION,2086251910961524902
2068860222026719232,1720665183188922368,Directed,1,MENTION,2086251910961524902
2068860222026719232,2000218590746972160,Directed,1,REPLY,2086251910961524902
1967869913751535616,13615722,Directed,1,MENTION,2086247668225855542
1967869913751535616,13615722,Directed,1,REPLY,2086247668225855542
837434549801869312,13615722,Directed,1,REPLY,2086247096945140078
1513687709906350085,13615722,Directed,1,MENTION,2086244247049585083
1513687709906350085,13615722,Directed,1,REPLY,2086244247049585083
482523339,13615722,Directed,1,MENTION,2086244115008635106
482523339,13615722,Directed,1,REPLY,2086244115008635106
1720665183188922368,2000218590746972160,Directed,1,MENTION,2086242563040620719
1720665183188922368,2000218590746972160,Directed,1,REPLY,2086242563040620719
2000218590746972160,13615722,Directed,1,MENTION,2086242469574767098
2000218590746972160,1720665183188922368,Directed,1,MENTION,2086242469574767098
2000218590746972160,13615722,Directed,1,REPLY,2086242469574767098
1379834346647945216,13615722,Directed,1,MENTION,2086240961479250428
1379834346647945216,13615722,Directed,1,REPLY,2086240961479250428
1362450686202503168,13615722,Directed,1,MENTION,2086237639473017149
1362450686202503168,13615722,Directed,1,REPLY,2086237639473017149
444627839,13615722,Directed,1,MENTION,2086235053164568804
444627839,13615722,Directed,1,REPLY,2086235053164568804
1559603512723419142,13615722,Directed,1,MENTION,2086233907897487619
1559603512723419142,13615722,Directed,1,REPLY,2086233907897487619
275614406,13615722,Directed,1,MENTION,2086232797425910087
275614406,13615722,Directed,1,REPLY,2086232797425910087
1843175560773857280,13615722,Directed,1,MENTION,2086232107836453319
1843175560773857280,13615722,Directed,1,REPLY,2086232107836453319
1117190599713673217,1500129492286820356,Directed,1,MENTION,2086230763997946319
1117190599713673217,13615722,Directed,1,MENTION,2086230763997946319
1117190599713673217,1500129492286820356,Directed,1,REPLY,2086230763997946319
1486224044,13615722,Directed,1,MENTION,2086230012915556662
1486224044,13615722,Directed,1,REPLY,2086230012915556662
2049180663446712320,3314724766,Directed,1,MENTION,2086229096367808769
2049180663446712320,3314724766,Directed,1,REPLY,2086229096367808769
3452202014,13615722,Directed,1,MENTION,2086228916847665467
3452202014,13615722,Directed,1,REPLY,2086228916847665467
2369647436,13615722,Directed,1,MENTION,2086227508861567446
2369647436,13615722,Directed,1,REPLY,2086227508861567446
2039300590015045632,13615722,Directed,1,MENTION,2086226986280570974
2039300590015045632,13615722,Directed,1,REPLY,2086226986280570974
847130132049530880,13615722,Directed,1,MENTION,2086226943028940956
847130132049530880,13615722,Directed,1,REPLY,2086226943028940956
2049180663446712320,2040672628029980672,Directed,1,MENTION,2086225970780836251
2049180663446712320,2040672628029980672,Directed,1,REPLY,2086225970780836251
1500129492286820356,1117190599713673217,Directed,1,MENTION,2086224770186502430
1500129492286820356,13615722,Directed,1,MENTION,2086224770186502430
1500129492286820356,1117190599713673217,Directed,1,REPLY,2086224770186502430
970315836052426752,13615722,Directed,1,MENTION,2086222625446187296
970315836052426752,13615722,Directed,1,REPLY,2086222625446187296
1090778527711014913,13615722,Directed,1,MENTION,2086221878260027850
1090778527711014913,13615722,Directed,1,REPLY,2086221878260027850
2416126860,13615722,Directed,1,MENTION,2086221858114765173
2416126860,13615722,Directed,1,REPLY,2086221858114765173
1808716869135982592,13615722,Directed,14,MENTION,2086218205492641908
1808716869135982592,13615722,Directed,14,REPLY,2086218205492641908
1996873546468048897,13615722,Directed,1,MENTION,2086213200970690824
1996873546468048897,13615722,Directed,1,REPLY,2086213200970690824
1170819736998801408,13615722,Directed,1,MENTION,2086210974315610482
1170819736998801408,13615722,Directed,1,REPLY,2086210974315610482
2082381980809797634,13615722,Directed,1,MENTION,2086209219838058595
2082381980809797634,13615722,Directed,1,REPLY,2086209219838058595
1251220167339712513,13615722,Directed,1,MENTION,2086208670157672830
1251220167339712513,13615722,Directed,1,REPLY,2086208670157672830
2085064742163394560,13615722,Directed,1,MENTION,2086203690604433667
2085064742163394560,13615722,Directed,1,REPLY,2086203690604433667
1177604065,13615722,Directed,1,MENTION,2086198654520750483
1177604065,13615722,Directed,1,REPLY,2086198654520750483
795806303557996544,13615722,Directed,1,MENTION,2086198175140831531
795806303557996544,13615722,Directed,1,REPLY,2086198175140831531
1125575473797505024,13615722,Directed,1,MENTION,2086195665915322470
1125575473797505024,13615722,Directed,1,REPLY,2086195665915322470
1671947316654211083,1679101779122814977,Directed,1,MENTION,2086190406459355535
1671947316654211083,13615722,Directed,1,MENTION,2086190406459355535
1671947316654211083,1679101779122814977,Directed,1,REPLY,2086190406459355535
3438774494,13615722,Directed,1,MENTION,2086189956515393782
3438774494,13615722,Directed,1,REPLY,2086189956515393782
2059900928359276545,13615722,Directed,1,MENTION,2086188831515304274
2059900928359276545,13615722,Directed,1,REPLY,2086188831515304274
1778287470225879040,13615722,Directed,3,MENTION,2086187278893003031
1778287470225879040,13615722,Directed,2,REPLY,2086187278893003031
2071351936767684608,571957508,Directed,1,MENTION,2086183608767967514
2071351936767684608,13615722,Directed,1,MENTION,2086183608767967514
2071351936767684608,571957508,Directed,1,REPLY,2086183608767967514
2029388630440157184,13615722,Directed,2,MENTION,2086179043012169753
2029388630440157184,13615722,Directed,2,REPLY,2086179043012169753
1679101779122814977,13615722,Directed,1,MENTION,2086172830413029694
1679101779122814977,13615722,Directed,1,REPLY,2086172830413029694
1692180199079587840,13615722,Directed,1,MENTION,2086171493461880945
1692180199079587840,13615722,Directed,1,REPLY,2086171493461880945
987719340,1256397282297200642,Directed,2,MENTION,2086168476582871316
987719340,13615722,Directed,3,MENTION,2086168476582871316
987719340,1256397282297200642,Directed,2,REPLY,2086168476582871316
236331846,13615722,Directed,1,MENTION,2086168105949245825
236331846,13615722,Directed,1,REPLY,2086168105949245825
1741153751816454144,13615722,Directed,1,MENTION,2086161883850059902
1741153751816454144,13615722,Directed,1,REPLY,2086161883850059902
1256397282297200642,987719340,Directed,2,MENTION,2086157221876900014
1256397282297200642,13615722,Directed,2,MENTION,2086157221876900014
1256397282297200642,987719340,Directed,2,REPLY,2086157221876900014
1894587314493689859,13615722,Directed,1,MENTION,2086151673895170090
1894587314493689859,13615722,Directed,1,REPLY,2086151673895170090
2701431696,13615722,Directed,1,MENTION,2086151561235804586
2701431696,13615722,Directed,1,REPLY,2086151561235804586
803318368807907329,13615722,Directed,1,MENTION,2086149572674322609
803318368807907329,13615722,Directed,1,REPLY,2086149572674322609
1811529633764114435,13615722,Directed,1,MENTION,2086149109686092238
1811529633764114435,13615722,Directed,1,REPLY,2086149109686092238
1859573851161755651,13615722,Directed,1,MENTION,2086145356119826918
1859573851161755651,13615722,Directed,1,REPLY,2086145356119826918
1489025110312849409,13615722,Directed,1,MENTION,2086143895008850136
1489025110312849409,13615722,Directed,1,REPLY,2086143895008850136
2086130378595516416,27195114,Directed,1,MENTION,2086141594701332562
2086130378595516416,2675359291,Directed,1,MENTION,2086141594701332562
2086130378595516416,1062926939151888385,Directed,1,MENTION,2086141594701332562
2086130378595516416,13615722,Directed,1,MENTION,2086141594701332562
2086130378595516416,16560657,Directed,1,MENTION,2086141594701332562
2086130378595516416,16331010,Directed,1,MENTION,2086141594701332562
1575361286807977985,13615722,Directed,1,MENTION,2086141555111293425
1575361286807977985,13615722,Directed,1,REPLY,2086141555111293425
1493248865176371201,13615722,Directed,1,MENTION,2086134073412514061
1493248865176371201,13615722,Directed,1,REPLY,2086134073412514061
1380144059256307717,13615722,Directed,1,MENTION,2086131861206528099
1380144059256307717,13615722,Directed,1,REPLY,2086131861206528099
222160274,13615722,Directed,1,MENTION,2086125502637482256
222160274,13615722,Directed,1,REPLY,2086125502637482256
14335994,1691314213564952576,Directed,1,MENTION,2086123298065367373
14335994,13615722,Directed,1,MENTION,2086123298065367373
14335994,1691314213564952576,Directed,1,REPLY,2086123298065367373
1710747138987114496,13615722,Directed,1,MENTION,2086122999292277027
1710747138987114496,13615722,Directed,1,REPLY,2086122999292277027
1495198171575861253,13615722,Directed,1,MENTION,2086121595899203615
1495198171575861253,13615722,Directed,1,REPLY,2086121595899203615
1518697440710316033,13615722,Directed,1,MENTION,2086116839852314687
1518697440710316033,13615722,Directed,1,REPLY,2086116839852314687
1508358248335818757,13615722,Directed,1,MENTION,2086116706246647869
1508358248335818757,13615722,Directed,1,REPLY,2086116706246647869
909319628286914560,13615722,Directed,2,MENTION,2086116185373024389
909319628286914560,13615722,Directed,2,REPLY,2086116185373024389
1427030586741465096,13615722,Directed,1,MENTION,2086111082620264754
1427030586741465096,22546706,Directed,1,MENTION,2086111082620264754
1427030586741465096,13615722,Directed,1,REPLY,2086111082620264754
987719340,13615722,Directed,1,REPLY,2086110042143461744
954201896251723776,13615722,Directed,2,MENTION,2086109190712643727
954201896251723776,13615722,Directed,2,REPLY,2086109190712643727
1154553809538076673,13615722,Directed,2,MENTION,2086109120248140031
1154553809538076673,13615722,Directed,2,REPLY,2086109120248140031
1836763695210229760,1901796220487577600,Directed,2,MENTION,2086106233631572288
1836763695210229760,13615722,Directed,2,MENTION,2086106233631572288
1546799420674646021,13615722,Directed,1,MENTION,2086105578196058472
1546799420674646021,13615722,Directed,1,REPLY,2086105578196058472
1622676099397259273,746774577821409280,Directed,8,MENTION,2086101031491182833
1622676099397259273,13615722,Directed,10,MENTION,2086101031491182833
1622676099397259273,746774577821409280,Directed,4,REPLY,2086100804365332573
407540415,13615722,Directed,1,MENTION,2086099690245050486
407540415,13615722,Directed,1,REPLY,2086099690245050486
2077432174631108608,13615722,Directed,1,MENTION,2086099057194467381
2077432174631108608,13615722,Directed,1,REPLY,2086099057194467381
2051436375363231744,13615722,Directed,1,MENTION,2086097717843894377
2051436375363231744,13615722,Directed,1,REPLY,2086097717843894377
35188637,13615722,Directed,2,MENTION,2086093108278702356
35188637,13615722,Directed,2,REPLY,2086093108278702356
1661081065644015625,13615722,Directed,1,MENTION,2086091666276954473
1661081065644015625,13615722,Directed,1,REPLY,2086091666276954473
1723229757293436928,13615722,Directed,1,MENTION,2086086215187468586
1723229757293436928,13615722,Directed,1,REPLY,2086086215187468586
1658269916867223553,13615722,Directed,1,MENTION,2086084392145809579
1658269916867223553,13615722,Directed,1,REPLY,2086084392145809579
1431787620376457225,13615722,Directed,1,MENTION,2086082078064459985
1431787620376457225,13615722,Directed,1,REPLY,2086082078064459985
933535439759249409,13615722,Directed,1,MENTION,2086082062206001594
933535439759249409,13615722,Directed,1,REPLY,2086082062206001594
1411043846,13615722,Directed,1,MENTION,2086080534598336605
1411043846,13615722,Directed,1,REPLY,2086080534598336605
843048190421221377,13615722,Directed,1,MENTION,2086079490036228584
843048190421221377,13615722,Directed,1,REPLY,2086079490036228584
25216551,13615722,Directed,1,MENTION,2086079232635998688
25216551,13615722,Directed,1,REPLY,2086079232635998688
1720665183188922368,176126108,Directed,2,MENTION,2086076538303254781
1720665183188922368,216776631,Directed,1,MENTION,2086076538303254781
1720665183188922368,176126108,Directed,2,REPLY,2086076538303254781
176126108,1720665183188922368,Directed,2,MENTION,2086076358283681842
176126108,216776631,Directed,1,MENTION,2086076358283681842
176126108,1720665183188922368,Directed,1,REPLY,2086076358283681842
1778287470225879040,1618594105201664001,Directed,1,MENTION,2086076267883905262
1778287470225879040,1618594105201664001,Directed,1,REPLY,2086076267883905262
1775282139283722240,13615722,Directed,1,MENTION,2086074308946743451
1775282139283722240,13615722,Directed,1,REPLY,2086074308946743451
1250328353703256064,13615722,Directed,1,MENTION,2086073638944444502
1250328353703256064,13615722,Directed,1,REPLY,2086073638944444502
3055069914,13615722,Directed,1,MENTION,2086071840728842595
3055069914,13615722,Directed,1,REPLY,2086071840728842595
1184612852688134144,13615722,Directed,1,MENTION,2086070553756958984
1184612852688134144,13615722,Directed,1,REPLY,2086070553756958984
403823244,13615722,Directed,1,MENTION,2086070178781991173
403823244,13615722,Directed,1,REPLY,2086070178781991173
1291884978381508608,13615722,Directed,1,MENTION,2086066988468555896
1291884978381508608,13615722,Directed,1,REPLY,2086066988468555896
1618594105201664001,1778287470225879040,Directed,1,MENTION,2086065948662939911
1618594105201664001,13615722,Directed,1,MENTION,2086065948662939911
1618594105201664001,1778287470225879040,Directed,1,REPLY,2086065948662939911
1628760738251538434,13615722,Directed,1,MENTION,2086063820682760537
1628760738251538434,13615722,Directed,1,REPLY,2086063820682760537
947511503292436481,13615722,Directed,1,MENTION,2086058042416582764
947511503292436481,13615722,Directed,1,REPLY,2086058042416582764
1780322362841247744,13615722,Directed,1,MENTION,2086049576528597445
1780322362841247744,13615722,Directed,1,REPLY,2086049576528597445
2607367921,13615722,Directed,1,MENTION,2086045800250126588
2607367921,13615722,Directed,1,REPLY,2086045800250126588
2064302759956918273,13615722,Directed,1,MENTION,2086045713708855434
2064302759956918273,13615722,Directed,1,REPLY,2086045713708855434
1594351449131175937,13615722,Directed,1,MENTION,2086044577987690928
1594351449131175937,13615722,Directed,1,REPLY,2086044577987690928
2002843858762362880,13615722,Directed,2,MENTION,2086034876814291397
2002843858762362880,13615722,Directed,2,REPLY,2086034876814291397
1414478214848606210,13615722,Directed,1,MENTION,2086033859624260039
1414478214848606210,13615722,Directed,1,REPLY,2086033859624260039
1150491127457488902,13615722,Directed,1,MENTION,2086033844331741323
1150491127457488902,13615722,Directed,1,REPLY,2086033844331741323
1696798903516217344,13615722,Directed,1,MENTION,2086027951771168841
1696798903516217344,13615722,Directed,1,REPLY,2086027951771168841
2040672628029980672,13615722,Directed,1,MENTION,2086023226954846489
2040672628029980672,13615722,Directed,1,REPLY,2086023226954846489
746774577821409280,1622676099397259273,Directed,4,MENTION,2086021108008882193
746774577821409280,13615722,Directed,8,MENTION,2086021108008882193
746774577821409280,1622676099397259273,Directed,3,REPLY,2086021108008882193
746774577821409280,2607306705,Directed,2,MENTION,2086020331353809133
746774577821409280,2607306705,Directed,2,REPLY,2086020331353809133
257805699,13615722,Directed,1,MENTION,2086016079328080291
257805699,13615722,Directed,1,REPLY,2086016079328080291
437953142,13615722,Directed,1,MENTION,2086012155241931087
437953142,13615722,Directed,1,REPLY,2086012155241931087
897715606396567553,13615722,Directed,1,MENTION,2086007604967330097
897715606396567553,13615722,Directed,1,REPLY,2086007604967330097
1945646082358222848,13615722,Directed,1,MENTION,2086006362203423112
1945646082358222848,13615722,Directed,1,REPLY,2086006362203423112
1714775222111404032,13615722,Directed,1,MENTION,2086006207949496362
1714775222111404032,13615722,Directed,1,REPLY,2086006207949496362
1553041932334530560,13615722,Directed,1,MENTION,2086003435455848568
1553041932334530560,13615722,Directed,1,REPLY,2086003435455848568
945075371010965504,13615722,Directed,1,MENTION,2085998175165567241
945075371010965504,13615722,Directed,1,REPLY,2085998175165567241
571957508,13615722,Directed,1,REPLY,2085998171079999818
1762094854744756224,1379546016,Directed,1,MENTION,2085997689926516870
1762094854744756224,1379546016,Directed,1,REPLY,2085997689926516870
1358789021036466178,13615722,Directed,2,MENTION,2085993265858564213
1358789021036466178,13615722,Directed,2,REPLY,2085993265858564213
1725170485,13615722,Directed,1,MENTION,2085991288696901944
1725170485,13615722,Directed,1,REPLY,2085991288696901944
1832876579841552384,13615722,Directed,1,MENTION,2085989437796716577
1832876579841552384,13615722,Directed,1,REPLY,2085989437796716577
47030949,13615722,Directed,1,MENTION,2085984439226732707
47030949,13615722,Directed,1,REPLY,2085984439226732707
1644445131792355332,13615722,Directed,1,MENTION,2085980781676236820
1644445131792355332,13615722,Directed,1,REPLY,2085980781676236820
1527891174974971904,13615722,Directed,1,MENTION,2085979694634086483
1527891174974971904,13615722,Directed,1,REPLY,2085979694634086483
1105367338420002817,13615722,Directed,1,MENTION,2085975135681700251
1105367338420002817,13615722,Directed,1,REPLY,2085975135681700251
1496956173811077123,13615722,Directed,1,MENTION,2085974978730631429
1496956173811077123,13615722,Directed,1,REPLY,2085974978730631429
36442329,13615722,Directed,1,MENTION,2085973537861288309
36442329,13615722,Directed,1,REPLY,2085973537861288309
2085811306427564032,13615722,Directed,2,MENTION,2085973412556537919
2085811306427564032,13615722,Directed,2,REPLY,2085973412556537919
113869339,13615722,Directed,1,MENTION,2085971470518554967
113869339,13615722,Directed,1,REPLY,2085971470518554967
3515459657,13615722,Directed,1,MENTION,2085964469205954728
3515459657,13615722,Directed,1,REPLY,2085964469205954728
1154208580729475073,13615722,Directed,1,MENTION,2085948095318172130
1154208580729475073,13615722,Directed,1,REPLY,2085948095318172130
1299389141436624896,13615722,Directed,3,MENTION,2085941664309498320
1299389141436624896,13615722,Directed,3,REPLY,2085941664309498320
753053686981459968,13615722,Directed,1,MENTION,2085932624300605611
753053686981459968,13615722,Directed,1,REPLY,2085932624300605611
1714505938596466688,1582254794898653185,Directed,1,MENTION,2085932305902719410
1714505938596466688,13615722,Directed,1,MENTION,2085932305902719410
1714505938596466688,1582254794898653185,Directed,1,REPLY,2085932305902719410
1016101804981960704,13615722,Directed,1,MENTION,2085931737713115163
1016101804981960704,13615722,Directed,1,REPLY,2085931737713115163
1379546016,1762094854744756224,Directed,1,MENTION,2085927693355491607
1379546016,13615722,Directed,1,MENTION,2085927693355491607
1379546016,1762094854744756224,Directed,1,REPLY,2085927693355491607
1442695912304820226,13615722,Directed,1,MENTION,2085926179605749826
1442695912304820226,13615722,Directed,1,REPLY,2085926179605749826
1567925953451491330,1520091653167529985,Directed,1,MENTION,2085925050268397937
1567925953451491330,13615722,Directed,1,MENTION,2085925050268397937
1567925953451491330,1520091653167529985,Directed,1,REPLY,2085925050268397937
2074524394941263872,13615722,Directed,3,MENTION,2085915468561543628
2085850630283751426,13615722,Directed,1,MENTION,2085905037054681390
2085850630283751426,13615722,Directed,1,REPLY,2085905037054681390
1863445382212034561,13615722,Directed,1,MENTION,2085903841757700494
1863445382212034561,13615722,Directed,1,REPLY,2085903841757700494
2079244083386597378,13615722,Directed,1,MENTION,2085896070370865292
2079244083386597378,13615722,Directed,1,REPLY,2085896070370865292
2610932897,13615722,Directed,1,MENTION,2085895578261823831
2610932897,13615722,Directed,1,REPLY,2085895578261823831
1321879015351898119,13615722,Directed,1,MENTION,2085889769188266085
1321879015351898119,13615722,Directed,1,REPLY,2085889769188266085
2607306705,746774577821409280,Directed,2,MENTION,2085889040822239656
2607306705,13615722,Directed,2,MENTION,2085889040822239656
2607306705,746774577821409280,Directed,2,REPLY,2085889040822239656
3314724766,13615722,Directed,1,MENTION,2085886064367894736
3314724766,13615722,Directed,1,REPLY,2085886064367894736
1651158115092406272,13615722,Directed,1,MENTION,2085885251708915837
1651158115092406272,13615722,Directed,1,REPLY,2085885251708915837
1328172971559690240,13615722,Directed,1,MENTION,2085875181097017602
1328172971559690240,13615722,Directed,1,REPLY,2085875181097017602
1495453756418363397,13615722,Directed,2,MENTION,2085872596097081764
1495453756418363397,13615722,Directed,2,REPLY,2085872596097081764
800736528586534912,13615722,Directed,1,MENTION,2085869657639321830
800736528586534912,13615722,Directed,1,REPLY,2085869657639321830
152555498,13615722,Directed,1,MENTION,2085868268712034335
152555498,13615722,Directed,1,REPLY,2085868268712034335
1420411778698252289,13615722,Directed,1,MENTION,2085861647776678143
1420411778698252289,13615722,Directed,1,REPLY,2085861647776678143
744626874006052869,13615722,Directed,1,MENTION,2085856130618552755
744626874006052869,13615722,Directed,1,REPLY,2085856130618552755
909766548830785536,1263126870033420290,Directed,1,MENTION,2085847398404759850
909766548830785536,13615722,Directed,1,MENTION,2085847398404759850
909766548830785536,1263126870033420290,Directed,1,REPLY,2085847398404759850
2073520175362826240,13615722,Directed,1,MENTION,2085847068715909349
2073520175362826240,13615722,Directed,1,REPLY,2085847068715909349
54364999,13615722,Directed,1,MENTION,2085844135773397221
54364999,13615722,Directed,1,REPLY,2085844135773397221
1936907829082034177,13615722,Directed,1,MENTION,2085843305196384380
1936907829082034177,13615722,Directed,1,REPLY,2085843305196384380
2071327327749902336,13615722,Directed,1,MENTION,2085843196500992062
2071327327749902336,13615722,Directed,1,REPLY,2085843196500992062
2085817303501836288,13615722,Directed,1,MENTION,2085840295212572686
2085817303501836288,13615722,Directed,1,REPLY,2085840295212572686
265008268,13615722,Directed,1,MENTION,2085839522311688362
265008268,13615722,Directed,1,REPLY,2085839522311688362
1747314306943799296,13615722,Directed,1,MENTION,2085837504670785795
1747314306943799296,13615722,Directed,1,REPLY,2085837504670785795
2625004903,13615722,Directed,1,MENTION,2085837117049970746
2625004903,13615722,Directed,1,REPLY,2085837117049970746
19707808,13615722,Directed,1,MENTION,2085836506086691322
19707808,13615722,Directed,1,REPLY,2085836506086691322
1038931699353223168,13615722,Directed,1,MENTION,2085832816508407864
1038931699353223168,13615722,Directed,1,REPLY,2085832816508407864
1582254794898653185,13615722,Directed,1,MENTION,2085830546018504770
1582254794898653185,13615722,Directed,1,REPLY,2085830546018504770
1786355634876620801,13615722,Directed,1,MENTION,2085830069638111374
1786355634876620801,13615722,Directed,1,REPLY,2085830069638111374
1258832075760771080,13615722,Directed,5,MENTION,2085823250391855408
1258832075760771080,13615722,Directed,5,REPLY,2085823250391855408
1484772609304764416,1003355830023008257,Directed,1,MENTION,2085818612946804788
1484772609304764416,13615722,Directed,1,MENTION,2085818612946804788
1484772609304764416,1003355830023008257,Directed,1,REPLY,2085818612946804788
781156393156050944,612277353,Directed,1,MENTION,2085805083753624027
781156393156050944,13615722,Directed,2,MENTION,2085805083753624027
781156393156050944,612277353,Directed,1,REPLY,2085805083753624027
264701070,1955986072086982656,Directed,1,MENTION,2085802044720640286
264701070,13615722,Directed,1,MENTION,2085802044720640286
264701070,1955986072086982656,Directed,1,REPLY,2085802044720640286
2040084365359689728,13615722,Directed,2,MENTION,2085800130548990102
2040084365359689728,13615722,Directed,2,REPLY,2085800130548990102
1126694099115839489,1490007854077857792,Directed,1,MENTION,2085799957181649032
1126694099115839489,13615722,Directed,1,MENTION,2085799957181649032
1126694099115839489,1490007854077857792,Directed,1,REPLY,2085799957181649032
1566403112381943809,13615722,Directed,1,MENTION,2085799160523976908
1566403112381943809,13615722,Directed,1,REPLY,2085799160523976908
1490007854077857792,13615722,Directed,1,MENTION,2085796604527919569
1490007854077857792,13615722,Directed,1,REPLY,2085796604527919569
612277353,781156393156050944,Directed,1,MENTION,2085794453596647588
612277353,13615722,Directed,1,MENTION,2085794453596647588
612277353,781156393156050944,Directed,1,REPLY,2085794453596647588
1533481768283783171,13615722,Directed,1,MENTION,2085793406471598175
1533481768283783171,13615722,Directed,1,REPLY,2085793406471598175
1299027393290657793,13615722,Directed,1,MENTION,2085793141982957903
1299027393290657793,1382941917051301888,Directed,1,MENTION,2085793141982957903
1299027393290657793,13615722,Directed,1,REPLY,2085793141982957903
996848443065815042,13615722,Directed,2,MENTION,2085792733411578319
996848443065815042,13615722,Directed,2,REPLY,2085792733411578319
891596496595976192,13615722,Directed,2,MENTION,2085790085308399894
891596496595976192,13615722,Directed,2,REPLY,2085790085308399894
20411500,13615722,Directed,1,MENTION,2085790078270574630
20411500,13615722,Directed,1,REPLY,2085790078270574630
388514928,13615722,Directed,1,MENTION,2085789320212840611
388514928,13615722,Directed,1,REPLY,2085789320212840611
1667106382611378177,13615722,Directed,1,MENTION,2085786935813882123
1667106382611378177,13615722,Directed,1,REPLY,2085786935813882123
1559917813334249480,13615722,Directed,1,MENTION,2085786000949711073
1559917813334249480,13615722,Directed,1,REPLY,2085786000949711073
1808716869135982592,142393421,Directed,1,MENTION,2085785600347557910
2045288527416467456,13615722,Directed,1,MENTION,2085783409511535016
2045288527416467456,13615722,Directed,1,REPLY,2085783409511535016
1598671633186693125,13615722,Directed,3,MENTION,2085782033012257240
1598671633186693125,13615722,Directed,3,REPLY,2085782033012257240
448250241,13615722,Directed,1,MENTION,2085780563756036567
448250241,13615722,Directed,1,REPLY,2085780563756036567
1622676099397259273,1418206897694404616,Directed,2,MENTION,2085778815650042138
1622676099397259273,1418206897694404616,Directed,1,REPLY,2085778194347729063
745998180,13615722,Directed,1,MENTION,2085778125732901239
745998180,13615722,Directed,1,REPLY,2085778125732901239
1657524286876205058,2051942423954165765,Directed,1,MENTION,2085777251082400199
1657524286876205058,13615722,Directed,1,MENTION,2085777251082400199
1657524286876205058,2051942423954165765,Directed,1,REPLY,2085777251082400199
1617261336706125825,1258832075760771080,Directed,1,MENTION,2085774654807900358
1617261336706125825,13615722,Directed,1,MENTION,2085774654807900358
1617261336706125825,1258832075760771080,Directed,1,REPLY,2085774654807900358
30488585,1955986072086982656,Directed,1,MENTION,2085774571127423352
30488585,13615722,Directed,1,MENTION,2085774571127423352
30488585,1955986072086982656,Directed,1,REPLY,2085774571127423352
1520091653167529985,13615722,Directed,1,MENTION,2085767521316004178
1520091653167529985,13615722,Directed,1,REPLY,2085767521316004178
4795224147,13615722,Directed,1,MENTION,2085766387616662002
4795224147,13615722,Directed,1,REPLY,2085766387616662002
1955986072086982656,1659158042787602434,Directed,2,MENTION,2085765219163209949
1955986072086982656,13615722,Directed,7,MENTION,2085765219163209949
1955986072086982656,1659158042787602434,Directed,2,REPLY,2085765219163209949
1893446579450978307,1918652762864418816,Directed,1,MENTION,2085764102203322791
1893446579450978307,1056678509467316224,Directed,1,MENTION,2085764102203322791
1893446579450978307,13615722,Directed,2,MENTION,2085764102203322791
1893446579450978307,1918652762864418816,Directed,1,REPLY,2085764102203322791
1378082963020206086,1766574344547729408,Directed,1,MENTION,2085758306392383741
1378082963020206086,13615722,Directed,1,MENTION,2085758306392383741
1378082963020206086,1766574344547729408,Directed,1,REPLY,2085758306392383741
1659158042787602434,1955986072086982656,Directed,2,MENTION,2085758022891016432
1659158042787602434,1955986072086982656,Directed,2,REPLY,2085758022891016432
781156393156050944,13615722,Directed,1,REPLY,2085756424668291294
1003265947782844417,1358616833079738368,Directed,1,MENTION,2085756023629897836
1003265947782844417,13615722,Directed,1,MENTION,2085756023629897836
299968079,13615722,Directed,1,MENTION,2085755310669451481
299968079,13615722,Directed,1,REPLY,2085755310669451481
1934542774893936640,2067200014108004353,Directed,1,MENTION,2085753156206792719
1934542774893936640,2821771308,Directed,1,MENTION,2085753156206792719
1934542774893936640,13615722,Directed,1,MENTION,2085753156206792719
1934542774893936640,37853921,Directed,1,MENTION,2085753156206792719
1934542774893936640,2067200014108004353,Directed,1,REPLY,2085753156206792719
1659901802882449411,13615722,Directed,1,MENTION,2085751949815685208
1659901802882449411,13615722,Directed,1,REPLY,2085751949815685208
1958262854693408768,13615722,Directed,1,MENTION,2085751490883338467
1958262854693408768,13615722,Directed,1,REPLY,2085751490883338467
1203161083399290880,1955986072086982656,Directed,2,MENTION,2085751302743572691
1203161083399290880,1861115226726469632,Directed,2,MENTION,2085751302743572691
1203161083399290880,13615722,Directed,2,MENTION,2085751302743572691
1203161083399290880,1955986072086982656,Directed,2,REPLY,2085751302743572691
1054451011455275015,1622676099397259273,Directed,1,MENTION,2085748698961641532
1054451011455275015,746774577821409280,Directed,1,MENTION,2085748698961641532
1054451011455275015,13615722,Directed,1,MENTION,2085748698961641532
1054451011455275015,1622676099397259273,Directed,1,REPLY,2085748698961641532
1893324545949405184,892047433689157633,Directed,1,MENTION,2085748645643624901
1893324545949405184,13615722,Directed,1,MENTION,2085748645643624901
1893324545949405184,892047433689157633,Directed,1,REPLY,2085748645643624901
91573905,13615722,Directed,1,MENTION,2085745434274783239
91573905,13615722,Directed,1,REPLY,2085745434274783239
915650780681695232,1691314213564952576,Directed,1,MENTION,2085744353209729067
915650780681695232,13615722,Directed,1,MENTION,2085744353209729067
915650780681695232,1691314213564952576,Directed,1,REPLY,2085744353209729067
1405073891790397442,13615722,Directed,1,MENTION,2085743986891706596
1405073891790397442,13615722,Directed,1,REPLY,2085743986891706596
129198252,13615722,Directed,1,MENTION,2085743528714592288
129198252,13615722,Directed,1,REPLY,2085743528714592288
1416804807440879619,13615722,Directed,1,MENTION,2085742814982516928
1416804807440879619,13615722,Directed,1,REPLY,2085742814982516928
2938747526,13615722,Directed,1,MENTION,2085742795004747855
2938747526,2592151984,Directed,1,QUOTE,2085742795004747855
1836763695210229760,1901796220487577600,Directed,1,REPLY,2085742238080835898
1901796220487577600,13615722,Directed,1,MENTION,2085742148800913541
1901796220487577600,1836763695210229760,Directed,1,MENTION,2085742148800913541
1901796220487577600,13615722,Directed,1,REPLY,2085742148800913541
2045759886617612288,13615722,Directed,1,MENTION,2085741729076990419
2045759886617612288,13615722,Directed,1,REPLY,2085741729076990419
2274320352,13615722,Directed,1,MENTION,2085741649494172032
2274320352,13615722,Directed,1,REPLY,2085741649494172032
1101556663117668352,13615722,Directed,1,MENTION,2085741005945663712
1101556663117668352,13615722,Directed,1,REPLY,2085741005945663712
1324412435571240960,13615722,Directed,2,MENTION,2085740993689821195
1324412435571240960,13615722,Directed,2,REPLY,2085740993689821195
1918652762864418816,1056678509467316224,Directed,1,MENTION,2085732911157002622
1918652762864418816,1893446579450978307,Directed,1,MENTION,2085732911157002622
1918652762864418816,13615722,Directed,1,MENTION,2085732911157002622
1918652762864418816,1056678509467316224,Directed,1,REPLY,2085732911157002622
1833422549109075968,1955986072086982656,Directed,1,MENTION,2085732889849913531
1833422549109075968,1121148717028052993,Directed,1,MENTION,2085732889849913531
1833422549109075968,13615722,Directed,1,MENTION,2085732889849913531
1833422549109075968,1955986072086982656,Directed,1,REPLY,2085732889849913531
1937872724841418752,1874909057565528064,Directed,1,MENTION,2085732035948143051
1937872724841418752,13615722,Directed,1,MENTION,2085732035948143051
1937872724841418752,1874909057565528064,Directed,1,REPLY,2085732035948143051
1596975904797884417,13615722,Directed,1,MENTION,2085732013701538203
1596975904797884417,13615722,Directed,1,REPLY,2085732013701538203
1756808309007372288,13615722,Directed,2,MENTION,2085731867517501784
1756808309007372288,13615722,Directed,2,REPLY,2085731867517501784
19005025,2456419389,Directed,1,MENTION,2085731575849763326
19005025,13615722,Directed,2,MENTION,2085731575849763326
19005025,2456419389,Directed,1,REPLY,2085731575849763326
19005025,14605267,Directed,1,MENTION,2085730921672479079
19005025,14605267,Directed,1,REPLY,2085730921672479079
289492959,197654816,Directed,1,MENTION,2085730882963308995
289492959,13615722,Directed,1,MENTION,2085730882963308995
289492959,197654816,Directed,1,REPLY,2085730882963308995
1885904090414325760,13615722,Directed,1,MENTION,2085730562866573778
1885904090414325760,13615722,Directed,1,REPLY,2085730562866573778
177894065,13615722,Directed,1,MENTION,2085730530721714395
177894065,13615722,Directed,1,REPLY,2085730530721714395
2002771187462799361,13615722,Directed,3,MENTION,2085730227511042197
2002771187462799361,13615722,Directed,3,REPLY,2085730227511042197
2173110415,13615722,Directed,1,MENTION,2085728872956412298
2173110415,13615722,Directed,1,REPLY,2085728872956412298
197654816,13615722,Directed,1,MENTION,2085728553383928306
197654816,289492959,Directed,1,MENTION,2085728553383928306
197654816,13615722,Directed,1,REPLY,2085728553383928306
1878772517730717696,13615722,Directed,1,MENTION,2085726118280102368
1878772517730717696,13615722,Directed,1,REPLY,2085726118280102368
1649425628284829696,13615722,Directed,1,MENTION,2085725074250756547
1649425628284829696,13615722,Directed,1,QUOTE,2085725074250756547
1649425628284829696,13615722,Directed,1,REPLY,2085725074250756547
1437545764046188544,13615722,Directed,1,MENTION,2085724872546590882
1437545764046188544,13615722,Directed,1,REPLY,2085724872546590882
1955986072086982656,1203161083399290880,Directed,1,MENTION,2085724259154870436
1955986072086982656,1861115226726469632,Directed,3,MENTION,2085724259154870436
1955986072086982656,1203161083399290880,Directed,1,REPLY,2085724259154870436
2462374422,13615722,Directed,1,MENTION,2085722779689644529
2462374422,13615722,Directed,1,REPLY,2085722779689644529
1776840399476162560,1356438248717864960,Directed,2,MENTION,2085721975347884067
1776840399476162560,13615722,Directed,2,MENTION,2085721975347884067
1776840399476162560,1356438248717864960,Directed,2,REPLY,2085721975347884067
1582067038297767936,13615722,Directed,1,MENTION,2085721613882773977
1582067038297767936,13615722,Directed,1,REPLY,2085721613882773977
1056678509467316224,1893446579450978307,Directed,1,MENTION,2085721086772011216
1056678509467316224,13615722,Directed,1,MENTION,2085721086772011216
1056678509467316224,1893446579450978307,Directed,1,REPLY,2085721086772011216
124838385,13615722,Directed,1,MENTION,2085720286104547482
124838385,13615722,Directed,1,REPLY,2085720286104547482
516332802,517572119,Directed,1,MENTION,2085719095425577202
516332802,13615722,Directed,1,MENTION,2085719095425577202
516332802,517572119,Directed,1,REPLY,2085719095425577202
1509164457024532481,13615722,Directed,1,MENTION,2085718785353298205
1509164457024532481,13615722,Directed,1,REPLY,2085718785353298205
184797947,13615722,Directed,1,MENTION,2085718285937426655
184797947,13615722,Directed,1,REPLY,2085718285937426655
1174352905241026560,13615722,Directed,1,MENTION,2085718039652098231
1174352905241026560,13615722,Directed,1,REPLY,2085718039652098231
62583682,13615722,Directed,1,MENTION,2085717385420456335
62583682,13615722,Directed,1,REPLY,2085717385420456335
2058067083460538368,13615722,Directed,1,MENTION,2085717183728943445
2058067083460538368,13615722,Directed,1,REPLY,2085717183728943445
1955986072086982656,1861115226726469632,Directed,2,REPLY,2085715472889094551
1861115226726469632,1955986072086982656,Directed,2,MENTION,2085714790656192548
1861115226726469632,13615722,Directed,2,MENTION,2085714790656192548
1861115226726469632,1955986072086982656,Directed,2,REPLY,2085714790656192548
1856798259156557824,13615722,Directed,1,MENTION,2085714779700682839
1856798259156557824,13615722,Directed,1,REPLY,2085714779700682839
872108779072106497,13615722,Directed,1,MENTION,2085714729763213383
872108779072106497,13615722,Directed,1,REPLY,2085714729763213383
1955986072086982656,1121148717028052993,Directed,1,MENTION,2085713724665401751
1955986072086982656,1121148717028052993,Directed,1,REPLY,2085713724665401751
1781472510766452736,13615722,Directed,1,MENTION,2085713673994289572
1781472510766452736,13615722,Directed,1,REPLY,2085713673994289572
1491361752931577857,149955540,Directed,1,MENTION,2085713239652921564
1491361752931577857,13615722,Directed,1,MENTION,2085713239652921564
1491361752931577857,149955540,Directed,1,REPLY,2085713239652921564
1751318590022619136,13615722,Directed,1,MENTION,2085713116436865513
1751318590022619136,13615722,Directed,1,REPLY,2085713116436865513
432843253,13615722,Directed,1,MENTION,2085712288556744922
432843253,1544004440256020482,Directed,1,MENTION,2085712288556744922
432843253,53726032,Directed,1,MENTION,2085712288556744922
432843253,13615722,Directed,1,REPLY,2085712288556744922
806002454781423617,13615722,Directed,1,MENTION,2085711754949251203
806002454781423617,13615722,Directed,1,REPLY,2085711754949251203
2180397547,149955540,Directed,2,MENTION,2085710935142908274
2180397547,13615722,Directed,2,MENTION,2085710935142908274
2180397547,149955540,Directed,2,REPLY,2085710935142908274
746774577821409280,849566751130038273,Directed,1,MENTION,2085710153358160110
1889670389745459204,13615722,Directed,1,MENTION,2085707930641334602
1889670389745459204,13615722,Directed,1,REPLY,2085707930641334602
1421465173106307078,13615722,Directed,1,MENTION,2085707594769785178
1421465173106307078,13615722,Directed,1,REPLY,2085707594769785178
4250769213,14605267,Directed,1,MENTION,2085703768235209032
4250769213,13615722,Directed,1,MENTION,2085703768235209032
4250769213,14605267,Directed,1,REPLY,2085703768235209032
1506358537987018752,13615722,Directed,1,MENTION,2085701307793318219
1506358537987018752,13615722,Directed,1,REPLY,2085701307793318219
1806160244684607488,13615722,Directed,1,MENTION,2085700459944419551
1806160244684607488,13615722,Directed,1,REPLY,2085700459944419551
1921820331364462592,13615722,Directed,1,MENTION,2085700049762451462
1921820331364462592,13615722,Directed,1,REPLY,2085700049762451462
1418206897694404616,1622676099397259273,Directed,1,MENTION,2085699817766850736
1418206897694404616,746774577821409280,Directed,1,MENTION,2085699817766850736
1418206897694404616,13615722,Directed,1,MENTION,2085699817766850736
1418206897694404616,1622676099397259273,Directed,1,REPLY,2085699817766850736
1970276203945742336,13615722,Directed,1,MENTION,2085699383564099889
1970276203945742336,13615722,Directed,1,REPLY,2085699383564099889
2464846663,13615722,Directed,1,MENTION,2085698433495470409
2464846663,13615722,Directed,1,REPLY,2085698433495470409
1742774637879283715,13615722,Directed,1,MENTION,2085697941411631141
1742774637879283715,13615722,Directed,1,REPLY,2085697941411631141
1893446579450978307,13615722,Directed,1,REPLY,2085697296402907201
731818449777786881,13615722,Directed,1,MENTION,2085696070936580526
731818449777786881,13615722,Directed,1,REPLY,2085696070936580526
1375413747792109570,13615722,Directed,2,MENTION,2085694198754238555
1375413747792109570,13615722,Directed,1,REPLY,2085694198754238555
4099448735,13615722,Directed,1,MENTION,2085693824920105342
4099448735,13615722,Directed,1,REPLY,2085693824920105342
1375413747792109570,1922263391751553024,Directed,1,MENTION,2085693799599165689
1375413747792109570,1922263391751553024,Directed,1,REPLY,2085693799599165689
1498128432450129923,13615722,Directed,1,MENTION,2085692491102335272
1498128432450129923,13615722,Directed,1,REPLY,2085692491102335272
433413611,2456419389,Directed,4,MENTION,2085692424114819562
433413611,2814511476,Directed,5,MENTION,2085692424114819562
433413611,13615722,Directed,5,MENTION,2085692424114819562
433413611,2456419389,Directed,2,REPLY,2085692424114819562
751304896087928833,433413611,Directed,3,MENTION,2085692113736306760
751304896087928833,2456419389,Directed,3,MENTION,2085692113736306760
751304896087928833,2814511476,Directed,3,MENTION,2085692113736306760
751304896087928833,13615722,Directed,3,MENTION,2085692113736306760
751304896087928833,433413611,Directed,1,QUOTE,2085692113736306760
751304896087928833,433413611,Directed,3,REPLY,2085692113736306760
1176856188933332992,1955986072086982656,Directed,1,MENTION,2085691151923699810
1176856188933332992,13615722,Directed,1,MENTION,2085691151923699810
1176856188933332992,1955986072086982656,Directed,1,REPLY,2085691151923699810
1121148717028052993,1955986072086982656,Directed,1,MENTION,2085691133980487800
1121148717028052993,13615722,Directed,1,MENTION,2085691133980487800
1121148717028052993,1955986072086982656,Directed,1,REPLY,2085691133980487800
2456419389,433413611,Directed,1,MENTION,2085690626671006094
2456419389,2814511476,Directed,2,MENTION,2085690626671006094
2456419389,433413611,Directed,1,REPLY,2085690626671006094
1111928080019451904,13615722,Directed,1,MENTION,2085690347791831329
1111928080019451904,13615722,Directed,1,REPLY,2085690347791831329
102228507,13615722,Directed,1,MENTION,2085690331899527500
102228507,13615722,Directed,1,REPLY,2085690331899527500
433413611,751304896087928833,Directed,2,MENTION,2085690136277254182
433413611,751304896087928833,Directed,2,REPLY,2085690136277254182
737173204213469184,14605267,Directed,1,MENTION,2085688662633971821
737173204213469184,13615722,Directed,2,MENTION,2085688662633971821
737173204213469184,14605267,Directed,1,REPLY,2085688662633971821
737173204213469184,13615722,Directed,1,REPLY,2085687934989279480
1955986072086982656,13615722,Directed,1,REPLY,2085685689752994080
2025864431356305408,13615722,Directed,1,MENTION,2085684819246059889
2025864431356305408,13615722,Directed,1,REPLY,2085684819246059889
1930238526018187264,1820081635494150144,Directed,1,MENTION,2085683710452543764
1930238526018187264,13615722,Directed,1,MENTION,2085683710452543764
1930238526018187264,1820081635494150144,Directed,1,REPLY,2085683710452543764
1683414765207449600,1850330276670341120,Directed,1,MENTION,2085683324098330973
1683414765207449600,13615722,Directed,2,MENTION,2085683324098330973
1528857642877259782,13615722,Directed,1,MENTION,2085682751659823466
1528857642877259782,13615722,Directed,1,REPLY,2085682751659823466
1861974626,2031392278766563334,Directed,1,MENTION,2085682188310262141
1861974626,13615722,Directed,1,MENTION,2085682188310262141
1861974626,2031392278766563334,Directed,1,REPLY,2085682188310262141
1683414765207449600,892047433689157633,Directed,1,MENTION,2085681982869016615
1683414765207449600,892047433689157633,Directed,1,REPLY,2085681982869016615
1603480786308669440,13615722,Directed,1,MENTION,2085681870616789140
1603480786308669440,13615722,Directed,1,REPLY,2085681870616789140
2062755448642560000,13615722,Directed,1,MENTION,2085681546468507674
2062755448642560000,13615722,Directed,1,REPLY,2085681546468507674
340718345,892047433689157633,Directed,1,MENTION,2085680309090263174
340718345,13615722,Directed,3,MENTION,2085680309090263174
340718345,892047433689157633,Directed,1,REPLY,2085680309090263174
371848118,892047433689157633,Directed,1,MENTION,2085678554579140738
371848118,13615722,Directed,1,MENTION,2085678554579140738
371848118,892047433689157633,Directed,1,REPLY,2085678554579140738
2034931108035641344,13615722,Directed,1,MENTION,2085678241717559740
2034931108035641344,13615722,Directed,1,REPLY,2085678241717559740
1029919550035218432,13615722,Directed,1,MENTION,2085677712950321251
1029919550035218432,13615722,Directed,1,REPLY,2085677712950321251
1622676099397259273,1571312991357870083,Directed,1,MENTION,2085676164593705233
1622676099397259273,1571312991357870083,Directed,1,REPLY,2085676164593705233
1622676099397259273,1448510881709576193,Directed,1,MENTION,2085675432649891870
1003355830023008257,1922512240344985600,Directed,1,MENTION,2085674777167982963
1003355830023008257,13615722,Directed,2,MENTION,2085674777167982963
1003355830023008257,1922512240344985600,Directed,1,REPLY,2085674777167982963
1228750812,13615722,Directed,1,MENTION,2085674005949018392
1228750812,13615722,Directed,1,REPLY,2085674005949018392
1784998701909393408,13615722,Directed,2,MENTION,2085673446508318783
1784998701909393408,13615722,Directed,2,REPLY,2085673446508318783
2046373212234137601,2031392278766563334,Directed,1,MENTION,2085673309966827837
2046373212234137601,13615722,Directed,1,MENTION,2085673309966827837
2046373212234137601,2031392278766563334,Directed,1,REPLY,2085673309966827837
746774577821409280,1877867474869198848,Directed,1,MENTION,2085672007820026253
746774577821409280,1877867474869198848,Directed,1,REPLY,2085672007820026253
1545317192094416896,13615722,Directed,1,MENTION,2085669807052013856
1545317192094416896,13615722,Directed,1,REPLY,2085669807052013856
1718236039456661504,13615722,Directed,1,MENTION,2085669750357524600
1718236039456661504,13615722,Directed,1,REPLY,2085669750357524600
2082817162226323456,13615722,Directed,1,MENTION,2085668553995284913
2082817162226323456,13615722,Directed,1,REPLY,2085668553995284913
2031392278766563334,13615722,Directed,2,MENTION,2085668177560653883
2031392278766563334,13615722,Directed,1,REPLY,2085668177560653883
2031392278766563334,1811619486153527296,Directed,1,MENTION,2085667723334316485
2031392278766563334,1811619486153527296,Directed,1,REPLY,2085667723334316485
17629890,2085171618565996544,Directed,1,MENTION,2085665674874028292
17629890,13615722,Directed,2,MENTION,2085665674874028292
17629890,2085171618565996544,Directed,1,REPLY,2085665674874028292
17629890,13615722,Directed,1,REPLY,2085665536893997247
1388782804352311296,192134609,Directed,1,MENTION,2085664456458019251
1388782804352311296,14605267,Directed,1,MENTION,2085664456458019251
1388782804352311296,13615722,Directed,1,MENTION,2085664456458019251
1388782804352311296,192134609,Directed,1,REPLY,2085664456458019251
1922263391751553024,13615722,Directed,1,MENTION,2085664323574108545
1922263391751553024,13615722,Directed,1,REPLY,2085664323574108545
1211789863483138048,13615722,Directed,1,MENTION,2085661846271336704
1211789863483138048,13615722,Directed,1,REPLY,2085661846271336704
69392179,2814511476,Directed,1,MENTION,2085659752445468761
69392179,13615722,Directed,1,MENTION,2085659752445468761
69392179,2814511476,Directed,1,REPLY,2085659752445468761
1639847834361921537,1805336009523228672,Directed,1,MENTION,2085658821569990726
1639847834361921537,13615722,Directed,1,MENTION,2085658821569990726
1639847834361921537,1805336009523228672,Directed,1,REPLY,2085658821569990726
225434500,13615722,Directed,1,MENTION,2085657629368389919
225434500,13615722,Directed,1,REPLY,2085657629368389919
1380115880152084481,13615722,Directed,1,MENTION,2085657281572544886
1380115880152084481,13615722,Directed,1,REPLY,2085657281572544886
2036990815327969280,13615722,Directed,1,MENTION,2085656785613201453
2036990815327969280,13615722,Directed,1,REPLY,2085656785613201453
1877867474869198848,746774577821409280,Directed,1,MENTION,2085656144882684353
1877867474869198848,13615722,Directed,1,MENTION,2085656144882684353
1877867474869198848,746774577821409280,Directed,1,REPLY,2085656144882684353
1571312991357870083,13615722,Directed,1,MENTION,2085655830901178401
1571312991357870083,13615722,Directed,1,REPLY,2085655830901178401
3437284786,13615722,Directed,1,MENTION,2085655651070394609
3437284786,13615722,Directed,1,REPLY,2085655651070394609
1932443954529579008,13615722,Directed,1,MENTION,2085652711576359151
1932443954529579008,13615722,Directed,1,REPLY,2085652711576359151
267959277,13615722,Directed,1,MENTION,2085651170400280592
267959277,13615722,Directed,1,REPLY,2085651170400280592
266229124,340718345,Directed,1,MENTION,2085650573320163779
266229124,13615722,Directed,2,MENTION,2085650573320163779
266229124,340718345,Directed,1,REPLY,2085650573320163779
59368638,13615722,Directed,1,MENTION,2085649190625964308
59368638,13615722,Directed,1,REPLY,2085649190625964308
1190947001162227713,1162949097327923200,Directed,1,MENTION,2085648613066109269
1190947001162227713,13615722,Directed,2,MENTION,2085648613066109269
1190947001162227713,1162949097327923200,Directed,1,REPLY,2085648613066109269
60288964,14605267,Directed,1,MENTION,2085648296329056559
60288964,13615722,Directed,1,MENTION,2085648296329056559
60288964,14605267,Directed,1,REPLY,2085648296329056559
1772225901981265920,13615722,Directed,1,MENTION,2085648114224894411
1772225901981265920,13615722,Directed,1,REPLY,2085648114224894411
1785786520047153152,13615722,Directed,1,MENTION,2085646692812988485
1785786520047153152,13615722,Directed,1,REPLY,2085646692812988485
4281568632,13615722,Directed,1,MENTION,2085645285871558863
4281568632,13615722,Directed,1,REPLY,2085645285871558863
1564489922601443330,13615722,Directed,1,MENTION,2085644624354320444
1564489922601443330,13615722,Directed,1,REPLY,2085644624354320444
2041252222978146304,13615722,Directed,1,MENTION,2085643897963704607
2041252222978146304,13615722,Directed,1,REPLY,2085643897963704607
205797869,746774577821409280,Directed,1,MENTION,2085643798848196751
205797869,13615722,Directed,1,MENTION,2085643798848196751
205797869,746774577821409280,Directed,1,REPLY,2085643798848196751
425347682,13615722,Directed,1,MENTION,2085642939448078555
425347682,13615722,Directed,1,REPLY,2085642939448078555
2062258314759565312,13615722,Directed,1,MENTION,2085642527823049190
2062258314759565312,13615722,Directed,1,REPLY,2085642527823049190
1124728299438186496,13615722,Directed,1,MENTION,2085642133948530987
1124728299438186496,13615722,Directed,1,REPLY,2085642133948530987
1568093134566965249,13615722,Directed,1,MENTION,2085641804813054145
1568093134566965249,1543188110,Directed,1,MENTION,2085641804813054145
1568093134566965249,13615722,Directed,1,REPLY,2085641804813054145
14864828,2814511476,Directed,1,MENTION,2085640303546134965
14864828,13615722,Directed,1,MENTION,2085640303546134965
14864828,2814511476,Directed,1,REPLY,2085640303546134965
1905910685441368064,13615722,Directed,1,MENTION,2085638999461548159
1905910685441368064,13615722,Directed,1,REPLY,2085638999461548159
1907684755144847360,718958654,Directed,1,MENTION,2085638633621446896
1907684755144847360,13615722,Directed,1,MENTION,2085638633621446896
1907684755144847360,718958654,Directed,1,REPLY,2085638633621446896
1645024224,2814511476,Directed,1,MENTION,2085638238249615787
1645024224,13615722,Directed,1,MENTION,2085638238249615787
1645024224,2814511476,Directed,1,REPLY,2085638238249615787
2040256883852726272,13615722,Directed,1,MENTION,2085638095870067142
2040256883852726272,13615722,Directed,1,REPLY,2085638095870067142
1495832766763749383,2814511476,Directed,1,MENTION,2085637817292537889
1495832766763749383,13615722,Directed,1,MENTION,2085637817292537889
1495832766763749383,2814511476,Directed,1,REPLY,2085637817292537889
1216262583176585217,13615722,Directed,1,MENTION,2085637640934879470
1216262583176585217,13615722,Directed,1,REPLY,2085637640934879470
1157750564853358593,2456419389,Directed,1,MENTION,2085636627351695502
1157750564853358593,13615722,Directed,1,MENTION,2085636627351695502
1157750564853358593,2456419389,Directed,1,REPLY,2085636627351695502
2079320034069946368,13615722,Directed,1,MENTION,2085635276781523386
2079320034069946368,13615722,Directed,1,REPLY,2085635276781523386
793615335752511489,13615722,Directed,1,MENTION,2085634665457614965
793615335752511489,13615722,Directed,1,REPLY,2085634665457614965
746774577821409280,13615722,Directed,1,REPLY,2085632641726828713
2056795707604910080,13615722,Directed,1,MENTION,2085631754673479803
2056795707604910080,13615722,Directed,1,REPLY,2085631754673479803
1658934677309214723,1427587687276433415,Directed,1,MENTION,2085628797752090761
1658934677309214723,13615722,Directed,1,MENTION,2085628797752090761
1658934677309214723,1427587687276433415,Directed,1,REPLY,2085628797752090761
718958654,13615722,Directed,1,MENTION,2085628569087095175
718958654,13615722,Directed,1,REPLY,2085628569087095175
955301602717511681,13615722,Directed,1,MENTION,2085627826930381091
955301602717511681,13615722,Directed,1,REPLY,2085627826930381091
1489792274825424899,13615722,Directed,1,MENTION,2085627377401405891
1489792274825424899,13615722,Directed,1,REPLY,2085627377401405891
1238757083287187457,13615722,Directed,1,MENTION,2085627242634445004
1238757083287187457,13615722,Directed,1,REPLY,2085627242634445004
1224704442743902211,1427587687276433415,Directed,1,MENTION,2085625670990799047
1224704442743902211,13615722,Directed,1,MENTION,2085625670990799047
1224704442743902211,1427587687276433415,Directed,1,REPLY,2085625670990799047
142892424,13615722,Directed,1,MENTION,2085625478036013492
142892424,13615722,Directed,1,REPLY,2085625478036013492
149955540,13615722,Directed,1,MENTION,2085624633286418680
149955540,13615722,Directed,1,REPLY,2085624633286418680
979657336544403456,13615722,Directed,1,MENTION,2085623643716145555
979657336544403456,13615722,Directed,1,REPLY,2085623643716145555
2037773379172708352,13615722,Directed,1,MENTION,2085623440162095318
2037773379172708352,13615722,Directed,1,REPLY,2085623440162095318
2074527500718297088,13615722,Directed,1,MENTION,2085623161458987082
2074527500718297088,13615722,Directed,1,REPLY,2085623161458987082
1691314213564952576,13615722,Directed,1,REPLY,2085622338259914972
2890572367,13615722,Directed,1,MENTION,2085620106110087217
2890572367,13615722,Directed,1,REPLY,2085620106110087217
2051942423954165765,13615722,Directed,1,MENTION,2085618567450431761
2051942423954165765,13615722,Directed,1,REPLY,2085618567450431761
1959946856877658112,2456419389,Directed,1,MENTION,2085618490707161313
1959946856877658112,13615722,Directed,1,MENTION,2085618490707161313
1959946856877658112,2456419389,Directed,1,REPLY,2085618490707161313
1268463619538407424,13615722,Directed,1,MENTION,2085617623161528583
1268463619538407424,13615722,Directed,1,REPLY,2085617623161528583
1798534806814248960,13615722,Directed,1,MENTION,2085616819499417864
1798534806814248960,13615722,Directed,1,REPLY,2085616819499417864
433413611,2814511476,Directed,1,REPLY,2085611803711598792
975746846936256512,13615722,Directed,1,MENTION,2085605318260588700
975746846936256512,13615722,Directed,1,REPLY,2085605318260588700
1425150127996510213,13615722,Directed,1,MENTION,2085604634849329595
1425150127996510213,13615722,Directed,1,REPLY,2085604634849329595
507250435,13615722,Directed,1,MENTION,2085602488963711173
507250435,13615722,Directed,1,REPLY,2085602488963711173
2474993330,13615722,Directed,1,MENTION,2085602126630449448
2474993330,13615722,Directed,1,REPLY,2085602126630449448
1124361798608662528,13615722,Directed,1,MENTION,2085601877966668069
1124361798608662528,13615722,Directed,1,REPLY,2085601877966668069
2078326951790649344,13615722,Directed,1,MENTION,2085600882075533695
2078326951790649344,13615722,Directed,1,REPLY,2085600882075533695
1918514029758431236,13615722,Directed,1,MENTION,2085600232050713063
1918514029758431236,13615722,Directed,1,REPLY,2085600232050713063
4890870470,13615722,Directed,1,MENTION,2085600198651503035
4890870470,13615722,Directed,1,REPLY,2085600198651503035
519001382,1379298135034355712,Directed,1,MENTION,2085599636631200210
519001382,13615722,Directed,1,MENTION,2085599636631200210
519001382,1379298135034355712,Directed,1,REPLY,2085599636631200210
325294019,13615722,Directed,1,MENTION,2085598867752472784
325294019,13615722,Directed,1,REPLY,2085598867752472784
1441666023657070592,13615722,Directed,1,MENTION,2085598006368247983
1441666023657070592,13615722,Directed,1,REPLY,2085598006368247983
2040910390004195328,13615722,Directed,2,MENTION,2085596465695703417
2040910390004195328,13615722,Directed,2,REPLY,2085596465695703417
2025572666925780992,13615722,Directed,1,MENTION,2085596260011253810
2025572666925780992,13615722,Directed,1,REPLY,2085596260011253810
1379298135034355712,13615722,Directed,1,MENTION,2085595803788468641
1379298135034355712,13615722,Directed,1,REPLY,2085595803788468641
1356438248717864960,1776840399476162560,Directed,1,MENTION,2085595070141718945
1356438248717864960,13615722,Directed,1,MENTION,2085595070141718945
1356438248717864960,1776840399476162560,Directed,1,REPLY,2085595070141718945
977947598,13615722,Directed,1,MENTION,2085591125608575172
977947598,13615722,Directed,1,REPLY,2085591125608575172
722127581504544768,13615722,Directed,1,MENTION,2085590315025514995
722127581504544768,13615722,Directed,1,REPLY,2085590315025514995
939725191,13615722,Directed,1,MENTION,2085588609642721575
939725191,13615722,Directed,1,REPLY,2085588609642721575
43491508,13615722,Directed,1,MENTION,2085588524074492100
43491508,1170513427468574722,Directed,1,MENTION,2085588524074492100
43491508,13615722,Directed,1,REPLY,2085588524074492100
1221034751789760512,13615722,Directed,1,MENTION,2085585893738291519
1221034751789760512,13615722,Directed,1,REPLY,2085585893738291519
1671385729086423040,13615722,Directed,1,MENTION,2085585359833125117
1671385729086423040,13615722,Directed,1,REPLY,2085585359833125117
2949777159,13615722,Directed,1,MENTION,2085585262038442422
2949777159,13615722,Directed,1,REPLY,2085585262038442422
1450980874200260611,13615722,Directed,1,MENTION,2085585158569082980
1450980874200260611,13615722,Directed,1,REPLY,2085585158569082980
180540588,13615722,Directed,1,MENTION,2085584476290134442
180540588,13615722,Directed,1,REPLY,2085584476290134442
929874000460861442,13615722,Directed,1,MENTION,2085583411234635887
929874000460861442,13615722,Directed,1,REPLY,2085583411234635887
1485396041297973248,13615722,Directed,1,MENTION,2085580922666017018
1485396041297973248,13615722,Directed,1,REPLY,2085580922666017018
974231373929242624,13615722,Directed,2,MENTION,2085579255572750662
974231373929242624,13615722,Directed,2,REPLY,2085579255572750662
1679548158383104012,13615722,Directed,1,MENTION,2085578889640735060
1679548158383104012,13615722,Directed,1,REPLY,2085578889640735060
126381518,976340242881015814,Directed,1,MENTION,2085577099260186698
126381518,13615722,Directed,1,MENTION,2085577099260186698
126381518,976340242881015814,Directed,1,REPLY,2085577099260186698
1074698833488199681,13615722,Directed,1,MENTION,2085575916713841100
1074698833488199681,13615722,Directed,1,REPLY,2085575916713841100
1948483666729963520,13615722,Directed,1,MENTION,2085573908351291807
1948483666729963520,13615722,Directed,1,REPLY,2085573908351291807
1033501592144814080,13615722,Directed,1,MENTION,2085573467278070180
1033501592144814080,13615722,Directed,1,REPLY,2085573467278070180
796505096,13615722,Directed,1,MENTION,2085573082165473322
796505096,13615722,Directed,1,REPLY,2085573082165473322
2084574756293300224,13615722,Directed,1,MENTION,2085569580655952214
2084574756293300224,13615722,Directed,1,REPLY,2085569580655952214
1915138902874329088,13615722,Directed,2,MENTION,2085564107214958945
1915138902874329088,13615722,Directed,2,REPLY,2085564107214958945
1672755263898615810,13615722,Directed,1,MENTION,2085563794613227595
1672755263898615810,13615722,Directed,1,REPLY,2085563794613227595
1896664987,204832963,Directed,1,MENTION,2085563580645286305
1896664987,13615722,Directed,1,MENTION,2085563580645286305
1896664987,204832963,Directed,1,REPLY,2085563580645286305
1998237374581768192,13615722,Directed,1,MENTION,2085561676628402290
1998237374581768192,13615722,Directed,1,REPLY,2085561676628402290
2074524394941263872,13615722,Directed,2,REPLY,2085560773368242251
67673647,13615722,Directed,1,MENTION,2085556667299607026
67673647,13615722,Directed,1,REPLY,2085556667299607026
1915443544740810753,204832963,Directed,1,MENTION,2085556273911591313
1915443544740810753,13615722,Directed,1,MENTION,2085556273911591313
1347022860754300934,13615722,Directed,1,MENTION,2085556177769820309
1347022860754300934,13615722,Directed,1,REPLY,2085556177769820309
2074711160205750272,13615722,Directed,1,MENTION,2085555769664311529
2074711160205750272,13615722,Directed,1,REPLY,2085555769664311529
1766574344547729408,13615722,Directed,1,MENTION,2085553921834226005
1766574344547729408,13615722,Directed,1,REPLY,2085553921834226005
716146076860956672,13615722,Directed,1,MENTION,2085551741177823322
716146076860956672,13615722,Directed,1,REPLY,2085551741177823322
780541331969970176,13615722,Directed,1,MENTION,2085550834322964832
780541331969970176,13615722,Directed,1,REPLY,2085550834322964832
1561116362541617159,13615722,Directed,1,MENTION,2085550041167487307
1561116362541617159,13615722,Directed,1,REPLY,2085550041167487307
1907158995162542080,13615722,Directed,1,MENTION,2085549912092180702
1907158995162542080,13615722,Directed,1,REPLY,2085549912092180702
1705266366423412736,13615722,Directed,1,MENTION,2085548283091431639
1705266366423412736,13615722,Directed,1,REPLY,2085548283091431639
1922512240344985600,1003355830023008257,Directed,1,MENTION,2085546926162792683
1922512240344985600,13615722,Directed,1,MENTION,2085546926162792683
1922512240344985600,1003355830023008257,Directed,1,REPLY,2085546926162792683
1820560316364738560,14605267,Directed,1,MENTION,2085541907359318136
1820560316364738560,13615722,Directed,1,MENTION,2085541907359318136
1820560316364738560,14605267,Directed,1,REPLY,2085541907359318136
1497376709250846726,13615722,Directed,1,MENTION,2085541850232877268
1497376709250846726,13615722,Directed,1,REPLY,2085541850232877268
339120667,13615722,Directed,1,MENTION,2085541786735497421
339120667,13615722,Directed,1,REPLY,2085541786735497421
1779355433507131392,13615722,Directed,1,MENTION,2085541168830624030
1779355433507131392,1720665183188922368,Directed,1,MENTION,2085541168830624030
1779355433507131392,13615722,Directed,1,REPLY,2085541168830624030
1162949097327923200,1190947001162227713,Directed,1,MENTION,2085539790141694094
1162949097327923200,13615722,Directed,1,MENTION,2085539790141694094
1162949097327923200,1190947001162227713,Directed,1,REPLY,2085539790141694094
1687516676697313280,13615722,Directed,1,MENTION,2085538379693744395
1687516676697313280,1574657948005056512,Directed,1,MENTION,2085538379693744395
1687516676697313280,13615722,Directed,1,REPLY,2085538379693744395
1686800951628230661,13615722,Directed,1,MENTION,2085538045894197429
1686800951628230661,13615722,Directed,1,REPLY,2085538045894197429
1870215768908156928,13615722,Directed,1,MENTION,2085535597813289427
1870215768908156928,13615722,Directed,1,REPLY,2085535597813289427
2085487820953587712,13615722,Directed,1,MENTION,2085533304401359162
2085487820953587712,13615722,Directed,1,REPLY,2085533304401359162
1795738701517004800,13615722,Directed,1,MENTION,2085533075820179470
1795738701517004800,13615722,Directed,1,REPLY,2085533075820179470
1594613630389342208,3123485184,Directed,4,MENTION,2085532639055012164
1594613630389342208,3463873814,Directed,4,MENTION,2085532639055012164
1594613630389342208,13615722,Directed,4,MENTION,2085532639055012164
1594613630389342208,3123485184,Directed,3,REPLY,2085532639055012164
1858218886019112960,13615722,Directed,1,MENTION,2085531919312163000
1858218886019112960,13615722,Directed,1,REPLY,2085531919312163000
3184927000,13615722,Directed,1,MENTION,2085531194599391690
3184927000,13615722,Directed,1,REPLY,2085531194599391690
2023016903124647937,904113662050304000,Directed,1,MENTION,2085529868339744772
2023016903124647937,13615722,Directed,1,MENTION,2085529868339744772
2023016903124647937,904113662050304000,Directed,1,REPLY,2085529868339744772
1621216586714447881,13615722,Directed,1,MENTION,2085529795207610399
1621216586714447881,13615722,Directed,1,REPLY,2085529795207610399
1572890155937107970,13615722,Directed,1,MENTION,2085529233787338995
1572890155937107970,13615722,Directed,1,REPLY,2085529233787338995
2053154812204625923,13615722,Directed,1,MENTION,2085526854883008892
2053154812204625923,13615722,Directed,1,REPLY,2085526854883008892
1811619486153527296,13615722,Directed,1,MENTION,2085524077587152904
1811619486153527296,13615722,Directed,1,REPLY,2085524077587152904
28383714,976340242881015814,Directed,1,MENTION,2085523772002406629
28383714,13615722,Directed,1,MENTION,2085523772002406629
28383714,976340242881015814,Directed,1,REPLY,2085523772002406629
340718345,266229124,Directed,1,MENTION,2085522674210750632
340718345,266229124,Directed,1,REPLY,2085522674210750632
340718345,1003355830023008257,Directed,1,MENTION,2085522453024100503
340718345,1003355830023008257,Directed,1,REPLY,2085522453024100503
1630689500752912387,13615722,Directed,1,MENTION,2085522039801012624
1630689500752912387,13615722,Directed,1,REPLY,2085522039801012624
1925023412218400768,1689788220018446341,Directed,1,MENTION,2085521864789512250
1925023412218400768,13615722,Directed,1,MENTION,2085521864789512250
1925023412218400768,1689788220018446341,Directed,1,REPLY,2085521864789512250
1803016706807537664,13615722,Directed,1,MENTION,2085521412794782007
1803016706807537664,13615722,Directed,1,REPLY,2085521412794782007
947854873017618432,13615722,Directed,1,MENTION,2085520031018877343
947854873017618432,13615722,Directed,1,REPLY,2085520031018877343
249872056,13615722,Directed,1,MENTION,2085518194492448992
249872056,279067744,Directed,1,MENTION,2085518194492448992
249872056,13615722,Directed,1,REPLY,2085518194492448992
16178838,13615722,Directed,2,MENTION,2085518083318227421
16178838,2456419389,Directed,1,QUOTE,2085518083318227421
16178838,13615722,Directed,2,REPLY,2085518083318227421
1003355830023008257,13615722,Directed,1,REPLY,2085517010817970532
2051834500469149696,13615722,Directed,1,MENTION,2085509729338699784
2051834500469149696,13615722,Directed,1,REPLY,2085509729338699784
735980143156432897,13615722,Directed,1,MENTION,2085508987303399708
735980143156432897,13615722,Directed,1,REPLY,2085508987303399708
2078975868970627072,13615722,Directed,1,MENTION,2085508660437168584
2078975868970627072,13615722,Directed,1,REPLY,2085508660437168584
1993665066219220992,1394438401789632516,Directed,1,MENTION,2085508595660022261
1993665066219220992,22585003,Directed,2,MENTION,2085508595660022261
1993665066219220992,13615722,Directed,4,MENTION,2085508595660022261
1993665066219220992,1394438401789632516,Directed,1,REPLY,2085508595660022261
1190947001162227713,13615722,Directed,1,REPLY,2085507187032387895
1557110050950418434,13615722,Directed,2,MENTION,2085507138580058196
1557110050950418434,13615722,Directed,2,REPLY,2085507138580058196
1394438401789632516,1993665066219220992,Directed,1,MENTION,2085506961119076468
1394438401789632516,22585003,Directed,1,MENTION,2085506961119076468
1394438401789632516,13615722,Directed,1,MENTION,2085506961119076468
1394438401789632516,1993665066219220992,Directed,1,REPLY,2085506961119076468
862860604759044096,13615722,Directed,1,MENTION,2085506766171734048
862860604759044096,13615722,Directed,1,REPLY,2085506766171734048
1825782651258810368,13615722,Directed,1,MENTION,2085506245021356378
1825782651258810368,13615722,Directed,1,REPLY,2085506245021356378
519271618,2070279008336400384,Directed,1,MENTION,2085501096462582187
519271618,13615722,Directed,1,MENTION,2085501096462582187
519271618,2070279008336400384,Directed,1,REPLY,2085501096462582187
2076084226823172096,13615722,Directed,1,MENTION,2085499626841337941
2076084226823172096,13615722,Directed,1,REPLY,2085499626841337941
1391026117876781060,1319312524840488962,Directed,1,MENTION,2085499217686958100
1391026117876781060,13615722,Directed,1,MENTION,2085499217686958100
1606070437191876615,13615722,Directed,1,MENTION,2085495621058957454
1606070437191876615,13615722,Directed,1,REPLY,2085495621058957454
724750241178644481,892047433689157633,Directed,1,MENTION,2085494905451733425
724750241178644481,13615722,Directed,1,MENTION,2085494905451733425
724750241178644481,892047433689157633,Directed,1,REPLY,2085494905451733425
1975911806695608321,13615722,Directed,1,MENTION,2085494640770498782
1975911806695608321,13615722,Directed,1,REPLY,2085494640770498782
1288604995168935936,13615722,Directed,1,MENTION,2085492194753049041
1288604995168935936,13615722,Directed,1,REPLY,2085492194753049041
2083773443254697984,13615722,Directed,1,MENTION,2085490463264354500
2083773443254697984,13615722,Directed,1,REPLY,2085490463264354500
2070279008336400384,356000956,Directed,1,MENTION,2085489354529464698
2070279008336400384,356000956,Directed,1,REPLY,2085489354529464698
2070279008336400384,139393372,Directed,1,MENTION,2085489188703539542
2070279008336400384,139393372,Directed,1,REPLY,2085489188703539542
1641991838281134083,13615722,Directed,1,MENTION,2085488994666619029
1641991838281134083,13615722,Directed,1,REPLY,2085488994666619029
2080030268069482496,13615722,Directed,1,MENTION,2085487594742124577
2080030268069482496,13615722,Directed,1,REPLY,2085487594742124577
1424676394404093956,13615722,Directed,1,MENTION,2085486115323064430
1424676394404093956,1331361013858447360,Directed,1,MENTION,2085486115323064430
1424676394404093956,13615722,Directed,1,REPLY,2085486115323064430
1739938679475388416,1220421734781923330,Directed,1,MENTION,2085485051551080753
1739938679475388416,13615722,Directed,1,MENTION,2085485051551080753
1739938679475388416,1220421734781923330,Directed,1,REPLY,2085485051551080753
2075357363670757376,13615722,Directed,1,MENTION,2085484742120460695
2075357363670757376,13615722,Directed,1,REPLY,2085484742120460695
3941679148,13615722,Directed,1,MENTION,2085484459382501682
3941679148,13615722,Directed,1,REPLY,2085484459382501682
935860683056365574,13615722,Directed,1,MENTION,2085484216012140657
935860683056365574,13615722,Directed,1,REPLY,2085484216012140657
1684389906486009856,13615722,Directed,1,MENTION,2085484206281695542
1684389906486009856,13615722,Directed,1,REPLY,2085484206281695542
292175763,13615722,Directed,1,MENTION,2085482575821230570
292175763,13615722,Directed,1,REPLY,2085482575821230570
266229124,13615722,Directed,1,REPLY,2085482361311961467
3003901060,13615722,Directed,1,MENTION,2085480115891519927
3003901060,13615722,Directed,1,REPLY,2085480115891519927
1220421734781923330,13615722,Directed,1,MENTION,2085479495906005006
1220421734781923330,13615722,Directed,1,REPLY,2085479495906005006
3504117437,13615722,Directed,1,MENTION,2085479281598325052
3504117437,13615722,Directed,1,REPLY,2085479281598325052
1277592783558148097,13615722,Directed,1,MENTION,2085478800012251186
1277592783558148097,13615722,Directed,1,REPLY,2085478800012251186
356000956,2070279008336400384,Directed,1,MENTION,2085478163132354904
356000956,13615722,Directed,1,MENTION,2085478163132354904
356000956,2070279008336400384,Directed,1,REPLY,2085478163132354904
1903434174683648000,13615722,Directed,1,MENTION,2085477668074537293
1903434174683648000,1577406868149964804,Directed,1,MENTION,2085477668074537293
1903434174683648000,13615722,Directed,1,REPLY,2085477668074537293
1605524632085626880,13615722,Directed,1,MENTION,2085477374091743631
1605524632085626880,13615722,Directed,1,REPLY,2085477374091743631
139393372,2070279008336400384,Directed,1,MENTION,2085475163647479875
139393372,13615722,Directed,1,MENTION,2085475163647479875
139393372,2070279008336400384,Directed,1,REPLY,2085475163647479875
1660681042439852036,13615722,Directed,1,MENTION,2085471552322388335
1660681042439852036,13615722,Directed,1,REPLY,2085471552322388335
1803088316113563648,13615722,Directed,1,MENTION,2085471337360048334
1803088316113563648,13615722,Directed,1,REPLY,2085471337360048334
3123485184,1594613630389342208,Directed,2,MENTION,2085470053781442981
3123485184,3463873814,Directed,2,MENTION,2085470053781442981
3123485184,13615722,Directed,2,MENTION,2085470053781442981
3123485184,1594613630389342208,Directed,2,REPLY,2085470053781442981
701340847372169216,13615722,Directed,1,MENTION,2085465899918631004
701340847372169216,13615722,Directed,1,REPLY,2085465899918631004
224017263,13615722,Directed,1,MENTION,2085464395321073813
224017263,86997105,Directed,1,MENTION,2085464395321073813
224017263,13615722,Directed,1,REPLY,2085464395321073813
1258442711713091584,13615722,Directed,1,MENTION,2085462221472092533
1258442711713091584,13615722,Directed,1,REPLY,2085462221472092533
1066452426,13615722,Directed,1,MENTION,2085459701005799718
1066452426,13615722,Directed,1,REPLY,2085459701005799718
2080446814528917504,13615722,Directed,1,MENTION,2085458811339301323
2080446814528917504,13615722,Directed,1,REPLY,2085458811339301323
1886574729298862080,13615722,Directed,1,MENTION,2085458321172045912
1886574729298862080,13615722,Directed,1,REPLY,2085458321172045912
1993665066219220992,22585003,Directed,1,REPLY,2085458129592988014
1993665066219220992,2085419847656079361,Directed,1,MENTION,2085457872305950819
1993665066219220992,2085419847656079361,Directed,1,REPLY,2085457872305950819
1993665066219220992,1119900696868823041,Directed,1,MENTION,2085457700255633740
1993665066219220992,1119900696868823041,Directed,1,REPLY,2085457700255633740
1025320496584261635,13615722,Directed,1,MENTION,2085457095143645558
1025320496584261635,13615722,Directed,1,REPLY,2085457095143645558
2076390681476751360,1318419526132862976,Directed,2,MENTION,2085456328122585558
2076390681476751360,13615722,Directed,7,MENTION,2085456328122585558
2076390681476751360,1460283925,Directed,1,MENTION,2085456328122585558
2076390681476751360,4398626122,Directed,2,MENTION,2085456328122585558
2076390681476751360,1353836358901501952,Directed,1,MENTION,2085456328122585558
2076390681476751360,1841988608825466880,Directed,1,MENTION,2085456328122585558
3463873814,1594613630389342208,Directed,2,MENTION,2085456020378411491
3463873814,3123485184,Directed,2,MENTION,2085456020378411491
3463873814,13615722,Directed,2,MENTION,2085456020378411491
3463873814,1594613630389342208,Directed,2,REPLY,2085456020378411491
1737604455057575936,2009074997202223104,Directed,1,MENTION,2085455420760469667
1737604455057575936,1419472916,Directed,1,MENTION,2085455420760469667
1737604455057575936,13615722,Directed,1,MENTION,2085455420760469667
1737604455057575936,2009074997202223104,Directed,1,REPLY,2085455420760469667
2085419847656079361,13615722,Directed,1,MENTION,2085454651550285995
2085419847656079361,13615722,Directed,1,REPLY,2085454651550285995
2076390681476751360,13615722,Directed,2,REPLY,2085454577571099118
2076390681476751360,252727643,Directed,4,MENTION,2085454358825550070
295500364,13615722,Directed,1,MENTION,2085451533714649193
295500364,13615722,Directed,1,REPLY,2085451533714649193
901165227756191745,507250435,Directed,1,MENTION,2085451358128255108
901165227756191745,13615722,Directed,1,MENTION,2085451358128255108
901165227756191745,507250435,Directed,1,REPLY,2085451358128255108
1453817684982915072,1728656310,Directed,2,MENTION,2085450958356578401
1453817684982915072,13615722,Directed,2,MENTION,2085450958356578401
1453817684982915072,1728656310,Directed,2,REPLY,2085450958356578401
1728656310,1453817684982915072,Directed,2,MENTION,2085450299171332309
1728656310,13615722,Directed,2,MENTION,2085450299171332309
1728656310,1453817684982915072,Directed,2,REPLY,2085450299171332309
1842085289931767811,13615722,Directed,1,MENTION,2085450125934051751
1842085289931767811,13615722,Directed,1,REPLY,2085450125934051751
1197618536820199424,13615722,Directed,1,MENTION,2085448493401845889
1197618536820199424,13615722,Directed,1,REPLY,2085448493401845889
1691812733379829760,13615722,Directed,1,MENTION,2085447713248727359
1691812733379829760,13615722,Directed,1,REPLY,2085447713248727359
1588037470096171014,13615722,Directed,1,MENTION,2085447345911853250
1588037470096171014,13615722,Directed,1,REPLY,2085447345911853250
945854941,13615722,Directed,1,MENTION,2085447316849455168
945854941,517077573,Directed,1,MENTION,2085447316849455168
945854941,13615722,Directed,1,REPLY,2085447316849455168
2456419389,2814511476,Directed,1,REPLY,2085447243549614150
985219333,13615722,Directed,1,MENTION,2085447046312390980
985219333,13615722,Directed,1,REPLY,2085447046312390980
27032124,13615722,Directed,1,MENTION,2085446814916833675
27032124,13615722,Directed,1,REPLY,2085446814916833675
1293274073041121286,13615722,Directed,1,MENTION,2085446452872941922
1293274073041121286,13615722,Directed,1,REPLY,2085446452872941922
1442347387045900291,13615722,Directed,1,MENTION,2085446311864869018
1442347387045900291,13615722,Directed,1,REPLY,2085446311864869018
2052769931230617600,13615722,Directed,1,MENTION,2085443814668615718
2052769931230617600,13615722,Directed,1,REPLY,2085443814668615718
163935381,13615722,Directed,1,MENTION,2085441800463126870
163935381,13615722,Directed,1,REPLY,2085441800463126870
1102197907393052672,13615722,Directed,1,MENTION,2085441522766348615
1102197907393052672,13615722,Directed,1,REPLY,2085441522766348615
1672935290229628933,13615722,Directed,1,MENTION,2085440349464621120
1672935290229628933,13615722,Directed,1,REPLY,2085440349464621120
1749673754290999296,13615722,Directed,1,MENTION,2085439949768175753
1749673754290999296,13615722,Directed,1,REPLY,2085439949768175753
1426159375,13615722,Directed,1,MENTION,2085439893807792214
1426159375,13615722,Directed,1,REPLY,2085439893807792214
1666733972884271109,13615722,Directed,1,MENTION,2085438713761235187
1666733972884271109,13615722,Directed,1,REPLY,2085438713761235187
1528150855827996673,13615722,Directed,1,MENTION,2085435902495432800
1528150855827996673,13615722,Directed,1,REPLY,2085435902495432800
2050095342277074944,13615722,Directed,1,MENTION,2085435073604788620
2050095342277074944,13615722,Directed,1,REPLY,2085435073604788620
1619963240443936773,176126108,Directed,1,MENTION,2085435054923325440
1619963240443936773,13615722,Directed,1,MENTION,2085435054923325440
1619963240443936773,176126108,Directed,1,REPLY,2085435054923325440
1852288662236516352,13615722,Directed,1,MENTION,2085431563748032700
1852288662236516352,13615722,Directed,1,REPLY,2085431563748032700
49022055,13615722,Directed,1,MENTION,2085430811428307248
49022055,13615722,Directed,1,REPLY,2085430811428307248
1427587687276433415,13615722,Directed,1,MENTION,2085430699281289378
1427587687276433415,13615722,Directed,1,REPLY,2085430699281289378
892047433689157633,13615722,Directed,1,MENTION,2085430626027442614
892047433689157633,13615722,Directed,1,REPLY,2085430626027442614
1465743524175958019,13615722,Directed,1,MENTION,2085429886903321018
1465743524175958019,13615722,Directed,1,REPLY,2085429886903321018
2049180663446712320,2340348621,Directed,1,MENTION,2085429468491878495
2049180663446712320,2340348621,Directed,1,REPLY,2085429468491878495
914869064975007746,13615722,Directed,1,MENTION,2085429302460608527
914869064975007746,13615722,Directed,1,REPLY,2085429302460608527
2085315178627805184,13615722,Directed,1,MENTION,2085428696119480347
2085315178627805184,13615722,Directed,1,REPLY,2085428696119480347
1651539993783857153,13615722,Directed,1,MENTION,2085428559493955909
1651539993783857153,13615722,Directed,1,REPLY,2085428559493955909
1884265341481598976,13615722,Directed,8,MENTION,2085427995720687676
1884265341481598976,13615722,Directed,8,REPLY,2085427995720687676
1594613630389342208,3463873814,Directed,1,REPLY,2085427719425372233
1683498437059432449,13615722,Directed,1,MENTION,2085426505715524029
1683498437059432449,13615722,Directed,1,REPLY,2085426505715524029
14605267,192134609,Directed,1,MENTION,2085424496446464445
14605267,13615722,Directed,2,MENTION,2085424496446464445
14605267,192134609,Directed,1,REPLY,2085424496446464445
772508448739254272,13615722,Directed,1,MENTION,2085423412462182471
772508448739254272,13615722,Directed,1,REPLY,2085423412462182471
1724774506370408448,13615722,Directed,1,MENTION,2085423076628476075
1724774506370408448,13615722,Directed,1,REPLY,2085423076628476075
2085171618565996544,13615722,Directed,1,MENTION,2085422891613736970
2085171618565996544,13615722,Directed,1,REPLY,2085422891613736970
743917113081995264,13615722,Directed,1,MENTION,2085422815965057368
743917113081995264,13615722,Directed,1,REPLY,2085422815965057368
1699289340390563840,13615722,Directed,1,MENTION,2085422433473876372
1699289340390563840,13615722,Directed,1,REPLY,2085422433473876372
726415688,13615722,Directed,1,MENTION,2085422415904121114
726415688,13615722,Directed,1,REPLY,2085422415904121114
1323388124,13615722,Directed,1,MENTION,2085421633729110251
1323388124,13615722,Directed,1,REPLY,2085421633729110251
1509636551801769990,13615722,Directed,1,MENTION,2085420609664618961
1509636551801769990,13615722,Directed,1,REPLY,2085420609664618961
1898020906544562176,13615722,Directed,2,MENTION,2085419755100602678
1898020906544562176,13615722,Directed,2,REPLY,2085419755100602678
2085385543039254528,13615722,Directed,1,MENTION,2085419136625082461
2085385543039254528,13615722,Directed,1,REPLY,2085419136625082461
1841233688236888066,13615722,Directed,1,MENTION,2085417107823489213
1841233688236888066,13615722,Directed,1,REPLY,2085417107823489213
192134609,14605267,Directed,1,MENTION,2085416421459108343
192134609,13615722,Directed,1,MENTION,2085416421459108343
192134609,14605267,Directed,1,REPLY,2085416421459108343
1019998458214735872,2009356963000537090,Directed,1,MENTION,2085415657685106801
1019998458214735872,2009356963000537090,Directed,1,REPLY,2085415657685106801
1453808494620987392,1900571965179781120,Directed,1,MENTION,2085415583097708968
1453808494620987392,13615722,Directed,1,MENTION,2085415583097708968
1453808494620987392,1900571965179781120,Directed,1,REPLY,2085415583097708968
1333675572879233025,13615722,Directed,1,MENTION,2085415420732043460
1333675572879233025,13615722,Directed,1,REPLY,2085415420732043460
1993439137739751424,13615722,Directed,1,MENTION,2085414755980714174
1993439137739751424,13615722,Directed,1,REPLY,2085414755980714174
1238607539119566848,13615722,Directed,1,MENTION,2085413810429694123
1238607539119566848,13615722,Directed,1,REPLY,2085413810429694123
2065171984825139200,13615722,Directed,1,MENTION,2085412108355932249
2065171984825139200,13615722,Directed,1,REPLY,2085412108355932249
522162222,14605267,Directed,1,MENTION,2085411774560432446
522162222,13615722,Directed,1,MENTION,2085411774560432446
522162222,14605267,Directed,1,REPLY,2085411774560432446
1698916085561499648,1553385492,Directed,1,MENTION,2085411058261320018
1698916085561499648,2814511476,Directed,1,MENTION,2085411058261320018
1698916085561499648,13615722,Directed,1,MENTION,2085411058261320018
1698916085561499648,1553385492,Directed,1,REPLY,2085411058261320018
14631333,13615722,Directed,1,MENTION,2085410652798259245
14631333,13615722,Directed,1,REPLY,2085410652798259245
1121959808,13615722,Directed,1,MENTION,2085410404218589280
1121959808,13615722,Directed,1,REPLY,2085410404218589280
2070772469838082048,13615722,Directed,1,MENTION,2085408700337103182
2070772469838082048,13615722,Directed,1,REPLY,2085408700337103182
48570259,13615722,Directed,1,MENTION,2085408566400188772
48570259,33581416,Directed,1,MENTION,2085408566400188772
48570259,13615722,Directed,1,REPLY,2085408566400188772
1709058271,13615722,Directed,1,MENTION,2085408354650710439
1709058271,13615722,Directed,1,REPLY,2085408354650710439
2035107092382752768,13615722,Directed,1,MENTION,2085407921546953117
2035107092382752768,13615722,Directed,1,REPLY,2085407921546953117
1553385492,2814511476,Directed,1,MENTION,2085406318387417477
1553385492,2814511476,Directed,1,REPLY,2085406318387417477
2814511476,13615722,Directed,1,MENTION,2085404707955388580
2814511476,13615722,Directed,1,REPLY,2085404707955388580
1522771605969154049,13615722,Directed,1,MENTION,2085403488461500601
1522771605969154049,13615722,Directed,1,REPLY,2085403488461500601
1610006979023446017,13615722,Directed,1,MENTION,2085401466227875917
1610006979023446017,13615722,Directed,1,REPLY,2085401466227875917
2013238437181014016,13615722,Directed,1,MENTION,2085400827896721780
2013238437181014016,13615722,Directed,1,REPLY,2085400827896721780
43315462,13615722,Directed,1,MENTION,2085400220213415936
43315462,13615722,Directed,1,REPLY,2085400220213415936
1229416396641140738,13615722,Directed,1,MENTION,2085399612626801008
1229416396641140738,13615722,Directed,1,REPLY,2085399612626801008
1482022733760372741,13615722,Directed,1,MENTION,2085399460176179346
1482022733760372741,13615722,Directed,1,REPLY,2085399460176179346
1620500855597285376,13615722,Directed,1,MENTION,2085397548802433064
1620500855597285376,13615722,Directed,1,REPLY,2085397548802433064
1936882271073513473,13615722,Directed,1,MENTION,2085397343168245785
1936882271073513473,13615722,Directed,1,REPLY,2085397343168245785
1978336249770582016,13615722,Directed,1,MENTION,2085396552714006723
1978336249770582016,13615722,Directed,1,REPLY,2085396552714006723
2066107326797672448,13615722,Directed,1,MENTION,2085395644798083502
2066107326797672448,13615722,Directed,1,REPLY,2085395644798083502
280650027,13615722,Directed,1,MENTION,2085395594600743089
280650027,481016172,Directed,1,MENTION,2085395594600743089
280650027,13615722,Directed,1,REPLY,2085395594600743089
2009356963000537090,13615722,Directed,1,MENTION,2085395437859504186
2009356963000537090,13615722,Directed,1,REPLY,2085395437859504186
1729022890123608065,13615722,Directed,1,MENTION,2085393416469225743
1729022890123608065,13615722,Directed,1,REPLY,2085393416469225743
297534012,13615722,Directed,1,MENTION,2085392640560771533
297534012,13615722,Directed,1,REPLY,2085392640560771533
584664788,13615722,Directed,1,MENTION,2085391541711798556
584664788,13615722,Directed,1,REPLY,2085391541711798556
1747186319799820288,13615722,Directed,1,MENTION,2085390995147858229
1747186319799820288,13615722,Directed,1,REPLY,2085390995147858229
14605267,13615722,Directed,1,REPLY,2085389398808387759
14562334,13615722,Directed,1,MENTION,2085389248958459978
14562334,13615722,Directed,1,REPLY,2085389248958459978
1594976770977337346,13615722,Directed,1,MENTION,2085387639818248504
1594976770977337346,13615722,Directed,1,REPLY,2085387639818248504
2057829849041879041,13615722,Directed,1,MENTION,2085386023018635448
2057829849041879041,13615722,Directed,1,REPLY,2085386023018635448
22585003,13615722,Directed,1,MENTION,2085385007074295918
22585003,13615722,Directed,1,REPLY,2085385007074295918
866599735641088001,13615722,Directed,1,MENTION,2085384289114562830
866599735641088001,13615722,Directed,1,REPLY,2085384289114562830
2084322916859011072,13615722,Directed,1,MENTION,2085384112571867280
2084322916859011072,2076362031968509952,Directed,1,QUOTE,2085384112571867280
2084322916859011072,13615722,Directed,1,REPLY,2085384112571867280
2064752502780645376,1410957852181663744,Directed,1,MENTION,2085381993332629531
2064752502780645376,13615722,Directed,1,MENTION,2085381993332629531
2064752502780645376,1410957852181663744,Directed,1,REPLY,2085381993332629531
167337099,13615722,Directed,1,MENTION,2085381247640187048
167337099,13615722,Directed,1,REPLY,2085381247640187048
2615435082,13615722,Directed,1,MENTION,2085380977035981225
2615435082,13615722,Directed,1,REPLY,2085380977035981225
2033398134899154944,13615722,Directed,1,MENTION,2085378891695247582
2033398134899154944,13615722,Directed,1,REPLY,2085378891695247582
1793171146721890305,13615722,Directed,1,MENTION,2085377877227319377
1793171146721890305,13615722,Directed,1,REPLY,2085377877227319377
1760697183370715137,13615722,Directed,1,MENTION,2085374883253408018
1760697183370715137,13615722,Directed,1,REPLY,2085374883253408018
1666694541083115520,13615722,Directed,1,MENTION,2085372634124996988
1666694541083115520,13615722,Directed,1,REPLY,2085372634124996988
1992954973378973696,13615722,Directed,1,MENTION,2085372207572910519
1992954973378973696,13615722,Directed,1,REPLY,2085372207572910519
1561880513090043906,13615722,Directed,1,MENTION,2085372078694248838
1561880513090043906,13615722,Directed,1,REPLY,2085372078694248838
2025827371027484672,13615722,Directed,1,MENTION,2085371925379924129
2025827371027484672,13615722,Directed,1,REPLY,2085371925379924129
1119900696868823041,13615722,Directed,1,MENTION,2085370732888952974
1119900696868823041,13615722,Directed,1,REPLY,2085370732888952974
1274618178727841794,13615722,Directed,1,MENTION,2085370384443228395
1274618178727841794,13615722,Directed,1,REPLY,2085370384443228395
1737400965165125632,13615722,Directed,1,MENTION,2085368348884213990
1737400965165125632,13615722,Directed,1,REPLY,2085368348884213990
2079101844174086144,13615722,Directed,1,MENTION,2085368054758998481
2079101844174086144,13615722,Directed,1,REPLY,2085368054758998481
2050497076211875840,13615722,Directed,1,MENTION,2085368003466575873
2050497076211875840,13615722,Directed,1,REPLY,2085368003466575873
1045807628721491969,13615722,Directed,1,MENTION,2085367534761513187
1045807628721491969,13615722,Directed,1,REPLY,2085367534761513187
1069648379343441920,13615722,Directed,1,MENTION,2085365072663032283
1069648379343441920,13615722,Directed,1,REPLY,2085365072663032283
51150862,13615722,Directed,1,MENTION,2085364853493879136
51150862,13615722,Directed,1,REPLY,2085364853493879136
1962010128439562240,13615722,Directed,1,MENTION,2085364492528214042
1962010128439562240,13615722,Directed,1,REPLY,2085364492528214042
2017820973307711488,13615722,Directed,1,MENTION,2085364139371745342
2017820973307711488,13615722,Directed,1,REPLY,2085364139371745342
2071378621726433280,13615722,Directed,1,MENTION,2085360909887647764
2071378621726433280,13615722,Directed,1,REPLY,2085360909887647764
1654152755437608960,13615722,Directed,1,MENTION,2085360684452216841
1654152755437608960,13615722,Directed,1,REPLY,2085360684452216841
1837593858697531392,13615722,Directed,1,MENTION,2085360377504604366
1837593858697531392,13615722,Directed,1,REPLY,2085360377504604366
1696946343091097600,13615722,Directed,1,MENTION,2085359969956688076
1696946343091097600,13615722,Directed,1,REPLY,2085359969956688076
2067516387128496128,13615722,Directed,1,MENTION,2085359769414471767
2067516387128496128,13615722,Directed,1,REPLY,2085359769414471767
1183087039069249546,1915119540024885248,Directed,1,MENTION,2085356392429277508
1183087039069249546,1491072274740482054,Directed,1,MENTION,2085356392429277508
1183087039069249546,13615722,Directed,1,MENTION,2085356392429277508
1183087039069249546,1915119540024885248,Directed,1,REPLY,2085356392429277508
1808716869135982592,1994273208212824067,Directed,1,QUOTE,2085353939109593111
2057779423084953600,13615722,Directed,1,MENTION,2085353539430215914
2057779423084953600,13615722,Directed,1,REPLY,2085353539430215914
1870489553120751616,13615722,Directed,1,MENTION,2085351310384050498
1870489553120751616,13615722,Directed,1,REPLY,2085351310384050498
1180906184313724928,13615722,Directed,1,MENTION,2085349433722683744
1180906184313724928,13615722,Directed,1,REPLY,2085349433722683744
1813924431401545728,13615722,Directed,1,MENTION,2085348250115014741
1813924431401545728,13615722,Directed,1,REPLY,2085348250115014741
1142087054,13615722,Directed,1,MENTION,2085347867196317904
1142087054,13615722,Directed,1,REPLY,2085347867196317904
1774569241821229056,13615722,Directed,1,MENTION,2085344504178249796
1774569241821229056,13615722,Directed,1,REPLY,2085344504178249796
1983184419482677253,13615722,Directed,1,MENTION,2085343627987886390
1983184419482677253,13615722,Directed,1,REPLY,2085343627987886390
1152771126965264385,1810086591425306624,Directed,1,MENTION,2085341807324414416
1152771126965264385,13615722,Directed,1,MENTION,2085341807324414416
1152771126965264385,1810086591425306624,Directed,1,REPLY,2085341807324414416
1802416680552820736,13615722,Directed,1,MENTION,2085340675109802357
1802416680552820736,13615722,Directed,1,REPLY,2085340675109802357
1882488299400658944,13615722,Directed,1,MENTION,2085340616939204665
1882488299400658944,13615722,Directed,1,REPLY,2085340616939204665
1662385674543038467,3368328442,Directed,1,MENTION,2085340199429509467
1662385674543038467,13615722,Directed,1,MENTION,2085340199429509467
1662385674543038467,3368328442,Directed,1,REPLY,2085340199429509467
1810086591425306624,13615722,Directed,1,MENTION,2085338479316058452
1810086591425306624,13615722,Directed,1,REPLY,2085338479316058452
1689788220018446341,13615722,Directed,1,MENTION,2085335208279109781
1689788220018446341,13615722,Directed,1,REPLY,2085335208279109781
1650047412142997507,13615722,Directed,1,MENTION,2085333409740533900
1650047412142997507,13615722,Directed,1,REPLY,2085333409740533900
1196355345729245189,1491072274740482054,Directed,1,MENTION,2085332113604440167
1196355345729245189,13615722,Directed,1,MENTION,2085332113604440167
1196355345729245189,1491072274740482054,Directed,1,REPLY,2085332113604440167
1555292680950845441,13615722,Directed,1,MENTION,2085331973904486841
1555292680950845441,13615722,Directed,1,REPLY,2085331973904486841
623949932,13615722,Directed,1,MENTION,2085331130341896330
623949932,13615722,Directed,1,REPLY,2085331130341896330
1340289231608922112,13615722,Directed,1,MENTION,2085330832466821263
1340289231608922112,13615722,Directed,1,REPLY,2085330832466821263
1688053970831577089,13615722,Directed,1,MENTION,2085330723654054033
1688053970831577089,13615722,Directed,1,REPLY,2085330723654054033
1932364849784262656,13615722,Directed,1,MENTION,2085324966904373289
1932364849784262656,13615722,Directed,1,REPLY,2085324966904373289
2041441882689921024,13615722,Directed,1,MENTION,2085322795467350170
2041441882689921024,13615722,Directed,1,REPLY,2085322795467350170
1709867644742950912,13615722,Directed,1,MENTION,2085322687321104760
1709867644742950912,1461492886361591810,Directed,1,MENTION,2085322687321104760
1709867644742950912,13615722,Directed,1,REPLY,2085322687321104760
2013264252488888320,13615722,Directed,1,MENTION,2085320737083023632
2013264252488888320,13615722,Directed,1,REPLY,2085320737083023632
2007174600569040897,13615722,Directed,1,MENTION,2085320362925896182
2007174600569040897,13615722,Directed,1,REPLY,2085320362925896182
1460184850351026176,13615722,Directed,1,MENTION,2085317405883134199
1460184850351026176,13615722,Directed,1,REPLY,2085317405883134199
2026562822042431490,13615722,Directed,1,MENTION,2085317179008745940
2026562822042431490,13615722,Directed,1,REPLY,2085317179008745940
1906969097788633088,13615722,Directed,1,MENTION,2085316646458048893
1906969097788633088,13615722,Directed,1,REPLY,2085316646458048893
