Id,Label,username,name,profile_image_url
1472083143213686784,jtanmay292,jtanmay292,tanmay1609,https://pbs.twimg.com/profile_images/2082063823805300736/KP8R2Be4_normal.jpg
13615722,s8n,s8n,s8n,https://pbs.twimg.com/profile_images/1880278672222916608/xIG6V6Rn_normal.jpg
2083835950430351360,Breakdansa,Breakdansa,Johann na,https://abs.twimg.com/sticky/default_profile_images/default_profile_normal.png
2077031044071763968,DailyChaosMemes,DailyChaosMemes,Daily Chaos Memes,https://pbs.twimg.com/profile_images/2077034460504113152/JPYVANVV_normal.jpg
1500700961488183296,sewer_ratthew,sewer_ratthew,Sewer Rat Cos,https://pbs.twimg.com/profile_images/1814749028229251072/4chbIUNI_normal.jpg
3292046109,bline89,bline89,Pietro,https://pbs.twimg.com/profile_images/2083125192273104896/uKaPkcYi_normal.jpg
1049627392082243584,bagnew8,bagnew8,Bagnew,https://abs.twimg.com/sticky/default_profile_images/default_profile_normal.png
1491072274740482054,vampyregiirl,vampyregiirl,vampyregiirl,https://pbs.twimg.com/profile_images/2063653733976702976/hFAMqT04_normal.jpg
233370384,SixxisVI,SixxisVI,Sixxis,https://pbs.twimg.com/profile_images/2086523849978327040/yaMw80lY_normal.jpg
2077345398251827200,Kenneth1976500,Kenneth1976500,蔡柔🌸同城上门♥线下选妃,https://pbs.twimg.com/profile_images/2087402235613290496/vRdq3kKr_normal.png
2077345715789914112,Vicky787146,Vicky787146,樊芷🌸同城上门♥线下选妃,https://pbs.twimg.com/profile_images/2087402221029687296/XF314MfL_normal.png
1816611509595963394,5dworldmemes,5dworldmemes,5TH DIMENSION MEMES,https://pbs.twimg.com/profile_images/1929358445276450816/k_zuSUSo_normal.jpg
1624117761403133953,Tonderayi2Carre,Tonderayi2Carre,Tonderayi Chikwiri,https://pbs.twimg.com/profile_images/2079683013894459392/rlq67kQd_normal.jpg
1265419378285137920,PMTariqueRahman,PMTariqueRahman,PMofBD🇧🇩,https://pbs.twimg.com/profile_images/2046342559929364480/I4d8xouW_normal.jpg
1273120481550499843,HalalNation_,HalalNation_,HalalNation_,https://pbs.twimg.com/profile_images/2055145733204873216/qe2Qk_zC_normal.jpg
1664122391671508993,BrandyCurt76643,BrandyCurt76643,Brandy Curtis,https://pbs.twimg.com/profile_images/2073515526274392064/sb3ps57V_normal.jpg
2082318320313778176,itsrosy67,itsrosy67,"sophia c,",https://pbs.twimg.com/profile_images/2084599021713203200/ZT6dGQ1C_normal.jpg
1454208180997795840,TjWrittenhouse_,TjWrittenhouse_,Tj,https://pbs.twimg.com/profile_images/2026870320573849601/_YPHc-Gz_normal.jpg
1805187517294985216,RBaxsiyev42765,RBaxsiyev42765,R,https://pbs.twimg.com/profile_images/1979209301869613056/Kz8Jy3hv_normal.jpg
1998370707143630848,KimchiCloud3,KimchiCloud3,KimchiCloud3,https://pbs.twimg.com/profile_images/1998373934471786496/KYdV8jO6_normal.jpg
1652739040272166914,itschxrlibb,itschxrlibb,itschxrlibb,https://pbs.twimg.com/profile_images/2087121290473717760/WtgFSyN1_normal.jpg
2077307384108605440,nadine88179,nadine88179,方欣🌸同城上门♥线下选妃,https://pbs.twimg.com/profile_images/2087392300653588480/Qh_1bKmN_normal.png
1379963270422011907,muffmagnet690,muffmagnet690,mingemaster2.0,https://pbs.twimg.com/profile_images/1936906545201045504/soM3CzuG_normal.jpg
49503277,radiuszero,radiuszero,💀 RadiusZero 💀,https://pbs.twimg.com/profile_images/1105967614562615296/ls8wluOO_normal.png
1426336063346388992,Murphy_FSS,Murphy_FSS,Ceramic,https://pbs.twimg.com/profile_images/1920312420750221313/pDgMgnWS_normal.jpg
1071606463557197824,HeartlessRavenx,HeartlessRavenx,𝓡𝓪𝓿𝓮𝓷,https://pbs.twimg.com/profile_images/2036921947054120960/akgL4C3d_normal.jpg
1690130307847192577,LuisCruz146441,LuisCruz146441,Humberto Cruz,https://pbs.twimg.com/profile_images/1725633705153335296/jkIjtNKH_normal.jpg
1367174855150469121,definitlet,definitlet,burnt out 🥀,https://pbs.twimg.com/profile_images/2044061399777701888/WBVQap6__normal.jpg
1977103232339263490,Uneldeisfunny,Uneldeisfunny,Unelde,https://pbs.twimg.com/profile_images/1977104313957703680/GLojZXNN_normal.jpg
985555266681933824,Bruce_Wayne011,Bruce_Wayne011,Francisco 🇵🇹,https://pbs.twimg.com/profile_images/2085463406107148288/mEymcauu_normal.jpg
2077331527222898688,Genevieve413920,Genevieve413920,樊曼🌸同城上门♥线下选妃,https://pbs.twimg.com/profile_images/2087382284424859648/2cjmPci8_normal.png
2856794113,compodulator,compodulator,Compodulator (temporary stuck vtuber),https://pbs.twimg.com/profile_images/643401810288377856/4LaaOKFv_normal.jpg
2085173066808868864,EstherAfu84,EstherAfu84,Esther Fuamatu,https://pbs.twimg.com/profile_images/2085186588984958976/j76z8vac_normal.jpg
1886610923403591680,Blanket1992,Blanket1992,qolq_blob,https://pbs.twimg.com/profile_images/2072355576860860416/mNbFEd0l_normal.jpg
1720665183188922368,grok,grok,grok,https://pbs.twimg.com/profile_images/2057885623374290944/lmj0pawP_normal.jpg
2059345184526135297,iIikekit,iIikekit,Jerry,https://abs.twimg.com/sticky/default_profile_images/default_profile_normal.png
1923943542805708800,Casper0540,Casper0540,Casper04official,https://abs.twimg.com/sticky/default_profile_images/default_profile_normal.png
1574754519094804485,BaybeeYoda,BaybeeYoda,Cocoa🤎Tea,https://pbs.twimg.com/profile_images/2014019851740725248/kBrYQesg_normal.jpg
2077312858887528448,Precious1542705,Precious1542705,康珂🌸同城上门♥线下选妃,https://pbs.twimg.com/profile_images/2087362073768407040/aWRLyOBy_normal.png
1532714484623585282,MeLovesLoliLots,MeLovesLoliLots,MeLovesLoliLots,https://pbs.twimg.com/profile_images/2078677879035203584/saRW-rHB_normal.jpg
1019998458214735872,chtkghk,chtkghk,minus8 archive 🔞,https://pbs.twimg.com/profile_images/1724092403353833472/xxMNA3gy_normal.jpg
1744783816206462976,Anointedyy,Anointedyy,Anthony,https://pbs.twimg.com/profile_images/1762316736320151553/pPqGanni_normal.jpg
2081740554233090048,65gcr48rrd,65gcr48rrd,James DeWaelsche,https://abs.twimg.com/sticky/default_profile_images/default_profile_normal.png
1980009411688226816,ChinimilliNavya,ChinimilliNavya,Navya Chinimilli,https://pbs.twimg.com/profile_images/1980009659504463872/5XX_WD2t_normal.png
1588559942046318592,renegadeO_O,renegadeO_O,Renegade,https://pbs.twimg.com/profile_images/1812563893358583809/CHKpl_1G_normal.jpg
1704572559625183233,Chickadeus,Chickadeus,Chickadeus,https://pbs.twimg.com/profile_images/1770234864022781952/3kxn8Ptk_normal.jpg
2002519651197333505,utdsince07,utdsince07,PLUTO,https://pbs.twimg.com/profile_images/2052660241792151553/qH_uo0pQ_normal.jpg
1542414604411801602,leidkaz,leidkaz,leidkaz,https://pbs.twimg.com/profile_images/1542414865997987847/2RkJSqSn_normal.jpg
2456419389,alexs11200,alexs11200,captain redbeard,https://pbs.twimg.com/profile_images/912455953471164418/6_TJx5Kd_normal.jpg
2024200534627143681,Dane2088255Dane,Dane2088255Dane,DANE,https://pbs.twimg.com/profile_images/2024200636884275203/RZryquC5_normal.jpg
1571622919553388544,KennSoutherland,KennSoutherland,KenILive,https://pbs.twimg.com/profile_images/2083055460542787584/CPzcxka9_normal.jpg
1293083352,Vaknama,Vaknama,Vaknama,https://pbs.twimg.com/profile_images/1880609093418647553/GYjP3ZmF_normal.jpg
2085185610868822016,star_burstsweet,star_burstsweet,Starburst Sweet,https://pbs.twimg.com/profile_images/2085190380098605056/sGx3gorc_normal.jpg
2621267674,whynotsumfun,whynotsumfun,albert chester,https://pbs.twimg.com/profile_images/1029114573322895367/UHc4RTYp_normal.jpg
1672616007972659200,PMC3011346,PMC3011346,MJ,https://pbs.twimg.com/profile_images/1959247144017375232/PDqi-dox_normal.jpg
2079468053998206976,kokoxcrush,kokoxcrush,koko‎🌙,https://pbs.twimg.com/profile_images/2080846530970255360/f6OLRKm8_normal.jpg
1596500751752241153,FJTR2024,FJTR2024,p4€$🐦‍⬛🎶🐈‍⬛♟️,https://pbs.twimg.com/profile_images/2083037755207028736/4cE8QefS_normal.jpg
1374312620434526208,DonnyBlisz,DonnyBlisz,𝐃𝐑. 𝐃𝐎𝐍𝐀𝐋𝐃,https://pbs.twimg.com/profile_images/2073775371820912640/ht2kgQVJ_normal.jpg
2007433735629877248,EnasI30887,EnasI30887,esnw,https://pbs.twimg.com/profile_images/2007433787454697474/wOjJDWL8_normal.png
2079341099416432640,garRobri8udm,garRobri8udm,Gar rodri,https://pbs.twimg.com/profile_images/2082612418421682176/UY_x15Ep_normal.jpg
215425902,TherapyToaster,TherapyToaster,ℂ𝕠𝕥𝕪 📐,https://pbs.twimg.com/profile_images/2077766032874196992/UuSwMZRG_normal.jpg
1265526183137067010,TheCaptainEli,TheCaptainEli,TheCaptainEli,https://pbs.twimg.com/profile_images/1997753138426613760/EZDpm91Z_normal.jpg
44196397,elonmusk,elonmusk,elonmusk,https://pbs.twimg.com/profile_images/2053244804520427520/m8mdWZCG_normal.jpg
1127329118574583809,makeitmakecense,makeitmakecense,"Lil’ Saint, This One For You!",https://pbs.twimg.com/profile_images/2069487012952899584/glUDPFAb_normal.jpg
1689725907294879745,VosephJijay,VosephJijay,John DuraiDas 🍺🚬,https://pbs.twimg.com/profile_images/1986413750648512519/MfEMaVRE_normal.jpg
1640697881786200066,BQuadrophenic,BQuadrophenic,Bleedin' Quadrophenic,https://pbs.twimg.com/profile_images/2001742705341403137/Ep9bL2lJ_normal.jpg
11989152,kopertop,kopertop,kopertop,https://pbs.twimg.com/profile_images/2064123731513946112/0MJuNJpX_normal.jpg
1318419526132862976,NousResearch,NousResearch,NousResearch,https://pbs.twimg.com/profile_images/1816254738234761216/TX7TW-Mp_normal.jpg
2462427811,msElkaBong,msElkaBong,🤡🤡🤡Elka Bong🃏🃏🃏¡vilified account!,https://pbs.twimg.com/profile_images/459489657743364096/5Ol5QpLD_normal.jpeg
1565471830793756673,RealHickory,RealHickory,RealHickory,https://pbs.twimg.com/profile_images/1688228427092877313/BKEDwqQC_normal.jpg
1339835893,HillaryClinton,HillaryClinton,HillaryClinton,https://pbs.twimg.com/profile_images/1835697796122370048/gNMHs4vB_normal.jpg
1805336009523228672,OdenwaBTC,OdenwaBTC,Odenwa,https://pbs.twimg.com/profile_images/1985657735308812288/wGrS5SaA_normal.jpg
1564637274490413063,HL1729,HL1729,lil hardy,https://pbs.twimg.com/profile_images/1564637808555397120/SYqCEGHN_normal.jpg
1432138055490617344,Legendary_Sarge,Legendary_Sarge,RG | LegendarySarge,https://pbs.twimg.com/profile_images/1979550475398651904/OUbbFHib_normal.jpg
1980275427072417792,baroncoleman,baroncoleman,Baron Coleman,https://pbs.twimg.com/profile_images/2053615565156044800/ycjOGaex_normal.jpg
2087309030339256323,Carljfie,Carljfie,Carl,https://pbs.twimg.com/profile_images/2087310388895330304/p-PRGjpY_normal.jpg
2087215941457207296,JohnDoelGO,JohnDoelGO,John Doe,https://abs.twimg.com/sticky/default_profile_images/default_profile_normal.png
1841277723479609350,JaphyJaphy15607,JaphyJaphy15607,king,https://pbs.twimg.com/profile_images/1871111036343840768/m7dgQtkc_normal.jpg
2044911297905491968,Jareisfly,Jareisfly,𝓙𝓐𝓡𝓔🦂,https://pbs.twimg.com/profile_images/2078975820123504641/_OGICHg0_normal.jpg
1875236520845590528,WilliamWeirFun,WilliamWeirFun,Dr. William Weir,https://pbs.twimg.com/profile_images/1876233510496747520/sZ4O4L0B_normal.jpg
1985491119778750464,TimothyD51155,TimothyD51155,Timothy Dalbeck,https://pbs.twimg.com/profile_images/1985491182307463169/rb5ZiFbE_normal.jpg
2728546588,mrjehedmichelle,mrjehedmichelle,michelle hedrick (Pandemonium),https://pbs.twimg.com/profile_images/741815382126809088/gn8rb1P0_normal.jpg
2899922942,qbsuperstar03,qbsuperstar03,ICE delenda est,https://pbs.twimg.com/profile_images/1710358990998167552/9UDID6ny_normal.jpg
1346168779005427712,Silencio1244,Silencio1244,Илија С. Петровић,https://pbs.twimg.com/profile_images/1636318967722655745/Y24wpLks_normal.jpg
15955157,nnnn,nnnn,nnnn,
1728587289964466176,Toograteful,Toograteful,Oluwafemi 😎🥺,https://pbs.twimg.com/profile_images/2084670402278670336/m2-KvjNG_normal.jpg
1573001145970204674,Jopitomadmazel,Jopitomadmazel,I AM KURDISTAN,https://pbs.twimg.com/profile_images/1939035293698461696/WIpvTmiA_normal.jpg
1237681719056240640,ElZuluOfficial,ElZuluOfficial,Don Cartelo,https://pbs.twimg.com/profile_images/1974093772662181888/IqKL4sBw_normal.jpg
2955172937,senior_harper_,senior_harper_,Alexander,https://pbs.twimg.com/profile_images/1555653841433120768/XCLMotGP_normal.jpg
2046526797743792128,say_mofe,say_mofe,莫 菲,https://pbs.twimg.com/profile_images/2078894636278366209/kL7PotwV_normal.jpg
1786040102440853504,_hermeticguy_,_hermeticguy_,Sσlaire🜃,https://pbs.twimg.com/profile_images/2086533015497314304/JLVNyKSN_normal.jpg
118445582,AGNT009,AGNT009,Will Dorado,https://pbs.twimg.com/profile_images/1984047667282845696/zF7X4GzK_normal.jpg
8928402,JBC_FOX,JBC_FOX,JBC_FOX,https://pbs.twimg.com/profile_images/2063911797439021056/yJfEFrBy_normal.jpg
1404186239742447618,SMB_was_taken,SMB_was_taken,SMB  𝕏 - 🍉🇵🇸 - 🇩🇿,https://pbs.twimg.com/profile_images/1711818804941000704/ItnOQoOX_normal.jpg
1251485172987572226,iam_Arham_10,iam_Arham_10,Arham,https://pbs.twimg.com/profile_images/1661079580021538833/cli66apK_normal.jpg
2077187632698720256,Christi77979777,Christi77979777,卢霞🌸同城上门♥线下选妃,https://pbs.twimg.com/profile_images/2087280989319909377/HjGYgcBy_normal.png
1498102826,ambix87,ambix87,江戸賀,https://pbs.twimg.com/profile_images/1982109465588408320/kSubvYzN_normal.jpg
1497982680767549445,wujekdave,wujekdave,Dave,https://pbs.twimg.com/profile_images/2000633806173143052/WuZoIez0_normal.jpg
1836251273445756928,YourShmoopii,YourShmoopii,YourShmoopii,https://pbs.twimg.com/profile_images/1916164089056735232/ZP-djshX_normal.jpg
1390442450314043395,Flowstate4L,Flowstate4L,Flowstate4L,https://pbs.twimg.com/profile_images/2079418087711883264/eawB1C4E_normal.jpg
3125597391,Shines314,Shines314,Shines314,https://pbs.twimg.com/profile_images/2079028689040236544/zI98Udo7_normal.jpg
1369354272,UniteVids,UniteVids,UniteVids,https://pbs.twimg.com/profile_images/2084353376704253952/-lGPYfUI_normal.jpg
1237095325,meuwmeuwlady,meuwmeuwlady,meuwmeuwlady,https://pbs.twimg.com/profile_images/2046757902556237824/XHALhr_W_normal.jpg
479456207,TBrightJapanTCG,TBrightJapanTCG,TBrightJapanTCG,https://pbs.twimg.com/profile_images/2070314376603844608/6A1ETbHA_normal.jpg
1814732882201448448,Us_versus_Me,Us_versus_Me,Us versus Me,https://pbs.twimg.com/profile_images/2068714285270700032/TlXpKJfd_normal.jpg
1667798598,ARTD_Romanize,ARTD_Romanize,Romanize,https://pbs.twimg.com/profile_images/1988638395854450689/ytFZK2l-_normal.jpg
812737065767096320,vaxryy,vaxryy,vaxry,https://pbs.twimg.com/profile_images/1787959548474540032/yjyBDXjI_normal.jpg
1487222725101998087,unruly_kash,unruly_kash,wuod_Luo1🇪🇹🇸🇸🇰🇪🇺🇬🇹🇿,https://pbs.twimg.com/profile_images/2025096686477926400/7NUHl6mY_normal.jpg
2041997699352846336,ArjanSingh3935,ArjanSingh3935,Mr Bean,https://pbs.twimg.com/profile_images/2070969621255946240/_hHB7kOl_normal.jpg
2045269321601970176,DonVash24,DonVash24,DonVash24,https://pbs.twimg.com/profile_images/2076872028733534208/mWXXupmL_normal.jpg
1198249440877928453,pandasuperstyle,pandasuperstyle,Randy,https://pbs.twimg.com/profile_images/1991979779378044928/3UshI6SF_normal.jpg
1924502883443093504,Nazkid50,Nazkid50,Nasir Yakub,https://pbs.twimg.com/profile_images/2017744133746540546/ltQ-5VX__normal.jpg
14690630,jpvanhoy,jpvanhoy,The Dread Bunny,https://pbs.twimg.com/profile_images/54441969/shotbunny_normal.gif
18809742,DarthCurt,DarthCurt,EvilRedLightSbr🤘,https://pbs.twimg.com/profile_images/1997202324096274432/TEyNkw-z_normal.jpg
1143972330856730624,Cinemamysoul,Cinemamysoul,Cinephile Lost in World of Dreams & Desires!,https://pbs.twimg.com/profile_images/2052744127322697734/8xqBfuC1_normal.jpg
1283533284211908609,awoodustin,awoodustin,awoodustin,https://pbs.twimg.com/profile_images/2072475639261675520/J6pGvNO2_normal.jpg
1905720887661465600,Aori_aero,Aori_aero,24HourConvenienceStore,https://pbs.twimg.com/profile_images/2078220367449968640/T0nR-lJW_normal.jpg
1510341560994463744,Parthisgreat140,Parthisgreat140,hakunamatatata,https://pbs.twimg.com/profile_images/1971703663296237571/9H5IfnYy_normal.jpg
1591655057967271938,LiamsiAje1,LiamsiAje1,Aje😌,https://pbs.twimg.com/profile_images/1661623198285283328/ts7FQOck_normal.jpg
49517618,soundwave803,soundwave803,Metroplex Boomin,https://pbs.twimg.com/profile_images/2940182613/6f48b746096628bcc7f9670ded794fce_normal.jpeg
1927439128045477888,Renualdo_Jam,Renualdo_Jam,Renualdo,https://pbs.twimg.com/profile_images/1927439226020171776/gBOVjcyr_normal.jpg
1439823557245083648,NoahSharrott,NoahSharrott,Noah Sharrott,https://pbs.twimg.com/profile_images/1439823729035337732/_T6zxSpB_normal.jpg
2769947892,ToniBourlon,ToniBourlon,BeagleMania,https://pbs.twimg.com/profile_images/1692969738706558976/AggqNTGK_normal.jpg
2053738718276546560,ifwdemi,ifwdemi,∂',https://pbs.twimg.com/profile_images/2087259170135293952/wmSC2FGm_normal.jpg
1089240927112175621,nr0174,nr0174,nr017,https://pbs.twimg.com/profile_images/1771924673921490944/VGVpRXYE_normal.jpg
1555131867552030720,kiwiatheist,kiwiatheist,KiwiAtheist,https://pbs.twimg.com/profile_images/2060837420736892928/51Uq7c_t_normal.jpg
2032204632060293120,Jasen_mjolnir,Jasen_mjolnir,Jasen ✪ 𝟐𝟒 ᛉ ᚨ ᛋ ᛋ,https://pbs.twimg.com/profile_images/2086673035139145729/k3XgsRjV_normal.jpg
1081117545955028993,batmanu3l,batmanu3l,Batmanu3l,https://pbs.twimg.com/profile_images/1081126185181040641/YjZqmWRC_normal.jpg
1903184920912269312,KathyNoir23574,KathyNoir23574,Kathy Noir,https://pbs.twimg.com/profile_images/1903185242115969024/c8Q0NeDh_normal.jpg
1100163812689354753,Dineo_September,Dineo_September,Dineo Marvel,https://pbs.twimg.com/profile_images/1100163974602076160/yJUnvSCk_normal.jpg
2052242120401096704,lofs1243,lofs1243,Denzil Ratt,https://pbs.twimg.com/profile_images/2086419316816384001/YQVsdsM__normal.jpg
1812609898120949760,BadrTaher1997,BadrTaher1997,Shift,https://pbs.twimg.com/profile_images/2081001160987836416/wVVfin9l_normal.jpg
887350005379584001,CyberyusKraken,CyberyusKraken,Ｊｏｎａｓ,https://pbs.twimg.com/profile_images/2079280658128486401/luhkqaEW_normal.jpg
1458129453368946697,IsraElmaspioor,IsraElmaspioor,El gemelo de Zague.,https://pbs.twimg.com/profile_images/1916889130803363841/fQSTs1XP_normal.jpg
988591689144119296,JamiePricefield,JamiePricefield,JamiePricefield,https://pbs.twimg.com/profile_images/2079611412528156672/lsWjb7ko_normal.jpg
4013407935,Slimelifeeee,Slimelifeeee,Slimelifeeee,https://pbs.twimg.com/profile_images/2073460369431859200/Ct3G5Ik4_normal.jpg
1059650366,skurpsSLP,skurpsSLP,SKURPS,https://pbs.twimg.com/profile_images/1007590322040463360/wMeafQe0_normal.jpg
2077063944322088960,woodrow81762,woodrow81762,卢霞🌸同城上门♥线下选妃,https://pbs.twimg.com/profile_images/2087237707252543488/-UrJ9ZZM_normal.png
61850508,acrogenesis,acrogenesis,Adrian Rangel,https://pbs.twimg.com/profile_images/1958238371819507712/kShGAa5g_normal.jpg
106929313,animaxtor,animaxtor,Julio Felipe 🦈,https://pbs.twimg.com/profile_images/1640464913972772872/wh4ajFan_normal.jpg
1134309055613218818,dethrickshade,dethrickshade,Ð:///Schizø/Kryptømancer/PseuÐønymøus/Ðethrick.3xd,https://pbs.twimg.com/profile_images/2082497110272798720/vctJcEJ7_normal.jpg
2078829599622922240,ViktorLazarski,ViktorLazarski,Viktor,https://pbs.twimg.com/profile_images/2082507421189054464/mtHi8MQL_normal.jpg
2079647360309698561,LofiClqud_,LofiClqud_,Lofi Clqud,https://pbs.twimg.com/profile_images/2079647931628498944/PE523pqH_normal.jpg
1560406705732714498,Leethyl89,Leethyl89,ULTRAEGO HOODRAT,https://pbs.twimg.com/profile_images/1829852615338811392/44xoPi82_normal.jpg
1767852532053741568,kungfoobacon,kungfoobacon,kungfoobacon,https://pbs.twimg.com/profile_images/2086372518680547328/wHYDEb9u_normal.jpg
1690100918056837120,gepescu,gepescu,Gepe,https://pbs.twimg.com/profile_images/1769742544403943424/bnhAoJMa_normal.jpg
1857462468,CAndreiCosmin,CAndreiCosmin,Andrei Cosmin,https://pbs.twimg.com/profile_images/944457672090423296/Ez5jUJFR_normal.jpg
1616640307474358272,kairocarite,kairocarite,Cate,https://pbs.twimg.com/profile_images/2042988083004444673/FuXKhMPv_normal.jpg
1518679136633597953,WesternMANergy,WesternMANergy,WesternMANergy 🔞✡,https://pbs.twimg.com/profile_images/2000602702372352002/rBI45yTd_normal.jpg
2040867021236109312,cujkov18282,cujkov18282,Леонид Чуйков,https://pbs.twimg.com/profile_images/2040867318603841536/pGK34P8o_normal.jpg
1522870669360381953,Efraimbarkbit8,Efraimbarkbit8,RaFaKaKA,https://pbs.twimg.com/profile_images/2071757763751837696/jPLWlBsM_normal.jpg
2070279008336400384,valeriaxanzz,valeriaxanzz,𝒱𝒶𝓁𝓮𝓇𝒾𝒶,https://pbs.twimg.com/profile_images/2084438865721303040/-eS6SRzR_normal.jpg
1346592270464679936,CarterKoWang,CarterKoWang,Carter,https://pbs.twimg.com/profile_images/1739043176894390272/GIu380ZX_normal.jpg
1577420143726051330,StillCritically,StillCritically,CriticallyThin ~Gatekeeper 😁,https://pbs.twimg.com/profile_images/2034640617712881664/6bOBsamf_normal.jpg
952713982724501504,B_2_the_ill,B_2_the_ill,B2the ILL,https://pbs.twimg.com/profile_images/1484976803357892615/6QDUS0G4_normal.jpg
2077078858763812864,Brian13066,Brian13066,马瑞🌸同城上门♥线下选妃,https://pbs.twimg.com/profile_images/2087218884277403648/eJlDHKH5_normal.png
1678304166819536896,Magasoman,Magasoman,Seanshawnshaunshown,https://pbs.twimg.com/profile_images/1678484084723515392/UET-Rmt0_normal.jpg
2239223047,MsKDizzle,MsKDizzle,Kiera Larson,https://pbs.twimg.com/profile_images/1634989971965636609/1d9y73UV_normal.jpg
58090710,pfordroyals22,pfordroyals22,pfordroyals22,https://pbs.twimg.com/profile_images/2084764090455502849/TD3W6WOl_normal.jpg
1834003971075084288,ChristinaR26882,ChristinaR26882,ChristinaR26882,https://pbs.twimg.com/profile_images/2083862055589744640/JZdM6bzR_normal.jpg
780284709641281536,basedchad,basedchad,Chad,https://pbs.twimg.com/profile_images/2006035476655005698/-k5yL8XI_normal.jpg
1497400587457077250,rydrslydr715,rydrslydr715,vegeta,https://pbs.twimg.com/profile_images/1766122553817346048/1NdSMm1E_normal.jpg
176126108,SteveMFinlay,SteveMFinlay,SteveMFinlay,https://pbs.twimg.com/profile_images/2032599086776594434/1Xgt4FUo_normal.jpg
976518621378891778,heyitsveenus,heyitsveenus,v.,https://pbs.twimg.com/profile_images/2084389788346368000/SjdC-KVy_normal.jpg
303639872,jaxlma,jaxlma,asa,https://pbs.twimg.com/profile_images/2084520139907895296/3gC8WevJ_normal.jpg
1483927411318304769,Sir_Chris_of_C,Sir_Chris_of_C,Chris 🇨🇦,https://pbs.twimg.com/profile_images/1900216152074129408/ilQdaSdC_normal.jpg
922678624268046337,danielandres341,danielandres341,daniel andres,https://abs.twimg.com/sticky/default_profile_images/default_profile_normal.png
1923716295062597632,DooodShok36681,DooodShok36681,Amit vichaare,https://pbs.twimg.com/profile_images/1923924751472357376/WehwEDYM_normal.jpg
970401765509226496,rofiabjizi,rofiabjizi,Rofiabjizi Uchiwa,https://pbs.twimg.com/profile_images/1546573392400236545/xBFYjIoS_normal.jpg
2073055412551892993,PixelHeartsU,PixelHeartsU,Pixel Heart,https://pbs.twimg.com/profile_images/2073056264582782976/BDTzDave_normal.jpg
1601061884,JKurchan,JKurchan,Dr. K,https://pbs.twimg.com/profile_images/1579942323873619968/ocngB7Aq_normal.jpg
1786699446387941376,aweirdnerd,aweirdnerd,Einhornlord,https://pbs.twimg.com/profile_images/2083558423400972288/VzfTYLij_normal.jpg
2068951423002263552,n0tjust0k,n0tjust0k,huhh ??,https://pbs.twimg.com/profile_images/2069563481586618368/jVkhFIK-_normal.jpg
1381576124077985800,aria_na130303,aria_na130303,a r 🎼 a🍀,https://pbs.twimg.com/profile_images/2087183447928573952/T32XO3fm_normal.jpg
1421289336432123907,leonnyfragoso,leonnyfragoso,Leonny Fragoso,https://pbs.twimg.com/profile_images/2044189585895243776/8CjSlOQV_normal.jpg
148582791,Jedigrl99,Jedigrl99,JediPancakes ॐ♀️Ⓥ🇵🇸🇺🇦🐈‍⬛ Enraged Feminist 💣,https://pbs.twimg.com/profile_images/2072374828137381889/oWPiuz06_normal.jpg
1602029702553763840,SkolVikin,SkolVikin,Go Celtics,https://pbs.twimg.com/profile_images/1796348278067339264/XBHLlVbA_normal.jpg
213932110,brucewai,brucewai,bruce.wai,https://pbs.twimg.com/profile_images/1896802682049875968/y80Jj1zO_normal.jpg
3610902503,cfwang1337,cfwang1337,Charles Wang,https://pbs.twimg.com/profile_images/647077243320205312/Xe4b1bTY_normal.jpg
1300391887862485002,Tarmeim,Tarmeim,The woman,https://pbs.twimg.com/profile_images/1510648519170093060/vaqjBRhr_normal.jpg
1959940866295943168,borderypepstein,borderypepstein,Bordery Pepstein,https://pbs.twimg.com/profile_images/2046533894162243584/VKMS4h2n_normal.jpg
1452307665229651968,g7222222,g7222222,李七夜,https://pbs.twimg.com/profile_images/2053569984333303808/VCNlKStB_normal.jpg
2077024087604387840,Shawn145711,Shawn145711,殷娜🌸同城上门♥线下选妃,https://pbs.twimg.com/profile_images/2087168341651722240/Zie1-tHl_normal.png
2083576770016706560,rotisate,rotisate,eca,https://pbs.twimg.com/profile_images/2087168121354547200/mjEa4FCw_normal.jpg
2077399576542322688,Surabhi_Her,Surabhi_Her,Surabhi,https://pbs.twimg.com/profile_images/2077403505460170752/oGYeoLo5_normal.jpg
4903653585,revilaxi,revilaxi,nayla,https://pbs.twimg.com/profile_images/2008952441665163264/dhUk-ocl_normal.jpg
2076990569226661888,Terrenc74735094,Terrenc74735094,范雪🌸同城上门♥线下选妃,https://pbs.twimg.com/profile_images/2087158254514196480/VCAZP1VD_normal.png
57003699,The_Freddery,The_Freddery,Freddery,https://pbs.twimg.com/profile_images/1455123110223499266/CmHS9ac4_normal.jpg
2065794225900310528,LindaLoggedOn,LindaLoggedOn,Linda,https://pbs.twimg.com/profile_images/2069785422377500672/PgnLeElh_normal.jpg
265689003,glassoline,glassoline,the somnabulator,https://pbs.twimg.com/profile_images/1961211552549187584/AsS0tjSj_normal.jpg
825040096353214465,Macintosh_Geek,Macintosh_Geek,MacGeek,https://pbs.twimg.com/profile_images/829875210543312896/raFEP7kC_normal.jpg
1487264598793555968,chaojixueba2,chaojixueba2,chaojixueba,https://pbs.twimg.com/profile_images/1951529961564807169/rA5U40nU_normal.jpg
1938551210824654848,_magpie_7,_magpie_7,Loki's daughter,https://pbs.twimg.com/profile_images/2079974972013846528/bbDvD-Qf_normal.jpg
2086639498679447552,Zzzzzoea8,Zzzzzoea8,Zzzzz,https://abs.twimg.com/sticky/default_profile_images/default_profile_normal.png
778347954172198912,emmajune109,emmajune109,Emma,https://abs.twimg.com/sticky/default_profile_images/default_profile_normal.png
1660954294030598147,ChanBomba81386,ChanBomba81386,Bomba-Chan,https://pbs.twimg.com/profile_images/1901870728812941312/UooNp-G-_normal.jpg
1963263818840379394,notivargg,notivargg,notivar,https://pbs.twimg.com/profile_images/2055939024527953920/B_dAWWMw_normal.jpg
2238493709,naughtysoup,naughtysoup,rick,https://pbs.twimg.com/profile_images/1966148236390834176/4PYUT_97_normal.jpg
1404380701345079299,SpaulanerPezi,SpaulanerPezi,SpaulanerPezi,https://pbs.twimg.com/profile_images/1885975291278807040/IWtlGtK1_normal.jpg
185185461,22eug,22eug,22eug,https://pbs.twimg.com/profile_images/1758488748717977600/zWCiAQgY_normal.jpg
1981377439394856960,TeddyTed1213796,TeddyTed1213796,Taeddy,https://pbs.twimg.com/profile_images/2041106017443045376/XArdgSgD_normal.jpg
728513653855506434,1_jadineforever,1_jadineforever,Jadine,https://abs.twimg.com/sticky/default_profile_images/default_profile_normal.png
2075414965012553730,gialynnkreekul,gialynnkreekul,Gialynn Kreekul,https://pbs.twimg.com/profile_images/2075415550696759296/BgxCVknD_normal.jpg
4795988032,Mega_El_Gato,Mega_El_Gato,Mega El Gato 🚢,https://pbs.twimg.com/profile_images/2083174391118954496/HWBKmZzc_normal.jpg
987774220326191104,MsModernity,MsModernity,MsModernity,https://pbs.twimg.com/profile_images/1852268853411098625/-JsWVWcP_normal.jpg
2568803555,monkey_pulp,monkey_pulp,Pulp Monkey,https://pbs.twimg.com/profile_images/2072147683775508480/ZHFeOXxw_normal.jpg
1569032042087878658,AptosFanBoy,AptosFanBoy,Aptos Fan Boy,https://pbs.twimg.com/profile_images/1788982685572165634/hzXfOVAU_normal.jpg
1708143825980399616,pokajames330262,pokajames330262,pokajames,https://pbs.twimg.com/profile_images/1883553893847580672/nqL5E3gn_normal.jpg
2080509869841592320,seixaudrii,seixaudrii,aud,https://pbs.twimg.com/profile_images/2080510231545790464/e90Ud2GX_normal.jpg
1948418413048528897,Maida_ishere,Maida_ishere,Maida Musse,https://abs.twimg.com/sticky/default_profile_images/default_profile_normal.png
1987897925952008192,S0undwave1984,S0undwave1984,Soundwave,https://pbs.twimg.com/profile_images/2080927474859339776/msM5I2K6_normal.jpg
2050965595475070976,3ppleX_NG,3ppleX_NG,3pple X,https://pbs.twimg.com/profile_images/2050966165929721856/H7k2DQn7_normal.jpg
1737245520391753728,OppAI_Vault,OppAI_Vault,⭐ OppAI Vault ⭐,https://pbs.twimg.com/profile_images/2075386660481597440/7AlZ8xn2_normal.jpg
2042293595281989632,ItsRumman,ItsRumman,Rumman,https://pbs.twimg.com/profile_images/2078746562331848704/YkRKMMrG_normal.jpg
2076984232845422592,Willie314954693,Willie314954693,宋慧🌸同城上门♥线下选妃,https://pbs.twimg.com/profile_images/2087106707063250944/u28e8AtB_normal.png
2080896428021518336,yeathisninds,yeathisninds,nindié,https://pbs.twimg.com/profile_images/2080900164945133568/Zxujmqzd_normal.jpg
1481659284085788675,BigBall4life,BigBall4life,Big Balls,https://pbs.twimg.com/profile_images/1975235675331969024/PvmFUHsM_normal.jpg
2043968941827985408,waifuyumi,waifuyumi,Yumi,https://pbs.twimg.com/profile_images/2070618156771500033/yUrwCi-H_normal.jpg
284740166,MikeBoaks,MikeBoaks,Michael Boaks,https://pbs.twimg.com/profile_images/1454938846093668363/jcEZBdVp_normal.jpg
1868262092874330113,AndrewOgden11,AndrewOgden11,Andrew Ogden,https://pbs.twimg.com/profile_images/1931511216259964928/VNm7vqzB_normal.jpg
2058878687358140417,ImranTuhin63,ImranTuhin63,Imran Tuhin,https://pbs.twimg.com/profile_images/2060707949547606016/fpZpbqam_normal.jpg
1920856287811633152,sarda_rima,sarda_rima,Rima sarda,https://pbs.twimg.com/profile_images/2082878353871351808/tJsRGjD7_normal.jpg
2041086311331758080,AnotherNorman,AnotherNorman,Norman,https://pbs.twimg.com/profile_images/2083253370756763648/YZmlhrPD_normal.jpg
589369550,TheAMerk,TheAMerk,A-Merk,https://pbs.twimg.com/profile_images/1530293524368867329/FQp6AD0e_normal.jpg
799151263,Starplatarara,Starplatarara,Tarara Boomdeyay 🐈‍⬛❤️ 🇳🇴,https://pbs.twimg.com/profile_images/2070378708402388992/sNxeeAk3_normal.jpg
873697482475282432,HeroicGames69,HeroicGames69,Heroic Gamer,https://pbs.twimg.com/profile_images/1974003654198796288/j56NVMNw_normal.jpg
1818617049821609984,purreperformans,purreperformans,ihateyoutoobtw,https://pbs.twimg.com/profile_images/1964282020554567681/Qq73t88i_normal.jpg
954059638412070912,R3DS1XP0RKINS,R3DS1XP0RKINS,RedSix,https://pbs.twimg.com/profile_images/2087073495800770560/mJoT51Ik_normal.jpg
2065501886203990017,cbscnnabc1,cbscnnabc1,get a barbie pregnant,https://pbs.twimg.com/profile_images/2087280908294311936/ncDo34Hr_normal.jpg
2076977828994666496,Peter213468,Peter213468,樊嫣🌸同城上门♥线下选妃,https://pbs.twimg.com/profile_images/2087069865626447872/6JF06qTw_normal.png
1574488912545955855,Jamesf87F,Jamesf87F,HeavyMetalSaint,https://pbs.twimg.com/profile_images/2005443714408415232/CT4YYVOj_normal.jpg
2060517996339367936,jaguppal51,jaguppal51,TOY-GRRRR OF LINDIAN POOPHEADS😐,https://pbs.twimg.com/profile_images/2086642003329355776/2aRWNTQP_normal.jpg
734749363726061568,prjwlnyk,prjwlnyk,Prajwal Nayak,https://pbs.twimg.com/profile_images/2048121684683862016/SDMr6vUP_normal.jpg
2079674420352708609,CardiBeeWap,CardiBeeWap,Cardi Bee Wap,https://pbs.twimg.com/profile_images/2080100602021900289/MsRqfz3l_normal.png
2076938721341956096,Emily190266,Emily190266,康丽🌸同城上门♥线下选妃,https://pbs.twimg.com/profile_images/2087059864690290688/EPdVQ1gl_normal.png
1199945494874578944,singaoranje,singaoranje,ardi,https://pbs.twimg.com/profile_images/1810616559125352448/of5c4-wY_normal.jpg
2084005084157911040,Nox_alkimo,Nox_alkimo,Nox,https://pbs.twimg.com/profile_images/2086805119560011776/t3zh3Ark_normal.jpg
550184028,HansPunk,HansPunk,Beef Stew,https://pbs.twimg.com/profile_images/1732508680124239873/1ZJNDPtO_normal.jpg
1945603658906742784,RobinRowan7788,RobinRowan7788,Robin Nyx Valeska,https://pbs.twimg.com/profile_images/2022891737862078464/-306rNlw_normal.jpg
717759683293872129,macun81,macun81,DeepSpaceX,https://pbs.twimg.com/profile_images/1906561013912055809/cYEYOXkI_normal.jpg
1995103902895890432,ch_speed1,ch_speed1,PK|SPEED,https://pbs.twimg.com/profile_images/2079931004169416704/6vq8qbQ9_normal.jpg
596459475,DaaMainTopicc,DaaMainTopicc,unxque🧘🏽‍♀️💗,https://pbs.twimg.com/profile_images/2087003442015326209/vsiur3yB_normal.jpg
2077823071126261760,uudyergggina,uudyergggina,高菁🌸同城上门♥线下选妃,https://pbs.twimg.com/profile_images/2087049743964717056/rjYz6Z4T_normal.png
1257696064221536257,BloomX777,BloomX777,Blooms99💛,https://pbs.twimg.com/profile_images/1992582782724538371/9rfAVGEP_normal.jpg
1639031804,ptpart001,ptpart001,nathan sawey,https://pbs.twimg.com/profile_images/1019023143384633344/GxOi-ccm_normal.jpg
1064607267998392321,SilverGremory,SilverGremory,Ricky Silver Gremory Martinez,https://pbs.twimg.com/profile_images/2060136808046804997/WRzvDJNF_normal.jpg
1026062852,Limbo_man,Limbo_man,Fｏrｇoｔtｅn,https://pbs.twimg.com/profile_images/1130126554556772352/A5tRRvgS_normal.png
2077817255161671680,yusedakuheun,yusedakuheun,康露🌸同城上门♥线下选妃,https://pbs.twimg.com/profile_images/2087029655232487424/H_2xDrxv_normal.png
1179201668765949953,jessiewithgems,jessiewithgems,puppytime,https://pbs.twimg.com/profile_images/1222282242367598594/zWvRrXac_normal.jpg
2087002537169711104,TitusKanez3,TitusKanez3,Titus Kane,https://pbs.twimg.com/profile_images/2087002960395976704/AIblpiqd_normal.jpg
15974514,Chrisgtyler,Chrisgtyler,Chris G,https://pbs.twimg.com/profile_images/1372715636/image_normal.jpg
934953745032544257,abelm3404,abelm3404,abelm3404,https://pbs.twimg.com/profile_images/1503250692592570368/xHH1Jkfs_normal.jpg
1817340722078715904,ChuckW84381,ChuckW84381,Chuck,https://pbs.twimg.com/profile_images/1999135465094385664/TAWZhui6_normal.jpg
2038476874658004992,fissher_new_acc,fissher_new_acc,𝓕𝓲𝓼𝓱𝓮𝓻_𝓯5𝓿𝓮,https://pbs.twimg.com/profile_images/2074517440999071744/xgNdUSKf_normal.jpg
1311582120171593728,tko16301630,tko16301630,bob loblaw,https://pbs.twimg.com/profile_images/1688810727304548352/1_rBtIIq_normal.jpg
1307125312400969728,Sirbomb4,Sirbomb4,Sirbomb,https://pbs.twimg.com/profile_images/1365351078590435330/0onuRIOb_normal.jpg
2004977639585710082,MarsSeb3454,MarsSeb3454,Gonzalo Marsilli,https://pbs.twimg.com/profile_images/2058554644859625472/FPaOklDt_normal.jpg
1339261053549555712,TKOJ0,TKOJ0,TKOJ0,https://pbs.twimg.com/profile_images/2056769904569626625/tYWpf3q-_normal.jpg
1501440079918772225,regphunt,regphunt,Reg Hunt,https://pbs.twimg.com/profile_images/1808085500277710848/Xmpo650w_normal.jpg
1561049828456538114,jpgfex,jpgfex,JP,https://pbs.twimg.com/profile_images/1864490675615539201/jpS2jSpB_normal.jpg
913207967880802306,milenamontealto,milenamontealto,𝖒𝖔𝖓𝖙𝖊 𝖇𝖆𝖎𝖝𝖔,https://pbs.twimg.com/profile_images/2024525486416683008/GY8hhz4T_normal.jpg
3347070778,diasgiio,diasgiio,diasgiio,https://pbs.twimg.com/profile_images/2024241930255671296/rSc9TnpX_normal.jpg
1553385492,DragonTigerWork,DragonTigerWork,Jonathan @ Dragon Tiger Works,https://pbs.twimg.com/profile_images/781953091889340416/ozJXL_ax_normal.jpg
1588348516237049858,SergioS87252190,SergioS87252190,Sergio,https://pbs.twimg.com/profile_images/1696574761353306112/NEf17GLu_normal.jpg
1878122329043300352,laobeeden114514,laobeeden114514,Ez4ence58588,https://pbs.twimg.com/profile_images/2060616131044614144/PxLPd0iW_normal.jpg
1516593248239853571,OffDutyTaoist,OffDutyTaoist,E.S. Hamilton,https://pbs.twimg.com/profile_images/1521625429106479116/jz8Pf5bB_normal.jpg
1852777064681861120,LibestiVana999,LibestiVana999,NMoody7/2,https://pbs.twimg.com/profile_images/1852777167769546752/zVcFdv6R_normal.jpg
655093,god,god,god,https://pbs.twimg.com/profile_images/1984867704285904901/udi3ItrA_normal.jpg
3009578024,gr00vyj,gr00vyj,𓁺 𓁺,https://pbs.twimg.com/profile_images/2043225467701145600/aE6HYEc__normal.jpg
2836218276,devlphantoma,devlphantoma,Dev Chen 💙⏳❤️ Chasing Dream✨,https://pbs.twimg.com/profile_images/2035741765366632448/z3xKT6BN_normal.png
1929719706212356097,taobebien,taobebien,biển bẹ (seakelp),https://pbs.twimg.com/profile_images/2060002512862945280/h5WmSwuA_normal.jpg
1714432832292966400,ValorantBits,ValorantBits,ValorantTweets,https://pbs.twimg.com/profile_images/1758874789412761600/uSqwjTTm_normal.jpg
1381449223657426945,RoseVal44981638,RoseVal44981638,Rose Valentine,https://pbs.twimg.com/profile_images/1381457600248696834/BjB5RwpB_normal.jpg
2056920650686595073,Bullskey,Bullskey,BullskeyMR,https://pbs.twimg.com/profile_images/2066032628105351170/fX06eMRQ_normal.jpg
1284303994450567175,shayspicee,shayspicee,Shay Spice ✨,https://pbs.twimg.com/profile_images/2077550744668880896/nU6F2Odu_normal.jpg
1884752671263072256,jasevr12,jasevr12,Ivey,https://pbs.twimg.com/profile_images/1884752733749800960/8GO5Ipov_normal.png
2078975868970627072,lostthefinal,lostthefinal,Memmeeeee,https://abs.twimg.com/sticky/default_profile_images/default_profile_normal.png
1213503485066432512,patrixilent,patrixilent,Patryk of the Sleeper Tribe,https://pbs.twimg.com/profile_images/1560804691453386752/TpA5_D4__normal.jpg
1413608677135749125,coco_Muppets,coco_Muppets,6R3Y,https://pbs.twimg.com/profile_images/1986227013279944705/u9-Dh2V__normal.jpg
1475562324647821313,artichokescum,artichokescum,Artichokescum,https://pbs.twimg.com/profile_images/1476605603229290507/qoxbeJ6C_normal.jpg
1656635302566416385,ADezurdos,ADezurdos,Pelleterooo,https://pbs.twimg.com/profile_images/1795163227841609729/GvpzBVvM_normal.jpg
65183293,borisbarrera,borisbarrera,borisbarrera,https://pbs.twimg.com/profile_images/1529571522972508160/I06CkGAC_normal.jpg
883206485278285825,jen_wrightcr,jen_wrightcr,🇨🇦SmokingJen🇨🇦,https://pbs.twimg.com/profile_images/2083286336182865920/d9Hi7a3c_normal.jpg
2067971560405651458,Dollarsign1141,Dollarsign1141,Dollarsign,https://pbs.twimg.com/profile_images/2067972066519703552/p5nk6G7W_normal.jpg
1104781426078158850,OctoPikmin,OctoPikmin,🌙✨Luna Espeon🌙✨,https://pbs.twimg.com/profile_images/1485942499227090949/QNw4gQE5_normal.jpg
1104608366,duncanrmorrison,duncanrmorrison,Duncan Morrison 🍁,https://pbs.twimg.com/profile_images/1873522791216979968/7Gh1nuqW_normal.jpg
853648119862525953,robb_rocket,robb_rocket,Robb Rocket,https://pbs.twimg.com/profile_images/1793384469098799104/du3zud07_normal.jpg
1600081787362983937,poki_utd,poki_utd,Basil👹,https://pbs.twimg.com/profile_images/2080566619617566720/t8bLPByF_normal.jpg
1609953199301050371,NdyomugabeH,NdyomugabeH,HENRY,https://pbs.twimg.com/profile_images/1906579480761479168/YaGGYOoQ_normal.jpg
1483498295993548807,KelvinClemet1,KelvinClemet1,Boy_kelv,https://pbs.twimg.com/profile_images/2071256323807653888/m1VsYSNa_normal.jpg
1206622892,TheGreek_1000,TheGreek_1000,The Greek,https://pbs.twimg.com/profile_images/1759364858015801344/6GQ-G1Cc_normal.jpg
1398729916594671620,angeloleo01,angeloleo01,Ahsan,https://pbs.twimg.com/profile_images/2079467650296754176/CZPJF1DI_normal.jpg
1922860611798695936,TYPAapp_Pokemon,TYPAapp_Pokemon,TYPAapp_Pokemon,https://pbs.twimg.com/profile_images/2070579911476264960/nG9-iNTX_normal.jpg
3318124892,blazed1993,blazed1993,blazed1993,https://pbs.twimg.com/profile_images/1802605121370791936/Ub7SRlVa_normal.jpg
1170902577195757573,JoeyZaddy,JoeyZaddy,JoeyZaddy,https://pbs.twimg.com/profile_images/2087372901305450496/FoRWxoFu_normal.jpg
3569200641,ItzMrWaflz,ItzMrWaflz,ItzMrWaflz,https://pbs.twimg.com/profile_images/1937243432730103808/SxK5UNda_normal.jpg
737491662025416704,jdubszz,jdubszz,Jessica Wanka,https://pbs.twimg.com/profile_images/1716226253714345985/HcwoRlIs_normal.jpg
2959843478,moodmanfdm,moodmanfdm,moodman,https://pbs.twimg.com/profile_images/1823817947388813312/iI2GwnA3_normal.jpg
1298786698877448193,CrypticRarity66,CrypticRarity66,CrypticRarity,https://pbs.twimg.com/profile_images/1763650793436045312/7s1XdseH_normal.jpg
837434549801869312,MarkDelRawdough,MarkDelRawdough,Rep. Mark (Of The Beast) Don Gottem W 🇲🇽🇺🇸,https://pbs.twimg.com/profile_images/2063352386329149440/maPmFthk_normal.jpg
900308371651407872,husoatlive,husoatlive,The Follower,https://pbs.twimg.com/profile_images/1948863711193493504/HCE-rKBK_normal.jpg
2049180663446712320,miagirlxq,miagirlxq,Mia Quinn,https://pbs.twimg.com/profile_images/2050978805641043969/VljkfAD3_normal.jpg
3299457967,kirou01,kirou01,Wire 有刺鉄線,https://pbs.twimg.com/profile_images/1439211167478550530/daeb_kJD_normal.jpg
1627637798,MeisieMagdalene,MeisieMagdalene,Allura Grant ከለላ,https://pbs.twimg.com/profile_images/2008652073672286208/AtKvtUC3_normal.jpg
1898845850232557568,thabomx,thabomx,thabomx 🫧,https://pbs.twimg.com/profile_images/2075985844515553280/b5OljUYt_normal.jpg
8943,jesus,jesus,jesus,https://pbs.twimg.com/profile_images/1321601861275676672/C2AIvH6h_normal.jpg
1052519965973078016,gfctor,gfctor,High Iq Chad,https://pbs.twimg.com/profile_images/2086374175657144320/NHxtyqJZ_normal.jpg
59946726,photo_Abe,photo_Abe,Film Buff 🍿,https://pbs.twimg.com/profile_images/2041128825204142080/3liKqyaP_normal.jpg
2799822766,Oluwalanajnr,Oluwalanajnr,ABDULLAHI🇵🇹,https://pbs.twimg.com/profile_images/2068353419031572480/lHXseQXK_normal.jpg
239200853,camilitacat,camilitacat,lalpaca,https://pbs.twimg.com/profile_images/2084427788258271232/ak5Wd22c_normal.jpg
1205960263322624000,LordZamot,LordZamot,Zamot🌸,https://pbs.twimg.com/profile_images/2087061186600919040/ZH6Aoj_O_normal.jpg
620808069,saider_mx,saider_mx,Ta Khanki,https://pbs.twimg.com/profile_images/2084533714290130944/WVGeEgOb_normal.jpg
1535400176021643264,ifyouseekaaamy,ifyouseekaaamy,A ✨,https://pbs.twimg.com/profile_images/2086533837383745536/F3YpVg71_normal.jpg
1916076875635691523,GPathin86755,GPathin86755,The Murderer.,https://pbs.twimg.com/profile_images/2075025113205149697/yOQ1m9tv_normal.jpg
797114449568104449,jeffro3i4,jeffro3i4,Jeffrey Clifford,https://abs.twimg.com/sticky/default_profile_images/default_profile_normal.png
612298308,mattst73,mattst73,matt stevens,https://pbs.twimg.com/profile_images/1928097136626851840/du3etAjv_normal.jpg
1497500260612120581,party_ccp,party_ccp,Chinese Communist Party(CCP),https://abs.twimg.com/sticky/default_profile_images/default_profile_normal.png
2433742650,QuanTuM_kL,QuanTuM_kL,K,https://pbs.twimg.com/profile_images/1867613883260628992/5Pxpr0bW_normal.jpg
1266619363399856129,Leon28503917,Leon28503917,Leon,https://pbs.twimg.com/profile_images/1292929947011440640/bqIUT4lJ_normal.jpg
2012929173627486208,estil_rae,estil_rae,estr,https://pbs.twimg.com/profile_images/2075322890338136064/u-dsbWvY_normal.jpg
1638968675586777088,robert67597,robert67597,Robert Dinnigan,https://pbs.twimg.com/profile_images/1638969703258288145/wWsE1l5Q_normal.jpg
1641090406208217090,VrakvullDaGreen,VrakvullDaGreen,Ciara the Shadow,https://pbs.twimg.com/profile_images/1787688176309481474/aHgiGBr__normal.jpg
346926651,wickedlysteph,wickedlysteph,Stephanie,https://pbs.twimg.com/profile_images/713992093035859968/8PHc8lzn_normal.jpg
1354369054413357056,lutecefield,lutecefield,Forceful Jedi | 🏳️‍🌈,https://pbs.twimg.com/profile_images/2084330298792132608/dT8A_hCO_normal.jpg
364376721,rasputin2022,rasputin2022,Der Schiss,https://pbs.twimg.com/profile_images/1135377093133524992/H-jdtXSm_normal.jpg
106697834,markooj,markooj,wigbert jun il 🇨🇦 🇲🇽 🇺🇦 🇬🇱 🏴󠁧󠁢󠁳󠁣󠁴󠁿,https://pbs.twimg.com/profile_images/1416335589822042113/9jLboo2e_normal.jpg
1744141697821319169,JamesSteph3798,JamesSteph3798,James Stephens,https://pbs.twimg.com/profile_images/2055321461842169856/GbgMCtP1_normal.jpg
1921129503386202112,realsonofwolf,realsonofwolf,ᵺͤ 𝓢✵𐌍 ˚ᶠ 𓆙☯︎ℒ⨗™ 𓃦,https://pbs.twimg.com/profile_images/2085368977606520832/ftWr1JDm_normal.jpg
30683939,MizzMisanthrope,MizzMisanthrope,MizzMisanthrope,https://pbs.twimg.com/profile_images/1766955358386339840/s_br2cwT_normal.jpg
1821719543535767552,Bee11201120,Bee11201120,Bee11201120,https://pbs.twimg.com/profile_images/2021258178164609025/PTFcda4-_normal.jpg
1822459185151488000,TkMe2UrLeader11,TkMe2UrLeader11,TkMe2UrLeader11,https://pbs.twimg.com/profile_images/2086669764118581248/ksjfi9c2_normal.jpg
2051442783198556160,Kingmilkfarts_,Kingmilkfarts_,Kingmilkfarts_,https://pbs.twimg.com/profile_images/2051443333638004737/z07CnH1R_normal.jpg
1843437250669096961,UAPLuigi,UAPLuigi,UAPLuigi,https://pbs.twimg.com/profile_images/2081578422325972992/wtctzAPt_normal.jpg
1478171356353024000,Majyckle,Majyckle,Majyckle,https://pbs.twimg.com/profile_images/2081756523236347904/nrauPuTV_normal.jpg
1637130624648585216,MickSeagull,MickSeagull,MickSeagull,https://pbs.twimg.com/profile_images/1637132166046916608/aCld-Ikp_normal.jpg
1932652860229214208,SJackals47,SJackals47,SJackals47,https://pbs.twimg.com/profile_images/2077868304044367872/XZ4zxViX_normal.jpg
2027942036440289282,realsunofwolf,realsunofwolf,realsunofwolf,https://pbs.twimg.com/profile_images/2080734406168502272/0yH_mdgz_normal.jpg
1968487709762080768,kitcatartist,kitcatartist,kitcatartist,https://pbs.twimg.com/profile_images/2083469633600819200/3drGDmKC_normal.jpg
1720692550942720001,whoopigoldberg,whoopigoldberg,whoopigoldberg,https://pbs.twimg.com/profile_images/1723498926702264320/wRboYgFc_normal.jpg
1991707456846852099,azrathetical,azrathetical,azrathetical,https://pbs.twimg.com/profile_images/2003354803133394944/kl39Us6a_normal.jpg
3431297769,analsexdate,analsexdate,analsexdate,https://pbs.twimg.com/profile_images/634663337138196480/FAdXYWV1_normal.png
1327041912,KittyPorn,KittyPorn,KittyPorn,https://abs.twimg.com/sticky/default_profile_images/default_profile_normal.png
615150280,Babe__Ruth,Babe__Ruth,Babe__Ruth,https://pbs.twimg.com/profile_images/3755001529/5bbe08ff3aa27b33abecee23e61ea349_normal.jpeg
136426049,MyLittlePony,MyLittlePony,MyLittlePony,https://pbs.twimg.com/profile_images/459714188156215297/8U8a3BMG_normal.jpeg
432895323,LindseyGrahamSC,LindseyGrahamSC,LindseyGrahamSC,https://pbs.twimg.com/profile_images/2078170881747046400/JTlrC_Zz_normal.jpg
1918037013388754944,TechWithSharon,TechWithSharon,Sharon Fraser,https://pbs.twimg.com/profile_images/1918039774289371136/aiA4j0ob_normal.jpg
1837332604686622720,voidmode,voidmode,André,https://pbs.twimg.com/profile_images/2039914641455824896/K2-eY0El_normal.jpg
1667586940542287874,Digital_Bob_,Digital_Bob_,Digital Bob⚡️ 🇺🇸,https://pbs.twimg.com/profile_images/1748068513212928000/yrYZ0cRF_normal.jpg
1818555932252467200,Ryan_josepsh,Ryan_josepsh,Ryan Joseph,https://pbs.twimg.com/profile_images/2075664174873722880/RmN6JfkY_normal.jpg
2042403875622203392,church12919,church12919,Church Of Lost Causes,https://pbs.twimg.com/profile_images/2042407201025724416/C80dthNc_normal.jpg
1965726348661456896,IconicHOF,IconicHOF,Iconic Memes,https://pbs.twimg.com/profile_images/2053511594785542144/63nqMh-9_normal.jpg
841850622915796993,StoneyKramer,StoneyKramer,BASED StoneyKramer,https://pbs.twimg.com/profile_images/1863686405949403136/qi9IvvBo_normal.jpg
1814173169042825216,wart0wer1337,wart0wer1337,Wart0wer,https://pbs.twimg.com/profile_images/1814173303096909824/EbwIVrSC_normal.jpg
28476073,bkpaladin,bkpaladin,bkpaladin,https://pbs.twimg.com/profile_images/1549222956890464256/PF7xGHcI_normal.jpg
1691968348006076417,DavitrixJnr,DavitrixJnr,Davitrix Jnr,https://pbs.twimg.com/profile_images/2077392512390500352/LfS4F26a_normal.jpg
1682695797274492928,DanielEjio2625,DanielEjio2625,BigKingDanilo 👑,https://pbs.twimg.com/profile_images/1962417718553923584/Y80eG3sC_normal.jpg
2437179991,Slugg_Buggs,Slugg_Buggs,Leaving A Marc,https://pbs.twimg.com/profile_images/2070956851018309632/ENMYze9d_normal.jpg
2018737478845210624,Selma1749742,Selma1749742,Selma,https://pbs.twimg.com/profile_images/2018738646103289857/lIPhza0t_normal.jpg
2067380728795467777,Luciferwqjb,Luciferwqjb,Itachi,https://pbs.twimg.com/profile_images/2067381853988802560/ou4_JfLS_normal.jpg
1942249287401828352,threemoonsky,threemoonsky,sora³²,https://pbs.twimg.com/profile_images/1942371745362558976/Z4x8X71J_normal.jpg
1760183917808951296,Informer_here,Informer_here,Informer,https://pbs.twimg.com/profile_images/2024052858598178816/uHTmGw-G_normal.jpg
1728702526298456064,PsychCaptainX,PsychCaptainX,PsychCaptain,https://pbs.twimg.com/profile_images/1888585524165668864/lAa8vNlE_normal.jpg
14397711,Psiqueue,Psiqueue,Psiqueue,https://pbs.twimg.com/profile_images/932932232/Profile_Picture_normal.jpg
1825250836617773057,yunusdahir234,yunusdahir234,¥unu$,https://pbs.twimg.com/profile_images/2080320881247543297/KbFBgfdK_normal.jpg
1440993866019229701,MachineNova,MachineNova,Gérald Quenum,https://pbs.twimg.com/profile_images/1440994350029316099/SZuhkcaH_normal.jpg
876579120091627520,Luminova_Prime,Luminova_Prime,Luminova Prime,https://pbs.twimg.com/profile_images/2079968658525179904/dBNnMHqN_normal.jpg
1080246246772797440,Matthew_VegasDJ,Matthew_VegasDJ,Matteo Mastrodomenico,https://pbs.twimg.com/profile_images/2024452063925551106/uG-rX_BY_normal.jpg
262762495,dumi_ZAR,dumi_ZAR,Baby Boy,https://pbs.twimg.com/profile_images/1447989875886772232/hy95Zyk0_normal.jpg
1951293651658723329,_Abdul_gafar,_Abdul_gafar,𝑨𝒃𝒅𝒖𝒍𝒈𝒉𝒂𝒇𝒂𝒓_𝑮,https://pbs.twimg.com/profile_images/1970087166567931904/N_1VdO9J_normal.jpg
3435813707,fuckuppy_,fuckuppy_,fuckuppy,https://pbs.twimg.com/profile_images/2039830622227869696/Mq_cb8cp_normal.jpg
1102768805858537472,Kadek25Panca,Kadek25Panca,ꦏꦢꦺꦏ꧀ꦥꦤ꧀ꦕ 🏴‍☠️,https://pbs.twimg.com/profile_images/2039739055244795904/OLcPhoWL_normal.jpg
1928206547890360321,verbose5432,verbose5432,restricted account,https://pbs.twimg.com/profile_images/1928206639082967040/AfVBli43_normal.jpg
1427798726601449473,SenshaVT,SenshaVT,🔶戦🦎 Sensha 🦎車🔶,https://pbs.twimg.com/profile_images/1685004489223540736/WvveakAT_normal.png
1120934646643142657,kings_mec,kings_mec,kings,https://pbs.twimg.com/profile_images/1530055362447015937/MeL6E-z1_normal.jpg
1297641581571448834,nsfwbtgs012,nsfwbtgs012,Alexiosthefluffball🔞,https://pbs.twimg.com/profile_images/2021816236003180544/89o5O_Uo_normal.jpg
1778093211375882240,John_W_Frum,John_W_Frum,John Frum 🏴󠁧󠁢󠁥󠁮󠁧󠁿. 🇬🇧,https://pbs.twimg.com/profile_images/2039667321191399424/xxVDpzxg_normal.jpg
1684554679756128262,Woodsun210,Woodsun210,Woodsun,https://pbs.twimg.com/profile_images/2029577505749803008/asNVIn-Q_normal.jpg
1456559317709357058,sungbinhwang02,sungbinhwang02,坂本龍,https://pbs.twimg.com/profile_images/2054410718230069248/njHdTCxY_normal.jpg
1474432543223336960,direkturcrypto,direkturcrypto,direktur.crypto,https://pbs.twimg.com/profile_images/1889975470248394752/6yb8bfdv_normal.jpg
725934016222748672,Netajinonsense1,Netajinonsense1,Mogambo,https://pbs.twimg.com/profile_images/1954171134938939392/OFGrbcU2_normal.jpg
1508242696539934725,mrspecas,mrspecas,sofi🇦🇷,https://pbs.twimg.com/profile_images/1876850525641043968/EVTWVnkV_normal.jpg
962250263523360768,KvngKaizen,KvngKaizen,.,https://pbs.twimg.com/profile_images/2052157667611664386/mPxdKWNP_normal.jpg
1856439905401868288,yinkmav,yinkmav,Dan Maverick,https://pbs.twimg.com/profile_images/2061186957229674496/dMprrvK6_normal.jpg
1018836254211870721,RogerDottin,RogerDottin,Roger Dottin,https://pbs.twimg.com/profile_images/1792639876115877888/DFSmPAjN_normal.jpg
326890012,JohnGerard5,JohnGerard5,John Gerard,https://pbs.twimg.com/profile_images/433427778286141442/MWvVcEzz_normal.jpeg
2065174663270141952,Krispymeme76two,Krispymeme76two,Kris P Meme,https://pbs.twimg.com/profile_images/2083268059159257088/uHy-_WNf_normal.jpg
2618450319,screakpilled,screakpilled,𝕂𝕣𝕪𝕤𝕤𝕚⚢ shadow-banned,https://pbs.twimg.com/profile_images/2085895685707014144/oUKVVUsB_normal.jpg
1010314203943620608,Ask_Jedi,Ask_Jedi,Jeri-Diederich Asklepios,https://pbs.twimg.com/profile_images/1010321588724649985/wAdRuvEt_normal.jpg
88995653,buffybathory,buffybathory,HorrorQueen,https://pbs.twimg.com/profile_images/858001596604706816/NE9R-HYS_normal.jpg
1997617923473707008,Itspjdj,Itspjdj,The Patriot Man Commeth,https://pbs.twimg.com/profile_images/2049961280866263041/hh4z_e5W_normal.jpg
1888090298196353024,tollybuzz1,tollybuzz1,TollyBuzz,https://pbs.twimg.com/profile_images/2001339340996378624/sqrQXxvL_normal.jpg
1836293665,yankeeh8er,yankeeh8er,anthony,https://pbs.twimg.com/profile_images/2066592475158839296/AaY1b0tn_normal.jpg
94290596,northwestagent,northwestagent,Northwest Registered Agent LLC,https://pbs.twimg.com/profile_images/2077448633914441728/6XPpNefU_normal.jpg
2079616124354719745,FinallyAlex1995,FinallyAlex1995,Alex,https://pbs.twimg.com/profile_images/2079618540680736768/pDKfDiaC_normal.jpg
2012564904595554304,akumibabe,akumibabe,akumi,https://pbs.twimg.com/profile_images/2047811483208478720/NBx1L-CS_normal.jpg
71473797,MrMayhem3339,MrMayhem3339,MartA,https://pbs.twimg.com/profile_images/935890374161186816/1ikN2Agd_normal.jpg
173616014,UAPGERB,UAPGERB,UAPGERB,https://pbs.twimg.com/profile_images/2029609742746931201/27wOtNSK_normal.jpg
2346524875,rosscoulthart,rosscoulthart,rosscoulthart,https://pbs.twimg.com/profile_images/1843949811416137728/eSYisDaO_normal.jpg
1296618483203993600,LueElizondo,LueElizondo,LueElizondo,https://pbs.twimg.com/profile_images/1910019476155756544/jQKNUkl1_normal.jpg
1880989528019607552,AmericanALCHMY,AmericanALCHMY,AmericanALCHMY,https://pbs.twimg.com/profile_images/1880990562758602752/96--LbcJ_normal.jpg
1941305379541090304,BigfootDiaries,BigfootDiaries,BigfootDiaries,https://pbs.twimg.com/profile_images/1941631955860086784/FKPf_QCp_normal.jpg
1518993102131933190,KermDawgENT,KermDawgENT,KermDawgENT,https://pbs.twimg.com/profile_images/2062984399142989825/-dv_3iQs_normal.jpg
590500852,chrisramsay52,chrisramsay52,chrisramsay52,https://pbs.twimg.com/profile_images/1890136374675677184/aiK_1hZj_normal.jpg
2916305152,Snowden,Snowden,Snowden,https://pbs.twimg.com/profile_images/648888480974508032/66_cUYfj_normal.jpg
107190796,JohnKiriakou,JohnKiriakou,JohnKiriakou,https://pbs.twimg.com/profile_images/1876351789009657856/KiSp0eKL_normal.jpg
1927885236224057344,SunOfAbramelin,SunOfAbramelin,SunOfAbramelin,https://pbs.twimg.com/profile_images/2064793787612672000/nBDX5Rzp_normal.jpg
33152005,ericweinstein,ericweinstein,ericweinstein,https://pbs.twimg.com/profile_images/1405314351486144519/Uage5phF_normal.jpg
50117326,g_knapp,g_knapp,g_knapp,https://pbs.twimg.com/profile_images/1093243388277608448/loJH06ru_normal.jpg
241382835,prattprattpratt,prattprattpratt,prattprattpratt,https://pbs.twimg.com/profile_images/1806387275041005569/b5AUECCU_normal.jpg
1366266445924040704,AnjaliOnGaia,AnjaliOnGaia,AnjaliOnGaia,https://pbs.twimg.com/profile_images/1969126793765441536/JaoE2von_normal.jpg
20652877,MiddleOfMayhem,MiddleOfMayhem,MiddleOfMayhem,https://pbs.twimg.com/profile_images/2067729519121940480/8RgCxPWC_normal.jpg
1600396060471459840,voiceofrabbis,voiceofrabbis,voiceofrabbis,https://pbs.twimg.com/profile_images/1934393111213441024/B0zHkSox_normal.png
1895235427793281027,TheDylanBorland,TheDylanBorland,TheDylanBorland,https://pbs.twimg.com/profile_images/2051711328469897221/myA1_w8I_normal.jpg
1970968241280565248,MyNameIsntEffy,MyNameIsntEffy,MyNameIsntEffy,https://pbs.twimg.com/profile_images/2086582276448505856/GAaPEU4H_normal.jpg
1399196452816052225,ele9645,ele9645,Genie,https://pbs.twimg.com/profile_images/2078562027677589504/obrF3zua_normal.jpg
73036050,retromody,retromody,Artsy Moreraino,https://pbs.twimg.com/profile_images/685551338726494210/cXMk5c-__normal.jpg
1676840699470200834,loki6995,loki6995,Loki Singularity,https://pbs.twimg.com/profile_images/2085540788386029568/NZZkU-Yd_normal.jpg
721755312403955712,Luiz1nxx,Luiz1nxx,Luís 🙇🏼‍♂️,https://pbs.twimg.com/profile_images/1943764493055442945/3qLt0G0J_normal.jpg
1105645695246184448,felipe_selles,felipe_selles,felipe_selles,https://pbs.twimg.com/profile_images/1802853781509488640/06eSGbXl_normal.jpg
1500010956239167491,Ve_danzz,Ve_danzz,Ve_danzz,https://pbs.twimg.com/profile_images/1802881736155541504/anhpxuP7_normal.jpg
807803181614833664,navam00,navam00,navam,https://pbs.twimg.com/profile_images/1643959102551523335/t5WmoBXs_normal.jpg
1289209576554811397,FatDuck08,FatDuck08,FatDuck08,https://pbs.twimg.com/profile_images/1943704626475474944/uP0AdSfM_normal.jpg
1693165844644110336,ErickPoladov,ErickPoladov,Erick Poladov,https://pbs.twimg.com/profile_images/2022675983925678086/8IukJN-P_normal.jpg
1641144341094596633,HuddieOne2,HuddieOne2,Jeffrey Hudson,https://abs.twimg.com/sticky/default_profile_images/default_profile_normal.png
3258309564,margaretW1881,margaretW1881,GraveyardGirl,https://pbs.twimg.com/profile_images/2087293244828725248/B0wD4xhU_normal.jpg
1502153854334353410,pizzamantodd64,pizzamantodd64,Todd X Reber,https://pbs.twimg.com/profile_images/1916678087724474368/6XK7TXGS_normal.jpg
1982482078165094400,VibeNest0,VibeNest0,ThankWave,https://pbs.twimg.com/profile_images/2070046463820804096/zasEuwdz_normal.jpg
1582956433288544256,JamesMalsawm,JamesMalsawm,James Malsawm,https://pbs.twimg.com/profile_images/2078373678555992064/Qb7UmNnp_normal.jpg
1625126645618147328,Alickhan3,Alickhan3,Alickhan,https://pbs.twimg.com/profile_images/2039457420657807360/CdZ10BE-_normal.jpg
2073781846031372288,caprybarxz,caprybarxz,livelonelyloveLana,https://pbs.twimg.com/profile_images/2086864520824381440/DDTYhr2N_normal.jpg
1810534023057530880,SaaboTheHun,SaaboTheHun,SaaboTheHun,https://pbs.twimg.com/profile_images/1887014422163447808/L5ex64iy_normal.jpg
1985374750068391936,GSLMilo,GSLMilo,GSL Milo 🕊️,https://pbs.twimg.com/profile_images/1985431315362070528/UfFQjdXh_normal.jpg
1496696972249649152,Yourtruehero101,Yourtruehero101,Sage Ex 101,https://pbs.twimg.com/profile_images/1496697040260239360/qQMbePF3_normal.png
512581065,3rdEstatesman,3rdEstatesman,Down with the Oligarchy,https://pbs.twimg.com/profile_images/1902437014282338304/JpN78SLY_normal.jpg
1575157411337437184,ItsBiiirdy,ItsBiiirdy,ItsBiirdy,https://pbs.twimg.com/profile_images/1889465102849421313/R7TWJ9qo_normal.jpg
2060351939540643840,solenelia,solenelia,Lia Solene,https://pbs.twimg.com/profile_images/2060354505041186817/X5bQwv3C_normal.jpg
74431425,Claytoncyre,Claytoncyre,Clayton Sterling,https://pbs.twimg.com/profile_images/1418605640637763584/sWMpXq41_normal.jpg
1167487306850295808,CourseAHorse,CourseAHorse,Of Course A Horse,https://pbs.twimg.com/profile_images/2045105057868447744/JZ_oL6RI_normal.jpg
795397619229097984,Thevoice07,Thevoice07,Danny XO,https://pbs.twimg.com/profile_images/1961416880494714880/4uRcOhk1_normal.jpg
1955230700325548032,desmond19708,desmond19708,scold goon,https://pbs.twimg.com/profile_images/2057753142385594368/u5-BRAQ-_normal.jpg
1910086761600200704,ibrahim615899,ibrahim615899,Ibrahim,https://pbs.twimg.com/profile_images/2086040777608605696/T0udc8eJ_normal.jpg
1924504110922887168,_F0x_6,_F0x_6,Fox 🦊,https://pbs.twimg.com/profile_images/2085623147890450432/bWeAq8ky_normal.jpg
1882750902366593024,DeadbeatCousin,DeadbeatCousin,cuh,https://pbs.twimg.com/profile_images/1944905885031260160/qewISykE_normal.jpg
1907489320513986560,CocaineSamosa,CocaineSamosa,CocaineSamosa,
1982400093774131200,BMartenka53197,BMartenka53197,lilchudblud🕉️✝️☦️🪯✡️🕎☪️☯️⚛️🛐🇵🇸🇮🇱,https://pbs.twimg.com/profile_images/1982400651310313473/qifJ6il3_normal.jpg
1558511945262694405,7bunniespace7,7bunniespace7,luckystars but. school.😔,https://pbs.twimg.com/profile_images/2083086638096199680/GOK1yPKN_normal.jpg
2025214155817713667,theLineNotDrawn,theLineNotDrawn,theLine,https://pbs.twimg.com/profile_images/2025991067548733440/6qOEixX0_normal.jpg
1574498653561143300,cachinhosdorado,cachinhosdorado,malu,https://pbs.twimg.com/profile_images/2085187703885168640/3-ZXa2jQ_normal.jpg
1287003594789707777,anamaninhaf,anamaninhaf,anamaninhaf,https://pbs.twimg.com/profile_images/2010205075042414593/SjlDjR27_normal.jpg
1656532163930595329,salamlevrai,salamlevrai,サラム ☪️ 🇨🇲🇵🇸🇮🇷🇨🇩,https://pbs.twimg.com/profile_images/2018681488712048640/EnxTNnsr_normal.jpg
2049385997448744960,Timoatonai,Timoatonai,Timoatonai,https://pbs.twimg.com/profile_images/2057391040852537344/TohoMNTm_normal.jpg
35093623,ristau22,ristau22,Frank R. Godwin,https://pbs.twimg.com/profile_images/1324842159502217217/GRQYledi_normal.jpg
2013353899696984064,zwickwiki,zwickwiki,zwick wiki,https://pbs.twimg.com/profile_images/2081440727502852096/6QPczstv_normal.jpg
1532100584907874304,mnadirghafoor,mnadirghafoor,Nadir Ghafoor,https://pbs.twimg.com/profile_images/2043928000237092864/g8aJAn2s_normal.jpg
1380910633357438977,iarchmybackulah,iarchmybackulah,Lili(◕ᴗ◕✿),https://pbs.twimg.com/profile_images/1632831821846118402/gnvVEoZL_normal.jpg
1081819903,dewforpolitics,dewforpolitics,David Earl Williams III,https://pbs.twimg.com/profile_images/1980275763984113664/95UXSVEx_normal.jpg
720500924,terry_warp58,terry_warp58,Terry Robinson,https://pbs.twimg.com/profile_images/1880424702528651264/gX8oMCgE_normal.jpg
1117085448,ElPerroEnLlamas,ElPerroEnLlamas,Byron Quiñónez,https://pbs.twimg.com/profile_images/1391619668448890882/fqOmdQGi_normal.jpg
1081605355388448768,5chanellxo,5chanellxo,PARTYGETSMEWETTER,https://pbs.twimg.com/profile_images/1969374876067647490/oQPWGSGE_normal.jpg
1390092534337179649,BlazeEscamilla,BlazeEscamilla,Blaze Escamilla,https://pbs.twimg.com/profile_images/1675607787890528257/v71hAaV0_normal.jpg
2292926462,Jarv365,Jarv365,midnight negotiator,https://pbs.twimg.com/profile_images/1997843372329865216/dTgN5lQz_normal.jpg
248419273,JohnnySaigon,JohnnySaigon,Johnny Saigon 💙,https://pbs.twimg.com/profile_images/1840234786742513664/OUwWVuUA_normal.jpg
1473340157571051538,MingNaDaily,MingNaDaily,Ming-Na Wen Daily,https://pbs.twimg.com/profile_images/2007520736680759296/5ns-T7af_normal.jpg
114936603,Npurple98,Npurple98,Noe 🟥🟪🟦,https://pbs.twimg.com/profile_images/2013804098085171200/5WzMtd6B_normal.jpg
1636820396740624407,RonaldoAri97,RonaldoAri97,Josh Commando,https://pbs.twimg.com/profile_images/2074258371633381376/SfE85rRI_normal.jpg
1116716759875244038,gidth2,gidth2,gidth2,https://pbs.twimg.com/profile_images/2074356866474196992/vTXd5ihP_normal.jpg
1592427634155102208,morningstar_KGF,morningstar_KGF,ABK morningstar,https://pbs.twimg.com/profile_images/1813095475802931200/JLlqeHF-_normal.jpg
1734156835999920128,ChuvinKye,ChuvinKye,Kelvin prince,https://pbs.twimg.com/profile_images/1897190828012863488/Leuiv1Zg_normal.jpg
20731138,peterlarson233,peterlarson233,Peter Larson,https://pbs.twimg.com/profile_images/632169012382699521/mHzpehK4_normal.jpg
2077404352549982208,MrWhitexp,MrWhitexp,Mr White,https://abs.twimg.com/sticky/default_profile_images/default_profile_normal.png
1425901434453774340,SummerRelic261,SummerRelic261,Jason Vierra,https://pbs.twimg.com/profile_images/1425975622308929536/wi671MLZ_normal.jpg
17145973,Brainlock72,Brainlock72,Brainlock,https://pbs.twimg.com/profile_images/2009336492208898048/76Ex1wgp_normal.jpg
1401150478839332864,Human00116,Human00116,HELLKICK playtest LIVE on Steam | human001.eth,https://pbs.twimg.com/profile_images/2081482453827420160/7hYKwVvK_normal.jpg
55651631,myopic_concaves,myopic_concaves,Myopic Concaves,https://pbs.twimg.com/profile_images/2067930268095115265/qqW9kAjv_normal.jpg
2071544670870511616,GoodGod_,GoodGod_,SAINTZ 🕊️,https://pbs.twimg.com/profile_images/2086411160362815488/CZOYfx2w_normal.jpg
807060845419237376,D_Magnificent_,D_Magnificent_,David Magliaro,https://pbs.twimg.com/profile_images/2083202817364226049/VoGAIIDp_normal.jpg
883372082,kchiang3291,kchiang3291,kchiang3291 @ I want me a miku nakano 😍,https://pbs.twimg.com/profile_images/1394647723845066755/eSz851_L_normal.jpg
358492618,FCiaffaroni,FCiaffaroni,Francisco Ciaffaroni,https://pbs.twimg.com/profile_images/3326698799/309fb4c71964e8398391e9b65b0ff989_normal.jpeg
59799195,nanovond,nanovond,N.V.P,https://pbs.twimg.com/profile_images/1516302368069271553/EL7pE3aP_normal.jpg
1917145818320064512,Pukkiano,Pukkiano,Emmanuel Olabisi,https://pbs.twimg.com/profile_images/2079225402623414272/FFwElYcK_normal.jpg
271144090,heltonfonias,heltonfonias,Helton,https://pbs.twimg.com/profile_images/1687965674004471808/hh3m2G8Q_normal.jpg
62821796,WinRAR_RARLAB,WinRAR_RARLAB,WinRAR_RARLAB,https://pbs.twimg.com/profile_images/1452954428240273411/kCjHOffW_normal.jpg
1889782762766254081,Willielopez304,Willielopez304,🪬I'm your conscience,https://pbs.twimg.com/profile_images/2068356856204914688/QHSUc151_normal.jpg
1827966080326803456,TeamLH_tears,TeamLH_tears,Maximus Goatstappen,https://pbs.twimg.com/profile_images/1870116338405912576/KvCqo2sW_normal.jpg
1396540398,ScavKHAAAAN,ScavKHAAAAN,Yipping Gremlin,https://pbs.twimg.com/profile_images/1650715189543616512/KYgVoMFQ_normal.jpg
778283494963380224,asuna_izuki64,asuna_izuki64,Lilith Marie,https://pbs.twimg.com/profile_images/1532445858687352832/Cpj5eZMI_normal.png
1576675067412488193,MAJR101,MAJR101,Michael,https://pbs.twimg.com/profile_images/1646551578554269706/0p3uzsUs_normal.jpg
2017401660797038593,allahrae,allahrae,Addison Updates ᴬᴿ,https://pbs.twimg.com/profile_images/2048044130782294016/72DsEegl_normal.jpg
2023683630539960321,soliyevss,soliyevss,shamshod,https://abs.twimg.com/sticky/default_profile_images/default_profile_normal.png
2058208353180897280,hoophubzr,hoophubzr,sport lover🏀🏀🏀❤️,https://pbs.twimg.com/profile_images/2084422166112559104/nNYVJHjm_normal.jpg
1492193108238479360,tsvvlsb,tsvvlsb,Teo V.,https://pbs.twimg.com/profile_images/1575837827132162048/tY2Snc2z_normal.jpg
162692513,lolleka,lolleka,Lolleka,https://pbs.twimg.com/profile_images/1857321812255776768/U5vYk6hD_normal.jpg
1931110442342264832,cnozmoz,cnozmoz,Cnozmoz,https://pbs.twimg.com/profile_images/2058570892892868608/8ZTswqn1_normal.jpg
1424039623596986369,6FortYL,6FortYL,640,https://pbs.twimg.com/profile_images/2049369369906663424/7F88eTx1_normal.jpg
2026083506401816576,Panchothedragon,Panchothedragon,Question_Everything_3000,https://pbs.twimg.com/profile_images/2026446600520806402/Ck6VRxqv_normal.jpg
1762094854744756224,Mieomieoow,Mieomieoow,MieoMieo,https://pbs.twimg.com/profile_images/1762099646997098496/duYZt8ls_normal.jpg
1107857369193549824,prettylilsus,prettylilsus,🍒,https://pbs.twimg.com/profile_images/2076907537388249089/m_f9PbaB_normal.jpg
250065751,Andreu_jnr,Andreu_jnr,man.like_ice,https://pbs.twimg.com/profile_images/1992891816434106368/uYEUXMr__normal.jpg
1530878710970298369,HirokoMorioka1,HirokoMorioka1,GET REAL,https://pbs.twimg.com/profile_images/2018248712867483648/HHLA6aNl_normal.jpg
2086763787600748544,616satan_,616satan_,Satan,https://pbs.twimg.com/profile_images/2086772892147064832/2_y3mCI5_normal.jpg
1395027701279477765,Eternal555555,Eternal555555,Mayowa,https://pbs.twimg.com/profile_images/2077788609239711744/ZipSTawJ_normal.jpg
1677981054022619136,ChampWinJim,ChampWinJim,JimTheCodeGuru,https://pbs.twimg.com/profile_images/1926457903130509312/rKuBsaTm_normal.jpg
1180762907057049601,MRBILLA20,MRBILLA20,MR KNOWHOW,https://pbs.twimg.com/profile_images/1299020972855615488/T-WXIp-D_normal.jpg
1104649814535532546,OmoshSnr,OmoshSnr,Master of None,https://pbs.twimg.com/profile_images/1475335231645306881/OvuUX6ji_normal.jpg
1883987212884115456,itsbailey02,itsbailey02,Maxxii,https://pbs.twimg.com/profile_images/2064456347777703936/xte4H8u0_normal.jpg
541355852,greymare2000,greymare2000,Mary,https://pbs.twimg.com/profile_images/457375437421703168/8T77JCUF_normal.jpeg
1780553744674902017,RizwanShai66084,RizwanShai66084,Shooting Star,https://pbs.twimg.com/profile_images/1780553862618775552/7FLYA3m2_normal.png
1775952521472692224,gorn____hhh,gorn____hhh,F O R E S T,https://pbs.twimg.com/profile_images/1775953633571446784/cZMirkkA_normal.jpg
2882495383,Lacey4health,Lacey4health,Lacey Rochelle,https://pbs.twimg.com/profile_images/2031687194432385024/J0lYfF8h_normal.jpg
910128959886696448,jmwhurly,jmwhurly,Jo Martin,https://pbs.twimg.com/profile_images/910162039183638565/15bTRWzm_normal.jpg
2645050887,giovanagoess,giovanagoess,giovanagoess,https://pbs.twimg.com/profile_images/2038428832500416513/6yme38Cm_normal.jpg
541438803,brilhanalua,brilhanalua,ana lua,https://pbs.twimg.com/profile_images/1719838631345500160/u3yoozNU_normal.jpg
2016910551587119116,DarkShadow85069,DarkShadow85069,Shadow,https://pbs.twimg.com/profile_images/2016912276075188224/uMlqVPrw_normal.jpg
1676606187209367557,MaheshNagi47045,MaheshNagi47045,Nandhu,https://pbs.twimg.com/profile_images/1676606272131530753/QFcFaq3o_normal.jpg
1758631695274938368,SAM_ADVICES,SAM_ADVICES,Awkward Text Messages,https://pbs.twimg.com/profile_images/2079921195600744448/zr9M3GgJ_normal.jpg
1527626261597650946,efrainvio,efrainvio,Darkwing,https://pbs.twimg.com/profile_images/1643234630265438209/Ni6lAzBy_normal.jpg
2080960435340120064,RobertRitchie88,RobertRitchie88,Richard Roberts (Ritchie),https://pbs.twimg.com/profile_images/2082083732257681408/LcCKvq2C_normal.jpg
2791665640,MalteOJansen,MalteOJansen,Malte (personinthachat),https://pbs.twimg.com/profile_images/1507735135365611524/o4lHx7Hw_normal.jpg
618155381,MetalZrea,MetalZrea,Constantio Mahardika 🦚💎🍂,https://pbs.twimg.com/profile_images/1954280918996459520/iYq91dz6_normal.jpg
2280368549,sean2637,sean2637,Seán #bb28,https://pbs.twimg.com/profile_images/2017377024596168704/k2Aw5t6p_normal.jpg
1818585985242058752,Maya_Diba786,Maya_Diba786,Maya Diba,https://pbs.twimg.com/profile_images/2059588812012130304/AuGZJXc6_normal.jpg
3998753120,RaymondRahman,RaymondRahman,Nobody,https://pbs.twimg.com/profile_images/1054585735444017156/qTVHMqoH_normal.jpg
571957508,mpheddyn,mpheddyn,Michael Meier,https://abs.twimg.com/sticky/default_profile_images/default_profile_normal.png
1961750392284286976,HamzaAh00283447,HamzaAh00283447,ulqui,https://pbs.twimg.com/profile_images/2056852326451703808/o_5LKiCY_normal.jpg
430958876,Nick_Marseil,Nick_Marseil,Nicola,https://pbs.twimg.com/profile_images/1957533222817943553/rr2XpOrJ_normal.jpg
1549055023,Begaria,Begaria,Begaria,https://pbs.twimg.com/profile_images/378800000065127669/0a2d5ed0237f24010d1e1c5384873286_normal.jpeg
703513942711279616,tunemeehz,tunemeehz,the ghost,https://pbs.twimg.com/profile_images/2074080909662240768/93T0CBY0_normal.jpg
1906739916702388224,money_cd1,money_cd1,MoneyCD1,https://pbs.twimg.com/profile_images/1906740126237241344/o2fVgr-F_normal.jpg
2952449310,ini_fol,ini_fol,따루따,https://pbs.twimg.com/profile_images/2068703223964483584/WR-VpDWk_normal.jpg
2038703120650264576,Tales_core,Tales_core,Talescore,https://pbs.twimg.com/profile_images/2038703796612964352/Kkb8HaYo_normal.jpg
837369978,kimmyamyxo,kimmyamyxo,Amy Kim,https://pbs.twimg.com/profile_images/2084653103979114496/mgkmo-MK_normal.jpg
1869522223373160448,RENNOTD,RENNOTD,Renno Trenns,https://pbs.twimg.com/profile_images/2057491259250372608/L4czdb3i_normal.jpg
1828469386442665992,LightOverLies,LightOverLies,LaineyWasi,https://pbs.twimg.com/profile_images/1967186048397578240/ruotJ__P_normal.jpg
2082093616638697472,ivydollsx,ivydollsx,ivy ♡,https://pbs.twimg.com/profile_images/2082365723838660608/4_VGvNHe_normal.jpg
1404497182221291523,barbara_jo_lang,barbara_jo_lang,BabZn,https://pbs.twimg.com/profile_images/2060230422357852162/6WNm-bbV_normal.jpg
2749428793,StewartMullings,StewartMullings,Anticitizen One,https://pbs.twimg.com/profile_images/1316507691616030722/S1YIse0m_normal.jpg
1941178419296845825,Sean_Noel1993,Sean_Noel1993,Sean Noel,https://pbs.twimg.com/profile_images/2066180942645866496/IkEumSnz_normal.jpg
2045568809101037568,QuietWealth_UK,QuietWealth_UK,Quiet Wealth | UK Investor 🇬🇧,https://pbs.twimg.com/profile_images/2071636138607960064/kV-XMIq9_normal.jpg
2055954719206723584,lulzblablu,lulzblablu,lulz,https://pbs.twimg.com/profile_images/2084086172897394688/93iGxIfk_normal.jpg
1720534716263149568,Michael30447921,Michael30447921,Michael oneoyii,https://pbs.twimg.com/profile_images/1884605994979794944/-6zgm2Jr_normal.jpg
1454387567411879938,NativeTranscen,NativeTranscen,The Presence,https://pbs.twimg.com/profile_images/1454414485687390210/z4DPKTrR_normal.jpg
1511336173922308100,JM7SO,JM7SO,J1ao,https://pbs.twimg.com/profile_images/1565395313929715713/UJm8ZcBs_normal.jpg
2047110969864896513,MylesMonteii1,MylesMonteii1,MylesMonteii1,https://pbs.twimg.com/profile_images/2079293643660410881/7FDU8yiy_normal.jpg
1514361992458514435,GotdemCards,GotdemCards,GotdemCards,https://pbs.twimg.com/profile_images/2085580101064806400/8P1_WgIx_normal.jpg
924692104177160195,SirenKendall1,SirenKendall1,Siren Kendall 🏳️‍⚧️,https://pbs.twimg.com/profile_images/2001579894791098368/FQcG9UQo_normal.jpg
1895812853291999232,cfcmisha7,cfcmisha7,j,https://pbs.twimg.com/profile_images/1895812982224879616/j6W4Ouq9_normal.jpg
1616896828456464384,LucilyaUwu,LucilyaUwu,Lucilia,https://pbs.twimg.com/profile_images/2054810325287837696/nZsVYJg-_normal.jpg
721328601,bioquantumchip,bioquantumchip,Truth Seeker,https://pbs.twimg.com/profile_images/2014163413665218560/19BaAB2p_normal.jpg
1495841751403171842,PNWutspace,PNWutspace,PNWut,https://pbs.twimg.com/profile_images/1944529859427901440/6u5CoMYJ_normal.jpg
743631546,AnthonyFGomez,AnthonyFGomez,Anthony Gomez,https://pbs.twimg.com/profile_images/1590863398597697537/za48MmY1_normal.jpg
1270724484371083265,skidboy_001,skidboy_001,Skidboy001,https://pbs.twimg.com/profile_images/2084241712864526336/mtCOT0Lm_normal.jpg
1462005205617283074,TheErraticNinja,TheErraticNinja,TheNinja,https://abs.twimg.com/sticky/default_profile_images/default_profile_normal.png
1068623262337380352,star_moon34,star_moon34,starmoon🖤🌙,https://pbs.twimg.com/profile_images/1891864096045232128/4UlME-i9_normal.jpg
318134798,du_da_to_ga,du_da_to_ga,"sophia m,",https://pbs.twimg.com/profile_images/2059943471075459074/QuyWKTn__normal.jpg
1650559289579192321,phonix342,phonix342,Phoenix,https://pbs.twimg.com/profile_images/2084648686177378304/1px7TK2w_normal.jpg
1418253996477845508,Nordseemensch,Nordseemensch,Sometimes_online,https://pbs.twimg.com/profile_images/1418254694732992513/e2WtYh9r_normal.jpg
2045233234515038208,emperor01111,emperor01111,LEON AUTOMATION,https://pbs.twimg.com/profile_images/2068571377083240448/9v8AFq3M_normal.jpg
1688641820513726466,AOghale35591,AOghale35591,Chief Oghale,https://pbs.twimg.com/profile_images/1688642159291871233/gYYDUkz6_normal.png
2048891226624081920,A_Oghale01,A_Oghale01,Anthony Oghale,https://pbs.twimg.com/profile_images/2051154473137946624/JLoFvhJf_normal.jpg
2055005657678684160,StellaBennly9s,StellaBennly9s,Stella Bennet,https://pbs.twimg.com/profile_images/2065828815364833280/Ijs2Uj3__normal.jpg
382913197,ZeroSoulreaver,ZeroSoulreaver,ゼロ魂 ZSR-Avatar Hype Room⚕️,https://pbs.twimg.com/profile_images/1849931038438408192/RO7MaKYC_normal.png
1809271855674716168,Nishitajoon1245,Nishitajoon1245,Elitexbroly2.0,https://pbs.twimg.com/profile_images/2068943339962200064/X_wZs1MM_normal.jpg
1320918565931732996,Manish5981,Manish5981,MTyagi🇦🇺,https://pbs.twimg.com/profile_images/1437919171417763841/uDcpdemX_normal.jpg
1744477543363674112,PPowell11368,PPowell11368,ItsPerryXD,https://pbs.twimg.com/profile_images/1815552251621986304/9Ci3TlZp_normal.jpg
1500931550560542724,christo12429034,christo12429034,christopher dunlop,https://pbs.twimg.com/profile_images/1500931703120052229/bjxq8vCZ_normal.jpg
1210240651574407168,AssaultedMaal5,AssaultedMaal5,RitikaG,https://pbs.twimg.com/profile_images/2086515231682158592/4CV8Zqz5_normal.jpg
1936151149440286721,itstoz,itstoz,toz,https://pbs.twimg.com/profile_images/2061416259099521025/4DjF9gJu_normal.jpg
540137605,OGLemur,OGLemur,Lemur,https://pbs.twimg.com/profile_images/2087319637465640960/nUuPikpA_normal.jpg
1822155236879761409,Hou050,Hou050,ほう,https://abs.twimg.com/sticky/default_profile_images/default_profile_normal.png
1589287306925441024,Shivansh_EXPERT,Shivansh_EXPERT,Shivansh,https://pbs.twimg.com/profile_images/2034667510533107712/7M1AWKQj_normal.jpg
1601925037484908545,el_centroverita,el_centroverita,Abogados,https://pbs.twimg.com/profile_images/1999390128322531334/ZBMShdVk_normal.jpg
52983190,eyeguessimkyle,eyeguessimkyle,Quatro Bajeena,https://pbs.twimg.com/profile_images/2038335582351577088/xrOtfDa8_normal.jpg
1682519427273596928,seville_da34922,seville_da34922,Darren Seville,https://pbs.twimg.com/profile_images/2023515678813360128/WTax-DWO_normal.jpg
1841382714387173376,AussieGirlMell,AussieGirlMell,AussieGirlMel🇦🇺,https://pbs.twimg.com/profile_images/2079463475341111296/r8-pAwbR_normal.jpg
2006195486039105538,GarciaSunn52956,GarciaSunn52956,Alberto Garcia Sunny,https://pbs.twimg.com/profile_images/2026256629885263872/eezZEWly_normal.jpg
2784610815,alexsalt14,alexsalt14,Sea◖⚆ᴥ⚆◗,https://pbs.twimg.com/profile_images/1869611496612696064/Tibrs9pn_normal.jpg
1840199520426074112,FootballHQ_pr,FootballHQ_pr,FootballHQ,https://pbs.twimg.com/profile_images/2077767909296734208/n4WvDWlk_normal.jpg
1053287504483438592,IndigoRyu1,IndigoRyu1,IndigoRyu,https://pbs.twimg.com/profile_images/1464016454441910273/es65OE-g_normal.jpg
1370771353394151426,Zenhillbilly761,Zenhillbilly761,Zenhillbilly7605,https://pbs.twimg.com/profile_images/1441625526662221825/JNJ_KZ3__normal.jpg
2075842888294944769,MrOdogwuPillars,MrOdogwuPillars,Mr Odogwu Pillars,https://pbs.twimg.com/profile_images/2075844125673263104/YTHGDa5E_normal.jpg
1203093121929818113,Bruno31678862,Bruno31678862,Bruno Martins,https://pbs.twimg.com/profile_images/2012968567789019136/EcqIWeOY_normal.jpg
4297121063,PravindVishal,PravindVishal,Pravind,https://pbs.twimg.com/profile_images/2076357851233361920/HmZegYBd_normal.jpg
1802758399286784001,Aurelia020419,Aurelia020419,ꪖꪊ𝘳ꫀꪶ𝓲ꪖ,https://pbs.twimg.com/profile_images/2084624247100493824/zrWCF2m6_normal.jpg
1480024975973093379,Srinidhids24,Srinidhids24,Srinidhi,https://pbs.twimg.com/profile_images/1883486052465164289/LaYI-lfQ_normal.jpg
2077669068123865088,kamuguinpoeu,kamuguinpoeu,董洁🌸同城上门♥线下选妃,https://pbs.twimg.com/profile_images/2086740000087928832/6_nXombn_normal.png
2004102369546838016,Brainlagdaily,Brainlagdaily,Scroll & Suffer,https://pbs.twimg.com/profile_images/2075609309044690944/lPFHFjYi_normal.jpg
2012939597605486593,gideon_akrasi,gideon_akrasi,Mr Low-key 👊,https://pbs.twimg.com/profile_images/2076752021210767360/KZznAgdc_normal.jpg
2349918961,alag2991,alag2991,Davide Galasso,https://pbs.twimg.com/profile_images/1579742171497906178/BPMLyw76_normal.jpg
2028105607103066112,theamelia___,theamelia___,Amelia,https://pbs.twimg.com/profile_images/2063467526919770112/fk5Cvds9_normal.jpg
2060276328939884544,GhostofZevon,GhostofZevon,LawyersGunsMoney,https://pbs.twimg.com/profile_images/2060277133512224769/QHzCFz9z_normal.jpg
73457004,mrchambler_,mrchambler_,𝘼𝙒𝙎𝙊𝙈𝙀!,https://pbs.twimg.com/profile_images/2039572391639310336/D2FZbc9D_normal.jpg
546867637,haivlaru,haivlaru,Alv.,https://pbs.twimg.com/profile_images/1719610016779694080/lBGCfxq9_normal.jpg
1915638908005867521,RealAmimi,RealAmimi,Amimi🥷,https://pbs.twimg.com/profile_images/2067574015556714496/0n6g_BAY_normal.jpg
3394832992,Joshuag13199098,Joshuag13199098,Wizard to be,https://pbs.twimg.com/profile_images/1926503435911794689/howyJxCz_normal.jpg
1832585041416708096,DavidIshay10042,DavidIshay10042,David Ishaya,https://pbs.twimg.com/profile_images/1832585133771169792/vJIj8Dzz_normal.jpg
2081778982362460160,ELENA_NANU1,ELENA_NANU1,ELENA NANU,https://pbs.twimg.com/profile_images/2081779582420590592/uQD08Ais_normal.jpg
1465429062248280072,PessimoSimone,PessimoSimone,PessimoSimone,https://pbs.twimg.com/profile_images/1862796719022276608/8N9gaPLu_normal.jpg
1353605765483929610,bg00101010,bg00101010,00101010,https://pbs.twimg.com/profile_images/1471412491183955970/OMgVhZIY_normal.jpg
1547494105596407809,arkdays1,arkdays1,橘黄浅青,https://pbs.twimg.com/profile_images/1988632616241860608/U_buEf15_normal.jpg
1885948821253038080,_callmelana_lfc,_callmelana_lfc,Lana Carla🌻,https://pbs.twimg.com/profile_images/1906998262701379584/cJ17K--L_normal.jpg
1774395856927551488,verywickedmena,verywickedmena,verywickedmena,https://pbs.twimg.com/profile_images/2023367792204849152/p9ehI4Zm_normal.jpg
1506030721357467648,IkennaChika2,IkennaChika2,Your digital bestie,https://pbs.twimg.com/profile_images/2035061419482480640/XmXZLHBk_normal.jpg
2340348621,benieblaze,benieblaze,benieblaze,https://pbs.twimg.com/profile_images/2055319857542156288/ghIId52R_normal.jpg
1787515956169949184,HornyGamer_com,HornyGamer_com,HornyGamer.com,https://pbs.twimg.com/profile_images/1787516120498675712/nJtACs5L_normal.jpg
1994004489037328384,lucid37757,lucid37757,lucid,https://pbs.twimg.com/profile_images/2086457571884335105/vuwyXMcx_normal.jpg
1994476671370739712,ZeroWorkEthic,ZeroWorkEthic,Harry,https://pbs.twimg.com/profile_images/2074728758976892928/OilCi4MP_normal.jpg
1524527703931736065,JAZMAN_MG,JAZMAN_MG,JAZMAN,https://pbs.twimg.com/profile_images/2082128174897299456/7johyhP5_normal.jpg
89532776,biginjap,biginjap,Big In Japan,https://pbs.twimg.com/profile_images/549227436/konatazerobi8_normal.jpg
2065886018847600640,ZeroSkillMemes,ZeroSkillMemes,ZeroSkillMemes,https://pbs.twimg.com/profile_images/2066711271823847424/LsC32cVL_normal.jpg
1801291259052466176,Oluwachester,Oluwachester,David Chinasa,https://pbs.twimg.com/profile_images/1801291336299016192/P0xlI6Qq_normal.png
1752102045484462081,Redsskkull,Redsskkull,Redsskull,https://pbs.twimg.com/profile_images/2081112789964214272/ByFqkKnJ_normal.jpg
2220080532,DeathBoose,DeathBoose,DeathBoose,https://pbs.twimg.com/profile_images/1028239012908199936/MCqi1qAg_normal.jpg
1514727940256407560,suprrrra233332,suprrrra233332,2077cbp,https://pbs.twimg.com/profile_images/1514728001644204038/UFPizMBf_normal.png
1893687880415133696,ceraralaz_art,ceraralaz_art,"Cera Ralaz - DIGITAL ARTIST, NSFW",https://pbs.twimg.com/profile_images/1893687999130411008/0HY40-lQ_normal.jpg
2077655203294126080,mopoteyeoevo,mopoteyeoevo,谭蕊🌸同城上门♥线下选妃,https://pbs.twimg.com/profile_images/2086717631319449600/NFgMARz5_normal.png
1494391478,SilentMedusa,SilentMedusa,Medusa Stone,https://pbs.twimg.com/profile_images/1863131470791057408/IITcwt-9_normal.jpg
1322224568891822081,Oblivio76301994,Oblivio76301994,Oblivious,https://pbs.twimg.com/profile_images/1322228923342663686/70kGsJzD_normal.jpg
1515590123064340484,lynxchizzy,lynxchizzy,Lynx Arts & Wallpapers,https://pbs.twimg.com/profile_images/1991748928715329537/qAwqBOsp_normal.jpg
730172531311783936,kamologlu,kamologlu,Muhammad,https://pbs.twimg.com/profile_images/2056292792318763010/IEiG3SOQ_normal.jpg
1461628621693534210,OVinceThePrince,OVinceThePrince,Vince,https://pbs.twimg.com/profile_images/1730917520331124736/KDh28bzt_normal.jpg
918302987306569729,Lusus_N,Lusus_N,Lus,https://pbs.twimg.com/profile_images/1826151170563518466/xhoh49FP_normal.jpg
91474298,hujo0900,hujo0900,Hujo,https://pbs.twimg.com/profile_images/1972150938023473152/Z7_2C2h7_normal.jpg
1159151608728604674,Nyal_the_fox,Nyal_the_fox,NyalTheFox,https://pbs.twimg.com/profile_images/1738330673620889600/qd_nRTUu_normal.jpg
1431090685625634821,yeah260,yeah260,Sfym,https://pbs.twimg.com/profile_images/1943855979558244352/r1blzHt5_normal.jpg
2077467182112428032,wapptyzoqudd,wapptyzoqudd,白涵🌸同城上门♥线下选妃,https://pbs.twimg.com/profile_images/2086707449378091008/Rg-O3OJe_normal.png
1952971631179251714,DeviousNyg96551,DeviousNyg96551,VirGinChAd,https://pbs.twimg.com/profile_images/1980735512634687488/lsJpCsbe_normal.jpg
2070014739850104832,luciaaglitter2,luciaaglitter2,DollLucia🧸,https://pbs.twimg.com/profile_images/2086026380312027136/Uav3cNZl_normal.jpg
722722308125769730,lylyfleurbleue2,lylyfleurbleue2,jackie O,https://pbs.twimg.com/profile_images/826081086526586880/ktSzfXPK_normal.jpg
1044088828020035584,EvansDangote,EvansDangote,Leo,https://pbs.twimg.com/profile_images/2072962689740034049/C2hjIGP5_normal.jpg
2085692800029364226,ChelseaWilhdmw,ChelseaWilhdmw,Chelsea Wilde,https://pbs.twimg.com/profile_images/2085693704451338240/40gof6AA_normal.jpg
1873779771332550657,Frijolestaqua,Frijolestaqua,Frijolestaqua,https://pbs.twimg.com/profile_images/1873780013918486528/Q64IE11E_normal.jpg
98677089,icp,icp,icp,https://pbs.twimg.com/profile_images/2081091734428155904/gyEoSowY_normal.jpg
1954961630523260929,Woke_Lincoln,Woke_Lincoln,Woke_Lincoln,https://pbs.twimg.com/profile_images/1954963113243185152/SNtEmXfz_normal.jpg
1751851,FrodoBaggins,FrodoBaggins,FrodoBaggins,https://pbs.twimg.com/profile_images/30110612/Frodo_normal.jpg
1085999515633471488,Batman,Batman,Batman,https://pbs.twimg.com/profile_images/1999304932974034949/oHfkef1v_normal.jpg
2250986521,ChapulinRGB,ChapulinRGB,ChapulinRGB,https://pbs.twimg.com/profile_images/1952413744232804352/hRU6uLHW_normal.jpg
1590610871172173824,bikhrahoamard,bikhrahoamard,Ifraeem S.,https://pbs.twimg.com/profile_images/2005774022307635201/W8g1pVrD_normal.jpg
1346895074,AraiaJoy,AraiaJoy,joy,https://pbs.twimg.com/profile_images/2069824041620492289/wmR1P5Wl_normal.jpg
31067047,2nfinitynbyond,2nfinitynbyond,👼😈♌️😻🖖✈️🎵🎬📚💃,https://pbs.twimg.com/profile_images/2084068765835079680/wOglhdqy_normal.jpg
4270169713,kueykoci,kueykoci,Dahlia Idris,https://pbs.twimg.com/profile_images/2085797671881900032/KWoHfB5o_normal.jpg
288924003,yaragan,yaragan,yaragan,https://pbs.twimg.com/profile_images/1601337129677766658/b0miQNHz_normal.jpg
1178279325457498113,jbisaflog,jbisaflog,Call me David.,https://pbs.twimg.com/profile_images/1907749599470825472/RWJLCCJF_normal.jpg
1185827694140747776,MysticJohan456,MysticJohan456,Johan,https://pbs.twimg.com/profile_images/1400580082687627264/G2Q-tJaD_normal.jpg
2078744644511576064,MaxOnPitch,MaxOnPitch,Eymen,https://pbs.twimg.com/profile_images/2085795813398396928/Dxf8MM45_normal.jpg
1486659674963267589,SalarTweet07___,SalarTweet07___,Salar Khan 💫♥,https://pbs.twimg.com/profile_images/2079486291725733888/sEE_SOjG_normal.jpg
1626242921111384065,Gibsonkim__,Gibsonkim__,Gibson,https://pbs.twimg.com/profile_images/2084310257564635138/LITAe85f_normal.jpg
2069679304238133248,DwaineAndrews,DwaineAndrews,A D Andrews,https://pbs.twimg.com/profile_images/2072570764662874113/yLJkB-VM_normal.jpg
1162193824929611777,yangsipit_,yangsipit_,Chandler Muriel Bing,https://pbs.twimg.com/profile_images/1963062621814542336/yEH9w3pR_normal.jpg
2075638668384243712,mandylangyan,mandylangyan,mandy lang yan,https://pbs.twimg.com/profile_images/2085628024117239808/z22j80_3_normal.jpg
2077437927093678080,lohoqueopahu,lohoqueopahu,康芮🌸同城上门♥线下选妃,https://pbs.twimg.com/profile_images/2086697398198259712/JD3bL_L2_normal.png
1551375250914525184,jtg_963,jtg_963,Psyduck 🙂,https://pbs.twimg.com/profile_images/2071056827761000448/hfDw5TIe_normal.jpg
848045963025317888,zepheadshreemoy,zepheadshreemoy,Themonknextdoor,https://pbs.twimg.com/profile_images/2045253707106062336/DojsX7NY_normal.jpg
2436904296,Myrk_Heithr,Myrk_Heithr,Myrk,https://pbs.twimg.com/profile_images/1981740981071265793/GwMl0uva_normal.jpg
2074207491978924032,bestofcelebs22,bestofcelebs22,best of celebrities,https://pbs.twimg.com/profile_images/2082753031603658753/TdvqJu1b_normal.jpg
1747916782881665024,lori67240260266,lori67240260266,一只胖橘,https://pbs.twimg.com/profile_images/1994154593903861760/ne7Aofer_normal.jpg
16489536,RonPritchard,RonPritchard,Ron Pritchard (tee/hee),https://pbs.twimg.com/profile_images/1615815171569500160/enJSkr0r_normal.jpg
430204650,DocinOz62,DocinOz62,John,https://pbs.twimg.com/profile_images/487023386967543808/4IuiutD2_normal.jpeg
3261699644,opticnull,opticnull,opticnull,https://pbs.twimg.com/profile_images/2002412885251928068/QOzhhWqq_normal.jpg
2077641198408273920,yisioumavott,yisioumavott,方兰🌸同城上门♥线下选妃,https://pbs.twimg.com/profile_images/2086687417931567104/OwkHh7D-_normal.png
2022284087117955072,xperienceguy,xperienceguy,Explore Jordan With Me,https://pbs.twimg.com/profile_images/2056811471162482688/PA8jYmgV_normal.jpg
1896027144675082242,didi_buttegi22,didi_buttegi22,Avocado Butter,https://pbs.twimg.com/profile_images/2004662581437276161/c4Y5jfhM_normal.jpg
121258900,paulaslandd,paulaslandd,Paula Mello-Chartier 🇧🇷🇨🇦,https://pbs.twimg.com/profile_images/1984495071656624129/ZA8-I-tt_normal.jpg
2070019926384050176,itsluciavip,itsluciavip,missycutie🌟,https://pbs.twimg.com/profile_images/2086026380718796800/U2Q_ZjZw_normal.jpg
771423380096548864,BlaseNewYorkr,BlaseNewYorkr,Miss Mary Jane,https://pbs.twimg.com/profile_images/785921061019914240/8H9dS9gR_normal.jpg
1577165066733965314,Atom49Adam,Atom49Adam,アニメ Supōtsu,https://pbs.twimg.com/profile_images/1750695584787542016/Rk2Nv-_N_normal.jpg
2083011981167222784,LundonKnytemeat,LundonKnytemeat,iFuckbutts,https://pbs.twimg.com/profile_images/2083012540846718976/seU1KMX5_normal.jpg
254979927,CaocTheTwitVea,CaocTheTwitVea,NoMailingAddress...,https://pbs.twimg.com/profile_images/2084160843860881408/T_lHcz1k_normal.jpg
330353363,d_sofi39,d_sofi39,· ݁ ˖ sofi,https://pbs.twimg.com/profile_images/2060125858380054529/NsL4IFSY_normal.jpg
1920141019976441856,Aneta282828,Aneta282828,IDDQD,https://pbs.twimg.com/profile_images/2067170222134419456/oTQbzlHu_normal.jpg
1457928379798335490,xaunchina,xaunchina,geo,https://pbs.twimg.com/profile_images/1815427538337816576/0vgSKNjV_normal.jpg
1651211155,notlilcade,notlilcade,Cade,https://pbs.twimg.com/profile_images/2051688329058406402/a_pUXmpa_normal.jpg
1279477862685261824,vIVvictory,vIVvictory,V,https://pbs.twimg.com/profile_images/2043770730672992256/4LGoTvXX_normal.jpg
2077535831825268737,torevoyefueo,torevoyefueo,蔡柔🌸同城上门♥线下选妃,https://pbs.twimg.com/profile_images/2086677294928551936/SRsMuSEB_normal.png
1441268495317028867,XingDynastyy,XingDynastyy,XingDyn💎sty,https://pbs.twimg.com/profile_images/2085335122530992128/JlH_hiE7_normal.jpg
1630006787876458497,t202n2y,t202n2y,☠︎︎⃤ ☠︎︎⃤ค้้้้้้้้้้้้้้้้้้้้้้้้้้้้้้้้้้้้้้้้,https://pbs.twimg.com/profile_images/2085670595937914880/tWhLYk69_normal.jpg
1189314871520677888,Hoodville_,Hoodville_,Hoodville_,https://pbs.twimg.com/profile_images/1189315584594337792/yMOFcsgV_normal.jpg
1650131747445567491,PaniKotki,PaniKotki,TurboKat,https://pbs.twimg.com/profile_images/2081407049628274688/e59bBECC_normal.jpg
1162497214733783040,invisible_hand9,invisible_hand9,Invisible Hand of the universe,https://pbs.twimg.com/profile_images/1438910021316788226/OH5N8sxf_normal.png
1222434724448292865,cophryx,cophryx,Kyse,https://pbs.twimg.com/profile_images/1915941173136379904/E067UeAs_normal.jpg
1845069860243464209,Faeyta,Faeyta,𝚘𝚔𝚘,https://pbs.twimg.com/profile_images/1995429832033792000/ULO2IO71_normal.jpg
1710380164478373888,Star_Racker,Star_Racker,Jose Echo,https://pbs.twimg.com/profile_images/1808247128168488965/PVLIm2-U_normal.jpg
928373652130693120,kttail,kttail,Kttail,https://pbs.twimg.com/profile_images/2017642913916928000/PwFo8mkC_normal.jpg
108601969,dirawibi,dirawibi,SHIELDMAIDEN🛡️🗡️,https://pbs.twimg.com/profile_images/2047740421900816384/v_LXMrPr_normal.jpg
2153504883,ItsLeaff,ItsLeaff,Leaff,https://pbs.twimg.com/profile_images/1040370227727413248/XE0-Iv_U_normal.jpg
1077591552845860864,Beqa4rl,Beqa4rl,Beqa,https://abs.twimg.com/sticky/default_profile_images/default_profile_normal.png
1451755782412791825,KianGab4,KianGab4,Yan,https://pbs.twimg.com/profile_images/2085175186933071872/1lQmpLtd_normal.jpg
606865339,Phntmpantythief,Phntmpantythief,carlos,https://pbs.twimg.com/profile_images/2033702755064512512/5Yfb9WQQ_normal.png
2065638222974107648,GGGGUltra,GGGGUltra,Ultra GGGG,https://pbs.twimg.com/profile_images/2084133732701622272/9INGamBA_normal.jpg
25146002,CATOSHISYNDICAT,CATOSHISYNDICAT,King Slyme - Founder Mode,https://pbs.twimg.com/profile_images/2074145584227721216/4UEmuya7_normal.jpg
2077530639381803008,razokiwuwosy,razokiwuwosy,谭珊🌸同城上门♥线下选妃,https://pbs.twimg.com/profile_images/2086667382873878528/4kJJUQld_normal.png
1496791680565248009,thenewnoobguest,thenewnoobguest,Priok Gay Club,https://pbs.twimg.com/profile_images/2078464823751516160/DJkNxAzY_normal.jpg
3121599186,R3D_TOXIN,R3D_TOXIN,Jessie,https://pbs.twimg.com/profile_images/2070995363729653760/ZRkwYPxd_normal.jpg
52421750,IAmThePeej,IAmThePeej,Patrick Johnson 👾,https://pbs.twimg.com/profile_images/1842657717330071552/6l1gELgn_normal.jpg
1197580447284379651,H1NAZAK1,H1NAZAK1,H1NA×ZAK1,https://pbs.twimg.com/profile_images/2033170075025379328/K20To0Ym_normal.jpg
2058911914957086720,AttractiveEdge,AttractiveEdge,Attraction ✨,https://pbs.twimg.com/profile_images/2058924091717906432/cywndmW__normal.jpg
1514304003449917440,10Bagree,10Bagree,KKR,https://pbs.twimg.com/profile_images/2033521134399094784/tiPiKg3J_normal.jpg
1197835724080349184,MoiraXIX,MoiraXIX,vi,https://pbs.twimg.com/profile_images/1999121403602468867/HjjuwNeC_normal.jpg
1708315415750037504,MissGossip,MissGossip,MissGossip,https://pbs.twimg.com/profile_images/2079814393525903360/Z4zinak-_normal.jpg
1676205226808733696,RudyRud420,RudyRud420,Rudy Ridolfi,https://pbs.twimg.com/profile_images/2048246376275079168/C5xai147_normal.jpg
783214,X,X,X,https://pbs.twimg.com/profile_images/1955359038532653056/OSHY3ewP_normal.jpg
1538685115492179968,DeadDuc3053918,DeadDuc3053918,Dead Duck,https://pbs.twimg.com/profile_images/1538685221549264899/2U5AcUu__normal.jpg
1907741474898186240,69212996ttt,69212996ttt,Zaid Ahmed,https://pbs.twimg.com/profile_images/1907741593798320128/2itjTM4C_normal.jpg
1525889508209827840,mwn11307551,mwn11307551,مون,https://abs.twimg.com/sticky/default_profile_images/default_profile_normal.png
739402218923798528,devos37,devos37,Nicolas D. Evos,https://pbs.twimg.com/profile_images/2087309957230129152/Dh_zqNR1_normal.jpg
2076962116045819904,pokirixox,pokirixox,3000,https://pbs.twimg.com/profile_images/2086631454919012352/FwN4ZNIC_normal.jpg
1713569475067314176,Seeyarrr,Seeyarrr,BornSinner,https://pbs.twimg.com/profile_images/1967239251415678976/8xNJolyB_normal.jpg
909039013725638659,RochoCrypto,RochoCrypto,SmokeALot,https://pbs.twimg.com/profile_images/2067599953354969088/KR5Xd8I7_normal.jpg
1603996016784674818,fernandesfckyou,fernandesfckyou,luiz7,https://pbs.twimg.com/profile_images/2076924941811818496/2NAsjC_1_normal.jpg
2069848279144116224,luciabpinkreal,luciabpinkreal,babyflores🧸,https://pbs.twimg.com/profile_images/2086026378898509824/ZHeWpvAF_normal.jpg
2063004576328929281,sjsofoensnam,sjsofoensnam,Quiet Birb,https://abs.twimg.com/sticky/default_profile_images/default_profile_normal.png
1135161523347775488,McLazza_05,McLazza_05,McLazza,https://pbs.twimg.com/profile_images/2067929969096073216/BtNknHh5_normal.jpg
871189772873674753,SAMURAISAM0,SAMURAISAM0,Samurai0,https://pbs.twimg.com/profile_images/1418592946732023814/_01VJDAw_normal.jpg
1862211595620782080,godofwallpapers,godofwallpapers,God of Walls,https://pbs.twimg.com/profile_images/2006514178480029696/Eiaj1WdN_normal.jpg
1743638339235004416,BrandTale_Saga,BrandTale_Saga,BRANDTALE SAGA,https://pbs.twimg.com/profile_images/1743643257354199040/v98xxkLS_normal.jpg
1353427383089553408,LexiBuffalo,LexiBuffalo,Lexi 👸🏼,https://pbs.twimg.com/profile_images/1778935226661576704/3dQlAb7p_normal.jpg
4220336834,Secundaxxx,Secundaxxx,Tristen 🇨🇦🇵🇸,https://pbs.twimg.com/profile_images/2080148371701137408/AEhEUMZI_normal.jpg
1462044867572506627,airaonduris,airaonduris,K.Eren,https://pbs.twimg.com/profile_images/2053223587998306304/xBU8y8fn_normal.jpg
2021087744450236416,the2centsbrain,the2centsbrain,the2centsbrain,https://pbs.twimg.com/profile_images/2021102842178920448/QhRR5lPE_normal.jpg
57490881,Sebaljubetic,Sebaljubetic,Seba,https://pbs.twimg.com/profile_images/1785688761537327104/vx5TAY5I_normal.jpg
54581174,10goV23,10goV23,10goV23,https://pbs.twimg.com/profile_images/2037508786986917888/tNw7Sdw5_normal.jpg
1565603923796295680,404ALDI,404ALDI,aldi404 📯,https://pbs.twimg.com/profile_images/1565604035562029057/WzGwxAIk_normal.png
852872683247333378,RosettaStone2D,RosettaStone2D,RosettaStone 🖌️🎉 ('*•.¸♡PNGTuber♡¸.•*'),https://pbs.twimg.com/profile_images/2009126022734610432/maiiYlBB_normal.jpg
1258458226657570816,Alfey_Lex,Alfey_Lex,Lex,https://pbs.twimg.com/profile_images/1994861961746534400/kqnhDERc_normal.jpg
463001014,Lil_Oscher,Lil_Oscher,Michael Oscher,https://pbs.twimg.com/profile_images/833507160088834049/VKNFNMXz_normal.jpg
405099179,DerekTheMilkMan,DerekTheMilkMan,DerekTheMilkMan,https://pbs.twimg.com/profile_images/740668035988606976/AvPrEgtl_normal.jpg
14946736,DIRECTV,DIRECTV,DIRECTV,https://pbs.twimg.com/profile_images/1943672032840794112/0C2wmxYy_normal.jpg
2077518326868082688,kyhuhuhomuyu,kyhuhuhomuyu,樊菲🌸同城上门♥线下选妃,https://pbs.twimg.com/profile_images/2086647173400158208/FeVr4VqW_normal.png
53117611,IzavellaAllegra,IzavellaAllegra,Isabela Martin 🤟🏽,https://pbs.twimg.com/profile_images/2081123367583662080/w0Auo8xH_normal.jpg
100562602,PaulinaVelasco,PaulinaVelasco,Paulina Velasco,https://pbs.twimg.com/profile_images/1210647014737924098/dVzhNdVW_normal.jpg
102905181,VIVEK1888,VIVEK1888,Vivek Gupta,https://pbs.twimg.com/profile_images/1882696263834943488/nccgrr4X_normal.jpg
1651008789770911746,spreadmyenergy,spreadmyenergy,J,https://pbs.twimg.com/profile_images/2027857285981118464/PnnoV8v1_normal.jpg
1653657280540291072,TaroSnaps,TaroSnaps,Taro Snaps,https://pbs.twimg.com/profile_images/2054363369503686656/ys6lfcYb_normal.jpg
1693787478820638720,lesbian_wonka,lesbian_wonka,cheri!!!,https://pbs.twimg.com/profile_images/2061926417173241856/3uj2ct5N_normal.jpg
1857855768344584193,Titoburrito6942,Titoburrito6942,Tito,https://pbs.twimg.com/profile_images/1857856259518566400/Ve7Jo1zz_normal.jpg
1516435266927353856,accprvcuat,accprvcuat,bạch cốt tinh,https://pbs.twimg.com/profile_images/2086670006272819200/oQTR7ne5_normal.jpg
1896478183773634560,Miawconnected,Miawconnected,kucing kehidupan,https://pbs.twimg.com/profile_images/2085916199268061184/GHLCq2ul_normal.jpg
1962213727735803904,N2THEV0ID,N2THEV0ID,N2THEV0ID,https://pbs.twimg.com/profile_images/2086743788207116288/I8u2tZXX_normal.jpg
2077513043823460352,nypulumyryty,nypulumyryty,白璇🌸同城上门♥线下选妃,https://pbs.twimg.com/profile_images/2086637125223469056/oRt93hM6_normal.png
2077513015595847680,mutykktakhky,mutykktakhky,蔡甄🌸同城上门♥线下选妃,https://pbs.twimg.com/profile_images/2086637088728879104/yoDLctnd_normal.png
2077512841704189952,quuiteciguva,quuiteciguva,樊珈🌸同城上门♥线下选妃,https://pbs.twimg.com/profile_images/2086637074090766336/vXZdCG88_normal.png
1389300077202661377,Majid69231456,Majid69231456,ماجده العتيبي,https://pbs.twimg.com/profile_images/2073139354630045696/2o56zT2s_normal.jpg
1635521590543675392,darklord_mg,darklord_mg,Darklord_mg,https://pbs.twimg.com/profile_images/1659567354647580674/scGet-x8_normal.jpg
1805739115784085504,AkunahDeFi,AkunahDeFi,AkunahDeFi,https://pbs.twimg.com/profile_images/1910791503900790784/miImKcDC_normal.jpg
1352882524322635776,billysyaputra0,billysyaputra0,Mr. BLACK,https://pbs.twimg.com/profile_images/2069707975569133568/kbDoGtW8_normal.jpg
1108260647530168321,emptyskies01,emptyskies01,Empty Skies,https://pbs.twimg.com/profile_images/1112330920172744704/qsIk-d5Z_normal.jpg
3312007667,AyveeZin01,AyveeZin01,Avela 🇿🇦 🇿🇦,https://pbs.twimg.com/profile_images/2076318263387062272/mGdlnJ9s_normal.jpg
263905830,bluedwig,bluedwig,bluedwig,https://pbs.twimg.com/profile_images/1816449320117256193/n9zvQT39_normal.jpg
3120934321,sweetenerlipe,sweetenerlipe,ridiculócito,https://pbs.twimg.com/profile_images/2022337759772553216/BUGuGm-t_normal.jpg
2005749529338126337,FactionNFantasy,FactionNFantasy,FactionNFantasy,https://pbs.twimg.com/profile_images/2005750356093911040/Bu9JP37__normal.jpg
2006937161967489024,GregStache,GregStache,Bishop Graves,https://pbs.twimg.com/profile_images/2043592334030548992/kKWe-Jgo_normal.jpg
1403350644237365250,teriakinajaah,teriakinajaah,kertas sobek,https://pbs.twimg.com/profile_images/1403355973855547394/sSbBLn9H_normal.jpg
1732272002772172800,Lifenjoyer96,Lifenjoyer96,Making Progress with ADHD,https://pbs.twimg.com/profile_images/2069559977476272128/Wm6rDa7-_normal.jpg
1177293206553341954,guacamoulay,guacamoulay,BigTed🇱🇹,https://pbs.twimg.com/profile_images/1986921455678885888/xHI-FVKr_normal.jpg
1885908850915569664,Passover9188285,Passover9188285,Passover9,https://pbs.twimg.com/profile_images/2007240454178213888/g_Kq4Y1D_normal.jpg
788179,Sparkie658,Sparkie658,Jaszminhausen,https://pbs.twimg.com/profile_images/2063359454716837888/DaXfzg8o_normal.jpg
179132062,xblazrx,xblazrx,Blazr,https://pbs.twimg.com/profile_images/1993307104640155648/o94c5-FZ_normal.jpg
1432812124934451202,funnypapayas,funnypapayas,Funny Papaya,https://pbs.twimg.com/profile_images/1811803945045524480/E4NxaC2D_normal.jpg
1622416748397068288,pickme_nft,pickme_nft,PickMe,https://pbs.twimg.com/profile_images/1950211502016991232/1wPmy71C_normal.jpg
1517914853922459648,yehwole,yehwole,yeh🏌️,https://pbs.twimg.com/profile_images/2075282528043216896/K4Vm3oCY_normal.jpg
1132614662644740097,look997_,look997_,look997,https://pbs.twimg.com/profile_images/2006479622645460992/GErSuzVp_normal.png
42890409,FooforDave,FooforDave,Rochelle Albee,https://pbs.twimg.com/profile_images/1497562217524387840/o3CbNRHD_normal.jpg
2077500970414559232,ngiiuuradide,ngiiuuradide,谭甜🌸同城上门♥线下选妃,https://pbs.twimg.com/profile_images/2086627005659791361/tYez5NaE_normal.png
2084553548063293440,KingJefee856,KingJefee856,King Jefee,https://abs.twimg.com/sticky/default_profile_images/default_profile_normal.png
1147746059998748674,jeshua_varela,jeshua_varela,jeshua_varela,https://pbs.twimg.com/profile_images/1147746359925067776/ZVU_3BoP_normal.jpg
1280640202554216448,daniel61531570,daniel61531570,daniel,https://abs.twimg.com/sticky/default_profile_images/default_profile_normal.png
1601623135295504390,P0RO_,P0RO_,لا للتطبيل,https://pbs.twimg.com/profile_images/2075063377727021057/Yo8EJi8-_normal.jpg
1425358628144308224,_GuardianMae_,_GuardianMae_,Guardian Mae 🌎🛡️,https://pbs.twimg.com/profile_images/1533869007333380098/qwUBPSCf_normal.jpg
1472445221204111360,StrategistAce,StrategistAce,Ace Strategist,https://pbs.twimg.com/profile_images/1472445320743342080/tFR3ZNRN_normal.png
1663128411554865163,Willy2394677321,Willy2394677321,Insomnia Man,https://pbs.twimg.com/profile_images/2065264360772009984/7Bgl_v6d_normal.jpg
2355740370,EricDBolton,EricDBolton,Eric D. Bolton | Creator of Things,https://pbs.twimg.com/profile_images/2044424942230319104/TCKVexT6_normal.jpg
1026699823892901888,The280Times,The280Times,The280Times Trivia Channel,https://pbs.twimg.com/profile_images/1781807390423195649/bHZdrtRx_normal.jpg
1664414968114999298,tgirlbarbara,tgirlbarbara,Ts Barbara Barbie,https://pbs.twimg.com/profile_images/2048064005181509632/9Ynmhe8V_normal.jpg
1759761909547425792,J_d_C_13,J_d_C_13,W.E.B da Chud,https://pbs.twimg.com/profile_images/2056074581157281792/ze-rINQr_normal.jpg
761562697909403649,agrawal_ak007,agrawal_ak007,Get set,https://pbs.twimg.com/profile_images/2068370802521804802/q-FlKdoU_normal.jpg
1894275411628232704,cheeseballs1125,cheeseballs1125,cheese balls,https://pbs.twimg.com/profile_images/1991933775417311232/aFy-LOli_normal.jpg
3012449385,cobrasmatica,cobrasmatica,maré elétrica,https://pbs.twimg.com/profile_images/1731692073835720704/uBobuDm6_normal.jpg
428555639,chamequinhoo,chamequinhoo,chamequinhoo,https://pbs.twimg.com/profile_images/1423334105664663556/gBl2r38A_normal.jpg
1485902331468292098,ChihabZaakour,ChihabZaakour,Chihabez,https://pbs.twimg.com/profile_images/1485902456320053250/N5XDwUQC_normal.png
2075715986834264064,zx2xje0,zx2xje0,خالد,https://pbs.twimg.com/profile_images/2080112940229746688/PZoHMF51_normal.jpg
82450461,SSoxvv,SSoxvv,ألفيرون,https://pbs.twimg.com/profile_images/2086939575604400128/GzWdlX8c_normal.jpg
308071399,TheDmeader,TheDmeader,David Meader,https://pbs.twimg.com/profile_images/517106477845057538/3qJLvgfI_normal.jpeg
1003737976675885057,arctinyx,arctinyx,Arctic,https://pbs.twimg.com/profile_images/2087186083800899585/YIi37j6m_normal.jpg
538659963,Sneegsnag,Sneegsnag,Sneegsnag,https://pbs.twimg.com/profile_images/1939922299152429059/DkudbdyR_normal.jpg
1004383608415703040,MachetteMaire,MachetteMaire,lemairemachette,https://pbs.twimg.com/profile_images/1630000250701115392/ayJUJrIU_normal.jpg
871275836342546433,lumberjcomando,lumberjcomando,lumberjack commando,https://pbs.twimg.com/profile_images/871620430175404032/bpF0K_8D_normal.jpg
825906379743432705,NYorNothing,NYorNothing,NYorNothing,https://pbs.twimg.com/profile_images/1179180842133999616/Bw675Mvr_normal.jpg
1399807382516084741,activelytweats,activelytweats,Gwen Mitchell's,https://pbs.twimg.com/profile_images/2021849209406955520/RgXc2kE__normal.jpg
1364388055059202050,INFINITE_720,INFINITE_720,INFINITE 720 ⚡️,https://pbs.twimg.com/profile_images/1703865229900140544/oNcQaJhy_normal.jpg
251714718,thunderfan28,thunderfan28,millionaireJoe,https://pbs.twimg.com/profile_images/1430526791618338816/U6i9z0hp_normal.jpg
2077496454776545280,gaferyeolohi,gaferyeolohi,郝静🌸同城上门♥线下选妃,https://pbs.twimg.com/profile_images/2086617046003888128/7rfLQHKM_normal.png
2077496321552863232,kahafusygedy,kahafusygedy,段蓉🌸同城上门♥线下选妃,https://pbs.twimg.com/profile_images/2086617032489918464/Tteooder_normal.png
732159785307508736,danymo1976,danymo1976,Daniel,https://pbs.twimg.com/profile_images/1462206218915573761/TXaUUtS1_normal.jpg
2061583367477293056,WITNESS813,WITNESS813,WITNESS813,https://pbs.twimg.com/profile_images/2061583960296034304/v_HMTChv_normal.jpg
1945006733363175425,RonnyTobal56742,RonnyTobal56742,Ronny Tobal,https://pbs.twimg.com/profile_images/2002461479149142017/UyvIfbfe_normal.jpg
1949898283045765121,UmbreonKing_88,UmbreonKing_88,Black Charmeleon,https://pbs.twimg.com/profile_images/2061558385166745600/of7BPS8V_normal.jpg
954505254321651712,LonelyWerewolfG,LonelyWerewolfG,🍁𝓛𝓸𝓷𝓮𝓵𝔂𝓦𝓮𝓻𝓮𝔀𝓸𝓵𝓯𝓖𝓲𝓻𝓵🐺🥀🖤,https://pbs.twimg.com/profile_images/1438341633255350275/MTRgwrhe_normal.jpg
28370340,W0NK042,W0NK042,Wonko42 🐧 #SaveStargate,https://pbs.twimg.com/profile_images/2087105155149725696/zgAvogY1_normal.jpg
1698604226203791360,SciEnggDeepak,SciEnggDeepak,Scientific Mind 🧠,https://pbs.twimg.com/profile_images/1984418229310353408/_zT1jo8Q_normal.jpg
1611967195982225408,xuells,xuells,Sam Xuells,https://pbs.twimg.com/profile_images/2086091620940918784/D5O4vfN9_normal.jpg
1878483349859168256,NobleAttire01,NobleAttire01,Barca news,https://pbs.twimg.com/profile_images/2086612560527155200/-G-OhL0u_normal.jpg
3674750116,nmeofdst8vM660,nmeofdst8vM660,John ₿ Rambo ⚡,https://pbs.twimg.com/profile_images/1362740025335697409/vk2G8ALx_normal.jpg
1781277069168586752,YesMannChad,YesMannChad,Yes Mann,https://pbs.twimg.com/profile_images/1781277598821076992/OxvqhEa3_normal.jpg
309060764,Ed353,Ed353,Mbare Bae 😌,https://pbs.twimg.com/profile_images/1519214458681315328/-wM5JseG_normal.jpg
2265552619,pamelaacanedo,pamelaacanedo,p,https://pbs.twimg.com/profile_images/1754995926542778368/yUz7_FTH_normal.jpg
503747289,ale_tiradoc,ale_tiradoc,ale_tiradoc,https://pbs.twimg.com/profile_images/1955858890136195072/sXml8MV3_normal.jpg
873086513377968128,Kawaiimango1,Kawaiimango1,Kawaiimango,https://pbs.twimg.com/profile_images/1515637455176679430/9NED5eDW_normal.jpg
1608431308706914307,James25897947,James25897947,James,https://abs.twimg.com/sticky/default_profile_images/default_profile_normal.png
54980636,303FAN,303FAN,JoshS,https://pbs.twimg.com/profile_images/2027954987666460672/DWhep-IZ_normal.jpg
1025493565416386565,Kriptobliss,Kriptobliss,kripto,https://pbs.twimg.com/profile_images/1989005672701194240/cSgjKyzh_normal.jpg
1994585689300897794,Tuxedo2bealtalt,Tuxedo2bealtalt,Tuxedo2be alt,https://pbs.twimg.com/profile_images/1994774678657757184/XPGjB_cU_normal.jpg
1878218797431304192,kalithemuscle,kalithemuscle,Kali the Muscle Goddess,https://pbs.twimg.com/profile_images/2060366476322709504/Hh3fsuGc_normal.jpg
1847703432599138304,ClintDorse41434,ClintDorse41434,Clint Dorsey,https://pbs.twimg.com/profile_images/1847703826905673728/O6abNUbN_normal.jpg
1953207935628201984,iosys77,iosys77,iosys,https://pbs.twimg.com/profile_images/1987686663007485952/7E4_8N87_normal.jpg
1468932745787281411,wallybescotty,wallybescotty,Wally Watkins,https://pbs.twimg.com/profile_images/1468932817576988683/eMVCOGil_normal.jpg
1869435471832735744,Caiden_JB_V,Caiden_JB_V,SlugBoy Ca!d£n,https://pbs.twimg.com/profile_images/2071800171340464128/DD6cuJ8x_normal.jpg
2077476413188227073,eupewusylaqu,eupewusylaqu,魏晶🌸同城上门♥线下选妃,https://pbs.twimg.com/profile_images/2086606965845659649/0wqrQxrK_normal.png
1825195890946314240,MaishaFaisal07,MaishaFaisal07,maisha,https://pbs.twimg.com/profile_images/1825196033154183168/lU28Fg-L_normal.jpg
1372375821915070464,PhillyBoiWonder,PhillyBoiWonder,PHiLLY 💭,https://pbs.twimg.com/profile_images/2071478643373789184/YZE2fuaU_normal.jpg
4744454912,DirtySweetStyle,DirtySweetStyle,Courtney ❯❯❯❯ new 5SOS fan,https://pbs.twimg.com/profile_images/2015102659091480576/09LpVbLW_normal.jpg
1176951552042524673,CanelaOwl,CanelaOwl,Canela 🔞,https://pbs.twimg.com/profile_images/1854928608130637824/wtclX733_normal.jpg
1265226895542628352,ZexaXprr,ZexaXprr,ZexaX,https://pbs.twimg.com/profile_images/1819233019288231936/iKWjyVRS_normal.jpg
1439939424633167876,LandryKhemy,LandryKhemy,Landry_Khemy,https://pbs.twimg.com/profile_images/1875960300165316608/sWREOEX5_normal.jpg
1489015300087558146,Eggleston1337,Eggleston1337,CJ Vasta,https://pbs.twimg.com/profile_images/1489015604954677255/LV1XxkyM_normal.png
888262488,rippinkitten18,rippinkitten18,Law 🇾🇪 🇸🇾 🇮🇶 🇦🇫 🇵🇸,https://pbs.twimg.com/profile_images/1646487996697575427/C3Uy0wbn_normal.jpg
1833685750900043776,A_StretfordEndr,A_StretfordEndr,Berba_Geeh,https://pbs.twimg.com/profile_images/2037068976237535233/093MH9my_normal.jpg
952980842531491841,crypthings,crypthings,funkytown,https://pbs.twimg.com/profile_images/1949518439455821824/r_KwJEPW_normal.jpg
1973182294870597635,alberta_femboy,alberta_femboy,alberta_femboy,https://pbs.twimg.com/profile_images/1983330513986433025/FUSn06za_normal.jpg
2052373262261268482,QueenBees123,QueenBees123,Queen Bees OnlyFans,https://pbs.twimg.com/profile_images/2075463302314893312/bYUV__rZ_normal.jpg
1402229344659927041,overmarsx,overmarsx,F👾,https://pbs.twimg.com/profile_images/2062614904050425856/i7FFFS8k_normal.jpg
1620066083905622018,NgannhiNguyn,NgannhiNguyn,Sophie 💗 ❤️ 🌷,https://pbs.twimg.com/profile_images/2055640420332240896/Arnr7-8-_normal.jpg
1629464235011895296,RocketsTTV,RocketsTTV,BadassRockets,https://pbs.twimg.com/profile_images/1895386460762554368/I-wSPCMx_normal.jpg
1947410820696313857,Dipshitkyle,Dipshitkyle,Kyle,https://abs.twimg.com/sticky/default_profile_images/default_profile_normal.png
1893521265320742913,beast8pk,beast8pk,beast¥¥🪖,https://pbs.twimg.com/profile_images/2085825286948667392/vesPkz_g_normal.jpg
1744625365799116800,silvercoil7acc2,silvercoil7acc2,SilverCoil7,https://pbs.twimg.com/profile_images/2020039760459321344/1GiZipuN_normal.jpg
2034673911808573440,IamKold196712,IamKold196712,Kold,https://pbs.twimg.com/profile_images/2034674080914579456/wsKz93mT_normal.png
1095726022622957568,TConejin,TConejin,ball,https://pbs.twimg.com/profile_images/1812647108295491584/iV-ksWMJ_normal.jpg
2046176092940009473,symple_tweets,symple_tweets,Akin,https://pbs.twimg.com/profile_images/2062511608014778368/g4_ndYZY_normal.jpg
1515755352054243329,0258SHINY,0258SHINY,Sunfell,https://pbs.twimg.com/profile_images/2066211006972350465/oM_TPMkp_normal.jpg
1765881952442195968,rapidfirewv,rapidfirewv,Rapid Fire 🇺🇲,https://pbs.twimg.com/profile_images/2073055078710140928/UGk9URLm_normal.jpg
3153020655,chriva404,chriva404,Christian Ivarsson,https://pbs.twimg.com/profile_images/1659471219635126272/oEbNl0l9_normal.jpg
1898941645099278336,paulriddle52,paulriddle52,r3dpJs,https://pbs.twimg.com/profile_images/2081570238009577472/pvElivj0_normal.jpg
2015575359555616768,BenBoltAlden,BenBoltAlden,Ben,https://pbs.twimg.com/profile_images/2086177745277419521/_0M3gIf8_normal.jpg
1776957411569377280,Justinemetax,Justinemetax,Justinemetax,https://pbs.twimg.com/profile_images/2080662685801136128/VLlpm0Mz_normal.jpg
1600598515918508036,SkelperX,SkelperX,Skelper,https://abs.twimg.com/sticky/default_profile_images/default_profile_normal.png
1598853364514693120,JayJohn71027511,JayJohn71027511,Jay Johnson,https://pbs.twimg.com/profile_images/1959781204128927744/DfuwCp5A_normal.jpg
1934220102930427904,vheeorji22,vheeorji22,vivian,https://pbs.twimg.com/profile_images/1934220446251327488/YBReY_e1_normal.jpg
14888427,dastopher,dastopher,The Other Chris Hanson,https://pbs.twimg.com/profile_images/495079658342203392/LGIQCs0H_normal.jpeg
1811883678009556992,11_lovelll,11_lovelll,قمر تشـــرين🇸🇦,https://pbs.twimg.com/profile_images/1889660037015941120/yJobzuvS_normal.jpg
1979128604069093376,JayJay147271,JayJay147271,JayJay,https://pbs.twimg.com/profile_images/1979128812295114752/jIiB8AqE_normal.jpg
2590736351,aj_umoh,aj_umoh,AJ umoh,https://pbs.twimg.com/profile_images/1806105662725689344/9jjqc2cK_normal.jpg
1820210908830023680,lalaleche961962,lalaleche961962,lala leche,https://pbs.twimg.com/profile_images/1820210935174438912/Fg868OMr_normal.png
411765211,chafos,chafos,chafos,https://pbs.twimg.com/profile_images/2068459529738547200/rI1RAlBb_normal.jpg
1540033749668315138,Jibkid_khakima1,Jibkid_khakima1,Lady Vivienne,https://pbs.twimg.com/profile_images/2083884777568931840/_7jQgJWj_normal.jpg
2085121793379975168,BretErazmufl7,BretErazmufl7,Bret Erazmus,https://pbs.twimg.com/profile_images/2085121947587747840/I8zaM8y8_normal.jpg
2070025394120482816,luciaafantasy,luciaafantasy,Lucyaa🎀,https://pbs.twimg.com/profile_images/2086026377673703424/utLN4HWE_normal.jpg
3138038341,nevermorepicker,nevermorepicker,Nevshka,https://pbs.twimg.com/profile_images/1879159625922338816/o-fHrJzq_normal.jpg
1464620575,vargas305MIA,vargas305MIA,Leo 🇨🇴,https://pbs.twimg.com/profile_images/2066903915442921472/1TY06Uo1_normal.jpg
2085121693933027328,DanielePesrjy2,DanielePesrjy2,Daniele Pessin,https://pbs.twimg.com/profile_images/2085121871255580672/wyxNSytI_normal.jpg
2085123243455950848,RashidaCwa4c,RashidaCwa4c,Rashida Cwalinski,https://pbs.twimg.com/profile_images/2085123409646878720/MiKmFHF0_normal.jpg
1520242360931606529,ElFunkistador,ElFunkistador,El Funkistador,https://pbs.twimg.com/profile_images/1520242478456066048/5kAWmU76_normal.jpg
2080500392631095296,Spinversee,Spinversee,Spinverse,https://pbs.twimg.com/profile_images/2085428464664932352/QutTzLuV_normal.jpg
1656029854066782209,IAMAICreation,IAMAICreation,IAMAI Creation,https://pbs.twimg.com/profile_images/1656036773162622979/bjoXWRlB_normal.jpg
1111671978723893249,luzyinthesky,luzyinthesky,julia,https://pbs.twimg.com/profile_images/1597686501533536257/oYGreid9_normal.jpg
51164913,marinainchains,marinainchains,marinainchains,https://pbs.twimg.com/profile_images/2001664951425871872/V_2zok57_normal.jpg
147152185,ProlificM_Utd,ProlificM_Utd,Zlatan King,https://pbs.twimg.com/profile_images/2084657072600215552/LsWyCY-7_normal.jpg
1893913276540452864,AllIsMind420,AllIsMind420,All_Is_Mind,https://abs.twimg.com/sticky/default_profile_images/default_profile_normal.png
1168569956293849090,averysaucyboi,averysaucyboi,Name cannot be blank,https://pbs.twimg.com/profile_images/1965893419122712576/2foNXnY-_normal.jpg
2080372736526872576,SophiaBakevbnl,SophiaBakevbnl,Sophia Baker,https://pbs.twimg.com/profile_images/2080617463650140160/gkZ7TY-T_normal.jpg
2068618020700950528,DesertVikinggg,DesertVikinggg,DesertVikinggg,https://pbs.twimg.com/profile_images/2068902789942755328/uIOIE5XK_normal.jpg
1263869266643742720,lucky_number113,lucky_number113,💙🌊 𝓚𝓲𝓶𝓫𝓮𝓻𝓵𝔂 🌊💙,https://pbs.twimg.com/profile_images/2020633323840892928/-SLduTC4_normal.jpg
76108547,biometrcman,biometrcman,Rune/Ruta the Avali,https://pbs.twimg.com/profile_images/1764848492080660480/kZNF3B36_normal.jpg
2086196925913616385,DailyAbsurdView,DailyAbsurdView,Daily Absurd View,https://pbs.twimg.com/profile_images/2086198999472615425/NCNi13ZU_normal.jpg
255092915,Riad_Che,Riad_Che,RC-ↇΖ 🇩🇿,https://pbs.twimg.com/profile_images/1925571920226885632/Y6L0IF6h_normal.jpg
2082166752469749760,PavlovRyk8g,PavlovRyk8g,Pavlov R,https://abs.twimg.com/sticky/default_profile_images/default_profile_normal.png
2256853639,Almesiva,Almesiva,🌙Almesiva Moonshadow🌙,https://pbs.twimg.com/profile_images/1554188416711114753/G-l69DvW_normal.jpg
1965892918037942272,Met1487778,Met1487778,Met,https://pbs.twimg.com/profile_images/1965893467353051136/vgo6awRe_normal.png
2080361594198818816,Divine_season,Divine_season,Divine,https://pbs.twimg.com/profile_images/2080366883031711744/quNv_3iu_normal.jpg
114731085,RobHTX78,RobHTX78,Bob in Houston - Be the Light! #ClearTheList2026,https://pbs.twimg.com/profile_images/2072142942744064000/xfNEwF6-_normal.jpg
1291173609503891459,nemui_jun,nemui_jun,god's littlest fuck up,https://pbs.twimg.com/profile_images/2028101450706923520/OwA1YsXG_normal.jpg
1398141288721965057,_BaseBoogie,_BaseBoogie,BABA YAGA,https://pbs.twimg.com/profile_images/2058686247179022336/4-UbOlVw_normal.jpg
617548959,DiegoRiani,DiegoRiani,FS | Diego Riani,https://pbs.twimg.com/profile_images/1906014602204213248/YEzMZ7Px_normal.jpg
2336663529,hypcrytdemcrts,hypcrytdemcrts,Daniel,https://pbs.twimg.com/profile_images/658339315488026625/ibwkLLSS_normal.jpg
1746617877950607360,ALEJANDROP96069,ALEJANDROP96069,LAZARUS ☯️,https://pbs.twimg.com/profile_images/1913462357180776448/FlMSq_Gx_normal.jpg
1938251245267128325,dcednz,dcednz,dave,https://pbs.twimg.com/profile_images/2022567734266187777/s_b7Kzb7_normal.jpg
1646543765241311234,LouisPalaguachi,LouisPalaguachi,Louis Palaguachi,https://abs.twimg.com/sticky/default_profile_images/default_profile_normal.png
4834268463,gdepopalo,gdepopalo,тень сурка 🇺🇦,https://pbs.twimg.com/profile_images/1758578824294682624/fa2jeAP9_normal.jpg
1710431361700405248,HazeDelighbft,HazeDelighbft,Haze Delights,https://pbs.twimg.com/profile_images/2086249948316573696/pwrFm9v4_normal.jpg
9961352,harshsharma,harshsharma,Harsh Sharma 𝕏,https://pbs.twimg.com/profile_images/1853386780315463680/2dKTmged_normal.jpg
2028512771508445184,HollyGomez41610,HollyGomez41610,Holly Gomez,https://pbs.twimg.com/profile_images/2039025295429091328/DFbLZ8lS_normal.png
3076023510,MetalAndFlames,MetalAndFlames,🤘🏻MetalAndFlames🔥,https://pbs.twimg.com/profile_images/2051817060288897024/OK25Ex7b_normal.jpg
109098676,Kingssman,Kingssman,Kingssman,https://pbs.twimg.com/profile_images/2043486317464436736/LHk-5DIs_normal.jpg
1548658785580883968,Adetola0011,Adetola0011,INFOSPOTLIGHT 🇦🇷 x 🇪🇸,https://pbs.twimg.com/profile_images/1883012925352214528/chqrRzng_normal.jpg
1626262599443615744,SlimWeepaw,SlimWeepaw,Slim Weepaw,https://pbs.twimg.com/profile_images/1687743325451788288/zhJEn-CD_normal.jpg
1279440264,centrictation,centrictation,Gustavo,https://pbs.twimg.com/profile_images/1330524464099061760/i4hMGBDh_normal.jpg
183801120,nixokimi,nixokimi,nixokimi,https://pbs.twimg.com/profile_images/1888670726569291776/Bf1gB6eR_normal.jpg
2059507716557619200,emosxyual,emosxyual,emosxyual,https://pbs.twimg.com/profile_images/2059510040864628737/UCbDjLuq_normal.jpg
1608647296652124162,JackieBartender,JackieBartender,JackieBartender 🏳️‍⚧️,https://pbs.twimg.com/profile_images/2037585276894314496/_NZ8qpNE_normal.jpg
1802850123346493440,KikiS0yS4uc3,KikiS0yS4uc3,⚡️Kensei Kiki🗡️ ☮️❤️☀️♀🌙🌹✝️88🐉⚖️🐂🌾🔱🕉️キキ⚡️,https://pbs.twimg.com/profile_images/2085186803661778944/dWwlUCPS_normal.jpg
933977288395325440,andrey_karadjov,andrey_karadjov,Rate limit exceeded,https://pbs.twimg.com/profile_images/1517855175930789889/VOmaG9OH_normal.jpg
2017272111459356672,PlybonAndrew,PlybonAndrew,Andrew Phillip Plybon,https://pbs.twimg.com/profile_images/2017272394973339651/uwf5XHfI_normal.jpg
2075349307428073472,splashsodas,splashsodas,🤪,https://pbs.twimg.com/profile_images/2079048921310248960/clhZ1LuG_normal.jpg
2039963903241998337,ServeSkye_,ServeSkye_,Skye,https://pbs.twimg.com/profile_images/2070727163020816384/nO6lOiSG_normal.jpg
1535420092657246208,818leo2,818leo2,818LeoTop33,https://pbs.twimg.com/profile_images/1840204759409799168/Kg28M8lP_normal.jpg
427112705,4Carbide,4Carbide,4Carbide,https://pbs.twimg.com/profile_images/1623823349389336576/rL-5upz-_normal.jpg
229339660,TwisteeTheDark1,TwisteeTheDark1,Twistee,https://pbs.twimg.com/profile_images/1471644142619013121/2qe-8uhj_normal.jpg
2692096819,user_uuid,user_uuid,🩶🤍🖤🤎❤️🧡💛💚💙💜,https://pbs.twimg.com/profile_images/1737269526004199424/FFgM_KQZ_normal.jpg
1215565660945817600,derellgeide,derellgeide,DG,https://pbs.twimg.com/profile_images/1664325855668064256/52rC01if_normal.jpg
1105500540564320262,rivascel,rivascel,Alérgico a la desigualdad,https://pbs.twimg.com/profile_images/1794428521181278208/SaJ1EQPN_normal.jpg
3228312458,RealestUzumaki,RealestUzumaki,MoonRising,https://pbs.twimg.com/profile_images/951562618245996544/tHLV9Gc6_normal.jpg
1458922497580023852,JohnDav83312348,JohnDav83312348,John David,https://pbs.twimg.com/profile_images/1458922569239707649/ztZN479q_normal.png
2386220709,WVA1956,WVA1956,wildpoetry 🤎,https://pbs.twimg.com/profile_images/2057745450959032320/bCxqiJoN_normal.jpg
1602437076854644736,chewedupdogtoy,chewedupdogtoy,dudley 🤖,https://pbs.twimg.com/profile_images/1666613189713477636/JofchkkZ_normal.jpg
1941516876527419392,Happydays99X,Happydays99X,Daniel Khan. 🇺🇸 🇵🇰,https://pbs.twimg.com/profile_images/2086104015922950144/RwCN41n0_normal.jpg
1924408299283185664,talhakocmd,talhakocmd,Talha Koç,https://pbs.twimg.com/profile_images/2049457924519731200/-A9TmNuU_normal.jpg
2077639801415602176,lylyvusiaepo,lylyvusiaepo,樊欣🌸同城上门♥线下选妃,https://pbs.twimg.com/profile_images/2086558009170255872/0cdN1VDN_normal.png
2077603570405253120,tedupatethva,tedupatethva,方舒🌸同城上门♥线下选妃,https://pbs.twimg.com/profile_images/2086557954099032064/58jaMhJM_normal.png
1491540278951309317,xxxf0xxx,xxxf0xxx,𝕏FO𝕏𝕏 NFT,https://pbs.twimg.com/profile_images/1638855848649785345/2Qc6YoXU_normal.jpg
434507002,THChumor,THChumor,THC Humor 💹🧲,https://pbs.twimg.com/profile_images/1990550982661677056/wdM7N4Yh_normal.jpg
1855094086681665536,sevenpercentttt,sevenpercentttt,Carlo,https://pbs.twimg.com/profile_images/2083676143354290176/GH1Fgkdb_normal.jpg
1762168616898678784,miomarepasta,miomarepasta,boJan,https://pbs.twimg.com/profile_images/1762168727598985216/2WOYRCcX_normal.png
15859230,brose750,brose750,𝔟𝔯𝔬𝔰𝔢🏴‍☠️,https://pbs.twimg.com/profile_images/450731923950669824/w3XnRgLn_normal.jpeg
1133889600940912640,AlanCarcamo200,AlanCarcamo200,AlanCarcamo200,https://pbs.twimg.com/profile_images/2080516289538215936/BInnLADP_normal.jpg
1318677263714406402,as_pll1,as_pll1,JL,https://pbs.twimg.com/profile_images/2048600021394956288/0YeU373K_normal.jpg
1921219716108197888,PCInky1,PCInky1,Inky,https://pbs.twimg.com/profile_images/1921223112139452416/4OKmRlmQ_normal.jpg
354315913,Ftijjani_,Ftijjani_,Faisal Tijjani,https://pbs.twimg.com/profile_images/2083934083919331328/yiGFhxq4_normal.jpg
1334179402033352704,sadcasm_07,sadcasm_07,Sadcasm,https://pbs.twimg.com/profile_images/2083962070538792960/oUmloqrT_normal.jpg
1818593137654194176,JasonSevillan,JasonSevillan,Jason Sevillan,https://pbs.twimg.com/profile_images/2084083772727689216/8kDiEP3o_normal.jpg
4645838237,Thunder_Owl,Thunder_Owl,ThunderOwl. Sci-Fi Assets. Electronics. 🇱🇻🇺🇦🌞,https://pbs.twimg.com/profile_images/1875252013946052610/TbjzLXuZ_normal.jpg
1142736007567069184,SUBRATA30016572,SUBRATA30016572,SUBRATA30016572,https://pbs.twimg.com/profile_images/1561338133001666560/l4StGGug_normal.jpg
2079890559305502720,marcoinvests,marcoinvests,Marco,https://pbs.twimg.com/profile_images/2086188280924557312/ptmYH_pp_normal.jpg
2055337858110517248,KobainAFC1886,KobainAFC1886,Kobain Of Twatwaffle III,https://pbs.twimg.com/profile_images/2070134945427677184/S1qMN0vq_normal.jpg
2888949154,nogoonhere,nogoonhere,nogoonhere,https://abs.twimg.com/sticky/default_profile_images/default_profile_normal.png
35020830,Whenitrains_961,Whenitrains_961,ATiredLittleTelomere,https://pbs.twimg.com/profile_images/1947463571417317376/gM-fe3cj_normal.jpg
1284459507435937792,TBartels1,TBartels1,TBartels,https://pbs.twimg.com/profile_images/1490575940044398594/j090gMjO_normal.jpg
1684584447499456513,robert78551,robert78551,JackofAll,https://pbs.twimg.com/profile_images/2057676028060033024/UblM919g_normal.jpg
2847113681,blackmouse852,blackmouse852,loremipsum,https://pbs.twimg.com/profile_images/1567924257434238977/gxNFTBUl_normal.jpg
1594364613415825408,Blackaf69420,Blackaf69420,Clowns,https://pbs.twimg.com/profile_images/2002019647743475714/lkliAp07_normal.jpg
1048617399384072192,die_wing,die_wing,DieXwing🇺🇦,https://pbs.twimg.com/profile_images/1684362501386018816/8Hir-Xof_normal.jpg
739663456849252353,lDkayyl,lDkayyl,Dkay,https://pbs.twimg.com/profile_images/1769814206499483648/L-5LGfjS_normal.jpg
1212202014764978176,deegettingoff,deegettingoff,Dee,https://pbs.twimg.com/profile_images/2059278468110491648/NDRg8bUT_normal.jpg
14846703,Rittin,Rittin,WisKrisKar,https://pbs.twimg.com/profile_images/2013816353543659520/PIt63NxH_normal.jpg
1662539665335889920,johnson13021989,johnson13021989,John johnson 💿,https://pbs.twimg.com/profile_images/1791573088305328128/_i1TvWSm_normal.jpg
760701796339810304,CryptoMynd,CryptoMynd,Cryptomynd,https://pbs.twimg.com/profile_images/760720098365673472/gIB1u7W7_normal.jpg
754694116659703808,thespunkyskunk,thespunkyskunk,Lil' Spunky Skunk 🦨🌵🌄,https://pbs.twimg.com/profile_images/1142436450237145088/tcBYNf7O_normal.png
3027559792,MapleParadox_,MapleParadox_,Pizzazz,https://pbs.twimg.com/profile_images/2038693282700767233/HXF_FppO_normal.jpg
1391140647298535425,romxdev,romxdev,Roman,https://pbs.twimg.com/profile_images/2032559083128020992/w_T1GUym_normal.jpg
2044300616038518784,KoreannaNoir,KoreannaNoir,KoreannaNoir | 코리안나,https://pbs.twimg.com/profile_images/2086312598237286400/2Zml00by_normal.jpg
32972193,HSAddict697,HSAddict697,HelenRose😿,https://pbs.twimg.com/profile_images/1842391714553606144/HDIMYZ6S_normal.jpg
564181700,ErickIs1CoolKid,ErickIs1CoolKid,Degenerick,https://pbs.twimg.com/profile_images/2080588783682985984/XoGy5hsc_normal.jpg
2077529736872435712,ribagefasegg,ribagefasegg,谭甜🌸同城上门♥线下选妃,https://pbs.twimg.com/profile_images/2086548011643981824/IFtVp60F_normal.png
2077529212848615424,fonyoeuutiku,fonyoeuutiku,方曼🌸同城上门♥线下选妃,https://pbs.twimg.com/profile_images/2086547981700907008/Dff-o4zp_normal.png
956730794,ValeriaBohoS,ValeriaBohoS,Vabygirl 𖤓⋆.˚༄,https://pbs.twimg.com/profile_images/1816528514872389632/JB-wasbL_normal.jpg
2279483574,PENELOPPE192,PENELOPPE192,PENELOPPE,https://pbs.twimg.com/profile_images/1769492437032927232/fT9EAcS0_normal.jpg
1508564132064280576,johoho54,johoho54,johoho,https://pbs.twimg.com/profile_images/1737440302896443392/n6ki-C8x_normal.jpg
1675132608143818755,Capitan6Legend,Capitan6Legend,Capitano6,https://pbs.twimg.com/profile_images/1785741951699939328/W4_UrXX0_normal.jpg
1969200879342665729,ITrotteln,ITrotteln,Sobchak,https://pbs.twimg.com/profile_images/2079662319928225792/vwgEY03H_normal.jpg
2055245419458818048,Henry3094638447,Henry3094638447,Henry,https://pbs.twimg.com/profile_images/2068104773795012608/1abGUSgu_normal.jpg
1795392018627088384,ArazStudio,ArazStudio,Araz Studio (Game Publisher),https://pbs.twimg.com/profile_images/1942560593514287104/9Wg4mwVR_normal.jpg
1920546212987412480,Scottymc1974,Scottymc1974,samclips & co,https://pbs.twimg.com/profile_images/2080450383747354624/s_EtgRp5_normal.jpg
1329985746489503746,Jesusnaosalvo,Jesusnaosalvo,Jesus,https://pbs.twimg.com/profile_images/1793764919143260160/CbSj76l1_normal.jpg
1325160044,nerdylibertyfan,nerdylibertyfan,Nerdy Liberty Fan,https://pbs.twimg.com/profile_images/1854317738660868112/_DPJnpZa_normal.jpg
907973182149283842,TascaVladian,TascaVladian,Vladian,https://pbs.twimg.com/profile_images/1855251235152015360/xbGQwtm2_normal.jpg
1594541716580667392,PepeLagarza1,PepeLagarza1,Pepe La garza,https://pbs.twimg.com/profile_images/1663774697451044865/B71vCl-t_normal.jpg
1524074381726699521,HootieBoy,HootieBoy,Kathryn,https://pbs.twimg.com/profile_images/2010551126660096000/mK8pug9z_normal.jpg
1782602382192357376,ASpottyKat,ASpottyKat,Katerru Swiftpaws,https://pbs.twimg.com/profile_images/1782617902295732224/aJxVzgse_normal.jpg
1542476533666877442,ovayioza_,ovayioza_,abuleegba_nepobaby,https://pbs.twimg.com/profile_images/1918723940727271424/E0zMEmZB_normal.jpg
1193401803817259008,HucklebotO,HucklebotO,Leslie !!,https://pbs.twimg.com/profile_images/1912622673403756544/rTw_BA44_normal.jpg
2063942995901112320,vAceey,vAceey,Aceey,https://pbs.twimg.com/profile_images/2084861851267944448/KDm-ORW4_normal.jpg
1450244062318051329,juliee_trejo,juliee_trejo,juliee_trejo,https://pbs.twimg.com/profile_images/2050667849279045633/tzWRhsoY_normal.jpg
1141406547630809089,diegopardoc,diegopardoc,parddo,https://pbs.twimg.com/profile_images/2064547305017999360/rDKxfVFz_normal.jpg
1236658489751154693,BenBestSterling,BenBestSterling,Ben Short,https://pbs.twimg.com/profile_images/1352051022726918147/HjkKJDsh_normal.jpg
1709191653167120384,pale15a,pale15a,💿 PALE1 💿,https://pbs.twimg.com/profile_images/2019875947944570880/rLAdE0NL_normal.jpg
1691314213564952576,TLACUALNEXTIA,TLACUALNEXTIA,Tlahelcuani Tlamatini,https://pbs.twimg.com/profile_images/1711530294556459008/bF2Nnw3a_normal.jpg
14335994,CMC42,CMC42,cmc42,https://pbs.twimg.com/profile_images/1267770006751846400/lTr7Zu8c_normal.jpg
1684207080285126658,nome_generic00,nome_generic00,Gumbalagpalabasung sahang🇵🇸,https://pbs.twimg.com/profile_images/2044202099051835392/R7sRurUf_normal.jpg
1819286689493536771,katnisbb7,katnisbb7,beroşş ༯,https://pbs.twimg.com/profile_images/2008273655290073088/gK3DIJD2_normal.jpg
854048951590432769,tavares_ruy,tavares_ruy,Ruy Tavares,https://pbs.twimg.com/profile_images/854051919723102209/nxpJImxj_normal.jpg
2077505458521165824,vofavipabbhi,vofavipabbhi,殷娜🌸同城上门♥线下选妃,https://pbs.twimg.com/profile_images/2086537953438814208/oJCKn5dj_normal.png
2077504924238188544,lehuxiddkyky,lehuxiddkyky,贾雯🌸同城上门♥线下选妃,https://pbs.twimg.com/profile_images/2086537925668270080/Q7QAVLdT_normal.png
1126416230628384769,DK15779516,DK15779516,pumpuppthevolume,https://pbs.twimg.com/profile_images/1292141646973460481/YZLkXQ4R_normal.jpg
1323359459486347269,GutPoacher,GutPoacher,GutPoacher,https://pbs.twimg.com/profile_images/1819726060948164608/aqV_hazY_normal.jpg
1225997191,_R2yan,_R2yan,Ryan,https://pbs.twimg.com/profile_images/936665530102149121/v68zp6s5_normal.jpg
1867388211456356352,Zenketski,Zenketski,Zen,https://pbs.twimg.com/profile_images/2068536703522922496/F2CZFDZ7_normal.jpg
1615748884587810816,manana_sanders,manana_sanders,Jalapenowithanm,https://pbs.twimg.com/profile_images/2060515770308657152/-DMFOjLO_normal.jpg
2061104514183176194,Felix_ayran,Felix_ayran,𒄆𓁹✞𒀱✞𓁹𒄆,https://pbs.twimg.com/profile_images/2086847606706044928/HzhUWnpM_normal.jpg
1507480838367236100,lukey12102,lukey12102,lukey1210,https://pbs.twimg.com/profile_images/1983646291386118144/5fDgcYyG_normal.jpg
954775187760836609,Hrtz6,Hrtz6,-Section-,https://pbs.twimg.com/profile_images/2074644581677764608/WSJEbC5G_normal.jpg
1757592249737809920,sanjaysaahu021,sanjaysaahu021,damma sanjay,https://pbs.twimg.com/profile_images/2075652469502492672/HcPQU4Wq_normal.jpg
2074269461985583104,NewDeal2028,NewDeal2028,New Deal Enthusiast 🇵🇸🇺🇦🇹🇼🇺🇸,https://pbs.twimg.com/profile_images/2074269927117033472/TZxCxHlK_normal.jpg
372418185,fadingmemorie5,fadingmemorie5,Anamika,https://pbs.twimg.com/profile_images/2086522756921794561/8VtGMFvG_normal.jpg
856669380528279552,VAEduGator,VAEduGator,Justin Reed 🇺🇸 🇵🇱,https://pbs.twimg.com/profile_images/1719528030014492672/Q-YLBm0u_normal.jpg
1487194289176256515,JohnJ15574377,JohnJ15574377,John J,https://pbs.twimg.com/profile_images/1872068472571629568/Gg8qhHq7_normal.jpg
1457823624254173185,TheKinkyAtheist,TheKinkyAtheist,Kinky Atheist,https://pbs.twimg.com/profile_images/1457824036797431809/ZmqtIlNA_normal.jpg
2612854886,1elfmegumi_acha,1elfmegumi_acha,ELF Megumi 🦋,https://pbs.twimg.com/profile_images/1424699893822541826/uklM6gJl_normal.jpg
1591937897929678848,lost4fterdark,lost4fterdark,lost ݁ᛪ༙,https://pbs.twimg.com/profile_images/2084049982253084672/vKXqNY7R_normal.jpg
1452100465987031041,tokyowitchx,tokyowitchx,tokyowitchx,https://pbs.twimg.com/profile_images/2058349520019177472/YcJdxh6v_normal.jpg
908545950041247744,niflheimuk,niflheimuk,ʞnɯᴉǝɥʅⅎᴉu 🪭 VAI VER O BTS,https://pbs.twimg.com/profile_images/2032284013642010624/UIYyt8TX_normal.jpg
4894636149,lukatchaw,lukatchaw,lukatchaw,https://pbs.twimg.com/profile_images/2002002093444395008/dt4QQABG_normal.jpg
1876892635711127552,OnePunchMan80,OnePunchMan80,Gear,https://pbs.twimg.com/profile_images/1895554872025518080/eSVRaBd8_normal.jpg
1953430040235905024,mehn121,mehn121,EBUKA,https://pbs.twimg.com/profile_images/1963608220770992128/ZRC3WOgP_normal.jpg
1642902095924805634,p0Op___,p0Op___,🌟o🌟 (Lindsey Graham Pack),https://pbs.twimg.com/profile_images/2061186515225473024/nUR8Ys5T_normal.jpg
1518700357802766336,NatasjaCJankowy,NatasjaCJankowy,Natasja Jankowy,https://pbs.twimg.com/profile_images/1886070429850157057/xEmbkZEx_normal.jpg
1523140802083442694,Hibraaheema,Hibraaheema,Ibrahim Adisa,https://pbs.twimg.com/profile_images/2069412227388432384/t7zywTEc_normal.jpg
1229312811920187399,StanleyGao45,StanleyGao45,Stanley,https://pbs.twimg.com/profile_images/2083741250809630720/XerM-wSa_normal.jpg
2077489138991804418,muriyesikhdi,muriyesikhdi,梁晴🌸同城上门♥线下选妃,https://pbs.twimg.com/profile_images/2086527814434508800/NXYKQ028_normal.png
1897960359975165952,krpiyushh,krpiyushh,Piyush Kumar,https://pbs.twimg.com/profile_images/1955987489417781248/j6zZqimh_normal.jpg
1278235060554985472,eshaan_esk,eshaan_esk,Eshaan,https://pbs.twimg.com/profile_images/2086006510161981440/InD8WPGR_normal.jpg
1752017056185339904,Alooosharma,Alooosharma,jivooo.o,https://pbs.twimg.com/profile_images/2027151319287599104/xzWRwPgY_normal.jpg
2180439761,chubs1889,chubs1889,Chubs1889,https://pbs.twimg.com/profile_images/1948249404558753792/Hzctayku_normal.jpg
3033942431,_zpsvz,_zpsvz,İ,https://pbs.twimg.com/profile_images/2086758011322740736/iDKMj2o8_normal.jpg
2003038690990546944,S1enn4a,S1enn4a,Sienna,https://pbs.twimg.com/profile_images/2084723237712449536/oC4q6CP__normal.jpg
162556722,SURFERBRASIL,SURFERBRASIL,ANARCOPATA,https://pbs.twimg.com/profile_images/1587469479864373255/hShPMrRE_normal.jpg
849252343,Kirstieyf,Kirstieyf,⚫Kirstie,https://pbs.twimg.com/profile_images/2084224805402742784/p2Ik1J4K_normal.jpg
1592597707306278912,mim00801345,mim00801345,mim,https://pbs.twimg.com/profile_images/1664569739677425665/TXqAphXM_normal.jpg
1241462608252846093,mapunjan,mapunjan,Tim,https://pbs.twimg.com/profile_images/2025158364955643904/w17JYLqR_normal.jpg
1870218812701790208,PcP6n,PcP6n,ˡᵒᵛᵉʳʳ`,https://pbs.twimg.com/profile_images/1898875516989444096/EuMs3zPN_normal.jpg
1851977068575387649,alirezaax03,alirezaax03,Pahlavi lover 👑Alireza👑,https://pbs.twimg.com/profile_images/1858798770483351552/yp0e1VYs_normal.jpg
1585082425872375809,HNMZY16,HNMZY16,Harry M,https://pbs.twimg.com/profile_images/1691339424351633408/dksnzjq0_normal.jpg
985019629532860416,Film_Blob,Film_Blob,Ezra D Mallard,https://pbs.twimg.com/profile_images/986271806792204289/t2QGRcEd_normal.jpg
2037852214903934976,IAMTSB_gtfoh,IAMTSB_gtfoh,TSB ♡,https://pbs.twimg.com/profile_images/2086514971790184448/WXosxguQ_normal.jpg
3290344237,randomlyrodd,randomlyrodd,PrismaticSprout19🌿,https://pbs.twimg.com/profile_images/1974084826685669376/fM6TalG3_normal.jpg
279067744,ConcernedApe,ConcernedApe,ConcernedApe,https://pbs.twimg.com/profile_images/703728939995308032/IBU6i2IG_normal.jpg
1946690927780909056,tino_tyler,tino_tyler,tyler Tino,https://pbs.twimg.com/profile_images/2054534354399789056/MHXr7WCu_normal.jpg
1456163056829046785,Jeremybtc,Jeremybtc,Jeremy,https://pbs.twimg.com/profile_images/2040822229588676608/RzCh4Fcv_normal.jpg
2077420291924373505,vywuziyemebb,vywuziyemebb,樊娜🌸同城上门♥线下选妃,https://pbs.twimg.com/profile_images/2086518403112529920/f6Ut1Zfe_normal.png
65676734,orangestreak,orangestreak,Art,https://pbs.twimg.com/profile_images/2066693573832019968/F7fMY0sr_normal.jpg
35528046,Gruaig_Rua,Gruaig_Rua,Caroline O'Connell,https://pbs.twimg.com/profile_images/2074048448102297600/dJbYIBl2_normal.jpg
95684088,barelektra,barelektra,Barbarinha,https://pbs.twimg.com/profile_images/3208962054/b10a466811c83ddba4867531db975142_normal.jpeg
411278096,Highbarian,Highbarian,| 最高に素晴らしいロブ | クリス・ゲインズ | aego sumimasenpai,https://pbs.twimg.com/profile_images/1058967735898583043/6KoRGzpU_normal.jpg
2067639081471717376,TerraNova5169,TerraNova5169,Sporus,https://pbs.twimg.com/profile_images/2068255626061287424/dETIEglk_normal.jpg
1965689487163330560,theoriginalsio,theoriginalsio,TheOriginals,https://pbs.twimg.com/profile_images/2010706982252969984/-JOzSuR7_normal.png
1063348593472532480,JohnforeignerFX,JohnforeignerFX,JOHNFOREIGNER 📊,https://pbs.twimg.com/profile_images/2075111298438668288/VHKwJQhV_normal.jpg
1555928043797069824,Mufcmilitant1,Mufcmilitant1,MUFC My Religion,https://pbs.twimg.com/profile_images/2077850173787504640/P9_igWcd_normal.jpg
1536206207660265473,astral_reign,astral_reign,SirAstralReign,https://pbs.twimg.com/profile_images/1547833153569427461/3HhPo4NJ_normal.jpg
2085139419124662272,AngieStranqj,AngieStranqj,Angie Strang,https://pbs.twimg.com/profile_images/2085139594937356288/khpWN5Sl_normal.jpg
91034164,joeldg04,joeldg04,Joel Davalos,https://pbs.twimg.com/profile_images/418780731158958080/UHtc-g4S_normal.jpeg
2071876846401081344,HidolfAtler420,HidolfAtler420,Hidolf Atler,https://pbs.twimg.com/profile_images/2071878032902483968/_P6dpV0t_normal.jpg
1720985187234795520,Soares93_art,Soares93_art,Soares93,https://pbs.twimg.com/profile_images/1809263093354053632/BXY8qWvJ_normal.png
1570850003312066560,ardiiiiiiisfan,ardiiiiiiisfan,Ziicooo,https://pbs.twimg.com/profile_images/1871941572709003264/Krbf16iy_normal.jpg
234590892,CBTwizard,CBTwizard,Shelton,https://pbs.twimg.com/profile_images/2062278194531631104/j-oSCJNI_normal.jpg
1010975602667606017,stuffthatsurvi1,stuffthatsurvi1,Meatball McFuzzpants,https://pbs.twimg.com/profile_images/1011041174545629184/2LT1uB22_normal.jpg
1352267578148855808,_h0si_,_h0si_,h0si,https://pbs.twimg.com/profile_images/1611889102634319875/cwI35vG4_normal.jpg
3290304354,NYSDOCCS,NYSDOCCS,NYSDOCCS,https://pbs.twimg.com/profile_images/1818688858751406080/Ig-9xh45_normal.jpg
881645292486967296,Cornsteez,Cornsteez,Cornbread🎉,https://pbs.twimg.com/profile_images/1678064597809631232/aiIfIBur_normal.jpg
2061488650320220160,animeandvibezzz,animeandvibezzz,KAIZOKU-Ō,https://pbs.twimg.com/profile_images/2085845776089948160/alQpAlH8_normal.jpg
23644723,teroyaeason,teroyaeason,MOMSTER “Tea🫖”,https://pbs.twimg.com/profile_images/2055042623283347456/XWJ3TATT_normal.jpg
1964599664730353664,PixelatedL20860,PixelatedL20860,Pixelated lego,https://abs.twimg.com/sticky/default_profile_images/default_profile_normal.png
2077397446271881216,gekipibusuge,gekipibusuge,高珊🌸同城上门♥线下选妃,https://pbs.twimg.com/profile_images/2086509538769805312/AZ203B0p_normal.png
1632614971816198145,Goated_Star,Goated_Star,Aries ♈️,https://pbs.twimg.com/profile_images/1900941441708204032/UZ8IiUAB_normal.jpg
1959712780824481793,ayele_came,ayele_came,ayele_came,https://pbs.twimg.com/profile_images/2086199421142777857/8DjCzrmT_normal.jpg
1337201370978545666,lullitx,lullitx,ጺዮን Tsion 💛❤️,https://pbs.twimg.com/profile_images/1456797231105904641/64650BhG_normal.jpg
1337369162461687808,Kebra29467067,Kebra29467067,Kebra29467067,https://pbs.twimg.com/profile_images/1936383749609975808/A2hZQ3Ws_normal.jpg
1902420168,HannahHabtu,HannahHabtu,HannahHabtu,https://pbs.twimg.com/profile_images/1987639049947926528/ZBIknGPd_normal.jpg
1060370437539028993,Vaz48037517,Vaz48037517,ActualBear,https://pbs.twimg.com/profile_images/1212067334434828288/davpapew_normal.jpg
275614406,kirilloid_ru,kirilloid_ru,le engineer a la scoof,https://pbs.twimg.com/profile_images/2065188070375264256/3-lQLsIX_normal.jpg
91361725,blbabu,blbabu,The Insight Seeker,https://pbs.twimg.com/profile_images/2087126942730665984/KPLcmbtm_normal.jpg
1899725066,zoeycin3ma,zoeycin3ma,zoey,https://pbs.twimg.com/profile_images/2073106926041513984/FCj0A95b_normal.jpg
3214234175,ShubhaMemer,ShubhaMemer,Shubham,https://pbs.twimg.com/profile_images/2083973859963994112/Vg3nsCsM_normal.jpg
2085129874331910144,NildaStenbdxa9,NildaStenbdxa9,Nilda Stenbeck,https://pbs.twimg.com/profile_images/2085130063461445632/Cz3cyyjK_normal.jpg
1325548944,KirkLammy,KirkLammy,Kirk,https://pbs.twimg.com/profile_images/1619050161530933265/w0pvmbCT_normal.jpg
717890058167029760,Finnjake451,Finnjake451,TheHeroOfOoo,https://pbs.twimg.com/profile_images/2021616039209926656/UD9HqQoe_normal.jpg
2039407475372204033,Human0001one,Human0001one,Stone Man,https://pbs.twimg.com/profile_images/2086394909939105792/Pak8ZpGp_normal.jpg
2077779054346805248,FLMongoman,FLMongoman,FLMongoman,https://pbs.twimg.com/profile_images/2077785070547480576/E4qbxpA8_normal.jpg
2036273794755780608,mooniegGvh,mooniegGvh,moonie,https://pbs.twimg.com/profile_images/2036274569481166850/UEgWYUBR_normal.jpg
1754671156806721536,TomaisinMacKekt,TomaisinMacKekt,Ian Johma's Rope 🌸☘️🌸,https://pbs.twimg.com/profile_images/2052019192400838658/s2kmjFa1_normal.jpg
1198559276291244033,TheNazgulelyar,TheNazgulelyar,Elyartaker,https://pbs.twimg.com/profile_images/2085817520993222656/ErwjVJWL_normal.jpg
2272532133,ElvisDcx,ElvisDcx,GOLD ROSES 🌹™,https://pbs.twimg.com/profile_images/1824009255013298176/Z37OoN1Y_normal.jpg
303115040,Adrian_Forde,Adrian_Forde,Adrian Forde,https://pbs.twimg.com/profile_images/1804586459023769600/CO6Hf_TR_normal.jpg
2074787871538421760,NameNamesonIV,NameNamesonIV,Name Nameson,https://pbs.twimg.com/profile_images/2076600401864822784/euoVVv--_normal.jpg
93597890,gustavglitter,gustavglitter,kerrie zarebski,https://pbs.twimg.com/profile_images/1210014609/17237_399341610206_677330206_10279799_7944959_n_normal.jpg
2197681580,Tadushka22,Tadushka22,Tadushka,https://pbs.twimg.com/profile_images/1706767872792440832/GE5KnMcY_normal.jpg
1108347209366540288,Sobunan,Sobunan,Sobo ⚪,https://pbs.twimg.com/profile_images/1495266986577862657/hWEi7m1N_normal.jpg
817830506251321344,MightyStarship,MightyStarship,Josh,https://pbs.twimg.com/profile_images/2008267712036757504/Aff_nac2_normal.jpg
1518761627973259265,Monkeflips,Monkeflips,Monkeflip,https://pbs.twimg.com/profile_images/2080331168419880960/BN44nEsc_normal.jpg
1689819699293384705,King__Timzy,King__Timzy,THE LADIES CHAMPION🍆,https://pbs.twimg.com/profile_images/2079041758210461696/wV_SDjSO_normal.jpg
1434567734,Z3r0ch111,Z3r0ch111,ZeroChill,https://pbs.twimg.com/profile_images/1933705724217208832/aNcM_G9d_normal.jpg
421005569,Sibo_Mtafu,Sibo_Mtafu,Sibongile Mtafu,https://pbs.twimg.com/profile_images/1987192966658584576/xcdKr1Da_normal.jpg
1000930868670627840,FrontRunIt,FrontRunIt,FrontRunIt,https://pbs.twimg.com/profile_images/2019157538013347840/1E9FQBms_normal.jpg
1979800583428091904,Priite11,Priite11,Priti Kri,https://pbs.twimg.com/profile_images/1981293097184018432/dOe4QC-X_normal.jpg
937244492595216386,haru1222haru,haru1222haru,はるはる,https://pbs.twimg.com/profile_images/965801463216717824/fYN_bQ8U_normal.jpg
1934474835524030464,gorkandoss,gorkandoss,Gorkandoss,https://pbs.twimg.com/profile_images/1939540618046214144/d78no9C0_normal.jpg
2405078980,RyanW_CFC,RyanW_CFC,🇮🇪Ryanhausen 🇮🇪,https://pbs.twimg.com/profile_images/1823700650355503104/zc6BTxH5_normal.jpg
1978394603624476672,XtinXtin2all,XtinXtin2all,Untold,https://pbs.twimg.com/profile_images/2064435466795945985/1Ep9s3we_normal.jpg
1406921190170636288,kijananaumia,kijananaumia,"Scott BSc,MPH but PHD cooking🇿🇦.",https://pbs.twimg.com/profile_images/1737770588880457728/BX3cdkfB_normal.jpg
2288895287,DockerMartin,DockerMartin,Martin Docker,https://abs.twimg.com/sticky/default_profile_images/default_profile_normal.png
2069346916278689792,Abraca_no_dabra,Abraca_no_dabra,NONCHALANT MO,https://pbs.twimg.com/profile_images/2086497284640944129/r-KEHI9m_normal.jpg
1366761586250166282,Thrashes12,Thrashes12,Thrashes 🇮🇸,https://pbs.twimg.com/profile_images/1858489714824609792/noJdaG2b_normal.jpg
2016631379778244608,happymanart,happymanart,happymanart,https://pbs.twimg.com/profile_images/2016631722415136768/qzxTXD32_normal.jpg
1673116188757446657,Hologramlu72420,Hologramlu72420,Hologramluv,https://pbs.twimg.com/profile_images/2030760852815794176/XRuklZjd_normal.jpg
2047772648659439616,cucky9555,cucky9555,Cucky,https://pbs.twimg.com/profile_images/2047772733426270208/cVrNr3LC_normal.png
1279893352272367616,shillhunter80,shillhunter80,Shill Hunter 🦍🌙,https://pbs.twimg.com/profile_images/2079726860821528576/v1MT4i6T_normal.jpg
2077301891235483648,mykefikeinpu,mykefikeinpu,方虹🌸同城上门♥线下选妃,https://pbs.twimg.com/profile_images/2086491881966292992/pxeoERvO_normal.png
1164848479182741505,Adjoa_Dora,Adjoa_Dora,Adjoa_Dora,https://pbs.twimg.com/profile_images/1881318768166514688/WhYK9neG_normal.jpg
168719934,aeaduakoh,aeaduakoh,Fiifi,https://pbs.twimg.com/profile_images/1949760633236262912/V9QeaI4b_normal.jpg
819209838387412992,hannacabeen11,hannacabeen11,Hanna Cabeen,https://pbs.twimg.com/profile_images/821101737813667840/za5USlSy_normal.jpg
1192508199095742464,IPB71,IPB71,DrLuna,https://pbs.twimg.com/profile_images/1715233980620967936/qsjM9D7u_normal.jpg
1430654600378470405,KiegoTakamIE,KiegoTakamIE,•oof•,https://pbs.twimg.com/profile_images/2048081908396146688/L6eH8NPC_normal.jpg
1830561548017762304,legendary_nb_yt,legendary_nb_yt,Легендарный нуб ютуб,https://pbs.twimg.com/profile_images/1830563393477955584/3FYEkF-j_normal.jpg
2022322003005345792,Abdou052525,Abdou052525,AbdEl,https://pbs.twimg.com/profile_images/2022323285334351872/cHEvXy_k_normal.jpg
1758887991437623297,X_XPLORE_X,X_XPLORE_X,X_Xplore_X☪,https://pbs.twimg.com/profile_images/1758888120655790080/ZgE9b6lN_normal.jpg
2057374916173774849,robertsonkatyy,robertsonkatyy,Katy 🌹,https://pbs.twimg.com/profile_images/2073163283889106945/a3MYuRdX_normal.jpg
1427711911618023431,Stalz52,Stalz52,Matt 🏴‍☠️,https://pbs.twimg.com/profile_images/2012281640878321664/Ls_EaSp8_normal.jpg
266750569,NATIVE_HAZE,NATIVE_HAZE,\\NATIVE_HAZE//,https://pbs.twimg.com/profile_images/1367492591898492940/ED57HOPy_normal.jpg
1417583923538841603,I_Am_Sal__,I_Am_Sal__,Iced Coffee Is A Meal ☕,https://pbs.twimg.com/profile_images/2066198104689299456/Iexqtbti_normal.jpg
1720881263815585792,mikeymike7174,mikeymike7174,Michael Loesch,https://pbs.twimg.com/profile_images/1869416402509049856/uCO06Bqw_normal.jpg
822455640,The_Dark_Tacan,The_Dark_Tacan,Dark Tacan - The ShadouReivun 🐦‍⬛,https://pbs.twimg.com/profile_images/2082913606954344448/jovA3luN_normal.jpg
1677267695824142336,AtarasiHida,AtarasiHida,HidaAtarasi,https://pbs.twimg.com/profile_images/2079630632645193728/iQl4CUFp_normal.jpg
1860750141071802368,Jesi_Ash,Jesi_Ash,Jesi Ash,https://pbs.twimg.com/profile_images/1860750251893641216/yyO8qCXx_normal.jpg
1297624293048631296,ChiefAJ__,ChiefAJ__,ChiefAJ,https://pbs.twimg.com/profile_images/1312294264341053440/LczPjJ4T_normal.jpg
705233062045421568,sabrina__stars,sabrina__stars,Sabrina Fan ♡,https://pbs.twimg.com/profile_images/705234220906512384/hMBXSGa8_normal.jpg
1971877230717304832,NarenderRa61878,NarenderRa61878,Narender Rawat,https://pbs.twimg.com/profile_images/1971877368546709505/7gOkuXBl_normal.jpg
221809008,itsgiuliaxoxo,itsgiuliaxoxo,Guilia De Luca,https://pbs.twimg.com/profile_images/2075933148051804160/Spv8oSgW_normal.jpg
517991321,DMTMF23,DMTMF23,𝕸𝖎𝖈𝖍𝖊á𝖑 𝕱𝖆𝖗𝖗𝖊𝖑𝖑,https://pbs.twimg.com/profile_images/2053118306744147971/Ovm4KVTN_normal.jpg
929391162137255936,KumawatJP007,KumawatJP007,Mr. anonymous,https://pbs.twimg.com/profile_images/1870167192035061761/cGi6Ew5J_normal.jpg
1470758232343949315,WrestleSTACK,WrestleSTACK,WrestleSTACK,https://pbs.twimg.com/profile_images/1721680837287055360/ubIbF-0W_normal.jpg
2061853949217419265,FlashFirePlayz,FlashFirePlayz,FlashFirePlayzYT,https://pbs.twimg.com/profile_images/2061855318972264448/XvymjUoB_normal.jpg
276777469,42istheanswer,42istheanswer,Brian Young,https://pbs.twimg.com/profile_images/1795688245172350977/V1muxtVO_normal.jpg
2077295267003375617,eipehorokesu,eipehorokesu,谭晨🌸同城上门♥线下选妃,https://pbs.twimg.com/profile_images/2086483031557074945/l2X24Wy1_normal.png
1147508634328240133,BEOMBASTlC,BEOMBASTlC,wire위레 | bendahara moa,https://pbs.twimg.com/profile_images/2077587262855139328/FBHQICQT_normal.jpg
1633013961237905408,soph54_0,soph54_0,sophie d,https://pbs.twimg.com/profile_images/2080592097455837184/JrOO9LsM_normal.jpg
1603479592794218509,Seth__Mills,Seth__Mills,Seth Mills,https://pbs.twimg.com/profile_images/2031432642441117696/CYNa2DEO_normal.jpg
1493947506845044737,RiceSlab_Yyy,RiceSlab_Yyy,FermentedInk,https://pbs.twimg.com/profile_images/1493982152106463238/hNvmPMyh_normal.jpg
1945781501016133632,Roxanagaming,Roxanagaming,Roxana,https://pbs.twimg.com/profile_images/2086497443839938560/lbA5hKbg_normal.jpg
20853580,tadgh78,tadgh78,Tadgh Smith,https://pbs.twimg.com/profile_images/78256964/IMG__normal.jpg
57314631,ms_dingo,ms_dingo,𝑴𝒔. 𝑫𝒊𝒏𝒈𝒐 🐶🐶 🇦🇺,https://pbs.twimg.com/profile_images/2033532436060192768/19Arf_Jl_normal.jpg
908897411661099008,PankajT04765688,PankajT04765688,Pankaj Thapliyal,https://pbs.twimg.com/profile_images/1914582419434262528/uIFRTZfE_normal.jpg
1395288072678477826,RetroJack6,RetroJack6,XCrusader,https://pbs.twimg.com/profile_images/2065383912948293632/F_44d43a_normal.jpg
900137391457017857,GreatPeezy,GreatPeezy,Peezy 🍃,https://pbs.twimg.com/profile_images/1307495867704922112/6VvmQ8b2_normal.jpg
1547481453998514182,PistonSlap82,PistonSlap82,Catastrophe🏳️‍🌈,https://pbs.twimg.com/profile_images/1886249819749974017/tDHrMP2W_normal.jpg
2152659744,mousomer,mousomer,mousomer,https://pbs.twimg.com/profile_images/1548681424953397249/Hz71Tfhy_normal.jpg
1338521346775654404,ExtraCheezey,ExtraCheezey,Extra Cheese,https://pbs.twimg.com/profile_images/1923184338524315648/LhRKXQWm_normal.jpg
2085960485774487552,ShahriyarShargh,ShahriyarShargh,Shahriyar Eghdam Shargh,https://pbs.twimg.com/profile_images/2085962024534614016/9wbwkMLu_normal.jpg
716551234526777344,HSTemile,HSTemile,Emile 🏴󠁧󠁢󠁥󠁮󠁧󠁿🇬🇧,https://pbs.twimg.com/profile_images/2018860304654880768/1tmrJzHV_normal.jpg
2077289206951387136,cifidddetito,cifidddetito,康珂🌸同城上门♥线下选妃,https://pbs.twimg.com/profile_images/2086474277927223296/u3pk0P4I_normal.png
1289584728744562689,arkadthehustler,arkadthehustler,mansa mula the alchemist,https://pbs.twimg.com/profile_images/1843427633868009473/LZ2MGdwK_normal.jpg
1980960505180430337,Zaney33,Zaney33,Zane,https://pbs.twimg.com/profile_images/1981762250466582528/Lv2WFfsm_normal.jpg
730671931897286656,pavwsiey,pavwsiey,きゃんあすみ,https://abs.twimg.com/sticky/default_profile_images/default_profile_normal.png
919079062768726016,overthinkerdude,overthinkerdude,XLR8,https://pbs.twimg.com/profile_images/2064053150894751744/IVw0mJKa_normal.jpg
1626023799995916289,FlashxDuel,FlashxDuel,Paul George Apologist,https://pbs.twimg.com/profile_images/1980197531989487616/LRu8kq2t_normal.jpg
1768870110272339968,TJhonell,TJhonell,Doodle,https://pbs.twimg.com/profile_images/2059265603832102912/CydQnfXH_normal.jpg
1395815464824188937,RustClash,RustClash,RustClash,https://pbs.twimg.com/profile_images/2064794210662813696/aMEryVep_normal.png
1351278755466121216,2boo4thou,2boo4thou,2boo4you,https://pbs.twimg.com/profile_images/2060326668279889920/YsfyJNls_normal.jpg
2074601824405835776,sof_s1,sof_s1,⊹ Sofi g.,https://pbs.twimg.com/profile_images/2083705830881230848/HLHiR8Oi_normal.jpg
944425535114944512,LiterallyLozyl_,LiterallyLozyl_,Lozyl,https://pbs.twimg.com/profile_images/1871866569032413184/ODg9ib6z_normal.jpg
2080524125903216640,javitoyz,javitoyz,javito,https://pbs.twimg.com/profile_images/2087166199348006913/FJg9A5LV_normal.jpg
2073727593161875456,GemanDaddy,GemanDaddy,German Daddy,https://pbs.twimg.com/profile_images/2073731876955607040/MWJm5IWx_normal.jpg
2077470107672952833,wawomykkgone,wawomykkgone,方曼🌸同城上门♥线下选妃,https://pbs.twimg.com/profile_images/2086465417682341888/wpWteQEo_normal.png
2077470376724934656,tonukkzugaya,tonukkzugaya,常菁🌸同城上门♥线下选妃,https://pbs.twimg.com/profile_images/2086465404528939008/M9St6xeE_normal.png
1844851893736292352,itztofelix77143,itztofelix77143,x phāñtøm x,https://pbs.twimg.com/profile_images/1909000052804030464/4ZaPMiq3_normal.jpg
24798783,DrPooter,DrPooter,Some lawyer from California,https://pbs.twimg.com/profile_images/1807412624923230208/lxbu1Qgu_normal.jpg
13061532,jcano88184,jcano88184,Javier Cano🇵🇸🇮🇷,https://pbs.twimg.com/profile_images/1328559060833153024/kVcSIIR-_normal.jpg
365208931,JesseAaron543,JesseAaron543,Jesse Aaron,https://pbs.twimg.com/profile_images/2068588560589180928/kQrPeJ6-_normal.jpg
1279899741321650179,inuzukadori,inuzukadori,isa? 🍉,https://pbs.twimg.com/profile_images/1972317641252487168/jHNmAn1-_normal.jpg
2081887009124098048,missbelf,missbelf,missbelf,https://pbs.twimg.com/profile_images/2081897279586177024/uswUi_WZ_normal.jpg
1106731420356173826,Ligma29072301,Ligma29072301,blank,https://pbs.twimg.com/profile_images/1251164880461352960/r3-Y4HJC_normal.jpg
1903568561915777024,sam7a_7,sam7a_7,sam7a_7,https://pbs.twimg.com/profile_images/2083302194485362688/kIvEbx4K_normal.jpg
1605230972588462081,shitpost_2077,shitpost_2077,shitpost_2077,https://pbs.twimg.com/profile_images/1953150348660477952/YWRfUlGF_normal.jpg
1994647429090873347,AUSTIN379321543,AUSTIN379321543,AUSTRAILIANIANAAAAA,https://pbs.twimg.com/profile_images/1994647533449351168/0l9f82vr_normal.jpg
1500678342743191553,brity1998,brity1998,Brity,https://pbs.twimg.com/profile_images/2080842720185384960/U2LtfKp1_normal.jpg
1604745120607129601,nickladgin,nickladgin,nick ladgin,https://pbs.twimg.com/profile_images/1792283508523823104/PaHweAFa_normal.jpg
1659158042787602434,Arctic_Armin,Arctic_Armin,Armin,https://pbs.twimg.com/profile_images/2072284391242387456/D0sg7hvc_normal.jpg
1955962729887621122,jiajiajiajason,jiajiajiajason,jia jason,https://pbs.twimg.com/profile_images/2019162963811397633/GahU4dnG_normal.jpg
2043856255366643712,Connecting37545,Connecting37545,Connecting_Content,https://pbs.twimg.com/profile_images/2043856424476823553/VxRBtS88_normal.jpg
1147768329681043456,OhHowByronic,OhHowByronic,le sociologue grincheux,https://pbs.twimg.com/profile_images/1974275774309150720/A6qI5E8P_normal.jpg
2077463324099289088,phriquhakora,phriquhakora,贾雯🌸同城上门♥线下选妃,https://pbs.twimg.com/profile_images/2086455406776209408/biDI0KGz_normal.png
823587476879110145,Sluthouse418,Sluthouse418,sluthouse15,https://pbs.twimg.com/profile_images/1883679471418445824/wk74zYk5_normal.jpg
1588884996164550657,dykejeongu,dykejeongu,dykejeongu,https://pbs.twimg.com/profile_images/2086192288825307136/VXMwmS1P_normal.jpg
1265317272333225984,namgiminie,namgiminie,quessa diabo da tasmânia,https://pbs.twimg.com/profile_images/2081036472140906499/vOy8uhZU_normal.jpg
2571336557,SeanArCooper,SeanArCooper,Sean A. Cooper,https://pbs.twimg.com/profile_images/1045418921321320448/TiprFOEO_normal.jpg
2082101288221700096,Amykpdiy,Amykpdiy,Amy,https://pbs.twimg.com/profile_images/2082463895986335745/JB9Q30Ua_normal.jpg
1085498774,SametNail,SametNail,Samco,https://pbs.twimg.com/profile_images/2052498506997202948/qkwJgGlw_normal.jpg
2071664233146626048,numbskull000,numbskull000,numbskull,https://pbs.twimg.com/profile_images/2086338979272560640/XU0B20Ct_normal.jpg
2075476485717258240,Anshulafk,Anshulafk,Anshul,https://pbs.twimg.com/profile_images/2075994025409302528/EuogD7Dw_normal.jpg
884873098201362432,TipOfTheTefft,TipOfTheTefft,𝕋𝕚ℙ,https://pbs.twimg.com/profile_images/2021763466697269248/vtIVyJ0H_normal.jpg
1774220864772349952,StuffyNoise,StuffyNoise,💰Heinous💰,https://pbs.twimg.com/profile_images/2079347156247310336/0pUTBWkC_normal.jpg
1813758009048461312,Daniel228281233,Daniel228281233,Daniel,https://pbs.twimg.com/profile_images/1823133702140174337/dzcVgWLG_normal.jpg
507608080,DeadSerpent666,DeadSerpent666,🏖🧉,https://pbs.twimg.com/profile_images/2026759484832468992/UxO5M1fw_normal.jpg
1547204331702829056,Davidyuski5,Davidyuski5,Davidyusk,https://pbs.twimg.com/profile_images/2073566080665051136/M_z5fseI_normal.jpg
2057469058266574848,fuckyouchuckles,fuckyouchuckles,fuck buckles,https://pbs.twimg.com/profile_images/2057470440361062400/XPwwxpA4_normal.jpg
1820644530653179904,goutoberry,goutoberry,goubie,https://pbs.twimg.com/profile_images/2073888023360487424/9X_rQ0mw_normal.jpg
2077458724579381249,suyeqiaethma,suyeqiaethma,邓晨🌸同城上门♥线下选妃,https://pbs.twimg.com/profile_images/2086445130756567040/gsUT4Az5_normal.png
1839507321786937344,BodySumit81060,BodySumit81060,Sumit Bishnoi,https://pbs.twimg.com/profile_images/1839507420818620416/EJfu_WQs_normal.jpg
841483153705390080,JJunspc,JJunspc,Jun,https://pbs.twimg.com/profile_images/1988909545499058176/DwXlVFkC_normal.jpg
1977153485952151552,Carrie_White711,Carrie_White711,Carrie White,https://pbs.twimg.com/profile_images/1982686594692788224/m8qm2rUL_normal.jpg
2447927419,ArthurOrin301,ArthurOrin301,arthur.orin,https://pbs.twimg.com/profile_images/2082004843711856640/o87MoVvZ_normal.jpg
1150932464216543232,Stevef0928,Stevef0928,Evan,https://pbs.twimg.com/profile_images/2011591504662577159/j_wciKj5_normal.jpg
1583207828935811148,Spurityy,Spurityy,Sareals Absurd,https://pbs.twimg.com/profile_images/2015426890836692992/YkMq-ZsE_normal.jpg
1833715843424829440,Benddee,Benddee,bigBenn,https://pbs.twimg.com/profile_images/2068675251626487808/m-DD-9ER_normal.jpg
1170819736998801408,itz_bato,itz_bato,BATO,https://pbs.twimg.com/profile_images/2053614236782469120/F4QkY4DM_normal.jpg
1493744740218535936,lunanomacrypto,lunanomacrypto,Hyoga,https://pbs.twimg.com/profile_images/2075466198188429312/ujvjxnpY_normal.jpg
2082486300402434048,Ruby_nyah,Ruby_nyah,Ezan-Dynamics,https://pbs.twimg.com/profile_images/2082487085622345728/eFXWSrO2_normal.jpg
2077454899088850945,pioehupedyyu,pioehupedyyu,陆芮🌸同城上门♥线下选妃,https://pbs.twimg.com/profile_images/2086435602191237120/_BwDzVOi_normal.png
256841706,Blanksntime,Blanksntime,.?,https://pbs.twimg.com/profile_images/2042723189491666944/BPRiUZzd_normal.jpg
1024630411,CoreyMed_,CoreyMed_,Corey Medina,https://pbs.twimg.com/profile_images/1931171286337703936/Q_KMRkS-_normal.jpg
1300212727,DanielMcf03,DanielMcf03,Daniel,https://pbs.twimg.com/profile_images/778425121803476992/tzJoFE3c_normal.jpg
1938183179745062912,CrazyNews_25,CrazyNews_25,𓏞 PAPYRUS404 𓏞,https://pbs.twimg.com/profile_images/2079388451548385280/-xIo40aU_normal.jpg
2062894442701266945,intrvrtdiary,intrvrtdiary,intrvrt diary,https://pbs.twimg.com/profile_images/2086488466255187968/pLty9DVq_normal.jpg
1747016336436232192,k4930234,k4930234,K,https://pbs.twimg.com/profile_images/2011442529007280128/B3Y04Agh_normal.png
807349147372257282,FurAtail_Sqrl,FurAtail_Sqrl,FurAtail,https://pbs.twimg.com/profile_images/807356101502959616/HBrhswb4_normal.jpg
1147072447394525189,Pandora_Banks_,Pandora_Banks_,Goddess Banks 🇬🇧,https://pbs.twimg.com/profile_images/1795699477480640512/ZMFnn8E2_normal.jpg
1189258711857913856,heyWatchoutt,heyWatchoutt,Watch_outt,https://pbs.twimg.com/profile_images/1964293199700054016/er3Sj1oo_normal.jpg
1372885123,thomasjchorton,thomasjchorton,Tom,https://pbs.twimg.com/profile_images/1855404836709396480/MWORg7hV_normal.jpg
2083870612792168448,SikkaLabs,SikkaLabs,Sikka Labs / SIKKA,https://pbs.twimg.com/profile_images/2084129694249828352/pWsYUBAb_normal.jpg
2077448138541973504,lenymipouuui,lenymipouuui,谭敏🌸同城上门♥线下选妃,https://pbs.twimg.com/profile_images/2086425460557156353/y9VHc6Wt_normal.png
1989671357333000192,CrystallineM77,CrystallineM77,Crystalline Mister,https://pbs.twimg.com/profile_images/2085834291955576833/iYkGFsin_normal.jpg
2069382282972942336,xcherryybabe,xcherryybabe,Bronze Diva,https://pbs.twimg.com/profile_images/2084582030914859008/s4uMze-v_normal.jpg
173318921,agungwanto,agungwanto,Agung Nurwanto,https://pbs.twimg.com/profile_images/1910594373840232449/JZZ5zx2x_normal.jpg
1858993509832814592,r614168,r614168,Ellen R,https://pbs.twimg.com/profile_images/1982114162361647104/V9Ykau32_normal.jpg
111378936,sgupta001,sgupta001,SG,https://pbs.twimg.com/profile_images/2082892803617812480/vcIqqUPK_normal.jpg
2009979065323925505,Chomag77,Chomag77,The Based Crusader,https://pbs.twimg.com/profile_images/2072407171124301824/3hizZbHc_normal.jpg
1052178896773210112,BlueInRealm65,BlueInRealm65,Glennvale,https://pbs.twimg.com/profile_images/1557747290869092353/tI5PuvOI_normal.jpg
1798950927602270208,YOUNGUNZ99,YOUNGUNZ99,SPD.,https://pbs.twimg.com/profile_images/2081912538422263808/67PKHLSX_normal.jpg
980086335137505282,hiphopggukie,hiphopggukie,a⁷ || jaldi kar kal subah panvel nikalna hai,https://pbs.twimg.com/profile_images/1931919357027700738/R3Eqji0M_normal.jpg
1144878588425986049,BTXTREIGN,BTXTREIGN,Kap⁷ ⊙⊝⊜🍒⋆✩,https://pbs.twimg.com/profile_images/1589478043307110402/2hNA9GRQ_normal.jpg
433423689,rads97_rads,rads97_rads,rads97_rads,https://pbs.twimg.com/profile_images/2033068299886723072/fwWk7fcY_normal.jpg
1773558579192348672,achuvellakatti,achuvellakatti,hershey⁷,https://pbs.twimg.com/profile_images/2068452627638071296/-fGGodaf_normal.jpg
1419989264587059200,Ved2020king,Ved2020king,Jai,https://pbs.twimg.com/profile_images/1954080723746557952/nFgv39ud_normal.jpg
1912102177012649984,Leanne89_,Leanne89_,Leanne 📚🎬☕️,https://pbs.twimg.com/profile_images/2073154968127787009/UZNNBgSA_normal.jpg
1335610451497897984,Narayana_3214,Narayana_3214,Un Madridista,https://pbs.twimg.com/profile_images/1850950351723352064/K3MU34nI_normal.jpg
2067546631709278208,Christianwyax,Christianwyax,Christian,https://pbs.twimg.com/profile_images/2067647040155168768/nwMaV9Fb_normal.jpg
1690740957296078848,shtewwww,shtewwww,THE KOOCH 🇨🇦🦉🍺🛠🚜,https://pbs.twimg.com/profile_images/2086430006096375808/n03bl4mO_normal.jpg
4835321710,shacsun,shacsun,Shacsun,https://pbs.twimg.com/profile_images/1250777287668060161/IG0l26P4_normal.jpg
376243007,sofia_vibe,sofia_vibe,♡ sofi ✿,https://pbs.twimg.com/profile_images/2060064686289072132/kifnfqnr_normal.jpg
1469106950713618437,drohku,drohku,Zko,https://pbs.twimg.com/profile_images/2059220768710426624/QdoTMnIa_normal.jpg
1148128284,StromRobin,StromRobin,LazyNisse,https://pbs.twimg.com/profile_images/1582770504825536512/Vz7AJ7iz_normal.jpg
1266740066094911488,primetimevalo,primetimevalo,💰,https://pbs.twimg.com/profile_images/2084871735904456704/3BAeMVf2_normal.jpg
1751280204784263169,Raven_Omeo,Raven_Omeo,Omeo,https://pbs.twimg.com/profile_images/2062609558346797056/7cPEcizB_normal.jpg
16886873,The_Thnikkaman,The_Thnikkaman,The_Thnikkaman,https://pbs.twimg.com/profile_images/1655851115676680194/MJGJtepm_normal.jpg
1117709292,BigBruce1972,BigBruce1972,Bat Bruce 🗿,https://pbs.twimg.com/profile_images/1599138627069657088/xj1u9rnm_normal.jpg
282307868,Dogmaf2011,Dogmaf2011,CHEESEPUFF!,https://pbs.twimg.com/profile_images/1071661312801828864/B3fFy7Am_normal.jpg
1300513728786558980,Jahnbeetwif,Jahnbeetwif,Seamus (That’s the dog),https://pbs.twimg.com/profile_images/1940142396815060993/sBMaEJ-1_normal.jpg
1521119873123950592,Orvokki37646718,Orvokki37646718,Orvokki,https://pbs.twimg.com/profile_images/1643163682090676224/c_gJf9Mp_normal.jpg
1769102132353875968,BigDoctoronX,BigDoctoronX,Web3Doctor ⚜️,https://pbs.twimg.com/profile_images/1891690348222545920/KHhTSb91_normal.jpg
4480779376,kokratkocebe,kokratkocebe,(NE)zgodna🎗️,https://pbs.twimg.com/profile_images/941284218411339777/wU5ZIgeX_normal.jpg
2029991327535140864,Gaja2273,Gaja2273,Gaja,https://pbs.twimg.com/profile_images/2074382297126858752/PwPxUDVc_normal.jpg
320146266,ITIZF,ITIZF,𝐅𝐚𝐡𝐚𝐝 𝐀.,https://pbs.twimg.com/profile_images/1410364623744913413/yQTA0gwt_normal.jpg
263625825,i_m_outta_here,i_m_outta_here,I'M OUT,https://pbs.twimg.com/profile_images/2043772722434527232/7H-OqU00_normal.png
1465817540907745285,aether_angelic,aether_angelic,aether ✨,https://pbs.twimg.com/profile_images/1465818685566861316/EaWkcXQ__normal.jpg
447281885,Weeboslav,Weeboslav,Weeboslav,https://pbs.twimg.com/profile_images/2074769295154745344/IaL0ckU5_normal.jpg
1723066699442696192,sophsweeke8,sophsweeke8,Soph h,https://pbs.twimg.com/profile_images/2080364184856924161/J6rbh-Gh_normal.jpg
1987365389211475969,Smite80088,Smite80088,Smite,https://pbs.twimg.com/profile_images/2051578376243310592/02NWbx52_normal.jpg
2083819635535933444,aritraft,aritraft,Aritra,https://pbs.twimg.com/profile_images/2085420573736439808/dx1US6v7_normal.jpg
2054979919915139072,MistakeDuJour,MistakeDuJour,Bad Idea,https://pbs.twimg.com/profile_images/2086530002624159745/UDhQ_UQR_normal.jpg
1992865682560851969,chicacafe_,chicacafe_,هانیه,https://pbs.twimg.com/profile_images/2082248215592927232/YMDbvFWO_normal.jpg
2001275993852719104,PrinceeKurra,PrinceeKurra,Princee Kurra,https://pbs.twimg.com/profile_images/2084737144451653632/LFhWh0j3_normal.jpg
2077432124181827584,mefavanitato,mefavanitato,董洁🌸同城上门♥线下选妃,https://pbs.twimg.com/profile_images/2086395246527516672/Z2uvpqwg_normal.png
1730548435231678464,z_random54446,z_random54446,Random z Internetu,https://pbs.twimg.com/profile_images/1730548483428384768/Z2aCtHAV_normal.jpg
288153435,Tuittur,Tuittur,Tuittur,https://pbs.twimg.com/profile_images/1621884206552076289/-P3NEqI6_normal.jpg
2073737724050444288,TechTolkEnzo,TechTolkEnzo,It’sEnzo-Tech,https://pbs.twimg.com/profile_images/2073747302188191744/9paQdoe__normal.jpg
1922891369741168640,SashD4Cat,SashD4Cat,SashD4Cat 🎭🥐,https://pbs.twimg.com/profile_images/2083490853129990144/HBtoaRwY_normal.jpg
939777856766447620,GoshUKostadinov,GoshUKostadinov,GoshU,https://pbs.twimg.com/profile_images/1811057419495133184/6692Q5rR_normal.jpg
1766658060490244097,AWholeLifetime_,AWholeLifetime_,• d • 🇦🇺,https://pbs.twimg.com/profile_images/2073354595859079168/vbOe92I0_normal.jpg
980603140989956096,mardo1220,mardo1220,The Soft T Girl Models 🏳️‍⚧️,https://pbs.twimg.com/profile_images/2085793964515336192/yF_Hi0vi_normal.jpg
2080135554885165056,ChloeBennesxnw,ChloeBennesxnw,Chloe Bennett,https://pbs.twimg.com/profile_images/2080153627675500544/m9rKFuvd_normal.jpg
924222192707080193,co1n3a7r,co1n3a7r,co1n3a7r,https://pbs.twimg.com/profile_images/935800804891611136/ikrkBqla_normal.jpg
2059558275440340993,0yinss,0yinss,oyinss,https://pbs.twimg.com/profile_images/2059559442283175940/auLLQR3u_normal.jpg
170668776,DarkStorm2Bad,DarkStorm2Bad,DJ Morris,https://pbs.twimg.com/profile_images/1585909146834149377/Z8WbPTw__normal.jpg
2011808636142829568,pilantropista,pilantropista,• гoᴅ •,https://pbs.twimg.com/profile_images/2087271509001711617/t7Lw7LHA_normal.jpg
79529433,sugapatchi,sugapatchi,sp💕,https://pbs.twimg.com/profile_images/2078603916959252480/0E90ldrF_normal.jpg
2077428821356101632,suvaerpigghe,suvaerpigghe,谭涵🌸同城上门♥线下选妃,https://pbs.twimg.com/profile_images/2086372661655982080/GkKz5fh2_normal.png
1457583948067123200,haribasy,haribasy,Minh Vux,https://pbs.twimg.com/profile_images/2029225002374184964/BzxFIfU6_normal.jpg
1906095736279990272,roku4t4,roku4t4,ROKU 🧛‍♂️,https://pbs.twimg.com/profile_images/2006795865193586688/LNXDRPt2_normal.jpg
2878951308,d1II3bIIhh,d1II3bIIhh,☠︎︎ ☠︎︎ ‎#̇̏̀̏ͯ̎͗ͪ̈̈́ͤ̒͌͆̂ͨ̎̇ͮ̓͌͗̈̓̅͑̌͛ͣ͒̇̾͊́̚̚͟,https://pbs.twimg.com/profile_images/2085680447917613056/4liUBkgI_normal.jpg
2073756170762997760,sophiewillow5_h,sophiewillow5_h,sophia m.,https://pbs.twimg.com/profile_images/2083150329240010752/LKoQ4-ie_normal.jpg
2074472670171672576,tinypanda_r89,tinypanda_r89,sof m,https://pbs.twimg.com/profile_images/2083687839108087808/Sru1A280_normal.jpg
2083066003299143680,Kipi4467,Kipi4467,Jakub,https://abs.twimg.com/sticky/default_profile_images/default_profile_normal.png
2040483609228791808,dethreg,dethreg,ぜろ,https://pbs.twimg.com/profile_images/2086194167877668864/s2uWyxuk_normal.jpg
2074496696013520896,sophied13_f,sophied13_f,"⊹ sophia s,",https://pbs.twimg.com/profile_images/2076152471353696256/cfIappmf_normal.png
1676687847636566020,ShermanPollock,ShermanPollock,ShermanPollock,https://pbs.twimg.com/profile_images/1803220097407844353/K1aSzE0J_normal.jpg
2297370733,bsharp1115,bsharp1115,Brandon Sharp,https://pbs.twimg.com/profile_images/2043931031850373120/jRF_WTQu_normal.jpg
2077426970187472896,heeurimuvaer,heeurimuvaer,马钰🌸同城上门♥线下选妃,https://pbs.twimg.com/profile_images/2086362650003292160/nkg5-Bqz_normal.png
3319437607,SamMolloy11,SamMolloy11,Sam Molloy,https://pbs.twimg.com/profile_images/1853344109488144384/hQNiKyTX_normal.jpg
2791092159,MrBlack2709,MrBlack2709,Mister Black,https://pbs.twimg.com/profile_images/2084717165069168640/23SsHX97_normal.jpg
2073751882854776832,AnnaHuntmaz,AnnaHuntmaz,"Sophia d,",https://pbs.twimg.com/profile_images/2083193556118720512/H0_ItlFS_normal.jpg
2075489885340028928,dhruvgoesoff,dhruvgoesoff,Dhruv,https://pbs.twimg.com/profile_images/2075544997966057472/KPi3VGeZ_normal.jpg
2570450862,CFA_Yin,CFA_Yin,Cin,https://pbs.twimg.com/profile_images/1670050703799115777/hkLqN6OZ_normal.jpg
1297944129448685569,LewisK39045312,LewisK39045312,Lewis K,https://pbs.twimg.com/profile_images/1297945269364023297/jwbe06da_normal.jpg
1201351299159035904,MolBio_Cat,MolBio_Cat,David Nicholas,https://pbs.twimg.com/profile_images/1201418941861486593/t-HGQqBE_normal.jpg
1869970479882305536,muneeb149ahmad,muneeb149ahmad,Muneeb,https://abs.twimg.com/sticky/default_profile_images/default_profile_normal.png
1903026100042862594,KotukuH35398,KotukuH35398,Sheyboi_dude,https://pbs.twimg.com/profile_images/2071718101717237760/70hz8qtB_normal.jpg
1885136846,Stephaniewardok,Stephaniewardok,SnarkShark,https://pbs.twimg.com/profile_images/2060901173381533697/EmzA_SmT_normal.jpg
1821761673511768064,HillSabast86961,HillSabast86961,✭DEADFOOL✭,https://pbs.twimg.com/profile_images/2085231251644882944/8X0FEN4h_normal.jpg
41391166,Shamayita,Shamayita,Shamayita De,https://pbs.twimg.com/profile_images/2084235090897571840/bBUz_gwY_normal.jpg
1276954447948550144,Asteroidhitme,Asteroidhitme,Lulé,https://pbs.twimg.com/profile_images/1580307737145401344/UI5VzvFo_normal.jpg
1831975758,JeysenPlantin,JeysenPlantin,Jeysen Plantin,https://pbs.twimg.com/profile_images/2079761798979358720/atCERBqR_normal.jpg
2073719860366815232,pinkfairy50_c,pinkfairy50_c,sophs z.,https://pbs.twimg.com/profile_images/2083188937154031616/Zw0qe-4e_normal.jpg
1804711744817770496,RealGreenMan237,RealGreenMan237,Trisha Destiny Ford 🇺🇲,https://pbs.twimg.com/profile_images/2084103021772910592/jzr6FZYj_normal.jpg
2598530965,rahulomsharmaa,rahulomsharmaa,FunBun,https://pbs.twimg.com/profile_images/2084933598986334208/zpsJcjje_normal.jpg
898800324173074432,HDireh,HDireh,ほろ苦い,https://pbs.twimg.com/profile_images/1929843880272244736/t5jTizdt_normal.jpg
2074507407724601344,a_sophia75,a_sophia75,ᯓ★ Soph d.,https://pbs.twimg.com/profile_images/2083693319666761728/AKal97Ow_normal.jpg
431815670,kabbaze,kabbaze,JKYeye,https://pbs.twimg.com/profile_images/1612468982568599562/PnYWZkfq_normal.jpg
759414601729634304,JC84847389,JC84847389,JC84847389,https://pbs.twimg.com/profile_images/2045120368378064898/8aqGjfOe_normal.jpg
1805167850031878144,itsjpssafespace,itsjpssafespace,Jp,https://pbs.twimg.com/profile_images/2084104082508464128/nz7EMKE9_normal.jpg
2085720955800723456,lilfacessoni20,lilfacessoni20,lilfaces991,https://pbs.twimg.com/profile_images/2086072023374069761/FXefYfLP_normal.jpg
260158828,AmauryCastelnot,AmauryCastelnot,Amaury Castelnot,https://pbs.twimg.com/profile_images/1639212787019796480/qHyujw6I_normal.jpg
1984093612976828417,QueenDokka,QueenDokka,DOKKA~,https://pbs.twimg.com/profile_images/2083408768742612992/Se93zLJA_normal.jpg
1395770905112895488,bored_manus,bored_manus,Hsakiv,https://pbs.twimg.com/profile_images/2032909782668247040/6wUk52yK_normal.jpg
1432014119931162629,Sassafrass_84,Sassafrass_84,Sassafrass_84,https://pbs.twimg.com/profile_images/2007867686848475136/pe2K9hqR_normal.jpg
952949381153484800,FlaumGaki,FlaumGaki,Flaum (Comms Open),https://pbs.twimg.com/profile_images/1619439668008730624/5YhLlaWg_normal.jpg
254356798,brensssi,brensssi,B,https://pbs.twimg.com/profile_images/2027192228729266176/UH4bbDFk_normal.jpg
1753296875749552128,Daymare_X,Daymare_X,Daymare 🇨🇦,https://pbs.twimg.com/profile_images/1753297256453951488/HuyEGITO_normal.jpg
1873932118067179520,JenDover69999,JenDover69999,Jen Dover,https://pbs.twimg.com/profile_images/1873932246094159872/_VryT7Dc_normal.jpg
1925409643741970432,jguo33,jguo33,Jing Guo,https://abs.twimg.com/sticky/default_profile_images/default_profile_normal.png
229719189,deveed1,deveed1,DAYVID A.O,https://pbs.twimg.com/profile_images/1283770405413629957/ke6FUNxv_normal.jpg
1754988380176134144,JhanteRobbins,JhanteRobbins,Goddessoflove,https://pbs.twimg.com/profile_images/2086842773454340096/LON65447_normal.jpg
2060588880160821248,ihaveadoubtt_,ihaveadoubtt_,sanchhh,https://pbs.twimg.com/profile_images/2083453585963323393/XjkmqNPD_normal.jpg
1423494048,PaulAll78409350,PaulAll78409350,Triiiggaahh,https://pbs.twimg.com/profile_images/2072492148469948416/kF0bmPC1_normal.jpg
1381838675366060033,LennyPayne9,LennyPayne9,Lenny Payne,https://pbs.twimg.com/profile_images/1381839737883869185/U-kLXV_z_normal.jpg
1454313562755645440,vlogmations,vlogmations,Vlogmations,https://pbs.twimg.com/profile_images/2002866228415827968/gxJdqKQ5_normal.jpg
1952722738990260225,Chained_Up31987,Chained_Up31987,Chained.up,https://pbs.twimg.com/profile_images/2056007252310368257/v6ctxs4i_normal.jpg
2025336919782031360,realjohn335,realjohn335,Johnsmith,https://pbs.twimg.com/profile_images/2025628508098076673/fWYRBdjS_normal.jpg
1397742985006120966,Magus_of_Mind,Magus_of_Mind,Magus,https://pbs.twimg.com/profile_images/2055488644128079873/bAYrgC28_normal.jpg
1096178244959621120,saintangelmikel,saintangelmikel,archangel michael,https://pbs.twimg.com/profile_images/1096178767876186112/koYuePgm_normal.jpg
1863234729962516480,Metalish_1,Metalish_1,Metalish_1,https://pbs.twimg.com/profile_images/2079491408952520704/FpRKfC-l_normal.jpg
2082422377044996096,sofia40_i,sofia40_i,sof d,https://pbs.twimg.com/profile_images/2084695251990536192/nL7Kgjw1_normal.jpg
129553608,marcba,marcba,Marc Backes,https://pbs.twimg.com/profile_images/1974103700256759808/OFutuSBL_normal.jpg
1325421015665700865,AndrewAgent1806,AndrewAgent1806,Andrew Morrison🇬🇧 🇬🇧🏴󠁧󠁢󠁥󠁮󠁧󠁿,https://pbs.twimg.com/profile_images/1992295014899032064/DvuGja5t_normal.jpg
879754775847481344,recordmessage,recordmessage,Record Message,https://pbs.twimg.com/profile_images/1740059111759171584/Vyy5WI3q_normal.jpg
1806100914601590784,Guinterdotcom,Guinterdotcom,Rouxls' husband (real),https://pbs.twimg.com/profile_images/2064460513354944512/6R9aJws-_normal.jpg
2078908046365868033,Adore_mirii4pl,Adore_mirii4pl,Adoremiri,https://pbs.twimg.com/profile_images/2078908503616376832/FKYWzjhR_normal.jpg
583483025,Bestosterone,Bestosterone,Phillip PrestonNguyen,https://pbs.twimg.com/profile_images/763517909100617728/qEGtLxWz_normal.jpg
36825754,kingvmr,kingvmr,Lex Luger in FUBU,https://pbs.twimg.com/profile_images/1329154442936135682/kXL31EMQ_normal.jpg
2084053333287772160,totally_not_roy,totally_not_roy,royelle,https://pbs.twimg.com/profile_images/2084053648657510401/CG28I06N_normal.jpg
1607854116839260161,Shadowchaose,Shadowchaose,FlipStorm50,https://pbs.twimg.com/profile_images/2044105777514983424/2Mw_eLdR_normal.jpg
1224848681637117952,D0xedDevi0,D0xedDevi0,D0xedDevi0,https://pbs.twimg.com/profile_images/2028129754411364354/sUJ4DpJn_normal.jpg
1902021591959207936,d0xb00m,d0xb00m,d0xb00m,https://pbs.twimg.com/profile_images/2069208288671969280/Ei8A05Z9_normal.jpg
771544908,Antification,Antification,Antification ²²²,https://pbs.twimg.com/profile_images/1873513180607205376/OfyI-xc__normal.jpg
1869530759654244352,0x_SlumPark,0x_SlumPark,0x_SlumPark,https://pbs.twimg.com/profile_images/2085731515116449792/lF3A1BMW_normal.jpg
1726992598366035969,Smol_Kyle1,Smol_Kyle1,Tim Sweeney supports pedophilia,https://pbs.twimg.com/profile_images/1764672015586201600/oOInQbv2_normal.jpg
1637851804707717121,pecantowncards,pecantowncards,pecantowncards,https://pbs.twimg.com/profile_images/2059344403601162240/2JyTHAuI_normal.jpg
1502361472692895744,Pokemon__drama,Pokemon__drama,Pokemon__drama,https://pbs.twimg.com/profile_images/2069476357927563264/lNcP-VxJ_normal.jpg
35470897,rpcarnell,rpcarnell,Roddy PC,https://pbs.twimg.com/profile_images/1145899332991901701/ibw2OLl7_normal.png
1724169874199502848,senythril,senythril,Chris,https://pbs.twimg.com/profile_images/2051167622436188161/KuClTnA2_normal.jpg
1658705976114167808,ex_vandalz,ex_vandalz,ELyon Props,https://pbs.twimg.com/profile_images/2085048808178876416/TEF8IR04_normal.jpg
1777720085584429056,bamabrittbrat,bamabrittbrat,Athena - multi fauceted defense system,https://pbs.twimg.com/profile_images/2085204275601281024/wu8Dvkk7_normal.jpg
16209720,heatherjs,heatherjs,heatherjs,https://pbs.twimg.com/profile_images/1987619462397456384/qVXQwflG_normal.jpg
1308431113891659777,rebelsaaho9,rebelsaaho9,DEVA 💣,https://pbs.twimg.com/profile_images/1728316491613999104/WKxhK_TR_normal.jpg
1559603512723419142,morehelium,morehelium,Morehelium@gmail.com,https://abs.twimg.com/sticky/default_profile_images/default_profile_normal.png
1793658944252006400,RektTangular,RektTangular,RektTangularPrism,https://pbs.twimg.com/profile_images/1793660151246827520/blMqaiv__normal.jpg
1977088723964801024,NniOnline,NniOnline,𝓝𝓷𝓲 ⏻,https://pbs.twimg.com/profile_images/2061567786577711104/4ehGd3Yt_normal.jpg
1363914083586646016,ZeroRift2,ZeroRift2,Cycxlox,https://pbs.twimg.com/profile_images/1740362213028687872/FJJ5m5Wz_normal.jpg
1421957142710558731,AntiChrist_Bst,AntiChrist_Bst,AntiChrist,https://pbs.twimg.com/profile_images/2058666331289923584/sx-VvM3S_normal.jpg
2082171086653853696,cozyruby186,cozyruby186,"Sophs d,",https://pbs.twimg.com/profile_images/2084341450456608768/zKOMcpKf_normal.jpg
3123114276,Angelethous,Angelethous,Peter John Danaher,https://pbs.twimg.com/profile_images/2085838365140959232/O9Cxxcwf_normal.jpg
58995630,germy666,germy666,Germy Mikeness ☮️✡️🇺🇦,https://pbs.twimg.com/profile_images/1797654865256005632/umZjBiw3_normal.jpg
246062786,themarszeppelin,themarszeppelin,TheMarsZeppelin,https://pbs.twimg.com/profile_images/1981860326732668928/IWphS8eu_normal.jpg
819632065004109824,sqwirrelofrage,sqwirrelofrage,sqwirrelofrage,https://pbs.twimg.com/profile_images/2041657768038252544/_rhM5Zrb_normal.jpg
2000673441683542016,DharmaWarriorSt,DharmaWarriorSt,DharmaWarriorStefan,https://pbs.twimg.com/profile_images/2076781336426172417/d32wHMrB_normal.jpg
1594046183042793472,alextaylorp,alextaylorp,Alex Taylor,https://pbs.twimg.com/profile_images/1594046285371166721/dqIua-Mp_normal.png
1467848753805619202,Danny28655171,Danny28655171,"New name, who dis?",https://pbs.twimg.com/profile_images/1989030774809718786/TKuu5OeM_normal.jpg
2068860222026719232,BilateralCBBC,BilateralCBBC,Ciera,https://pbs.twimg.com/profile_images/2069043499098341376/xy-BFMoY_normal.jpg
2000218590746972160,abdou_assa19563,abdou_assa19563,Azzzz,https://pbs.twimg.com/profile_images/2086876795752632321/kwKXuTSe_normal.jpg
1967869913751535616,Paul49147682501,Paul49147682501,Paul,https://pbs.twimg.com/profile_images/1967870021486407680/8kTQHP_w_normal.png
1513687709906350085,UltimateSEGAman,UltimateSEGAman,TheUltimateSEGAman,https://pbs.twimg.com/profile_images/1782868936909893632/skS9gwYv_normal.jpg
482523339,rich_dreams_,rich_dreams_,Richard Daniel,https://pbs.twimg.com/profile_images/1539803676717551618/zcCRZZMe_normal.jpg
1379834346647945216,mike_bahamas,mike_bahamas,Mike Bahamas,https://pbs.twimg.com/profile_images/1646360436743258112/Jn9eMJxW_normal.jpg
1362450686202503168,mtheythem,mtheythem,maleficia 𓅯 mtheythem.bsky.social,https://pbs.twimg.com/profile_images/1719915091145949184/Id3PivVX_normal.jpg
444627839,Teleclast,Teleclast,Teleclast,https://pbs.twimg.com/profile_images/1159912577410981888/_v8tZmj8_normal.jpg
1843175560773857280,something98twt,something98twt,Something 🇳🇿 NZ6204,https://pbs.twimg.com/profile_images/1944078892442025984/awFhbdd5_normal.jpg
1117190599713673217,bootstrapper93,bootstrapper93,bootstrapper93,https://pbs.twimg.com/profile_images/1946218066431361024/gfBiB7YA_normal.jpg
1500129492286820356,Survivalguy9,Survivalguy9,jared,https://pbs.twimg.com/profile_images/1950242717973250048/_RPSxkpf_normal.jpg
1486224044,Thea_ArtsFox,Thea_ArtsFox,Thea-Foxxo,https://pbs.twimg.com/profile_images/1644766321240952832/jBPHlqd1_normal.jpg
3314724766,poe_killia,poe_killia,PoeciloKillia,https://pbs.twimg.com/profile_images/2079489807638470656/5i4Erw1T_normal.jpg
3452202014,Ichigo_Nakano,Ichigo_Nakano,Yin Fang,https://pbs.twimg.com/profile_images/1484346875931021313/TIBUjZ5d_normal.jpg
2369647436,Shrodu,Shrodu,Shrodu 🇺🇸,https://pbs.twimg.com/profile_images/1950045809371643904/QAbKjIwQ_normal.jpg
2039300590015045632,DgRnShjk89,DgRnShjk89,GrenndyGardle,https://pbs.twimg.com/profile_images/2083898322343927808/tMyFSMUD_normal.jpg
847130132049530880,phillipthetwo,phillipthetwo,phillipthe2,https://pbs.twimg.com/profile_images/1115801473978388482/yaAnkkUf_normal.png
2040672628029980672,CrafterLaugh,CrafterLaugh,LaughCrafter,https://pbs.twimg.com/profile_images/2040680331213516800/LhEv4Sni_normal.jpg
970315836052426752,myotheradam,myotheradam,Adam,https://abs.twimg.com/sticky/default_profile_images/default_profile_normal.png
1090778527711014913,Silverw05423980,Silverw05423980,Silverwater,https://pbs.twimg.com/profile_images/1090778968935096320/_slfnUam_normal.jpg
2416126860,Queen_Ang1676,Queen_Ang1676,Angie 👾,https://pbs.twimg.com/profile_images/2086557677149179904/yv3U0mdk_normal.jpg
1808716869135982592,cometaalfa7,cometaalfa7,BIEL,https://pbs.twimg.com/profile_images/2083604012364881920/cbjKUC1o_normal.jpg
1996873546468048897,NGarcia15173,NGarcia15173,Something todowith my name,https://pbs.twimg.com/profile_images/1996873623496544260/6yaOtoAz_normal.jpg
2082381980809797634,sofin35,sofin35,sofie b ⋆,https://pbs.twimg.com/profile_images/2084655974862692352/Hxu-DRwM_normal.jpg
1251220167339712513,RaxonXVI_,RaxonXVI_,RaxonXVI🔞,https://pbs.twimg.com/profile_images/2039802032572497920/Do0Qezr0_normal.jpg
2085064742163394560,curvylilyy,curvylilyy,Lily 👽,https://pbs.twimg.com/profile_images/2085065667875676160/Qaimt-yp_normal.jpg
1177604065,EricSlentz,EricSlentz,Eric James,https://pbs.twimg.com/profile_images/1399452775801671702/RV0RDHyE_normal.jpg
795806303557996544,AmalteaOlenska,AmalteaOlenska,Amaltea Olenska,https://pbs.twimg.com/profile_images/2061606414636703744/GWmUdqI3_normal.jpg
1125575473797505024,Brooklynmario1,Brooklynmario1,Benjamin Winograd,https://pbs.twimg.com/profile_images/1361677653732978690/5kae6x7b_normal.jpg
1671947316654211083,Frostboi25,Frostboi25,Ellie 🏳️‍⚧️,https://pbs.twimg.com/profile_images/2071912162054819841/q6fW8lsf_normal.jpg
1679101779122814977,vdrugerchuk,vdrugerchuk,🇺🇦Вдⷮрⷶугⷥеⷶрчⷲуⷪк Мандатосклав,https://pbs.twimg.com/profile_images/1679103420194598914/CpBwQh10_normal.jpg
3438774494,SCAR736,SCAR736,AviLlaJohWil🕹,https://pbs.twimg.com/profile_images/2085488840374988800/4Mv3OGeo_normal.jpg
2059900928359276545,dweezeschobar,dweezeschobar,dweez eschobar,https://pbs.twimg.com/profile_images/2082776776300974080/A_rAEQRJ_normal.jpg
1778287470225879040,Ottemah894,Ottemah894,Naitwa Ottemah 🇰🇪,https://pbs.twimg.com/profile_images/2056830060263305216/bcQjFXr0_normal.jpg
2071351936767684608,treylow95,treylow95,trey lowe,https://abs.twimg.com/sticky/default_profile_images/default_profile_normal.png
2029388630440157184,Mroxkral,Mroxkral,Evan Robbins,https://pbs.twimg.com/profile_images/2074666429887168512/yBuxD5-L_normal.jpg
1692180199079587840,Jabr_420,Jabr_420,".,Jabr9 (:",https://pbs.twimg.com/profile_images/2079127008638869504/JhlW0WS3_normal.jpg
987719340,Xhsirc,Xhsirc,Xhisrc,https://pbs.twimg.com/profile_images/1395130141165203472/2U-Sm-C__normal.jpg
1256397282297200642,hpwatchdog,hpwatchdog,Techno_Bach,https://pbs.twimg.com/profile_images/1493704173199708161/-ltQx8Zp_normal.jpg
236331846,Yorkokissmall,Yorkokissmall,YORKOKISSMOLL,https://pbs.twimg.com/profile_images/1873243610097041409/PiAJ7Jyo_normal.jpg
1741153751816454144,xAlexisDemie,xAlexisDemie,Nathen Sanchez,https://pbs.twimg.com/profile_images/2073524931514503168/ETRkVCtW_normal.jpg
1894587314493689859,FrockingFlock,FrockingFlock,HC,https://pbs.twimg.com/profile_images/1978281558764363776/1Zu07akD_normal.jpg
2701431696,Rob_Tb_West,Rob_Tb_West,Rob,https://pbs.twimg.com/profile_images/1676719884229570560/n2ffbFRB_normal.jpg
803318368807907329,Deansbeans67,Deansbeans67,Deans Beans,https://pbs.twimg.com/profile_images/1951171666270425088/XicYo4Md_normal.jpg
1811529633764114435,kombo_116,kombo_116,🇼🇸kombo116🇹🇴,https://pbs.twimg.com/profile_images/2085547429651247104/8gGM0mcw_normal.jpg
1859573851161755651,althaqafi_Mo,althaqafi_Mo,Althaqafy-الثقفي,https://pbs.twimg.com/profile_images/1859918987725045760/Veq93_RX_normal.jpg
1489025110312849409,KevinSunJr,KevinSunJr,🎮 Kevin🍿,https://pbs.twimg.com/profile_images/2069035553048432640/8JfEQLep_normal.jpg
2086130378595516416,PaapaaaLegbaDad,PaapaaaLegbaDad,7GOD,https://pbs.twimg.com/profile_images/2087122391675629569/V3K8MkLg_normal.jpg
27195114,Drake,Drake,Drake,https://pbs.twimg.com/profile_images/563843814725402624/Vb8k670S_normal.png
2675359291,OVOSound,OVOSound,OVOSound,https://pbs.twimg.com/profile_images/514594722724057090/cccsJJVN_normal.jpeg
1062926939151888385,druski,druski,druski,https://pbs.twimg.com/profile_images/2079348759578693632/qASaZazX_normal.jpg
16560657,BET,BET,BET,https://pbs.twimg.com/profile_images/1851336815648681984/keu7mbcy_normal.jpg
16331010,TMZ,TMZ,TMZ,https://pbs.twimg.com/profile_images/1984736147386613766/ZhO2bCxn_normal.jpg
1575361286807977985,CatwomanAnime,CatwomanAnime,AnimeCatwoman,https://pbs.twimg.com/profile_images/1841047991794245632/qnBckkHi_normal.jpg
1493248865176371201,_lavikara_,_lavikara_,Kiara,https://pbs.twimg.com/profile_images/1780563822081691648/Tm2NXU7G_normal.jpg
1380144059256307717,NahielUniversal,NahielUniversal,Nahieluniversal,https://pbs.twimg.com/profile_images/1421099532658618373/gFlwpv-K_normal.jpg
222160274,taixxxxxxxxxxxx,taixxxxxxxxxxxx,Tai,https://pbs.twimg.com/profile_images/2083636148153257984/XUIlv6tO_normal.jpg
1710747138987114496,Hrosik7114281,Hrosik7114281,Hrosik,https://pbs.twimg.com/profile_images/1724705257156935680/iRns6rIs_normal.jpg
1495198171575861253,BillFis50076888,BillFis50076888,Billy Boy,https://pbs.twimg.com/profile_images/1495198367395295232/6BFYs6dq_normal.png
1518697440710316033,Jeffreyrj1,Jeffreyrj1,Dillinger 🇺🇸,https://pbs.twimg.com/profile_images/2073202883496136704/PATKJv71_normal.jpg
1508358248335818757,Gorathy22,Gorathy22,Gorathy 🌹💯,https://pbs.twimg.com/profile_images/2044377665264668672/yn7eaBRn_normal.jpg
909319628286914560,MdHammadKhan5,MdHammadKhan5,Mohammad Hammad,https://pbs.twimg.com/profile_images/2040701302427250688/lEs518dI_normal.jpg
1427030586741465096,MikedaMachinist,MikedaMachinist,⚙️MikedaMachinist 🇺🇸,https://pbs.twimg.com/profile_images/2081213262734008320/RMtuTjGb_normal.jpg
22546706,vdawg628,vdawg628,vdawg628,https://pbs.twimg.com/profile_images/1820618919381516288/YauD1HXL_normal.jpg
954201896251723776,Calillluv2,Calillluv2,Jesse Calillluv,https://pbs.twimg.com/profile_images/1900270743725711360/j3nybmR3_normal.jpg
1154553809538076673,AlicefromWonde5,AlicefromWonde5,Alice_from_Wonderland,https://pbs.twimg.com/profile_images/2081536366660239360/d_di1Tr3_normal.jpg
1836763695210229760,tweem,tweem,tweem,https://pbs.twimg.com/profile_images/1946173487959142400/5fAXQh36_normal.jpg
1901796220487577600,cap_tzzz,cap_tzzz,captzz,https://pbs.twimg.com/profile_images/2057000048034992128/rct1nvIk_normal.jpg
1546799420674646021,FireWOFlint,FireWOFlint,OneWhoSummonsFireWithoutAFlint,https://pbs.twimg.com/profile_images/1546895634137055232/ywOf3XBV_normal.jpg
1622676099397259273,Jozroz,Jozroz,"Corvin, tuftear extraordinaire",https://pbs.twimg.com/profile_images/1917062497007505410/KkozuJi2_normal.jpg
746774577821409280,feuerflieger_,feuerflieger_,dylan // from the river to the sea 🇵🇸,https://pbs.twimg.com/profile_images/1857629193959317504/54YRcjY__normal.jpg
407540415,gopodge,gopodge,Podge,https://pbs.twimg.com/profile_images/1966454254509682688/8Hr-fRfI_normal.jpg
2077432174631108608,ddosews,ddosews,ellizzy,https://pbs.twimg.com/profile_images/2085998678221914113/fLK_m9Wj_normal.jpg
2051436375363231744,Alleine_B3K,Alleine_B3K,colorlessgreen,https://abs.twimg.com/sticky/default_profile_images/default_profile_normal.png
35188637,parKb5,parKb5,Greg,https://pbs.twimg.com/profile_images/2046170971027963904/Zb_FTqLZ_normal.jpg
1661081065644015625,ISonOffire,ISonOffire,Crazyhigh Mo,https://pbs.twimg.com/profile_images/1661081144442363904/mF9XPRqo_normal.jpg
1723229757293436928,Birdsnatcher123,Birdsnatcher123,Professional / プロ,https://pbs.twimg.com/profile_images/2029697845482115072/YDQEqS5t_normal.jpg
1658269916867223553,BentleyBro6,BentleyBro6,Richie,https://pbs.twimg.com/profile_images/1658270356304547845/kQbiRkb0_normal.jpg
1431787620376457225,ListersHatsune,ListersHatsune,"""aListers"" vtuber",https://pbs.twimg.com/profile_images/2031237385506156545/6WWiKO3r_normal.jpg
933535439759249409,M_O_Z_G,M_O_Z_G,"Aleksandr ""M.O.Z.G"" Dikov 🏴‍☠️",https://pbs.twimg.com/profile_images/1859243536819920896/ze-6CBSm_normal.jpg
1411043846,ramirezmmx,ramirezmmx,𝕃𝕦𝕚𝕤 ℝ𝕒𝕞𝕚𝕣𝕖𝕫™,https://pbs.twimg.com/profile_images/2026132523542102018/kocjTAOp_normal.jpg
843048190421221377,Pingouin_Malin,Pingouin_Malin,Pingouinmalin,https://pbs.twimg.com/profile_images/1283800040377638913/OWgcAA9w_normal.jpg
25216551,jmac1144,jmac1144,Jason McKenzie,https://pbs.twimg.com/profile_images/288783589/3386204794_a21816ec80_normal.jpg
216776631,BernieSanders,BernieSanders,BernieSanders,https://pbs.twimg.com/profile_images/1097820307388334080/9ddg5F6v_normal.png
1618594105201664001,malikscraft,malikscraft,Jimoh Malik,https://pbs.twimg.com/profile_images/1997392214020804609/1aKUsblI_normal.jpg
1775282139283722240,Brownslimer,Brownslimer,The Brown Slimer,https://pbs.twimg.com/profile_images/2015122152199012352/6A8GCWr-_normal.jpg
1250328353703256064,spycrowsoft,spycrowsoft,Spycrowsoft,https://pbs.twimg.com/profile_images/1953747389010898944/qBnjpONY_normal.jpg
3055069914,predatorus1,predatorus1,Predatorus,https://pbs.twimg.com/profile_images/1679570588568809472/f0w5-Ll5_normal.jpg
1184612852688134144,Gabrieldami1,Gabrieldami1,Priest🐞🍀,https://pbs.twimg.com/profile_images/1666177033515171842/9abGejIp_normal.jpg
403823244,jack_5_O,jack_5_O,Jack O'Mad,https://pbs.twimg.com/profile_images/1623732476924293122/Nc0Uo_5-_normal.jpg
1291884978381508608,spyronoid,spyronoid,闇 Darkus Spyronoid 闇 🔞,https://pbs.twimg.com/profile_images/1436558858739142658/sokQJ1Nz_normal.jpg
1628760738251538434,CardboardPipe,CardboardPipe,Cardboard Pipe,https://pbs.twimg.com/profile_images/1628761934840438786/awd1pBbU_normal.jpg
947511503292436481,JaySchwanke,JaySchwanke,Jay Schwanke,https://pbs.twimg.com/profile_images/947512928164564992/AHH4aPFP_normal.jpg
1780322362841247744,SPanquemad50146,SPanquemad50146,PQ,https://pbs.twimg.com/profile_images/2086476786917941248/UpV7Yice_normal.jpg
2607367921,david_cowles,david_cowles,David Cowles,https://pbs.twimg.com/profile_images/554860771998314499/AlXyoQ_k_normal.jpeg
2064302759956918273,amziee19,amziee19,ams,https://abs.twimg.com/sticky/default_profile_images/default_profile_normal.png
1594351449131175937,AkinPitan3,AkinPitan3,Akin Pitan,https://pbs.twimg.com/profile_images/1883861732629618688/UfWFc3tG_normal.jpg
2002843858762362880,lunaalphaX,lunaalphaX,Luna Alpha,https://pbs.twimg.com/profile_images/2084567922890915840/IXsHex2L_normal.jpg
1414478214848606210,lkwhyy,lkwhyy,LK Why (A Prime Memester),https://pbs.twimg.com/profile_images/1546321605764079616/5tiDLycy_normal.jpg
1150491127457488902,MuirCoates,MuirCoates,Dr. J. M. Muir-Coates. Author. Earthling.,https://pbs.twimg.com/profile_images/2049082443437924352/1lqXyUCt_normal.jpg
1696798903516217344,ostenbringer,ostenbringer,Meh,https://pbs.twimg.com/profile_images/1995874749571080193/vK0sn9vl_normal.jpg
2607306705,ts_anamie,ts_anamie,Anamie,https://pbs.twimg.com/profile_images/958662626447446016/03qJ_zTd_normal.jpg
257805699,ui_jedi,ui_jedi,Arslan,https://pbs.twimg.com/profile_images/1971392551228674048/UZt1zdqq_normal.jpg
437953142,Doomanoid79,Doomanoid79,Doomanoid,https://pbs.twimg.com/profile_images/1810980829847236608/OzXKmHjH_normal.jpg
897715606396567553,NdivhoBale,NdivhoBale,Ndivho Bale🇿🇦,https://pbs.twimg.com/profile_images/1740633893676421120/5JcSKVRA_normal.jpg
1945646082358222848,LEGOUROUX,LEGOUROUX,Xavier,https://pbs.twimg.com/profile_images/1999952671332028416/E3QBLy2A_normal.jpg
1714775222111404032,rahmannn_r,rahmannn_r,R Rahman,https://pbs.twimg.com/profile_images/1749715255960182784/5z9Txol4_normal.jpg
1553041932334530560,imbalancedtherm,imbalancedtherm,kadarod,https://pbs.twimg.com/profile_images/2064622917393022976/-va31pvX_normal.jpg
945075371010965504,SummerooKRoo,SummerooKRoo,Summeroo,https://pbs.twimg.com/profile_images/978009432117280769/ZPl24GO4_normal.jpg
1379546016,mssafiqs19,mssafiqs19,nobody-,https://pbs.twimg.com/profile_images/1867110856020172800/F4z5ZjT3_normal.jpg
1358789021036466178,AmanShaikh552,AmanShaikh552,Aman Shaikh 🇮🇳,https://pbs.twimg.com/profile_images/2087224847546130432/vEb0Cz14_normal.jpg
1725170485,TheSpecter87,TheSpecter87,L’Étranger,https://pbs.twimg.com/profile_images/1495760583517523969/xfOYa_iK_normal.jpg
1832876579841552384,CigarsRule22,CigarsRule22,JuanBlue108,https://pbs.twimg.com/profile_images/1902367620114096128/vO82LWrZ_normal.jpg
47030949,ciaomein,ciaomein,CiaoMein,https://pbs.twimg.com/profile_images/946100727247544320/jEi0sXF5_normal.jpg
1644445131792355332,Avestheodd,Avestheodd,Aethermylove🇵🇸,https://pbs.twimg.com/profile_images/1694066897040613382/CPZb9UXg_normal.jpg
1527891174974971904,JamesSm84013519,JamesSm84013519,Ghost Santana,https://pbs.twimg.com/profile_images/2065266459975024640/sOksqyhD_normal.jpg
1105367338420002817,zwitterati101,zwitterati101,Zee,https://pbs.twimg.com/profile_images/2052850792777023488/6eOxDWte_normal.jpg
1496956173811077123,zaugurz,zaugurz,A Zaugurz,https://pbs.twimg.com/profile_images/1510673266087706625/_C9gaK7N_normal.jpg
36442329,JaneBoutiqueseo,JaneBoutiqueseo,Jane - Boutique SEO,https://pbs.twimg.com/profile_images/1922242977969184768/dE9Z8xYs_normal.jpg
2085811306427564032,FunnyClown55,FunnyClown55,♦️𝑭𝒖𝒏𝒏𝒚𝑪𝒍𝒐𝒘𝒏♦️,https://pbs.twimg.com/profile_images/2087126809305575424/oBusWBCH_normal.jpg
113869339,RnoHach,RnoHach,𝓡.𝓷𝓸 🐾,https://pbs.twimg.com/profile_images/1877421893051125760/c3mMBWHQ_normal.jpg
3515459657,Demelicos,Demelicos,Demelicos Helsaint,https://pbs.twimg.com/profile_images/993002519642042368/tFI90Ere_normal.jpg
1154208580729475073,LuciferNHY,LuciferNHY,Lucifer,https://pbs.twimg.com/profile_images/1598619213626851333/sdewB5Wf_normal.jpg
1299389141436624896,Jonesykarma,Jonesykarma,jonesy,https://pbs.twimg.com/profile_images/2083821676480143360/JdvlX8yA_normal.jpg
753053686981459968,jon_torgerson,jon_torgerson,Råvnùlv Tørðnspyð | RavnoftheWest.eth🏴‍☠️👑,https://pbs.twimg.com/profile_images/1852787845146247169/45tC5r1r_normal.jpg
1714505938596466688,whiteFang194124,whiteFang194124,Fang of the mist,https://pbs.twimg.com/profile_images/1875963056670334976/j8GwcysB_normal.jpg
1582254794898653185,chastizer2010,chastizer2010,chastizer,https://abs.twimg.com/sticky/default_profile_images/default_profile_normal.png
1016101804981960704,CasperAllan2,CasperAllan2,Casper Allan ⚔️,https://pbs.twimg.com/profile_images/1082430335458136064/apwzV1Wx_normal.jpg
1442695912304820226,polishwoman89,polishwoman89,Darlene Buck,https://pbs.twimg.com/profile_images/1711218573266313216/DBIe0dZa_normal.jpg
1567925953451491330,DanOfGroveland,DanOfGroveland,Dan Of GL,https://pbs.twimg.com/profile_images/1923572061630283776/rjdUJrvS_normal.jpg
1520091653167529985,OqWilliams,OqWilliams,Author,https://pbs.twimg.com/profile_images/2067062621962940416/cCY0e9-l_normal.jpg
2074524394941263872,MasonBeeraw,MasonBeeraw,Mason Beer,https://pbs.twimg.com/profile_images/2086656535296679936/OUUlJlp1_normal.jpg
2085850630283751426,JeffJackJagOff,JeffJackJagOff,Jeff Hosh,https://pbs.twimg.com/profile_images/2085904667196694528/AE9BUyq1_normal.jpg
1863445382212034561,ChristiAnna220,ChristiAnna220,Nymeria 🌺🌿,https://pbs.twimg.com/profile_images/2082593479327100929/5hzqXmP9_normal.jpg
2079244083386597378,MaiceliumB,MaiceliumB,Carl ✝️,https://pbs.twimg.com/profile_images/2079244396747173888/xCPbpMSJ_normal.jpg
2610932897,vicbrizz,vicbrizz,(RVMax13) ⚔️🔱⚛️🐉✨🗺️⚡️🏝️🌄🌱E HA RA F-Elon,https://pbs.twimg.com/profile_images/2060069299759521792/DsHsxmkM_normal.jpg
1321879015351898119,TableShaker0,TableShaker0,9jaEscobar🧧⚓,https://pbs.twimg.com/profile_images/2030220037269655552/Ya-tqyxz_normal.jpg
1651158115092406272,ZadaBury,ZadaBury,Zada Bury,https://pbs.twimg.com/profile_images/1651158269363122176/U0a4w7a9_normal.jpg
1328172971559690240,AlphaBleu,AlphaBleu,Alpha.Bleu,https://pbs.twimg.com/profile_images/1472976919163547652/GaJjTyJK_normal.jpg
1495453756418363397,imasatankid,imasatankid,Leon ⛧,https://pbs.twimg.com/profile_images/2055295679556173824/P_KqbZRZ_normal.jpg
800736528586534912,SaquibOptimusAI,SaquibOptimusAI,Saquib Mehmood,https://pbs.twimg.com/profile_images/2074296221645316096/-wi1CEzJ_normal.jpg
152555498,BluezFanTN,BluezFanTN,Bluez,https://pbs.twimg.com/profile_images/1888792770568941568/IKBm5A0Q_normal.jpg
1420411778698252289,AdrianP10254569,AdrianP10254569,Adrian Pierce,https://pbs.twimg.com/profile_images/2069989714753433600/SGnVG6lt_normal.jpg
744626874006052869,EpickChicken,EpickChicken,Epick Chicken,https://pbs.twimg.com/profile_images/1821207252457422848/RLXnge8j_normal.jpg
909766548830785536,17_swae,17_swae,brickleberry,https://pbs.twimg.com/profile_images/1778819130776342531/26-kYE07_normal.jpg
1263126870033420290,TwoTerty1_,TwoTerty1_,TwoTerty1_,https://pbs.twimg.com/profile_images/1979824921443233792/BxhbiccB_normal.jpg
2073520175362826240,weed420215,weed420215,egg cat,https://pbs.twimg.com/profile_images/2085814294596456448/kpXWR5O8_normal.jpg
54364999,Luke_alt,Luke_alt,Luqui,https://pbs.twimg.com/profile_images/2031990625763983360/BK5GWzTH_normal.jpg
1936907829082034177,VergilLunar,VergilLunar,Vergil Lunar,https://pbs.twimg.com/profile_images/2057845507993784320/MOfEkOs__normal.jpg
2071327327749902336,Cronophobiaz,Cronophobiaz,Cronophobia,https://abs.twimg.com/sticky/default_profile_images/default_profile_normal.png
2085817303501836288,DustWalkerX,DustWalkerX,DustWalkerX56,https://pbs.twimg.com/profile_images/2085817802343018496/vt9pLKrm_normal.jpg
265008268,augy26,augy26,Aυgy,https://pbs.twimg.com/profile_images/1977135662349619200/n32o-Dkd_normal.jpg
1747314306943799296,betoeosrobos,betoeosrobos,Rob,https://pbs.twimg.com/profile_images/2006837831054811136/fgr7YTfZ_normal.jpg
2625004903,m2580mm,m2580mm,Karl._.,https://pbs.twimg.com/profile_images/2067054076785745920/gb0IY5k4_normal.jpg
19707808,maxlefou,maxlefou,Max le Fou 🍉🌸,https://pbs.twimg.com/profile_images/2080030667857928192/bjL7YM3f_normal.png
1038931699353223168,Kione_Ayo,Kione_Ayo,Kione Ayo na CCXP26 (●´ω｀●)🍥,https://pbs.twimg.com/profile_images/1991630830515503104/q4yTE7jd_normal.jpg
1786355634876620801,amir__akn,amir__akn,amir,https://pbs.twimg.com/profile_images/2056087867319894016/2IrMTQ4L_normal.jpg
1258832075760771080,Iamthejasper,Iamthejasper,Jasper 👾,https://pbs.twimg.com/profile_images/2087194873258463232/EhcMfQfd_normal.jpg
1484772609304764416,T_Water_Law,T_Water_Law,Homez,https://pbs.twimg.com/profile_images/1535903271919013889/lFceLUXX_normal.jpg
1003355830023008257,VexaiaVT,VexaiaVT,V. | Vexaia | Vtuber - Artist (Comms Open) ⚙️🐾✨,https://pbs.twimg.com/profile_images/1999916237606862851/Q933VPiP_normal.jpg
781156393156050944,spudmagic,spudmagic,Potato Witch,https://pbs.twimg.com/profile_images/1444795224488878086/LOIMtEPo_normal.jpg
612277353,Antim4tter,Antim4tter,Антиматтерия,https://pbs.twimg.com/profile_images/1965517712886525952/AbNpdM_P_normal.jpg
264701070,0xjay_,0xjay_,justinkredible,https://pbs.twimg.com/profile_images/1863903482169720832/6OizVPBx_normal.jpg
1955986072086982656,sAreniacz27,sAreniacz27,sAreniacz,https://pbs.twimg.com/profile_images/2075343592474726400/iNzqr_P4_normal.jpg
2040084365359689728,HQmindd,HQmindd,HerQuestioningMind,https://pbs.twimg.com/profile_images/2081025609531084800/Us8ADRrM_normal.jpg
1126694099115839489,dreamancer23,dreamancer23,Estrupício,https://pbs.twimg.com/profile_images/1540177858139766785/8WQFL3a5_normal.jpg
1490007854077857792,KevinTheManical,KevinTheManical,KevinTheManical,https://pbs.twimg.com/profile_images/2039747515768303616/sdCkWCAl_normal.jpg
1566403112381943809,Ashley_Ash_Gang,Ashley_Ash_Gang,ÆSC 𓂀,https://pbs.twimg.com/profile_images/1945600731454545920/l8N1aeav_normal.jpg
1533481768283783171,EatAllEggs,EatAllEggs,UpCountryDegen,https://pbs.twimg.com/profile_images/1853862862491410432/5xwjnLcM_normal.jpg
1299027393290657793,ohisabellabebe,ohisabellabebe,Isabella,https://pbs.twimg.com/profile_images/2038435430941769728/ipSEx0PM_normal.jpg
1382941917051301888,dudaofuracao,dudaofuracao,dudaofuracao,https://pbs.twimg.com/profile_images/2078112713868234752/dJp3r4B2_normal.jpg
996848443065815042,GebBernard,GebBernard,Gabrielle Bernard♊🍁🍫,https://pbs.twimg.com/profile_images/1111379273120505858/i1OLFSsX_normal.png
891596496595976192,lufrewoptoo,lufrewoptoo,Bitcoin Bear of Despair,https://pbs.twimg.com/profile_images/2011781594634485760/jJYXgQ1a_normal.jpg
20411500,Jennero,Jennero,Jennero,https://pbs.twimg.com/profile_images/1603056174445645824/eSgFpops_normal.jpg
388514928,JuanmaRailgun,JuanmaRailgun,Juanma,https://pbs.twimg.com/profile_images/903018000357494787/63lPPbPX_normal.jpg
1667106382611378177,vanasty_07,vanasty_07,Certified Gooner🤙💀,https://pbs.twimg.com/profile_images/2057998549371994112/BuuEJHRH_normal.jpg
1559917813334249480,tonysxo8,tonysxo8,Tony240sx 🧢,https://pbs.twimg.com/profile_images/1559918635845668864/uu02CCVY_normal.jpg
142393421,GloboNews,GloboNews,GloboNews,https://pbs.twimg.com/profile_images/1932082718235361280/LoL0nG6q_normal.jpg
2045288527416467456,mayisoblivious,mayisoblivious,geëk,https://pbs.twimg.com/profile_images/2045289810852716544/JrSEDAS7_normal.jpg
1598671633186693125,0xvox0,0xvox0,Vox_07,https://pbs.twimg.com/profile_images/2083885669919690752/ejd3i6vO_normal.jpg
448250241,MysticwarriorMJ,MysticwarriorMJ,Mysticwarriormj,https://abs.twimg.com/sticky/default_profile_images/default_profile_normal.png
1418206897694404616,LenahanJacob,LenahanJacob,Jacob_Lenahan,https://pbs.twimg.com/profile_images/1418208069629054976/jhlk3MlL_normal.jpg
745998180,Princemith,Princemith,Kaveh 🇭🇹,https://pbs.twimg.com/profile_images/2054420106940215296/DihKlPrQ_normal.jpg
1657524286876205058,ya_yoob98376,ya_yoob98376,boozyfade92,https://pbs.twimg.com/profile_images/2054508599418761217/--XPfzqH_normal.jpg
2051942423954165765,GaijinTeitoku,GaijinTeitoku,GaijinTeitoku,https://pbs.twimg.com/profile_images/2051943399301808131/4QM8qLBI_normal.jpg
1617261336706125825,addict3d_15,addict3d_15,you mama,https://pbs.twimg.com/profile_images/1617261394423865346/t1FgG4VV_normal.jpg
30488585,9heather,9heather,Heather,https://pbs.twimg.com/profile_images/828362095041323008/kYcgWngU_normal.jpg
4795224147,TehConda,TehConda,Conda,https://pbs.twimg.com/profile_images/1955471356876730368/8X80gpip_normal.jpg
1893446579450978307,heftyworks,heftyworks,heftyworks,https://pbs.twimg.com/profile_images/2065339934056005632/0_ghTiTO_normal.jpg
1918652762864418816,otecart,otecart,otecart,https://pbs.twimg.com/profile_images/1918653536688050176/QZ4712vr_normal.jpg
1056678509467316224,blydhorin,blydhorin,Blyd,https://pbs.twimg.com/profile_images/2004947088212217857/WGHYH_Ne_normal.jpg
1378082963020206086,DottPlague,DottPlague,🔮𝐷𝑜𝑡𝑡,https://pbs.twimg.com/profile_images/2084305716601380864/yFSJ9gt5_normal.jpg
1766574344547729408,Lalondrakir,Lalondrakir,Lalondra Kir,https://pbs.twimg.com/profile_images/2028277794711683072/h-UhVLSW_normal.jpg
1003265947782844417,FxlFilipe,FxlFilipe,NickFxl,https://pbs.twimg.com/profile_images/1617419973810421760/yKjodUgi_normal.jpg
299968079,Rubensmaile,Rubensmaile,Ferrum Anulum,https://pbs.twimg.com/profile_images/1531684239955181569/xiUL_fDV_normal.jpg
1934542774893936640,SaratKhandei,SaratKhandei,Sarat Khandei,https://pbs.twimg.com/profile_images/2059284931826843648/GOxnxgYD_normal.jpg
2067200014108004353,GXTExchange,GXTExchange,GXTExchange,https://pbs.twimg.com/profile_images/2067200605903257600/r57whczt_normal.jpg
2821771308,rcrtrivedi,rcrtrivedi,rcrtrivedi,https://pbs.twimg.com/profile_images/2071803016273956864/SkmwV5zo_normal.jpg
37853921,mahit,mahit,mahit,https://abs.twimg.com/sticky/default_profile_images/default_profile_normal.png
1659901802882449411,weaver_arl39267,weaver_arl39267,Arlene Weaver,https://pbs.twimg.com/profile_images/2067573565591871488/tVCQPH5Y_normal.jpg
1358616833079738368,Kuldeep61170399,Kuldeep61170399,Kuldeep61170399,
1958262854693408768,kellermant8,kellermant8,kellerman,https://pbs.twimg.com/profile_images/2083652099544354816/_4zKmSZ6_normal.jpg
1203161083399290880,ETTD18,ETTD18,George Hackenschmidt🇺🇸🇺🇦🇬🇪,https://pbs.twimg.com/profile_images/1203328969703071744/w9ASDXMm_normal.jpg
1861115226726469632,clauply69,clauply69,Claup,https://pbs.twimg.com/profile_images/2006081923488116736/mR6wpN_J_normal.jpg
1054451011455275015,elfboymalewife,elfboymalewife,Danny,https://pbs.twimg.com/profile_images/2055998742528958464/t1hM_eIV_normal.jpg
1893324545949405184,sulkopath,sulkopath,Sulk,https://pbs.twimg.com/profile_images/1893326726098280448/uZm5CTMG_normal.jpg
892047433689157633,13vRJ,13vRJ,Voxxx,https://pbs.twimg.com/profile_images/2082149112472846336/bzG8pqAx_normal.jpg
91573905,Baron_Chronus,Baron_Chronus,Barry Blackmore,https://pbs.twimg.com/profile_images/1710282227647475712/3mCF2NZP_normal.jpg
915650780681695232,LoreRattius,LoreRattius,LoreRat 🏳️‍⚧️,https://pbs.twimg.com/profile_images/1837263927807254528/p8icMQ0q_normal.jpg
1405073891790397442,luffypsychoo,luffypsychoo,luffy007,https://pbs.twimg.com/profile_images/2086151214903824384/PVVVzqzx_normal.jpg
129198252,Rakesh_Barai_,Rakesh_Barai_,Rakesh Barai,https://pbs.twimg.com/profile_images/2058058874792656896/SVBFxCV8_normal.jpg
1416804807440879619,littleofblue,littleofblue,sky,https://pbs.twimg.com/profile_images/2061721867535388672/--kp-4ZC_normal.jpg
2938747526,TattooedWoli,TattooedWoli,Kákò Oníkùmọ̀ Ẹkùn 🦁✊🏿⛏️,https://pbs.twimg.com/profile_images/2081348903253803008/xdXcmlRF_normal.jpg
2592151984,AdageorgeA,AdageorgeA,unique A'wears,https://pbs.twimg.com/profile_images/1554443864827723776/IWDM69Dz_normal.jpg
2045759886617612288,johnwzt007,johnwzt007,John Wézt,https://pbs.twimg.com/profile_images/2061726940482940928/uB48aHOt_normal.jpg
2274320352,henrikrowley,henrikrowley,Henrik,https://pbs.twimg.com/profile_images/1227176194287841287/qtHi9J-1_normal.jpg
1101556663117668352,itsalitusername,itsalitusername,Niks,https://pbs.twimg.com/profile_images/2076702217852362752/TctkZotf_normal.jpg
1324412435571240960,_likerainydays,_likerainydays,Ayush 🇮🇳,https://pbs.twimg.com/profile_images/2073012388618739712/zhCBje2F_normal.jpg
1833422549109075968,sarcasticizfun,sarcasticizfun,Sarcasm Life,https://pbs.twimg.com/profile_images/1957093038670630912/SZ-pQ9cm_normal.jpg
1121148717028052993,CloudsNamaste,CloudsNamaste,NamasteClouds,https://abs.twimg.com/sticky/default_profile_images/default_profile_normal.png
1937872724841418752,ChocoBunBun16,ChocoBunBun16,ChocoBunBun,https://pbs.twimg.com/profile_images/1945256562605346816/ycQEbcZL_normal.jpg
1874909057565528064,fred68389611475,fred68389611475,fred68389611475,https://pbs.twimg.com/profile_images/1978075411449098240/GVjGXFqh_normal.jpg
1596975904797884417,seb2d,seb2d,Nolinquisitor,https://pbs.twimg.com/profile_images/1967958960628989952/4OHPDwDD_normal.jpg
1756808309007372288,Jomilojutweets,Jomilojutweets,JomiDaGreat 🐐,https://pbs.twimg.com/profile_images/2083613202022051840/tBYdbfT4_normal.jpg
19005025,RinnosukeETQW,RinnosukeETQW,Jeff Simons,https://pbs.twimg.com/profile_images/697128588575973382/62RAFVFm_normal.jpg
14605267,MrRecord,MrRecord,Mr. Record,https://pbs.twimg.com/profile_images/2085574198613659648/37W587WY_normal.jpg
289492959,ReyEsteban85,ReyEsteban85,ReyEsteban85,https://pbs.twimg.com/profile_images/2069834316088049664/Z3E0hgZY_normal.jpg
197654816,sonyvillasegura,sonyvillasegura,Ele,https://pbs.twimg.com/profile_images/2082273454896586752/N5tmmmPP_normal.jpg
1885904090414325760,IsaakValley,IsaakValley,Is,https://pbs.twimg.com/profile_images/2025056342642139136/RrbQBvSA_normal.jpg
177894065,KanaKarinaK,KanaKarinaK,Kana Karina🌈🔱,https://pbs.twimg.com/profile_images/1524643453090799617/Og6TYhfF_normal.jpg
2002771187462799361,crazycrunch212,crazycrunch212,CrazyCrunch,https://pbs.twimg.com/profile_images/2043052137635287042/KEqspxry_normal.jpg
2173110415,Shyphlosion,Shyphlosion,Shyphlosion | Indie VTuber (50% SWITCH 2!?),https://pbs.twimg.com/profile_images/1872037282351394816/ZeEyMRXM_normal.png
1878772517730717696,0Turtle20924,0Turtle20924,Greyla,https://pbs.twimg.com/profile_images/1878775604566208512/0tKYusQl_normal.jpg
1649425628284829696,didumissthenews,didumissthenews,Didumissthenews,https://pbs.twimg.com/profile_images/1649599124558213120/TMAoVNEf_normal.jpg
1437545764046188544,1andDon3,1andDon3,Mitch Rasicot,https://pbs.twimg.com/profile_images/2086119679655911424/YRp9AGaJ_normal.jpg
2462374422,JaySick78,JaySick78,Jay $ick,https://pbs.twimg.com/profile_images/1968695139972300800/q3OzXCCN_normal.jpg
1776840399476162560,JWlajnitz80170,JWlajnitz80170,Strider,https://pbs.twimg.com/profile_images/1776840540081836033/SAd5pwuu_normal.png
1356438248717864960,MountjoyStu,MountjoyStu,MountjoyStu,https://abs.twimg.com/sticky/default_profile_images/default_profile_normal.png
1582067038297767936,Duckolopo,Duckolopo,Duckolopo,https://pbs.twimg.com/profile_images/2023479486688137216/-kSTyf7m_normal.jpg
124838385,GreatestROBever,GreatestROBever,Rob,https://pbs.twimg.com/profile_images/2005398135984607232/ELgrPwD-_normal.jpg
516332802,raidroad25,raidroad25,Raymond,https://pbs.twimg.com/profile_images/2070237065606840320/8jckbD7q_normal.jpg
517572119,pseudee,pseudee,pseudee,https://pbs.twimg.com/profile_images/1253407988913631232/gEO3GO_X_normal.jpg
1509164457024532481,notevensea,notevensea,meowism,https://pbs.twimg.com/profile_images/2085062327104409600/eos6L79O_normal.jpg
184797947,queenjvde,queenjvde,Sage the Aries,https://pbs.twimg.com/profile_images/2083991733860286464/8n2QrstQ_normal.jpg
1174352905241026560,JamesLonefeathr,JamesLonefeathr,"Lord Bowler, Manhunter",https://pbs.twimg.com/profile_images/2038293671578374144/q_bgyL76_normal.jpg
62583682,DavidWikeley,DavidWikeley,David Wikeley 💚🤍,https://pbs.twimg.com/profile_images/1408063908116500482/8BI76uEq_normal.jpg
2058067083460538368,lyzahyde,lyzahyde,Lyza Hyde,https://pbs.twimg.com/profile_images/2074007041425735680/PyKyWxim_normal.jpg
1856798259156557824,DasaiNoroma,DasaiNoroma,Dasai Noroma,https://pbs.twimg.com/profile_images/1923162779164303360/72yiXSj7_normal.jpg
872108779072106497,Mang0Lion,Mang0Lion,Naomi Long,https://pbs.twimg.com/profile_images/1771875442628186112/s8pXbK8q_normal.jpg
1781472510766452736,Teo_Pek_Yong,Teo_Pek_Yong,Teo Pek Yong,https://abs.twimg.com/sticky/default_profile_images/default_profile_normal.png
1491361752931577857,deified_duck,deified_duck,Deified Duck,https://pbs.twimg.com/profile_images/2034537360189468672/5x7rWOYM_normal.jpg
149955540,sergio0liveira,sergio0liveira,Billybunchonumbers,https://pbs.twimg.com/profile_images/1702325558242340864/AU715ZHP_normal.jpg
1751318590022619136,DownHomeJohn,DownHomeJohn,John,https://pbs.twimg.com/profile_images/1827317120637472769/-1IzYAY6_normal.jpg
432843253,leonamanha,leonamanha,leossa,https://pbs.twimg.com/profile_images/1649600570527735809/9NObUGqI_normal.jpg
1544004440256020482,cortarima,cortarima,cortarima,https://pbs.twimg.com/profile_images/1603348345631694848/tt4k4rK__normal.jpg
53726032,DaniloRamalho,DaniloRamalho,DaniloRamalho,https://pbs.twimg.com/profile_images/1780660782222417920/wMa3PCjN_normal.jpg
806002454781423617,MechaRandom42,MechaRandom42,Mecha_CANCER_SURVIVORRandom42Your FAVORITE YOUTUBE,https://pbs.twimg.com/profile_images/1986153971246039040/S8JexyMH_normal.jpg
2180397547,denizkendirci,denizkendirci,Deniz Kendirci,https://pbs.twimg.com/profile_images/2081006490412826625/bmLRGalB_normal.jpg
849566751130038273,noided2,noided2,noided2,https://abs.twimg.com/sticky/default_profile_images/default_profile_normal.png
1889670389745459204,parmik99,parmik99,parmik99,https://pbs.twimg.com/profile_images/2012644037468061697/m0cK-KqQ_normal.jpg
1421465173106307078,El_Juan1994,El_Juan1994,♓Juan♓,https://pbs.twimg.com/profile_images/1421467331616776196/Z8UpuU9i_normal.jpg
4250769213,dollarcostcrypt,dollarcostcrypt,dollarcostcrypto,https://pbs.twimg.com/profile_images/1982415330161946624/OaT2Dwv-_normal.jpg
1506358537987018752,NorwegianGopher,NorwegianGopher,🐿Norwegian🇳🇴Gopher🐿,https://pbs.twimg.com/profile_images/1901609456158531585/zDKP-1GO_normal.jpg
1806160244684607488,Ur_Girl_Tayl0r,Ur_Girl_Tayl0r,Jekyll And Dyke,https://pbs.twimg.com/profile_images/2022687385876897792/aGznsjIu_normal.jpg
1921820331364462592,mike1795175,mike1795175,mike นิธิกุลตานนท์,https://pbs.twimg.com/profile_images/1921820368878387200/G5av9xXG_normal.png
1970276203945742336,unimpressedbufl,unimpressedbufl,Unimpressed Buffalo,https://pbs.twimg.com/profile_images/1970645705111822337/64hDGGo__normal.jpg
2464846663,KateOHehir,KateOHehir,Kate O'Hehir,https://pbs.twimg.com/profile_images/1972853589530783744/oaJufzcR_normal.jpg
1742774637879283715,PicturesOfData,PicturesOfData,Pictures Of Data,https://pbs.twimg.com/profile_images/1785120748505645056/DesDIbQR_normal.jpg
731818449777786881,LucaAbides,LucaAbides,Barefoot Pilgrim 🇧🇻🇺🇸,https://pbs.twimg.com/profile_images/2073385250588389376/isjUvGWD_normal.jpg
1375413747792109570,BobbyTables42,BobbyTables42,Bobby,https://pbs.twimg.com/profile_images/2075581511298908160/82TDmXf3_normal.jpg
4099448735,red_tornado1980,red_tornado1980,El-Ahrairah,https://pbs.twimg.com/profile_images/1136271038004772869/yCDsLPgU_normal.jpg
1922263391751553024,xVinnyzio,xVinnyzio,Vincent,https://pbs.twimg.com/profile_images/2075043469735686144/rggMWegl_normal.jpg
1498128432450129923,Wizard_2001_,Wizard_2001_,Wizard,https://pbs.twimg.com/profile_images/2058059120230772736/60Lt0j7r_normal.jpg
433413611,non_si_vince,non_si_vince,ℚ𝕦𝕖𝕖𝕟 𝕠𝕗 𝕄𝕒𝕤𝕔𝕒𝕣𝕡𝕠𝕟𝕖 👑,https://pbs.twimg.com/profile_images/1952065888430985216/d0mjDUQK_normal.jpg
2814511476,the_real_ashik,the_real_ashik,Ãśhïķ,https://pbs.twimg.com/profile_images/2051261357648211968/NeXsZXXO_normal.jpg
751304896087928833,Xeno__Poppy__,Xeno__Poppy__,𝕆𝕡𝕙𝕖𝕝𝕚𝕒 𝒫𝑜𝓅𝓅𝓎 w͎e͎a͎r͎e͎c͎h͎a͎r͎l͎i͎e͎,https://pbs.twimg.com/profile_images/2075658193510834176/BX6bBsCs_normal.jpg
1176856188933332992,amdiste,amdiste,Amdisté,https://pbs.twimg.com/profile_images/1398814508953571330/fhJla0tN_normal.jpg
1111928080019451904,Ogm_real,Ogm_real,OGM🌍💭,https://pbs.twimg.com/profile_images/1854886924042858496/m1dKYLOr_normal.jpg
102228507,wichooperez,wichooperez,✮ 𝒘𝒊𝒄𝒉𝒐 ✮,https://pbs.twimg.com/profile_images/2079488515612524544/czdw_cux_normal.jpg
737173204213469184,SimplyWhelmed,SimplyWhelmed,SimplyWhelmed,https://pbs.twimg.com/profile_images/2074629401430700032/M3_7JjnK_normal.jpg
2025864431356305408,Sunglassesnght,Sunglassesnght,Sunglasses on a night op,https://pbs.twimg.com/profile_images/2025864997952262144/ahjFwO7b_normal.jpg
1930238526018187264,Rythmnghost,Rythmnghost,Rythmnghost 🇧🇪,https://pbs.twimg.com/profile_images/2079158407701880832/unidfCPE_normal.jpg
1820081635494150144,theEtherealGem,theEtherealGem,theEtherealGem,https://pbs.twimg.com/profile_images/2021766835163811842/_77nHhZs_normal.jpg
1683414765207449600,Pipe_Her0,Pipe_Her0,Jimbo 🏴󠁧󠁢󠁥󠁮󠁧󠁿 🇺🇸 🇦🇺 🇨🇦 🇳🇿,https://pbs.twimg.com/profile_images/2080273945165467648/5BIy8c_P_normal.jpg
1528857642877259782,empress2e,empress2e,empress2e💕💋,https://pbs.twimg.com/profile_images/1528865228938690567/7mRt1zue_normal.jpg
1861974626,Masgrande7,Masgrande7,fletch deter,https://pbs.twimg.com/profile_images/1789494042578821120/wsTxIM86_normal.jpg
2031392278766563334,92coolusername,92coolusername,Kate 🦩,https://pbs.twimg.com/profile_images/2031400993884372992/kMUN6Axl_normal.jpg
1603480786308669440,DLENTUS1,DLENTUS1,DLENTUS,https://pbs.twimg.com/profile_images/2065619939088642048/1gBqxrbO_normal.jpg
2062755448642560000,Preciousv3je,Preciousv3je,Precious,https://pbs.twimg.com/profile_images/2062756176517812224/hYLYplBT_normal.jpg
340718345,Silvester_94,Silvester_94,Silvester ™,https://pbs.twimg.com/profile_images/2085686113730240512/2YU--A09_normal.jpg
371848118,kc_nonni,kc_nonni,Kir,https://pbs.twimg.com/profile_images/1967479467456028672/GyoFUq5M_normal.jpg
2034931108035641344,OperationCassii,OperationCassii,MLie,https://pbs.twimg.com/profile_images/2034931565458071553/TLtltLiZ_normal.jpg
1029919550035218432,childishmndingo,childishmndingo,Childish Mandingo,https://pbs.twimg.com/profile_images/2084197676342820865/31gmPOom_normal.jpg
1571312991357870083,madameheretic,madameheretic,Madame Heretic,https://pbs.twimg.com/profile_images/1834728251798757376/cGfhqd69_normal.jpg
1448510881709576193,LaKing004,LaKing004,LaKing004,https://pbs.twimg.com/profile_images/2086621898771738624/-gToFnH0_normal.jpg
1922512240344985600,BluClipsRx,BluClipsRx,Blu (ObscuraVT built4 Vtubers),https://pbs.twimg.com/profile_images/2084380759498878976/cAU0_sCM_normal.jpg
1228750812,ShyLittlePixie,ShyLittlePixie,"Jordyn #Childfree, She/Her",https://pbs.twimg.com/profile_images/2082771120005283840/SjkYpDC0_normal.jpg
1784998701909393408,JrTorii30215,JrTorii30215,"Dennis Torii, Jr.",https://pbs.twimg.com/profile_images/2085403704333676544/HMqALsmQ_normal.jpg
2046373212234137601,Skwareblox,Skwareblox,Tyler Kelly,https://abs.twimg.com/sticky/default_profile_images/default_profile_normal.png
1877867474869198848,SymbiKaslana,SymbiKaslana,Code Symbi Kaslana,https://pbs.twimg.com/profile_images/1888903603575730176/rsOyAF6R_normal.jpg
1545317192094416896,HappyUwode,HappyUwode,Oke,https://pbs.twimg.com/profile_images/2085635015279353857/Ix00v8Cx_normal.jpg
1718236039456661504,MemeticCurator,MemeticCurator,Curatorium Memeticum,https://pbs.twimg.com/profile_images/1977760363127951360/2RQ2uUj2_normal.jpg
2082817162226323456,PunsByPapa,PunsByPapa,PunsByPapa,https://pbs.twimg.com/profile_images/2082826685506854912/raCvNi86_normal.jpg
1811619486153527296,gishismyish,gishismyish,gishismyish,https://pbs.twimg.com/profile_images/1811620065240064000/I9RLkx9I_normal.jpg
17629890,Lestat_Dx,Lestat_Dx,Lestat,https://pbs.twimg.com/profile_images/1272165204/7f9c6d59-0fb1-41ab-bb1e-2a3556d2a948_normal.png
2085171618565996544,yourmommtsm,yourmommtsm,your mom,https://pbs.twimg.com/profile_images/2085172671881576448/o8kWLh8b_normal.jpg
1388782804352311296,Oxald1,Oxald1,Oxald,https://pbs.twimg.com/profile_images/1424441843031416834/yoSA1jB-_normal.jpg
192134609,Alicia_Slv,Alicia_Slv,Alicia Silverlight 💚 🖤,https://pbs.twimg.com/profile_images/2074972501491216384/ruz0gkp-_normal.jpg
1211789863483138048,JMckll,JMckll,Jesus McKll ⚛️,https://pbs.twimg.com/profile_images/2020194991293763584/oB9Xk_n5_normal.jpg
69392179,Drewder,Drewder,Andrew M,https://pbs.twimg.com/profile_images/2052055745831567360/tzYqIsYu_normal.jpg
1639847834361921537,johncult23,johncult23,📂.,https://pbs.twimg.com/profile_images/2031282908074221568/aBqucLaD_normal.jpg
225434500,iyaelsorai,iyaelsorai,iyaelsorai,https://pbs.twimg.com/profile_images/1042094022234271744/8vJZtLEU_normal.jpg
1380115880152084481,FulfillmentPet1,FulfillmentPet1,Fulfillment Peter,https://pbs.twimg.com/profile_images/2083271236549828608/BaPzoufj_normal.jpg
2036990815327969280,SyBorg3001,SyBorg3001,SyBorg 🇦🇺🇺🇸🇮🇱🇹🇼🇺🇦,https://pbs.twimg.com/profile_images/2036991354040180737/W8jxzGb6_normal.jpg
3437284786,yekkusu,yekkusu,yekkusu.bsky.social,https://pbs.twimg.com/profile_images/926884800115494912/HzP2QKH-_normal.jpg
1932443954529579008,OlIronic,OlIronic,OlIronic,https://pbs.twimg.com/profile_images/1983887852623527936/2iqHWW-M_normal.jpg
267959277,BALINelHERRERO,BALINelHERRERO,Jon ✌🏻,https://pbs.twimg.com/profile_images/1955318596986392576/UXglSpZS_normal.jpg
266229124,R3H0L3S,R3H0L3S,r3h0l3s,https://pbs.twimg.com/profile_images/725778857119211520/LwF230jg_normal.jpg
59368638,Winged_Reptile,Winged_Reptile,Macho Nachos,https://pbs.twimg.com/profile_images/1512069599793082377/O1QYLfo-_normal.jpg
1190947001162227713,Hevrex,Hevrex,HEV REX 🐐,https://pbs.twimg.com/profile_images/1555027920313356288/UNfT3a2V_normal.jpg
1162949097327923200,Iamtommymiles,Iamtommymiles,kimjunwhoャ🫧,https://pbs.twimg.com/profile_images/2002135214353485824/pWsJTYsb_normal.jpg
60288964,rudolfmariano,rudolfmariano,Fernando R. Mariano,https://pbs.twimg.com/profile_images/346095820/blackhole_normal.gif
1772225901981265920,Ghadsoh,Ghadsoh,Blighter,https://pbs.twimg.com/profile_images/2085629289999822848/05tUlhDe_normal.jpg
1785786520047153152,Foxbunr,Foxbunr,Fox,https://pbs.twimg.com/profile_images/2057554177753022465/0IbQ0-Of_normal.jpg
4281568632,AtheismisComing,AtheismisComing,C'est cadeau,https://pbs.twimg.com/profile_images/2083954043857059840/9rXMOzx3_normal.jpg
1564489922601443330,walter_xyzz,walter_xyzz,Walter,https://pbs.twimg.com/profile_images/1677030498860691461/3pxG40IJ_normal.jpg
2041252222978146304,aimabble,aimabble,Aimable,https://pbs.twimg.com/profile_images/2057044389134761984/tOTrliFk_normal.jpg
205797869,kasiapiesik,kasiapiesik,ChmurKasia 🐺⭐ || ValkoIsLoved,https://pbs.twimg.com/profile_images/1972744577774739456/HIUPfole_normal.jpg
425347682,AugustineSeven,AugustineSeven,Fatal Cutie ✨フェイタル・キューティ,https://pbs.twimg.com/profile_images/2079273719344906240/i_osLkQ3_normal.jpg
2062258314759565312,_mm980,_mm980,MM,https://pbs.twimg.com/profile_images/2084643619697238016/yKmac8zj_normal.jpg
1124728299438186496,valendorfo,valendorfo,Redimiro,https://pbs.twimg.com/profile_images/1970997801178841088/uRC-lIZQ_normal.jpg
1568093134566965249,IgnatiousEMS,IgnatiousEMS,IgnatiusFella,https://pbs.twimg.com/profile_images/1971496062322933760/w6KrcSrf_normal.jpg
1543188110,nino_prodigio,nino_prodigio,nino_prodigio,https://pbs.twimg.com/profile_images/1906078352131117056/-lU5z88l_normal.jpg
14864828,agentsmart,agentsmart,Agent Smart,https://pbs.twimg.com/profile_images/1873179644578676739/hzSyew7k_normal.jpg
1905910685441368064,kattayni,kattayni,Kattayni Basak,https://pbs.twimg.com/profile_images/2068584292608004096/8oswEUJH_normal.jpg
1907684755144847360,CrudeMastero,CrudeMastero,Roger Roger,https://pbs.twimg.com/profile_images/1967192797858897920/YZxJRbrl_normal.jpg
718958654,97chrstn,97chrstn,nip,https://pbs.twimg.com/profile_images/1619383664340500480/2OClVAay_normal.jpg
1645024224,Wolfstarzan,Wolfstarzan,Niklas,https://pbs.twimg.com/profile_images/1687398131414036480/T0DBm-Us_normal.jpg
2040256883852726272,daisyy2885121,daisyy2885121,daisyy,https://pbs.twimg.com/profile_images/2076890199095955456/Szb7aFSJ_normal.jpg
1495832766763749383,isoryami,isoryami,ortu yama,https://pbs.twimg.com/profile_images/1920280642887053312/vlfjekr-_normal.jpg
1216262583176585217,AyuBearGuy,AyuBearGuy,Ayu 🦋 (coms open),https://pbs.twimg.com/profile_images/2004065081764823040/AV_-SUKF_normal.jpg
1157750564853358593,Wassab47,Wassab47,Wassab,https://pbs.twimg.com/profile_images/1813666803815534592/ooXJ3hBq_normal.jpg
2079320034069946368,TheDreadAddict,TheDreadAddict,Marcella Nox,https://pbs.twimg.com/profile_images/2079320688490364928/G6VJfNK5_normal.jpg
793615335752511489,angelia_dark,angelia_dark,Aren Marlo,https://pbs.twimg.com/profile_images/2046596583454588928/EWDZoFKk_normal.jpg
2056795707604910080,1996I43994,1996I43994,🇳🇱Life and nature enjoyer👌,https://pbs.twimg.com/profile_images/2067330102971535360/EzovjOUQ_normal.jpg
1658934677309214723,HumanCinepede,HumanCinepede,Human Cinepede,https://pbs.twimg.com/profile_images/1983187874322259968/PhlylDEX_normal.jpg
1427587687276433415,Path19841,Path19841,Pathชน์,https://pbs.twimg.com/profile_images/2018981071749259264/FuBWJq48_normal.jpg
955301602717511681,rakshit_K49,rakshit_K49,Rakshit,https://pbs.twimg.com/profile_images/1970208582294802432/csgflTMO_normal.jpg
1489792274825424899,Cobrapapaoffour,Cobrapapaoffour,WithinTheCoffin,https://pbs.twimg.com/profile_images/2015455263998836736/0kdbLkQH_normal.jpg
1238757083287187457,JackCross20,JackCross20,Jack Cross,https://pbs.twimg.com/profile_images/2053507797485330432/1EMQw_3P_normal.jpg
1224704442743902211,kimelas1,kimelas1,Kimelas,https://pbs.twimg.com/profile_images/1993754925415780352/TM7nQWuc_normal.jpg
142892424,jansmont,jansmont,Jans,https://pbs.twimg.com/profile_images/1272573875008782336/rW4gHUyU_normal.jpg
979657336544403456,PannaBanerjee4,PannaBanerjee4,§ómə Ťhøųğhťş🎓,https://pbs.twimg.com/profile_images/1789917259600900096/tZmKu3WY_normal.jpg
2037773379172708352,BAndraw35243,BAndraw35243,🔖,https://pbs.twimg.com/profile_images/2060409637300572168/Bku3KBkq_normal.jpg
2074527500718297088,sofid23_3,sofid23_3,Sof p.,https://pbs.twimg.com/profile_images/2083710890747031552/8Ctb0ae2_normal.jpg
1850330276670341120,Mechanic76Jack,Mechanic76Jack,Mechanic76Jack,
2890572367,kaname_clan,kaname_clan,kana,https://pbs.twimg.com/profile_images/1818406238637711360/YH8D4tn6_normal.jpg
1959946856877658112,Ekinduverne,Ekinduverne,Ekindu julio Verne,https://pbs.twimg.com/profile_images/1959946976058806272/dMKvKJss_normal.png
1268463619538407424,Senser1405,Senser1405,Michel Bleeker,https://pbs.twimg.com/profile_images/1908785356662587392/dT1Bn5-5_normal.jpg
1798534806814248960,ShaunJoine10991,ShaunJoine10991,Shaun Joiner,https://pbs.twimg.com/profile_images/1798534892990472192/Em69A-2V_normal.png
975746846936256512,abrokensleeve,abrokensleeve,Bob,https://pbs.twimg.com/profile_images/2085453719278149632/dZSICAWu_normal.jpg
1425150127996510213,Sokudo_Tai,Sokudo_Tai,Sokudo Tai 🦊 :3,https://pbs.twimg.com/profile_images/2066247489427308544/oDA3Tmwd_normal.jpg
507250435,Lavitz_Reinhart,Lavitz_Reinhart,Lavitz_Reinhart,https://pbs.twimg.com/profile_images/1619865138789752832/fOBm1Nyb_normal.jpg
2474993330,real_divaa,real_divaa,Divya Jain,https://pbs.twimg.com/profile_images/2074152689886461952/vXXDex0F_normal.jpg
1124361798608662528,AReifengerst,AReifengerst,Arthur Reifengerst,https://pbs.twimg.com/profile_images/1699489255184072704/D7GEk3sp_normal.jpg
2078326951790649344,GeekWadeg,GeekWadeg,GeekWadeg,https://pbs.twimg.com/profile_images/2079527165599907840/XYCmJwjn_normal.jpg
1918514029758431236,FlewTheSkyz,FlewTheSkyz,Emiliano Diaz,https://pbs.twimg.com/profile_images/2063353774450888704/d35zoLTc_normal.jpg
4890870470,mjorgensonpanda,mjorgensonpanda,Yumcola,https://pbs.twimg.com/profile_images/2085477256848351232/mi7f0gTd_normal.jpg
519001382,_Astrogator_,_Astrogator_,Astrogator ʕ·ᴥ·ʔ ✊🟥,https://pbs.twimg.com/profile_images/2031379002917584896/3C4BIHwV_normal.jpg
1379298135034355712,arisetyo_v2,arisetyo_v2,AMP⚡️,https://pbs.twimg.com/profile_images/1973020553167736832/GJXtv6sg_normal.jpg
325294019,KataSeiko,KataSeiko,Kata Seiko,https://pbs.twimg.com/profile_images/1001630631040815105/crViJqt2_normal.jpg
1441666023657070592,taha_fury,taha_fury,taha fury,https://pbs.twimg.com/profile_images/1441666112752537602/uaIeH8Qy_normal.jpg
2040910390004195328,tsutsujigw,tsutsujigw,ツツジ,https://pbs.twimg.com/profile_images/2064722119817326593/WARfxvRc_normal.jpg
2025572666925780992,billbrownbooks,billbrownbooks,Bill Brown,https://pbs.twimg.com/profile_images/2064819367158702080/UjRI3mxe_normal.jpg
977947598,galank_refi,galank_refi,galang refi,https://pbs.twimg.com/profile_images/1556156406981890048/pB1_P1vf_normal.jpg
722127581504544768,jmnpab,jmnpab,jiminiepabo,https://pbs.twimg.com/profile_images/1767554183995985920/owxk1a7W_normal.jpg
939725191,full_metalia,full_metalia,hana 🪻,https://pbs.twimg.com/profile_images/2077963315800903680/fMf641b0_normal.jpg
43491508,maahgia,maahgia,maahgia,https://pbs.twimg.com/profile_images/1876724701545824256/7EV87yTt_normal.jpg
1170513427468574722,196bruna,196bruna,196bruna,https://pbs.twimg.com/profile_images/1804128658614812672/hSA7o0ro_normal.jpg
1221034751789760512,JimmyJab_,JimmyJab_,Jimmy 👽,https://pbs.twimg.com/profile_images/1714262169489989632/WfISsPJu_normal.jpg
1671385729086423040,mcbirdie98,mcbirdie98,James Tiberius Cat,https://pbs.twimg.com/profile_images/2032146575552888836/v1Bk_Zk7_normal.jpg
2949777159,Mighty_Ninyn,Mighty_Ninyn,"NinynVT, Multiverse Hero",https://pbs.twimg.com/profile_images/1797133925648674816/Ls7_tChf_normal.jpg
1450980874200260611,Hayden3065G,Hayden3065G,Hayden,https://pbs.twimg.com/profile_images/2086894260121395200/3nsFc2Gf_normal.jpg
180540588,LucianoBinak,LucianoBinak,OLLV,https://pbs.twimg.com/profile_images/1614416209054687232/1hX7AcBu_normal.jpg
929874000460861442,locr1ann,locr1ann,james (jet?),https://pbs.twimg.com/profile_images/2008081566694572032/wHd8iy_5_normal.jpg
1485396041297973248,NoShelterHereXX,NoShelterHereXX,John,https://pbs.twimg.com/profile_images/2036082206301687809/hzt0WK34_normal.jpg
974231373929242624,Alpaktol,Alpaktol,Nc313-Ai,https://pbs.twimg.com/profile_images/2065668805943312384/_qVF0BeR_normal.jpg
1679548158383104012,Dutch_django,Dutch_django,Dutch Django,https://pbs.twimg.com/profile_images/1962258098099310593/2weac6TV_normal.jpg
126381518,Luisgil8,Luisgil8,Luis Gil,https://pbs.twimg.com/profile_images/2077054552226856960/6T-s0QFR_normal.jpg
976340242881015814,el_triqui_,el_triqui_,el_triqui_,https://pbs.twimg.com/profile_images/2086895843131482112/FkULOQJi_normal.jpg
1074698833488199681,MizuVap,MizuVap,Mizu The Vaporeon,https://pbs.twimg.com/profile_images/1074699050685992963/xU24Dlhi_normal.jpg
1948483666729963520,TheSolHarvester,TheSolHarvester,SolHarvester,https://pbs.twimg.com/profile_images/1948490741426049025/gvfSjcp0_normal.jpg
1033501592144814080,MurderousPengu1,MurderousPengu1,MurderousPenguin,https://pbs.twimg.com/profile_images/1651309208770338818/YLlQ-y-h_normal.jpg
796505096,paulanfield,paulanfield,Capable,https://pbs.twimg.com/profile_images/1858963634807812096/9r6SOhMG_normal.jpg
2084574756293300224,Nexoraupnp,Nexoraupnp,nexora.ai,https://pbs.twimg.com/profile_images/2084576417292091392/JoUzFLG8_normal.jpg
1915138902874329088,t_abhysta,t_abhysta,Abhynata,https://pbs.twimg.com/profile_images/2086061284899147776/740I7icY_normal.jpg
1672755263898615810,BKBrawler672,BKBrawler672,Crook from the Brook 🗽 🇺🇸,https://pbs.twimg.com/profile_images/2080853495314272256/kzFZcNlc_normal.jpg
1896664987,LoveIrreverence,LoveIrreverence,Kenneth Henry Deome,https://pbs.twimg.com/profile_images/1640540521331560449/ixclww4e_normal.jpg
204832963,TheTweetOfGod,TheTweetOfGod,TheTweetOfGod,https://pbs.twimg.com/profile_images/1887940656410279937/49992J9R_normal.jpg
1998237374581768192,GonzalesMa69846,GonzalesMa69846,Jaja.Gonzales,https://pbs.twimg.com/profile_images/1998244785145151488/C6cB0qxc_normal.jpg
67673647,LadyDiBi78,LadyDiBi78,Lady Di,https://pbs.twimg.com/profile_images/1593056640944717825/v17MtWuG_normal.jpg
1915443544740810753,LeslieM377968,LeslieM377968,Leslie M,https://pbs.twimg.com/profile_images/1915444490736726016/Cg2Kj46o_normal.jpg
1347022860754300934,AdmiralKenobi,AdmiralKenobi,Admiral Kenobi,https://pbs.twimg.com/profile_images/1610092717932953601/edQj_BXP_normal.jpg
2074711160205750272,xyz2317ev,xyz2317ev,Mr. XYZ,https://pbs.twimg.com/profile_images/2074718228006457345/ZBKv8LXB_normal.jpg
716146076860956672,Josegr8315,Josegr8315,Jose garcia,https://pbs.twimg.com/profile_images/1174258056189939714/hf1-VEGP_normal.jpg
780541331969970176,VenomTheDemon,VenomTheDemon,Valentino Ferrer,https://abs.twimg.com/sticky/default_profile_images/default_profile_normal.png
1561116362541617159,GoTheDon_,GoTheDon_,Ghostboi Goki - Go The Don 🐉,https://pbs.twimg.com/profile_images/2085275461559410688/82t4sbZQ_normal.jpg
1907158995162542080,Im_Alien_X,Im_Alien_X,Alien X,https://pbs.twimg.com/profile_images/2058858722806648832/Pfr17Toy_normal.jpg
1705266366423412736,yyunjap,yyunjap,🏆,https://pbs.twimg.com/profile_images/2064833564458274816/m0gXjX1T_normal.jpg
1820560316364738560,YuriSonovabich,YuriSonovabich,Yuri Sonovabich,https://pbs.twimg.com/profile_images/1874422808526098432/kSBo_2aS_normal.jpg
1497376709250846726,mikeassad77,mikeassad77,Mike Assad,https://pbs.twimg.com/profile_images/2026035679017218050/vkwSXJ8Z_normal.jpg
339120667,CormioClaudia,CormioClaudia,Claudia Colucci,https://pbs.twimg.com/profile_images/2008560907383668736/EXeUtUxf_normal.jpg
1779355433507131392,jjinjooooooo,jjinjooooooo,ayam_beranak,https://pbs.twimg.com/profile_images/2081035174385737728/828KdpW6_normal.jpg
1687516676697313280,cynth_ai,cynth_ai,Cynth.AI 🤖🎶 | Musical Android Vtuber | 🔜OffKai,https://pbs.twimg.com/profile_images/1921062057262161920/XD0Zu-Yr_normal.jpg
1574657948005056512,ShiroZevalia,ShiroZevalia,ShiroZevalia,https://pbs.twimg.com/profile_images/1855017046041354240/Rxj4wboU_normal.jpg
1686800951628230661,nickfuta,nickfuta,Randall Everett,https://pbs.twimg.com/profile_images/1686801069135851527/NZYprVAc_normal.jpg
1870215768908156928,John40910139245,John40910139245,John40910139245,https://abs.twimg.com/sticky/default_profile_images/default_profile_normal.png
2085487820953587712,K_anders4,K_anders4,Koen Anderson,https://abs.twimg.com/sticky/default_profile_images/default_profile_normal.png
1795738701517004800,LeeyahWatson,LeeyahWatson,Haliyah♡🌸💕,https://pbs.twimg.com/profile_images/2037695086637793280/KNkrWpgp_normal.jpg
1594613630389342208,FlippeRFlappeR6,FlippeRFlappeR6,FlippeR FlappeR,https://pbs.twimg.com/profile_images/1594613708504043522/DJ-kx2go_normal.png
3123485184,WaldosMomkf,WaldosMomkf,WaldosMomkf,https://pbs.twimg.com/profile_images/2082673288422293504/9OjMi8qc_normal.jpg
3463873814,Uazjanx,Uazjanx,Uazjanx,https://pbs.twimg.com/profile_images/640359677222502401/mxy0Ok5h_normal.jpg
1858218886019112960,donboogiegtm,donboogiegtm,Don6ixx,https://pbs.twimg.com/profile_images/2050846515116257280/w7_Fgl59_normal.jpg
3184927000,BigHero_7,BigHero_7,Philip Agbo,https://pbs.twimg.com/profile_images/726207092231692289/oJ4LNR16_normal.jpg
2023016903124647937,nwptuney,nwptuney,neptunee,https://pbs.twimg.com/profile_images/2073590036688510976/IvFJKGKo_normal.jpg
904113662050304000,TelehellPodcast,TelehellPodcast,TelehellPodcast,https://pbs.twimg.com/profile_images/2034019184540061697/OCHWu4Vk_normal.jpg
1621216586714447881,karsanta369,karsanta369,karla Santamaria,https://pbs.twimg.com/profile_images/1871564701005426688/xaaUJN5m_normal.jpg
1572890155937107970,Blackhawk25219,Blackhawk25219,Black Hawk,https://pbs.twimg.com/profile_images/2032988512933306368/m6d0BDNc_normal.jpg
2053154812204625923,kaursandy28,kaursandy28,Sandeep Kaur,https://pbs.twimg.com/profile_images/2087027540749606912/QRLF1dTA_normal.jpg
28383714,Otografo,Otografo,Oto grafo,https://pbs.twimg.com/profile_images/2058177683507290113/FLLFdE3U_normal.jpg
1630689500752912387,preshdontcare_,preshdontcare_,crazy tiktok comments,https://pbs.twimg.com/profile_images/2082618996881330176/-9LykgbN_normal.jpg
1925023412218400768,Smarttv995600,Smarttv995600,Smarttv,https://pbs.twimg.com/profile_images/1925023702191886336/XmW_34Kl_normal.png
1689788220018446341,FudgeFace4000,FudgeFace4000,Fudge Face4000,https://pbs.twimg.com/profile_images/1689788494481145856/uOm72nOz_normal.jpg
1803016706807537664,dxvivivine,dxvivivine,vivienne —,https://pbs.twimg.com/profile_images/2042795778851377156/1jz80Grm_normal.jpg
947854873017618432,CHFerraraWriter,CHFerraraWriter,Chelsea George,https://pbs.twimg.com/profile_images/1594889543215456256/7VqEnMdr_normal.jpg
249872056,GoddessJoules,GoddessJoules,🪬 Goddess Joules Opia Femdom Hypnosis,https://pbs.twimg.com/profile_images/1798457543544406016/B4IbRZoM_normal.jpg
16178838,a_space_alien,a_space_alien,🇵🇭Homoludens Pro Deluxe🏳️‍🌈🌏,https://pbs.twimg.com/profile_images/2062264234474369024/MVy2vM0f_normal.jpg
2051834500469149696,ABTF345,ABTF345,Alec Baldwins Trigger Finger,https://abs.twimg.com/sticky/default_profile_images/default_profile_normal.png
735980143156432897,Disregardian,Disregardian,Disregardian,https://pbs.twimg.com/profile_images/1909124637021351936/tb-v09rt_normal.jpg
1993665066219220992,samuel_sco30932,samuel_sco30932,Samuel Scott,https://pbs.twimg.com/profile_images/1993665144459825152/GbuGj75b_normal.png
1394438401789632516,WeaponXrp,WeaponXrp,weaponxrp,https://pbs.twimg.com/profile_images/2015656753258725376/o9MlvT2c_normal.jpg
22585003,TaraBroadway,TaraBroadway,Tara Broadway🎬,https://pbs.twimg.com/profile_images/2021065286955196416/mDjbfAk__normal.jpg
1557110050950418434,idreamcodes,idreamcodes,DREAMER,https://pbs.twimg.com/profile_images/1930915146550870016/sMfqs6Uz_normal.jpg
862860604759044096,batterib_,batterib_,sofie g.,https://pbs.twimg.com/profile_images/2063631712203010048/aVnSKSn3_normal.jpg
1825782651258810368,getmeoittajere,getmeoittajere,Cholie,https://pbs.twimg.com/profile_images/2021707255331381248/d5XBHrSu_normal.jpg
519271618,5ithGen,5ithGen,Trey,https://pbs.twimg.com/profile_images/936110863269974016/8DXz6wIk_normal.jpg
2076084226823172096,Bans_4f,Bans_4f,Bans,https://pbs.twimg.com/profile_images/2076085608380805120/49S3adZj_normal.jpg
1391026117876781060,kallakamarar,kallakamarar,ROSE,https://pbs.twimg.com/profile_images/2067118578726293504/K-DZbwZx_normal.jpg
1319312524840488962,EmbaobaOscar8,EmbaobaOscar8,EmbaobaOscar8,https://pbs.twimg.com/profile_images/2086216605575299072/wi2a-6QG_normal.jpg
1606070437191876615,SleepdocGK,SleepdocGK,Glenn Kletzky,https://pbs.twimg.com/profile_images/1606070560982564864/nX0HgobJ_normal.jpg
724750241178644481,toniblancop,toniblancop,Toni,https://pbs.twimg.com/profile_images/1854438161000144907/d6KMxK_9_normal.jpg
1975911806695608321,VZZVWF,VZZVWF,PsyOptimus,https://pbs.twimg.com/profile_images/2074817723289206784/BeK-HSh6_normal.jpg
1288604995168935936,Dear__m3,Dear__m3,Ability ♣️,https://pbs.twimg.com/profile_images/2020970103781888000/4u2yg3M3_normal.jpg
2083773443254697984,Northstar_Snow,Northstar_Snow,MoonlightSerenade,https://pbs.twimg.com/profile_images/2083798344187461632/Zc6EcIhf_normal.jpg
356000956,arikalestin,arikalestin,Arika Lestin,https://pbs.twimg.com/profile_images/1445881895166808072/HOIRx0RB_normal.jpg
139393372,inkslinger97,inkslinger97,Atti,https://pbs.twimg.com/profile_images/1938283799495733248/98_ZwHDD_normal.jpg
1641991838281134083,Nelle9971123571,Nelle9971123571,Roxy Dale,https://pbs.twimg.com/profile_images/2069397788937592833/O5wrCZew_normal.jpg
2080030268069482496,InvestOutLoudUK,InvestOutLoudUK,Invest Out Loud 🇬🇧,https://pbs.twimg.com/profile_images/2080041214485594113/WMTKHQH4_normal.jpg
1424676394404093956,AphexR6,AphexR6,Luli,https://pbs.twimg.com/profile_images/2084107464560009216/O2FpJ_WS_normal.jpg
1331361013858447360,Flamindog69,Flamindog69,Flamindog69,https://pbs.twimg.com/profile_images/1948957926409793537/rbNb_bxb_normal.jpg
1739938679475388416,NickFemi,NickFemi,manlikedominic👑,https://pbs.twimg.com/profile_images/2086754295202959360/dK9ck9vE_normal.jpg
1220421734781923330,daveO1702,daveO1702,daveO,https://pbs.twimg.com/profile_images/1757508616599269376/nr1-7zkT_normal.jpg
2075357363670757376,DailyJackedAI,DailyJackedAI,DailyJackedAI,https://pbs.twimg.com/profile_images/2076781147120336896/oVxxkm9A_normal.jpg
3941679148,TurnUpDayz,TurnUpDayz,The Soft Doll Models ✨,https://pbs.twimg.com/profile_images/2083310052111212544/EnkmSzHP_normal.jpg
935860683056365574,banggawankena,banggawankena,its.zoey 🏳️‍⚧️,https://pbs.twimg.com/profile_images/2080669454845792256/L3UTVESU_normal.jpg
1684389906486009856,AdrianOliv58435,AdrianOliv58435,VANYA ALEKSANDROV,https://pbs.twimg.com/profile_images/2086616018093506560/PXGciddw_normal.jpg
292175763,guaranteed_O,guaranteed_O,Fantasma,https://pbs.twimg.com/profile_images/1932608294083772416/xgbYDkw4_normal.jpg
3003901060,Zrksys,Zrksys,Zrksys_24,https://pbs.twimg.com/profile_images/570966056005427200/mW9VT9Fb_normal.jpeg
3504117437,Emstringz1,Emstringz1,emstringz,https://pbs.twimg.com/profile_images/1879634761624305664/RS6tslqJ_normal.jpg
1277592783558148097,black_presh_,black_presh_,PULCH 💕,https://pbs.twimg.com/profile_images/1633894311849803806/uXja1UWG_normal.jpg
1903434174683648000,rich_reo1,rich_reo1,RichREO,https://pbs.twimg.com/profile_images/1903435943971000320/BDbXZcBh_normal.jpg
1577406868149964804,_Francleen,_Francleen,_Francleen,https://pbs.twimg.com/profile_images/2001729111471886336/tR7uMv_u_normal.jpg
1605524632085626880,arioonnn11,arioonnn11,arion,https://pbs.twimg.com/profile_images/1844063682344648707/yRgWU9Wh_normal.jpg
1660681042439852036,Maverick7766,Maverick7766,Maverick,https://pbs.twimg.com/profile_images/2078159631537598465/yzZlwlIW_normal.jpg
1803088316113563648,zacktbwbw,zacktbwbw,聖 ZAKT,https://pbs.twimg.com/profile_images/2085464732761513984/9aScyKSW_normal.jpg
701340847372169216,7Lustro,7Lustro,(♀)reflection,https://pbs.twimg.com/profile_images/1994244222132613120/12MCtuef_normal.jpg
224017263,willams_andrade,willams_andrade,Віламс,https://pbs.twimg.com/profile_images/2085794637482958848/2E36GIIB_normal.jpg
86997105,ewelynfreitas_,ewelynfreitas_,ewelynfreitas_,https://pbs.twimg.com/profile_images/1924913669097373696/hFzvdCmm_normal.jpg
1258442711713091584,MarcoBillsES,MarcoBillsES,Marco Bills,https://pbs.twimg.com/profile_images/2030083002596749312/buQZEj7U_normal.jpg
1066452426,Philly_P87,Philly_P87,Philly,https://pbs.twimg.com/profile_images/1897839914605056000/9ZRhq06s_normal.jpg
2080446814528917504,justmkmod,justmkmod,Mkmod,https://pbs.twimg.com/profile_images/2083195831226662913/tIKxtTzU_normal.jpg
1886574729298862080,bobbyrichie24,bobbyrichie24,Bobby 👽,https://pbs.twimg.com/profile_images/2085450204086476800/hRJdt2SV_normal.jpg
2085419847656079361,overreactinghuh,overreactinghuh,seek help,https://pbs.twimg.com/profile_images/2085420710801895424/d7fScySz_normal.jpg
1119900696868823041,XCarbonado,XCarbonado,Carbonado,https://pbs.twimg.com/profile_images/1625000238389018624/YFbhG1fZ_normal.jpg
1025320496584261635,niejoonjoonie_,niejoonjoonie_,gagang pintu,https://pbs.twimg.com/profile_images/2077855761242427392/nX6gU1C1_normal.jpg
2076390681476751360,Corebear667,Corebear667,Cory cosmos ✨☪️,https://pbs.twimg.com/profile_images/2086984147491299328/yx23XHa8_normal.jpg
1460283925,tszzl,tszzl,tszzl,https://pbs.twimg.com/profile_images/1918970926668054530/fy-ZsgJ7_normal.jpg
4398626122,OpenAI,OpenAI,OpenAI,https://pbs.twimg.com/profile_images/1885410181409820672/ztsaR0JW_normal.jpg
1353836358901501952,AnthropicAI,AnthropicAI,AnthropicAI,https://pbs.twimg.com/profile_images/1798110641414443008/XP8gyBaY_normal.jpg
1841988608825466880,america,america,america,https://pbs.twimg.com/profile_images/1842003465448398848/U3EZmdUz_normal.jpg
1737604455057575936,DevanteRac91977,DevanteRac91977,Devante Rackley,https://pbs.twimg.com/profile_images/1737604522900357121/ZJqGG67F_normal.jpg
2009074997202223104,ClamsMyWay,ClamsMyWay,ClamsMyWay,https://pbs.twimg.com/profile_images/2009075180295925760/nDPGeHnd_normal.jpg
1419472916,96_Giuliano,96_Giuliano,96_Giuliano,https://pbs.twimg.com/profile_images/1336042221703933953/NUjcsykR_normal.jpg
252727643,FrostForger,FrostForger,FrostForger,https://pbs.twimg.com/profile_images/1959944286897602560/pmU3cqXa_normal.jpg
295500364,ASHFAQALI1,ASHFAQALI1,Ashfaq Ali,https://pbs.twimg.com/profile_images/2083248980738142208/IAegA57E_normal.jpg
901165227756191745,ars19148,ars19148,A.R.S,https://pbs.twimg.com/profile_images/1301634060205395973/2TC5t_Qh_normal.jpg
1453817684982915072,MdMeironHassen,MdMeironHassen,MdMeironHassen,https://pbs.twimg.com/profile_images/2055028327782453249/mkNJWl5K_normal.jpg
1728656310,ethiosamtam,ethiosamtam,Samson,https://pbs.twimg.com/profile_images/1835964876373532672/TUJK9cNY_normal.jpg
1842085289931767811,Tunamaniac,Tunamaniac,Tunamaniac,https://pbs.twimg.com/profile_images/1944524548608491520/BWW64402_normal.jpg
1197618536820199424,Certifiedwockee,Certifiedwockee,CenTRe oF AttRActION,https://pbs.twimg.com/profile_images/2027568771326742531/GU4EWfXD_normal.jpg
1691812733379829760,zigthedrig,zigthedrig,Nikki,https://pbs.twimg.com/profile_images/2087157656121126912/p8VYk5u8_normal.jpg
1588037470096171014,isawhyts,isawhyts,D-BLACKS,https://pbs.twimg.com/profile_images/2039227352300060672/nkeYpksA_normal.jpg
945854941,MALXOLiD,MALXOLiD,XOLiD,https://pbs.twimg.com/profile_images/2006470413640151045/jfI4dNWA_normal.jpg
517077573,markiplier,markiplier,markiplier,https://pbs.twimg.com/profile_images/1511102924310544387/j6E29xq6_normal.jpg
985219333,SpectralRose,SpectralRose,Rose Levire,https://pbs.twimg.com/profile_images/1668651903473860610/1YFVpYdb_normal.png
27032124,SeanMullally,SeanMullally,Sean Mullally,https://pbs.twimg.com/profile_images/2072667541898674176/V1YsJYRW_normal.jpg
1293274073041121286,hailstormm78906,hailstormm78906,AUTHENTIC,https://pbs.twimg.com/profile_images/1913788171197759488/KDEmY1VK_normal.jpg
1442347387045900291,VedantKorade,VedantKorade,Vedant Korade,https://pbs.twimg.com/profile_images/1442347464950910979/D9JzRJHW_normal.jpg
2052769931230617600,Ninth__Crow,Ninth__Crow,Crowitch,https://pbs.twimg.com/profile_images/2085445927968665600/1Qn4Wbc7_normal.jpg
163935381,Kitsym303,Kitsym303,Whitey Ford,https://pbs.twimg.com/profile_images/1395150427969101824/iqT3Srl7_normal.jpg
1102197907393052672,numbsplit,numbsplit,thirdeyesplit,https://pbs.twimg.com/profile_images/1993352196251873280/rEH-sXP4_normal.jpg
1672935290229628933,odieodol,odieodol,O🪻,https://pbs.twimg.com/profile_images/2038474763727958016/SPzQPlT4_normal.jpg
1749673754290999296,chris_opar,chris_opar,Opar Chris 🇺🇸 🇺🇬,https://pbs.twimg.com/profile_images/2073048421162692608/dQS8eJzj_normal.jpg
1426159375,RossElderWrites,RossElderWrites,Ross Elder,https://pbs.twimg.com/profile_images/2070307084340449280/y5ThROUt_normal.jpg
1666733972884271109,Milksteak23,Milksteak23,Milksteak23,https://pbs.twimg.com/profile_images/2016617151495278592/9kV-T7u0_normal.jpg
1528150855827996673,vzlam_,vzlam_,vzlam_,https://pbs.twimg.com/profile_images/1528150974170284037/W8FB8a-b_normal.jpg
2050095342277074944,Kiranoops,Kiranoops,PRIME,https://pbs.twimg.com/profile_images/2085696942043189248/nt2e95TY_normal.jpg
1619963240443936773,PYOTRPERVYY,PYOTRPERVYY,Alx⚔️,https://pbs.twimg.com/profile_images/2085650120599801856/F2dkJkcA_normal.jpg
1852288662236516352,BecckyB243959,BecckyB243959,Becky Arerebo,https://pbs.twimg.com/profile_images/1886043159949348864/7VE7PZOX_normal.jpg
49022055,boyezshemu,boyezshemu,Shem M. 🇰🇪,https://pbs.twimg.com/profile_images/1352989669718372353/EsNRnDkC_normal.jpg
1465743524175958019,ziyasoltan,ziyasoltan,Ziya Soltan,https://pbs.twimg.com/profile_images/2011073249174568960/LyxOmUF8_normal.jpg
914869064975007746,NishanSingh_08,NishanSingh_08,Nishan Singh,https://pbs.twimg.com/profile_images/2073418621372813312/tx-32KT0_normal.jpg
2085315178627805184,kayscollection7,kayscollection7,kays_asthetics,https://pbs.twimg.com/profile_images/2085316197591973888/BbYdEhdL_normal.jpg
1651539993783857153,fred_Erickee,fred_Erickee,blvackbouyfred,https://pbs.twimg.com/profile_images/2074246258307330048/IJzTRIV2_normal.jpg
1884265341481598976,umanitek,umanitek,umanitek,https://pbs.twimg.com/profile_images/1889297676782407680/DXybtDpb_normal.jpg
1683498437059432449,Gnome_DeGuerre,Gnome_DeGuerre,"🇺🇦Col. Gnome, 9th Antifa Brigade🇺🇦",https://pbs.twimg.com/profile_images/1683498604370206721/peaP6CWh_normal.jpg
772508448739254272,ctekien123,ctekien123,Wynter.pro,https://pbs.twimg.com/profile_images/1169300517161447424/5sUMHUEG_normal.jpg
1724774506370408448,FuturesPropFX,FuturesPropFX,Futures💰,https://pbs.twimg.com/profile_images/2085102253732429824/pFbhvrA4_normal.jpg
743917113081995264,Ogbonnayaantho1,Ogbonnayaantho1,Anthony.C,https://pbs.twimg.com/profile_images/1582160132477227010/u2GSJeNo_normal.jpg
1699289340390563840,lezcarina,lezcarina,Carina A 🏳️‍🌈🌈,https://pbs.twimg.com/profile_images/1925469899033382912/SGfDecHe_normal.jpg
726415688,DystopianMard,DystopianMard,Kryptonian Mentality,https://pbs.twimg.com/profile_images/1232752460592287744/ejxH7PMJ_normal.jpg
1323388124,ernster96,ernster96,ernie,https://pbs.twimg.com/profile_images/1207472255036469248/a_kaDNZL_normal.jpg
1509636551801769990,Skaseeh,Skaseeh,Lena Drachenliebling,https://pbs.twimg.com/profile_images/1509636668751597584/pR3GPTPN_normal.jpg
1898020906544562176,ValuBoy,ValuBoy,𝙑𝙖𝙡𝙪𝘽𝙤𝙮,https://pbs.twimg.com/profile_images/2055454600074067968/u1Jj6SKG_normal.jpg
2085385543039254528,not_Tomzy,not_Tomzy,Tom,https://pbs.twimg.com/profile_images/2085386977407320064/Wy9RY_Be_normal.jpg
1841233688236888066,stay_soberr,stay_soberr,KEEP it REAL,https://pbs.twimg.com/profile_images/1997497270934147072/WtIr4y6y_normal.jpg
2009356963000537090,TooLateClub,TooLateClub,Savage,https://pbs.twimg.com/profile_images/2080687559294832640/fiGYmCkI_normal.jpg
1453808494620987392,Freezezzy,Freezezzy,Ebon Sol,https://pbs.twimg.com/profile_images/1454208760985968642/OKISllMB_normal.jpg
1900571965179781120,513on2K,513on2K,513on2K,https://pbs.twimg.com/profile_images/2053929294364028928/X8X3UUDy_normal.jpg
1333675572879233025,cawcawmofo,cawcawmofo,ARCHON DEFENSE SQUAD™️,https://pbs.twimg.com/profile_images/1546963673947574278/XAlPU3cT_normal.jpg
1993439137739751424,LifeOfKaycee_,LifeOfKaycee_,KALH,https://pbs.twimg.com/profile_images/2049941536696098816/AeTiX2r1_normal.jpg
1238607539119566848,Olawoyin011,Olawoyin011,OLAWOYIN💎,https://pbs.twimg.com/profile_images/2059742297294540804/jDoibc9Z_normal.jpg
2065171984825139200,Oliverkopji_,Oliverkopji_,Read and Rants,https://pbs.twimg.com/profile_images/2083677997165326338/2fh7JKfv_normal.jpg
522162222,hdbakahebbele,hdbakahebbele,Helen,https://pbs.twimg.com/profile_images/1617634613781733376/IV6JMAUL_normal.jpg
1698916085561499648,quakerscot,quakerscot,Bryan,https://pbs.twimg.com/profile_images/1830397985672314881/1USrhDBB_normal.jpg
14631333,CecilT,CecilT,TehCecil,https://pbs.twimg.com/profile_images/2040463359624232960/m1LNtXk4_normal.jpg
1121959808,AnupamHaldkar,AnupamHaldkar,Anupam Haldkar ,https://pbs.twimg.com/profile_images/2044764404819050496/-lWVPZ6e_normal.jpg
2070772469838082048,solaceax01,solaceax01,⋆𐙚Solacea˚⊹♡,https://pbs.twimg.com/profile_images/2073111509904003072/W3K3axm7_normal.jpg
48570259,sourpusssol,sourpusssol,"sol, the boiola",https://pbs.twimg.com/profile_images/2046211800904224768/HD-jqfuo_normal.jpg
33581416,jsvasc,jsvasc,jsvasc,https://pbs.twimg.com/profile_images/1413346314805514240/ExYqxT7p_normal.jpg
1709058271,pasha0510,pasha0510,Андреев Паша,https://abs.twimg.com/sticky/default_profile_images/default_profile_normal.png
2035107092382752768,Abdulsheid13985,Abdulsheid13985,ABDULSHEID AHMED,https://pbs.twimg.com/profile_images/2073688848270266368/V-Hia_Gh_normal.jpg
1522771605969154049,musksverse,musksverse,MUSKVERSE 🚀,https://pbs.twimg.com/profile_images/2087286061932183554/L5ZEqQhO_normal.jpg
1610006979023446017,SwillIriogbe,SwillIriogbe,Wills,https://pbs.twimg.com/profile_images/2033676809288445952/U6Yb0h_C_normal.jpg
2013238437181014016,meekness435011,meekness435011,FOR-ThOU-ART-WITH-ME📊,https://pbs.twimg.com/profile_images/2069681678537105408/A73PCPzC_normal.jpg
43315462,chrismck_twit,chrismck_twit,Chris McKernan,https://pbs.twimg.com/profile_images/2950826187/fc17abdab6fef7183b78e9f53aa6d15d_normal.jpeg
1229416396641140738,waitwhat027,waitwhat027,Kuru,https://pbs.twimg.com/profile_images/2055699396965343232/MDZqze8q_normal.jpg
1482022733760372741,katSam93,katSam93,KatSam,https://pbs.twimg.com/profile_images/1482064390014779395/TGX5GdNT_normal.jpg
1620500855597285376,MobeeJeremiah,MobeeJeremiah,jerry 💯,https://pbs.twimg.com/profile_images/2075479737497985024/qmexfrAK_normal.jpg
1936882271073513473,marc02200,marc02200,Marc ₿,https://pbs.twimg.com/profile_images/1993253794986008576/gjAWQ9JW_normal.jpg
1978336249770582016,VibesDc68390,VibesDc68390,DC Vibes 🇪🇸🇦🇷,https://pbs.twimg.com/profile_images/2042210519558283264/WnFrXAgE_normal.jpg
2066107326797672448,Vibes_2107,Vibes_2107,Vibes,https://pbs.twimg.com/profile_images/2066911190425698305/V4Hf9AJd_normal.jpg
280650027,KOD3DVIB3Z,KOD3DVIB3Z,𝕂𝕆𝔻3𝔻 𝕍𝕀𝔹3ℤ 👽,https://pbs.twimg.com/profile_images/1256003683294248961/vIOn3_3G_normal.jpg
481016172,jriyanu,jriyanu,jriyanu,https://pbs.twimg.com/profile_images/2070275394909929472/W6ojKPNI_normal.jpg
1729022890123608065,Kidwithapennn,Kidwithapennn,kidwithapennn,https://pbs.twimg.com/profile_images/2046927761223081984/-7ds8IAj_normal.jpg
297534012,VampEvilL,VampEvilL,Vampevil,https://pbs.twimg.com/profile_images/2085789804340387840/gzTuho8S_normal.jpg
584664788,andyman2805,andyman2805,Andrew Maclimdehill 🇬🇧🍻,https://pbs.twimg.com/profile_images/1485707828857868288/E2A_KzX7_normal.jpg
1747186319799820288,erlina_yu,erlina_yu,Lina,https://pbs.twimg.com/profile_images/1747186426771296256/F4UNMJkj_normal.jpg
14562334,MrSacs,MrSacs,MrSacs ☕🧑‍💻,https://pbs.twimg.com/profile_images/1930282257756852227/4s75rhuc_normal.jpg
1594976770977337346,CalvinB05581904,CalvinB05581904,Calvin Bernard,https://pbs.twimg.com/profile_images/1594976831907975169/pqyb-sfj_normal.png
2057829849041879041,NdukeobongMA,NdukeobongMA,Ndukeobong Akpan,https://abs.twimg.com/sticky/default_profile_images/default_profile_normal.png
866599735641088001,GreatGuyGaming1,GreatGuyGaming1,GreatGuyGaming,https://pbs.twimg.com/profile_images/1283237184258990085/2dCxNmTJ_normal.jpg
2084322916859011072,SO4Square,SO4Square,Liza,https://pbs.twimg.com/profile_images/2084324540016939008/i3flbKoZ_normal.jpg
2076362031968509952,Pinkyss_World,Pinkyss_World,pinky,https://pbs.twimg.com/profile_images/2076364433668845568/9wAx4UHP_normal.jpg
2064752502780645376,EVMinisterElija,EVMinisterElija,Minister Elijah,https://pbs.twimg.com/profile_images/2064753217515204608/4HL4m1or_normal.jpg
1410957852181663744,misspretty1v,misspretty1v,misspretty1v,https://pbs.twimg.com/profile_images/2074207885823819776/Vpf9YJod_normal.jpg
167337099,Yashthkr0,Yashthkr0,Yash 💜,https://pbs.twimg.com/profile_images/2014956049636413440/-vTRkqMM_normal.jpg
2615435082,e_Zee_non,e_Zee_non,Zenon,https://pbs.twimg.com/profile_images/487225208277716992/xHskwyYH_normal.jpeg
2033398134899154944,mizugic17,mizugic17,Mila Žugić,https://pbs.twimg.com/profile_images/2033400911041859584/JSND0uao_normal.jpg
1793171146721890305,CatMunchy786,CatMunchy786,theMunchyCat,https://abs.twimg.com/sticky/default_profile_images/default_profile_normal.png
1760697183370715137,motosserra672,motosserra672,Н͎у͎н͎о͎ ͎💀🏑,https://pbs.twimg.com/profile_images/1816797738199060480/dy47fYW__normal.jpg
1666694541083115520,OneShotPot1448,OneShotPot1448,OneShotPot,https://abs.twimg.com/sticky/default_profile_images/default_profile_normal.png
1992954973378973696,azi_azuzu,azi_azuzu,"titikoma .,",https://pbs.twimg.com/profile_images/2071828444644564992/DSA5hExD_normal.jpg
1561880513090043906,StSm1th,StSm1th,"dave man, just dave",https://pbs.twimg.com/profile_images/1563889249375617027/GpEg0goe_normal.jpg
2025827371027484672,oba752259,oba752259,Omo Oba,https://abs.twimg.com/sticky/default_profile_images/default_profile_normal.png
1274618178727841794,__abhisheak__,__abhisheak__,Abhisheak,https://pbs.twimg.com/profile_images/1983258211387129856/mnSm1puc_normal.jpg
1737400965165125632,TitoXaaniolk152,TitoXaaniolk152,Tito,https://pbs.twimg.com/profile_images/1737401192701952000/KuQgeIAN_normal.jpg
2079101844174086144,AnimeHeaven7Th,AnimeHeaven7Th,Anime Heaven7Th,https://pbs.twimg.com/profile_images/2079849325103075328/L1mXNtWU_normal.jpg
2050497076211875840,dmonslayedits,dmonslayedits,Bless_O,https://pbs.twimg.com/profile_images/2050499627347034112/Nw6LyU9u_normal.jpg
1045807628721491969,OneGolden234,OneGolden234,Golden234,https://pbs.twimg.com/profile_images/1045829245446979584/hK1kjypC_normal.jpg
1069648379343441920,WarWolfe04,WarWolfe04,EeqieSolo,https://pbs.twimg.com/profile_images/1646721968685588480/n2xHGbC3_normal.jpg
51150862,estelabr10,estelabr10,FlorecitaParlante 🌻🇻🇪,https://pbs.twimg.com/profile_images/1217852615414906881/z034q0Cr_normal.jpg
1962010128439562240,gangle_gang,gangle_gang,NPC,https://pbs.twimg.com/profile_images/2085320473517428736/yusgF6M7_normal.jpg
2017820973307711488,ChiObafemi,ChiObafemi,Obafemi Chi,https://pbs.twimg.com/profile_images/2017821863074832384/lTq2fpNs_normal.jpg
2071378621726433280,not7fish,not7fish,Fish In Trenchcoat,https://abs.twimg.com/sticky/default_profile_images/default_profile_normal.png
1654152755437608960,THEREFLEX968336,THEREFLEX968336,xxx,https://pbs.twimg.com/profile_images/1817605436771610624/550BFEI9_normal.jpg
1837593858697531392,ContractAssassi,ContractAssassi,Bigshark🦅,https://pbs.twimg.com/profile_images/2078086548856221696/qosePY_f_normal.jpg
1696946343091097600,AwanWeb3,AwanWeb3,Awan,https://pbs.twimg.com/profile_images/2063417059518599168/y-toRl4W_normal.jpg
2067516387128496128,niverb_,niverb_,KARIS.,https://pbs.twimg.com/profile_images/2067884214620446720/H9TMISAs_normal.jpg
1183087039069249546,THINKFL0YD,THINKFL0YD,THINKFLOYD 🗣,https://pbs.twimg.com/profile_images/1994240212294135808/Ue7IwRop_normal.jpg
1915119540024885248,PissOffM89,PissOffM89,PissOffM89,https://pbs.twimg.com/profile_images/1915119807285837824/Z1xp1RJ8_normal.jpg
1994273208212824067,VallenPrimeX,VallenPrimeX,Vallen Prime X,https://pbs.twimg.com/profile_images/2073979294108233728/hU_CBRNO_normal.jpg
2057779423084953600,SoftyBecoming,SoftyBecoming,Softy Becoming,https://pbs.twimg.com/profile_images/2057780387812659201/4bUkcF-1_normal.jpg
1870489553120751616,0xgekc0,0xgekc0,Gekco🦎,https://pbs.twimg.com/profile_images/1968939493639036928/ukyT_B1i_normal.jpg
1180906184313724928,Nick76220740,Nick76220740,Hello There,https://pbs.twimg.com/profile_images/2077100671606968320/FytewQ4M_normal.jpg
1813924431401545728,vintagebodyarts,vintagebodyarts,Gift Akpabio,https://pbs.twimg.com/profile_images/1813924610686984193/zUIui0WN_normal.jpg
1142087054,PELASTICK,PELASTICK,🦈,https://pbs.twimg.com/profile_images/2018315044333981696/achOcBr4_normal.jpg
1774569241821229056,mywallet_io,mywallet_io,My Wallet,https://pbs.twimg.com/profile_images/2067184971647987712/hrI-tjSX_normal.jpg
1983184419482677253,MORGANMAXW61944,MORGANMAXW61944,Hallow,https://pbs.twimg.com/profile_images/2074901094233186304/wJBfFElf_normal.jpg
1152771126965264385,Ojay2real1,Ojay2real1,Ojay2real,https://pbs.twimg.com/profile_images/2048385682864066560/NrlzMHVf_normal.jpg
1810086591425306624,MichaelsfromX,MichaelsfromX,Playboy Charlie,https://pbs.twimg.com/profile_images/2078987796425879552/XXoffvpp_normal.jpg
1802416680552820736,brownkatiw,brownkatiw,Jame,https://pbs.twimg.com/profile_images/1802416772764594177/yahspCmb_normal.png
1882488299400658944,thevirgoyouknow,thevirgoyouknow,naddd,https://pbs.twimg.com/profile_images/2068643009814765568/k9JFH-kG_normal.jpg
1662385674543038467,DiRichardin,DiRichardin,Federico Trinacria,https://pbs.twimg.com/profile_images/2064970955466670080/Tqk9FRP5_normal.jpg
3368328442,Oreste35776376,Oreste35776376,Oreste35776376,https://pbs.twimg.com/profile_images/2078609121159385088/Vo8QPKI4_normal.jpg
1650047412142997507,st_owen007,st_owen007,Owen. M,https://pbs.twimg.com/profile_images/1765731271752224768/PNo_9MD-_normal.jpg
1196355345729245189,anakbaekkkke,anakbaekkkke,anak baik,https://pbs.twimg.com/profile_images/1395456520784023554/XgkSJWVN_normal.jpg
1555292680950845441,miracleguy001,miracleguy001,Miracle Guy 001,https://pbs.twimg.com/profile_images/2021667833277820931/WruXtE4h_normal.jpg
623949932,Mtthwpez,Mtthwpez,Matt,https://pbs.twimg.com/profile_images/1933307614604980224/G0rPRAEo_normal.jpg
1340289231608922112,Mine_vya,Mine_vya,Navya,https://pbs.twimg.com/profile_images/2082438652739870720/UWjwV1ik_normal.jpg
1688053970831577089,bluebvrriebara,bluebvrriebara,eon_np,https://pbs.twimg.com/profile_images/2085960274465734656/RMSXudoF_normal.jpg
1932364849784262656,Hasken_Duniya,Hasken_Duniya,Ejura,https://pbs.twimg.com/profile_images/2046485771579011072/Rhoo1bP5_normal.jpg
2041441882689921024,D_EAGLE_117,D_EAGLE_117,D-EAGLE_117,https://pbs.twimg.com/profile_images/2041442038843863041/DzK0_PNe_normal.jpg
1709867644742950912,dpsy_cho1,dpsy_cho1,Raphael,https://pbs.twimg.com/profile_images/1709870170305372160/MA3Lb_yF_normal.jpg
1461492886361591810,Myless__himself,Myless__himself,Myless__himself,https://pbs.twimg.com/profile_images/1946727629769375745/ZaKXf8Aa_normal.jpg
2013264252488888320,Akirapastel1,Akirapastel1,Akira,https://pbs.twimg.com/profile_images/2013265851152015360/kKkFerTH_normal.jpg
2007174600569040897,oneimportantone,oneimportantone,Stack,https://pbs.twimg.com/profile_images/2023840113080553472/dSO0A8LG_normal.jpg
1460184850351026176,straussphobic,straussphobic,Frau Strauss 💊,https://pbs.twimg.com/profile_images/1993435518739374080/tgVXKqMj_normal.jpg
2026562822042431490,Bi_everythingg,Bi_everythingg,🔮☔️,https://pbs.twimg.com/profile_images/2026582194781622273/_vfcn3y6_normal.jpg
1906969097788633088,28_airnagee,28_airnagee,Jozey The Creator,https://pbs.twimg.com/profile_images/1907040748681220096/rnVPRqcv_normal.jpg
