Id,Label,username,name,profile_image_url
1326316230530174979,Bydneebaaby,Bydneebaaby,Bydneebaaby,https://pbs.twimg.com/profile_images/2038426779770368000/p62WGVhp_normal.jpg
1447754102654619650,romanlewinskye_,romanlewinskye_,romanlewinskye_,https://pbs.twimg.com/profile_images/1983297396646850560/Z70f8Za0_normal.jpg
1969081661498261504,fatpuhhotline,fatpuhhotline,🐤,https://pbs.twimg.com/profile_images/2075831051159498755/-8-myhx6_normal.jpg
75466708,Shescharleys_,Shescharleys_,Charley BIGGAVelie💞,https://pbs.twimg.com/profile_images/1795506393392332800/37cajtpz_normal.jpg
1683495842286563329,bbycee_28,bbycee_28,cee.,https://pbs.twimg.com/profile_images/1969044848524091392/OowUOzpt_normal.jpg
1345009343863861248,es_xxo,es_xxo,Rose,https://pbs.twimg.com/profile_images/2086596424733487104/YNAbDhvk_normal.jpg
1814156600464322560,brutaltruthZA,brutaltruthZA,the brutal truth,https://pbs.twimg.com/profile_images/2067141799395700736/wAKfdqm9_normal.jpg
4339741333,itsjewelsies,itsjewelsies,Julia Rodriguez,https://pbs.twimg.com/profile_images/1735797601625055232/VRxux2jh_normal.jpg
3313606794,titictrl,titictrl,🏴يافا,https://pbs.twimg.com/profile_images/2075384398736703488/mTQ-AXOh_normal.jpg
1902091262540574722,kittyxcvnt,kittyxcvnt,kittyxcvnt,https://pbs.twimg.com/profile_images/1992037107561381888/M1w7jHTa_normal.jpg
1448816390278991878,prettyvalid1,prettyvalid1,pretty af,https://pbs.twimg.com/profile_images/2027752708539846657/NPljc68-_normal.jpg
504946363,trippy_az_fuck,trippy_az_fuck,𝕃𝕒𝕞𝕓𝕚𝕤 𝕤𝕦𝕔𝕣é ✨🐚🪼 🇲🇶,https://pbs.twimg.com/profile_images/2059318365924036609/fUA_iyZz_normal.jpg
1653173958873579523,swxftzen,swxftzen,swxftzen,https://pbs.twimg.com/profile_images/2081934715200602112/53H9Lewb_normal.jpg
894803448,YoFavAuntieee,YoFavAuntieee,Chocolate,https://pbs.twimg.com/profile_images/2017459526572601344/gwnclwxj_normal.jpg
1313655901581127685,RoyaleH75504249,RoyaleH75504249,FavHoexoxo,https://pbs.twimg.com/profile_images/1773566646562549760/Cp44iL5f_normal.jpg
47225129,cooper_leanna,cooper_leanna,LeAnna C,https://pbs.twimg.com/profile_images/1273773341317488640/Ew_lkOUv_normal.jpg
2894427791,topfuckintier,topfuckintier,𓆩ꨄ︎𓆪,https://pbs.twimg.com/profile_images/1790595346214621184/5HMRJSOL_normal.jpg
1613102335361679360,mksobad,mksobad,Godscreation👩🏽‍❤️‍💋‍👩🏽.,https://pbs.twimg.com/profile_images/2055565446410125313/9qbu_YvW_normal.jpg
1779593430500352001,butimjustagay,butimjustagay,"XOXO, Gossip Gay",https://pbs.twimg.com/profile_images/1965157902731075584/2q8gr7Dd_normal.jpg
492571121,_Str8_NoChaser,_Str8_NoChaser,A shot of me,https://pbs.twimg.com/profile_images/1484314177787154432/MztjrGYu_normal.jpg
2058710552617107456,hvlykae,hvlykae,k,https://pbs.twimg.com/profile_images/2078286823176949761/IZtoGbfW_normal.jpg
1728566610896535552,Agwanda616,Agwanda616,Ahna,https://pbs.twimg.com/profile_images/1976838071191515136/w3NziJVs_normal.jpg
1851068267903008770,FeralThornn,FeralThornn,FeralThornn,https://pbs.twimg.com/profile_images/1878636081153024000/8lqCmdCo_normal.jpg
1658432643623448577,ftwjb_,ftwjb_,ftwjb_,https://pbs.twimg.com/profile_images/2064113651624095744/FkoaVCpa_normal.jpg
1510344725559230464,DevonteDaGreat_,DevonteDaGreat_,Devonte ♓️,https://pbs.twimg.com/profile_images/2034038245894373377/ESEd7W_C_normal.jpg
1692365540122333184,xxov_209,xxov_209,manny 🦋,https://pbs.twimg.com/profile_images/1692366108790263809/BIvdhaVO_normal.jpg
1005189465868890112,The_ZeusNetwork,The_ZeusNetwork,The_ZeusNetwork,https://pbs.twimg.com/profile_images/1051249768830132224/QWFnZ7Cx_normal.jpg
1930392859846352896,htxspace_,htxspace_,htxspace_,https://pbs.twimg.com/profile_images/2011970267002597376/V_IlVYv9_normal.jpg
1032775841305034752,simonthadiamond,simonthadiamond,💎,https://pbs.twimg.com/profile_images/2074918127440187392/ZBniXVE__normal.jpg
35163573,stephygrande,stephygrande,👑,https://pbs.twimg.com/profile_images/1973459346609549313/MjpUN8b-_normal.jpg
1847814204465750016,flexking533,flexking533,Toni,https://pbs.twimg.com/profile_images/1967422856398032896/fCr0Ad-J_normal.jpg
1367242031530205184,udkmewell,udkmewell,jazz,https://pbs.twimg.com/profile_images/2028144059634634753/YY2iUbmV_normal.jpg
1906997794755506176,Mccandyland,Mccandyland,Mccandyland,https://pbs.twimg.com/profile_images/1998189125011439616/OND5NMF0_normal.jpg
1419859741191278601,thatskarmaforuu,thatskarmaforuu,karmaclockedit,https://pbs.twimg.com/profile_images/1982102346659209216/C7bxssxe_normal.jpg
1880440216898662401,dabigspeedyy,dabigspeedyy,dabigspeedyy,https://pbs.twimg.com/profile_images/2060908749984772101/RVLTVwjh_normal.jpg
402462680,TooCharming_,TooCharming_,C. Bassett,https://pbs.twimg.com/profile_images/854870218178482176/AtUTw0uJ_normal.jpg
1720382762031644672,VersacezHo,VersacezHo,&,https://pbs.twimg.com/profile_images/1851454342194491392/13rwszhv_normal.jpg
1350324209994625027,moon__light34,moon__light34,Veah✨🖤🥀🌑,https://pbs.twimg.com/profile_images/2051792727591866368/rD0cUVfV_normal.jpg
1256747817101598722,vecmeon,vecmeon,🪽,https://pbs.twimg.com/profile_images/2081486220396310528/Wwc90LMe_normal.jpg
2660149615,breckinrldge,breckinrldge,meu chapeu,https://pbs.twimg.com/profile_images/1997871637501227010/R6f9T8iq_normal.jpg
2044903381051842560,DileLix66402,DileLix66402,Dile Lix,https://pbs.twimg.com/profile_images/2044903804353540096/evb5F7vF_normal.png
1471977362946461702,Luvafenty,Luvafenty,FENTY,https://pbs.twimg.com/profile_images/2085768524979433473/AbX_GBQc_normal.jpg
1740454880513265664,kkartelradio,kkartelradio,kkartelradio,https://pbs.twimg.com/profile_images/1894622812859441152/9eb3Epm-_normal.jpg
1503095570990313474,clxudy_khlxe,clxudy_khlxe,lightbulb,https://pbs.twimg.com/profile_images/2012296561917575169/8ltIzKcK_normal.jpg
962510291748687872,Kercedes,Kercedes,Baelinn C.💎,https://pbs.twimg.com/profile_images/1944607632141996032/zgS_vo2W_normal.jpg
1444672919985065987,thjaychris,thjaychris,james !,https://pbs.twimg.com/profile_images/2075986910493683712/B3wEzRH1_normal.jpg
1422469481998266369,PrincesMarieOVO,PrincesMarieOVO,Princess Marie OVO,https://pbs.twimg.com/profile_images/2081926466032308224/Bduda9QM_normal.jpg
1806358778071429120,DarealBadddolly,DarealBadddolly,DarealBadddolly,https://pbs.twimg.com/profile_images/1962466045274267648/r94iS_zf_normal.jpg
1696955259732570113,she_isscarface,she_isscarface,she_isscarface,https://pbs.twimg.com/profile_images/2061489161283002368/J37EiWee_normal.jpg
57527446,kingshannon_,kingshannon_,small town fame. 🏘️,https://pbs.twimg.com/profile_images/2036298138231963648/1pcgroID_normal.jpg
1780800948836683776,sizedpuppy,sizedpuppy,;,https://pbs.twimg.com/profile_images/2032899785452097536/aw3kvujF_normal.jpg
1756550520053903360,Jazminebgc,Jazminebgc,Jazmine Carter The Star,https://pbs.twimg.com/profile_images/2086548033039130625/XrD9inJq_normal.jpg
1425035372,Jaanice95,Jaanice95,🇨🇩✨,https://pbs.twimg.com/profile_images/2052496179741556741/IdLE_BEt_normal.jpg
1817561428024516608,Barbie14354,Barbie14354,shitomaki_ataketch,https://pbs.twimg.com/profile_images/1920338573426933760/DARcMM_S_normal.jpg
925982894446784512,KayyKova,KayyKova,Kay,https://pbs.twimg.com/profile_images/1800430557479702528/5tEk_cYJ_normal.jpg
1420455252,juliethardt,juliethardt,J Girl,https://pbs.twimg.com/profile_images/2060329499665772551/CS5Wqenn_normal.jpg
2086535494398029824,VerseBoi76,VerseBoi76,Jay,https://pbs.twimg.com/profile_images/2086536532677025793/YDNDS5x__normal.jpg
2040964784682831872,Flopkingtuzv,Flopkingtuzv,Flop king,https://pbs.twimg.com/profile_images/2040964993278156800/R4ET4wyv_normal.jpg
2048156832149958656,DavisAnton32252,DavisAnton32252,Anton Davis,https://pbs.twimg.com/profile_images/2086563234216120320/6I3Nijti_normal.jpg
20641934,RoyIsThaTruth,RoyIsThaTruth,King Roy,https://pbs.twimg.com/profile_images/2035823615770316801/eu-cGTTT_normal.jpg
1556272408671166464,splatoonthebes3,splatoonthebes3,splatoonthebest,https://pbs.twimg.com/profile_images/1560679588459683840/e4mIXGmU_normal.jpg
1742659481908191232,angulo_den79330,angulo_den79330,Vanessa Denise Angulo,https://pbs.twimg.com/profile_images/1742659550417952768/Mru2EXZC_normal.jpg
1572440615492648962,0_mysteryman2,0_mysteryman2,mysteryman2.0,https://pbs.twimg.com/profile_images/1572443224165187585/cq6x2vNq_normal.jpg
1648490572943073280,TheZeusReport,TheZeusReport,TheZeusReport,https://pbs.twimg.com/profile_images/1722160250042650624/aVbtWZGu_normal.jpg
1681727233755426817,BeyonceKer15373,BeyonceKer15373,onepretty_libra,https://pbs.twimg.com/profile_images/1946583614717616129/RAXTP6e-_normal.jpg
1647420409611001858,TTahtee78966,TTahtee78966,TTahtee78966,https://pbs.twimg.com/profile_images/1737252812247977984/Vdg0_0_t_normal.jpg
1433822048598601731,QueenAngelAce,QueenAngelAce,Angel Ace,https://pbs.twimg.com/profile_images/1876818797572550656/XfncrPev_normal.jpg
1718950453889642496,EmmaNewton94,EmmaNewton94,Emmanuel Newton 🐐,https://pbs.twimg.com/profile_images/2058618626370830336/U-NhP15C_normal.jpg
982739529063776257,BeanNickyBarnes,BeanNickyBarnes,Bean Nicky Barnes 🇺🇸🇨🇺🇩🇴,https://pbs.twimg.com/profile_images/2025479783778324480/LbVkGxfE_normal.jpg
2082594242023628800,miyahtbed,miyahtbed,miyah,https://abs.twimg.com/sticky/default_profile_images/default_profile_normal.png
1723937548169248768,CjkVv3299,CjkVv3299,Cjk_vv,https://pbs.twimg.com/profile_images/2002938385896214528/tXNE4Oq2_normal.jpg
2056869642660982785,TheUnknownvVixe,TheUnknownvVixe,TheUnknownvixen,https://pbs.twimg.com/profile_images/2056870180211331072/WFNouop0_normal.jpg
384496297,Taviongeee,Taviongeee,🪄Bookie,https://pbs.twimg.com/profile_images/2086533948063277057/jgLh-A67_normal.jpg
56555704,Taryn_bb,Taryn_bb,Unfriendly Black Hottie 🤎,https://pbs.twimg.com/profile_images/2048265157936402433/sSfIstd__normal.jpg
1470382752,cjblue74,cjblue74,jacob claire,https://pbs.twimg.com/profile_images/599467363294126080/F11XMqHg_normal.jpg
2024692101078720512,dabaddestjp,dabaddestjp,BABU,https://pbs.twimg.com/profile_images/2060663009287053316/5VOUOjpR_normal.jpg
1494991027454853126,Lucciixs,Lucciixs,Lu Lu🧡,https://pbs.twimg.com/profile_images/2025224934289551360/dX8N9D0F_normal.jpg
387140383,SlimClermont,SlimClermont,QueenSeven/SlimClérmont👑👸🏿✨🇯🇲🇻🇳🇳🇬🇹🇭🇰🇭,https://pbs.twimg.com/profile_images/1866155929005137921/PFSpv7rL_normal.jpg
2086416075151835136,Unkn0wntaurus,Unkn0wntaurus,Jay,https://abs.twimg.com/sticky/default_profile_images/default_profile_normal.png
1731925785747787776,Say_CherryForMe,Say_CherryForMe,ITS GETTING REAL BIBLICAL SHAWTY🙂‍↕️,https://pbs.twimg.com/profile_images/2028081323089563648/QJl66C9M_normal.jpg
1928202289698766848,m_montaee,m_montaee,bshid._,https://abs.twimg.com/sticky/default_profile_images/default_profile_normal.png
2014218858903580672,jgofficial2026,jgofficial2026,JG,https://pbs.twimg.com/profile_images/2014219171450486785/kauqnttd_normal.jpg
1702787844224262144,SunriseSho631,SunriseSho631,jaekyungsgoodshoulder,https://pbs.twimg.com/profile_images/1986149467712634880/DbVhRKWA_normal.jpg
180069520,SilverHawk05,SilverHawk05,RichMay11🎭,https://pbs.twimg.com/profile_images/2078320589706555392/pU4jiTjp_normal.jpg
1683733775434358784,just_nelii,just_nelii,Nelii Nell,https://pbs.twimg.com/profile_images/1683733875330109443/jPy_7RYU_normal.jpg
1441166190,MssMirj,MssMirj,Mss Mir’j,https://pbs.twimg.com/profile_images/1957103220297179136/HU1shHFS_normal.jpg
1558657990085021696,wuv4silas,wuv4silas,silas and that 🦋,https://pbs.twimg.com/profile_images/2085407177473167360/_DAuqhDx_normal.jpg
1910157430480162816,greene_isi21353,greene_isi21353,Isiah Greene,https://pbs.twimg.com/profile_images/1910157518732419072/ZJp_a46c_normal.jpg
1898457561910964224,creamypssy103,creamypssy103,Ms. Naya Marie .,https://pbs.twimg.com/profile_images/2086273749632864256/0jH7nks__normal.jpg
1888710233918472192,boity__reloaded,boity__reloaded,🦍.,https://pbs.twimg.com/profile_images/1980706819908472832/DFCTe8Tt_normal.jpg
2042690480404660224,Sunnyn2va,Sunnyn2va,Sunny,https://abs.twimg.com/sticky/default_profile_images/default_profile_normal.png
1903549034088054784,kntlhane763,kntlhane763,𝑵𝒊𝒄𝒌𝒊 𝑴𝒊𝒏𝒂𝒋 𓆸𓍯☯,https://pbs.twimg.com/profile_images/1912420800302399488/gdBA5EtF_normal.jpg
303454526,itsMattyG916,itsMattyG916,Matt Gershanoff,https://pbs.twimg.com/profile_images/1981421988355739648/bm0pK-mH_normal.jpg
1671253949138235393,nd94ndgdqh,nd94ndgdqh,so i can be my,https://pbs.twimg.com/profile_images/1707152847090204672/5h8N4a0l_normal.jpg
1942624882010800128,war52395,war52395,uufoundme__,https://pbs.twimg.com/profile_images/2079486301439496192/fVLg8i7J_normal.jpg
1468799473329524738,wtwkye0,wtwkye0,𝕁𝕌ℍ𝕂𝕐𝔼🛸,https://pbs.twimg.com/profile_images/2073892095144677376/7s0bBRbY_normal.jpg
2035085718016729091,Mand_daman,Mand_daman,MandMand,https://abs.twimg.com/sticky/default_profile_images/default_profile_normal.png
2072521672976953344,Coralinegaqj,Coralinegaqj,Coraline,https://abs.twimg.com/sticky/default_profile_images/default_profile_normal.png
1772849181679579136,bitchratutouie,bitchratutouie,ratutouieBIGBALLS,https://pbs.twimg.com/profile_images/2083107028835368961/_FdtXOG3_normal.jpg
1895238161233547264,DaBaddiest61318,DaBaddiest61318,DaBaddiest,https://pbs.twimg.com/profile_images/2010243601268088832/aIIRlAvp_normal.jpg
1565468455704444933,preshaahbic,preshaahbic,onika’s world,https://pbs.twimg.com/profile_images/1972905839628349440/sbbCo5j6_normal.jpg
1529942660160667661,KIZARUFAN11,KIZARUFAN11,Jay,https://pbs.twimg.com/profile_images/1947851135261212672/rmDucue1_normal.jpg
2031270458306473985,miller_dew53336,miller_dew53336,JayCeon Rodriguez,https://pbs.twimg.com/profile_images/2073444604834086912/PfqOC0Q__normal.jpg
1003711856597438464,RuthlessKidd22,RuthlessKidd22,Ruthless Kidd,https://pbs.twimg.com/profile_images/1890280949369229312/pdjdh9Vh_normal.jpg
1739397167016525824,SmartCo95227331,SmartCo95227331,Smart Cookie,https://pbs.twimg.com/profile_images/1739397232468623360/AR4O-BFj_normal.png
2043914065911631872,AshawniSmith,AshawniSmith,Ashawni Smith,https://abs.twimg.com/sticky/default_profile_images/default_profile_normal.png
2001559387303772160,j2slezzy,j2slezzy,RICANPAPI🫦💰,https://pbs.twimg.com/profile_images/2001560270779396096/Jy6SlxQ3_normal.jpg
1485121893044740102,itzkaibro55,itzkaibro55,kaii,https://pbs.twimg.com/profile_images/2039127747424026624/Jqx7o-HE_normal.jpg
1411094396410515457,HitofDoja,HitofDoja,♤◇£avarr◇♤,https://pbs.twimg.com/profile_images/1970889735045259264/VFvc-4us_normal.jpg
1248641851256705033,bellazbalance,bellazbalance,zoë ♡,https://pbs.twimg.com/profile_images/1904569295490686977/IZq7RVk4_normal.jpg
1503664258323816448,lucky_hustla,lucky_hustla,lucky_hustla,https://pbs.twimg.com/profile_images/2085144882373402624/0nezHVdS_normal.jpg
1789244231795482625,Felmalerapunit,Felmalerapunit,DEFAMATION OF CHARACTER🖤,https://pbs.twimg.com/profile_images/2067350206509658112/OJD3Ksdc_normal.jpg
2077147434774360064,ad_n_11,ad_n_11,Adnn,https://abs.twimg.com/sticky/default_profile_images/default_profile_normal.png
1718172348153544704,Crownmequeen60,Crownmequeen60,CrownMeQueen,https://pbs.twimg.com/profile_images/2086159667869143040/WbPpA_Av_normal.jpg
1502468431228121091,ToriiSecrets_,ToriiSecrets_,Toriii,https://pbs.twimg.com/profile_images/2080105983175442432/iqe1LVqp_normal.jpg
1840194384245207040,SimmonShar66184,SimmonShar66184,Sharese Simmon,https://pbs.twimg.com/profile_images/1855001460016087040/kklEBJ0A_normal.jpg
2065172777519271936,aweridoswrld,aweridoswrld,tylee,https://abs.twimg.com/sticky/default_profile_images/default_profile_normal.png
1756526240117276672,804unknowuser,804unknowuser,unknown:),https://pbs.twimg.com/profile_images/1867998880203182080/2Pa-slCJ_normal.jpg
1864966145247211520,kyreanna82846,kyreanna82846,$dreamdollnicole 🎀,https://pbs.twimg.com/profile_images/2076549614577008640/YcdsSGcY_normal.jpg
3305426754,jm0n3t,jm0n3t,Sasha Carter 🫶🏾,https://pbs.twimg.com/profile_images/2069924805688573953/gfl7IXrB_normal.jpg
1940607777497665537,Luv_Taytay15,Luv_Taytay15,Taytay,https://pbs.twimg.com/profile_images/2001763308907487232/0t0O91Iy_normal.jpg
1554070846955732992,AnonCummy1,AnonCummy1,AnonCummy1,https://abs.twimg.com/sticky/default_profile_images/default_profile_normal.png
1544011422572609537,I_Wish_Yo,I_Wish_Yo,finnakms,https://pbs.twimg.com/profile_images/1813835123986518017/38qbWiOH_normal.jpg
202028145,Pretty_Nd_Short,Pretty_Nd_Short,N E S I,https://pbs.twimg.com/profile_images/2078122946996936704/JQe9wOJk_normal.jpg
4195265110,tinkaabellaaa_,tinkaabellaaa_,tinkaabellaaa_,https://pbs.twimg.com/profile_images/2079846346048053248/GZwhBLFD_normal.jpg
222616192,SummerNoneOther,SummerNoneOther,SummerNoneOther,https://pbs.twimg.com/profile_images/1879191299758170112/VKM9Z2qk_normal.jpg
2036200749538095104,prettylitleomen,prettylitleomen,prettylittleomen,https://pbs.twimg.com/profile_images/2036213421910401025/-7tQ_HnW_normal.jpg
1644476393269362689,brinaarixtaylor,brinaarixtaylor,Johnny is sugar talking ꕤ ❤️‍🔥☀️⸆⸉,https://pbs.twimg.com/profile_images/2084057941024317440/JjhuEXDb_normal.jpg
2046621008916877313,sshyxheim,sshyxheim,shyheim,https://pbs.twimg.com/profile_images/2084507762554183680/GMZmk6Gr_normal.jpg
1487606864250613763,melostwink,melostwink,𝓇𝒾𝒷𝓈 🧟‍♀️ྀི,https://pbs.twimg.com/profile_images/2073268900037271552/mwV8sxOk_normal.jpg
1759260467086708736,IiheartK46026,IiheartK46026,iiheart.kayyyyyy,https://pbs.twimg.com/profile_images/1776731816767946753/OdLZJ_lD_normal.jpg
1109659916,_Bamakoise,_Bamakoise,JE DETESTE LE RER B !!,https://pbs.twimg.com/profile_images/2065933929933066240/1AMpWMKJ_normal.jpg
1484653853157036041,shamia_harris2,shamia_harris2,Shamia Harris,https://pbs.twimg.com/profile_images/1844646000788439040/8wEISyej_normal.jpg
1545504209688301577,CedenoJareth,CedenoJareth,la J.J,https://pbs.twimg.com/profile_images/1545504487288279044/3uLjj16v_normal.png
1383008506207420420,WilleauxWill,WilleauxWill,🤦🏾‍♂️Will (eaux) Will🤦🏾‍♂️,https://pbs.twimg.com/profile_images/2024250113317613569/dbqBirm0_normal.jpg
2019777768276611073,DollyPrcs55391,DollyPrcs55391,Dolly Prcs,https://pbs.twimg.com/profile_images/2019778061546430464/NQxLR-Ot_normal.png
1422708327201521664,aiiiyana777,aiiiyana777,🦋,https://pbs.twimg.com/profile_images/1923623110323916800/D3M2BKJ0_normal.jpg
1571192559141003265,BaeHelpAdri,BaeHelpAdri,moneee ♡︎,https://pbs.twimg.com/profile_images/2085814095974895616/MZSPFov-_normal.jpg
1649601182971621377,DjLostj824,DjLostj824,DJ,https://abs.twimg.com/sticky/default_profile_images/default_profile_normal.png
1773853057018642433,DaQueenCamille3,DaQueenCamille3,👑Camille Giselle Rosè,https://pbs.twimg.com/profile_images/2010175119646142464/w10XP0zd_normal.jpg
1756763926698557440,Crazyman8o0,Crazyman8o0,Crazyman800,https://pbs.twimg.com/profile_images/1781710646158970880/LqlIbvSJ_normal.jpg
1905814818096869376,braylen_br64096,braylen_br64096,King,https://pbs.twimg.com/profile_images/2074382133632573440/Yudfji22_normal.jpg
1594834323512999936,TsumadeG,TsumadeG,Jelly ᖭི༏ᖫྀ,https://pbs.twimg.com/profile_images/2078510337410625536/YAfomASf_normal.jpg
91932748,Tink112109,Tink112109,Angelina,https://pbs.twimg.com/profile_images/1687625288316788737/iUMsfOjZ_normal.jpg
2893709740,YouieVon,YouieVon,YouieVon(Aria Miraj),https://pbs.twimg.com/profile_images/1846741183894089729/idsnHIE__normal.jpg
2008133723041275904,laniyaterry40,laniyaterry40,Janiya,https://abs.twimg.com/sticky/default_profile_images/default_profile_normal.png
1928593059744210945,lexi7223,lexi7223,Lexi Brown,https://pbs.twimg.com/profile_images/1928593124659535872/conzHB68_normal.png
1766264328917790720,zee_bella317,zee_bella317,FETISH PRINCESS 😘💋💪🏽,https://pbs.twimg.com/profile_images/1820136720286773248/TALhw735_normal.jpg
1547383632825913345,lifetim19200071,lifetim19200071,life time,https://abs.twimg.com/sticky/default_profile_images/default_profile_normal.png
942762521550835718,__NecciG,__NecciG,"✨duhh, Its Necci💎",https://pbs.twimg.com/profile_images/2037364990748004352/IQbxKaZt_normal.jpg
1939796438743150593,DenzelW68832,DenzelW68832,JBandooo,https://pbs.twimg.com/profile_images/2069252412431294464/b1XZAMhn_normal.jpg
2056857730334203904,kimmarious46780,kimmarious46780,kimmarious lawrence,https://pbs.twimg.com/profile_images/2056857855446102016/eLN4mtdK_normal.jpg
2061081627464441856,bjknjkkwod,bjknjkkwod,poop,https://abs.twimg.com/sticky/default_profile_images/default_profile_normal.png
1331777750424842242,dojonikaa,dojonikaa,dojonikaa,https://pbs.twimg.com/profile_images/1919078907552100352/QXH8x0TZ_normal.jpg
1991079040069873664,yofav_jayjay_,yofav_jayjay_,Jameia Means,https://pbs.twimg.com/profile_images/1991079428634365953/kmZ9xPYI_normal.jpg
628481380,SweetAzKanBe,SweetAzKanBe,𝒊𝑳𝒖𝒗𝑴𝒆𝑺𝒖𝒎𝑵𝒂𝒚🌬💙,https://pbs.twimg.com/profile_images/1412467865609977862/b4fxq4NG_normal.jpg
1692195489628688385,lovebug7900,lovebug7900,love bug,https://pbs.twimg.com/profile_images/1810537161101365248/Uulpz1Tr_normal.jpg
1546570290687365128,courtland_234,courtland_234,CL🦖,https://pbs.twimg.com/profile_images/1617268597759279104/rowXtwgf_normal.jpg
1775424318786195456,steadblkbkrobk6,steadblkbkrobk6,unmasked HOOD NEPHEW 🧟‍♂️,https://pbs.twimg.com/profile_images/1775424666921807872/0ok5JfTy_normal.jpg
1417672291270414336,busbbdxx,busbbdxx,Busbbdxx,https://abs.twimg.com/sticky/default_profile_images/default_profile_normal.png
1880050328399474688,BarberKaro54802,BarberKaro54802,kk_bigqueen,https://pbs.twimg.com/profile_images/1880050373312016387/mOKlHW7M_normal.png
385081829,brooks_afc,brooks_afc,brooksssss,https://pbs.twimg.com/profile_images/2069760415937056768/0HbLulGX_normal.jpg
1443293529292382212,damnallcontent,damnallcontent,𝐂𝐨𝐧𝐭𝐞𝐧𝐭𝐒𝐡𝐨𝐰 📸🔞,https://pbs.twimg.com/profile_images/1984486371239542784/DYUKKkR3_normal.jpg
2058653566961618945,Jamestoraw80,Jamestoraw80,Jamestoraw,https://pbs.twimg.com/profile_images/2058654539524214784/WVJrp6MU_normal.jpg
1699172941814992896,TerronWhit44092,TerronWhit44092,t,https://pbs.twimg.com/profile_images/1699173084316454912/1b8EYQTr_normal.jpg
1701458695664623616,charmbella14,charmbella14,Ms.Creampie🫦,https://pbs.twimg.com/profile_images/2085862965090058240/ay2d8UAh_normal.jpg
2078539470450688000,yokkikm68,yokkikm68,yokki,https://pbs.twimg.com/profile_images/2078541095617675264/nIB79E-l_normal.jpg
1998948304173019136,hesaikoo,hesaikoo,𝑩.,https://pbs.twimg.com/profile_images/2050461679209594880/CDyc1GYs_normal.jpg
2007112719812665344,Justbeingrealr,Justbeingrealr,Justbeingreal,https://pbs.twimg.com/profile_images/2041092927238164480/N6Xu0I2j_normal.jpg
2077490814888902656,BabyDeebfv,BabyDeebfv,Baby Dee,https://pbs.twimg.com/profile_images/2077493880799277056/kvP3V9Nh_normal.jpg
1743702851291906048,original_itgurl,original_itgurl,E L A C H A💋,https://pbs.twimg.com/profile_images/2074751460055617536/NDsyXylp_normal.jpg
1581533921346469888,SharodWashing11,SharodWashing11,big booty,https://pbs.twimg.com/profile_images/1938517913352183809/4zWSSowX_normal.jpg
2079289276659855360,jjzfxhw,jjzfxhw,jj,https://pbs.twimg.com/profile_images/2080725631394824192/myo9yr0w_normal.jpg
1918719169459019777,shayyniyahh,shayyniyahh,DAREALEST😽.,https://pbs.twimg.com/profile_images/2085970668097519616/-JtdepQo_normal.jpg
1619904447055790080,galleryofnyy,galleryofnyy,unknown user,https://pbs.twimg.com/profile_images/1891380553326178304/3QLqgRjG_normal.jpg
505027416,ohsofine_tay,ohsofine_tay,PrettyHavocc♉️,https://pbs.twimg.com/profile_images/2045807891966484480/ah-yWhdL_normal.jpg
387735325,KoldKilla_,KoldKilla_,KoldKilla_,https://pbs.twimg.com/profile_images/2021775378747101184/Dm276I_L_normal.jpg
1642332486280572934,1bluxance,1bluxance,Blu- Alienette,https://pbs.twimg.com/profile_images/2076653452873089024/qU3wlUmP_normal.jpg
1828591332870496260,mymyyx__,mymyyx__,lo .,https://pbs.twimg.com/profile_images/2025839588640698368/mHW_o9m-_normal.jpg
2004017765561372672,HarajukuTingz,HarajukuTingz,𝐐𝐔𝐄𝐄𝐍,https://pbs.twimg.com/profile_images/2004017875799949312/U8O4taox_normal.jpg
1781428564081991680,Nitagona168917,Nitagona168917,Nitagona,https://pbs.twimg.com/profile_images/1781429909014908928/pmEmpeAr_normal.jpg
1619422861223170049,Wassuphoeeee,Wassuphoeeee,♣,https://pbs.twimg.com/profile_images/1870351972752293888/NXsDsrFH_normal.jpg
1719536338318311424,w70240,w70240,Jeremiah,https://abs.twimg.com/sticky/default_profile_images/default_profile_normal.png
1396897957417521155,hairwigkilla_,hairwigkilla_,hairwigkilla_,https://pbs.twimg.com/profile_images/1880839204084633600/PxNAtQ0f_normal.jpg
1645422030055956481,DaDatbitch,DaDatbitch,datbitch🫶🏾😋,https://pbs.twimg.com/profile_images/1693123213948014592/eUKt0tEb_normal.jpg
2047877233461612544,SimmonsLarry85,SimmonsLarry85,Larry Simmons,https://pbs.twimg.com/profile_images/2047877336633081856/Max-6_wM_normal.png
1832316409340211201,BKamaury43093,BKamaury43093,Kamaury B,https://pbs.twimg.com/profile_images/2002248878330937344/3WiJRuaQ_normal.jpg
716459367655219200,TommieLHHATL,TommieLHHATL,TommieLHHATL,https://pbs.twimg.com/profile_images/1778224377256931329/dKR4kAFA_normal.jpg
2023144586994909184,Ch3rriL0v3s,Ch3rriL0v3s,Ch3rri._l0v3s.ch3rr1es,https://pbs.twimg.com/profile_images/2023145008258285569/JOe9Otna_normal.jpg
633440284,MiguelFasho,MiguelFasho,habini,https://pbs.twimg.com/profile_images/1986948302634618880/wrbzFdrO_normal.jpg
175174397,KrissyNachelle,KrissyNachelle,KRISSYNACHELLE🥰,https://pbs.twimg.com/profile_images/2073232454450638848/4gUoNgP3_normal.jpg
1595968614,kingcox3,kingcox3,Kingkylè,https://pbs.twimg.com/profile_images/1699816910219530240/pHVEZLF5_normal.jpg
1636174588416598017,Theyenvykaesean,Theyenvykaesean,kaesean,https://pbs.twimg.com/profile_images/2013068720776544256/ENxUcByy_normal.jpg
252789452,simplybrittnee,simplybrittnee,Zōbrie Mandia,https://pbs.twimg.com/profile_images/2085551442912272384/OGlOo_2l_normal.jpg
716818098310025220,junkfoodandnaps,junkfoodandnaps,junkfoodandnaps,https://pbs.twimg.com/profile_images/2039640449644900352/-v7HJdcW_normal.jpg
2067402637461299200,ZoeyBrownpe91,ZoeyBrownpe91,Zoey Brown,https://abs.twimg.com/sticky/default_profile_images/default_profile_normal.png
1872692764887928832,kloie171132,kloie171132,kloie,https://abs.twimg.com/sticky/default_profile_images/default_profile_normal.png
1352364730715930624,iluvjayskii,iluvjayskii,.,https://pbs.twimg.com/profile_images/1822362988080140288/ruEZki-4_normal.jpg
2562554779,paydrama,paydrama,pay,https://pbs.twimg.com/profile_images/2085383657712168960/AENG-mwd_normal.jpg
1670213252784029698,fadeintoyoux,fadeintoyoux,Chezzy Star,https://pbs.twimg.com/profile_images/1670213344219877376/ysVsraZA_normal.png
2015074122020143104,PapaPapa739079,PapaPapa739079,Papa,https://pbs.twimg.com/profile_images/2015074264236367872/w6CfJfaF_normal.jpg
1616090845463318529,jayy_onn_x,jayy_onn_x,Jayyy 🎀,https://pbs.twimg.com/profile_images/2078953797368356864/aVsg-C1g_normal.jpg
1440099354082045959,GeminiDublSol,GeminiDublSol,GemSolRebirth,https://pbs.twimg.com/profile_images/1447661924204810246/_imCG5tN_normal.jpg
1802314266533416960,ken_cor4,ken_cor4,Ken Cor,https://pbs.twimg.com/profile_images/2076322071123034112/OUT2azLT_normal.jpg
2029611232165052416,kingfrmnj,kingfrmnj,king fr,https://abs.twimg.com/sticky/default_profile_images/default_profile_normal.png
1754016638184075264,Crazy4her1,Crazy4her1,",",https://pbs.twimg.com/profile_images/2022767793456680960/x4ExPZws_normal.jpg
1089591673150156800,AsuntiMontgome1,AsuntiMontgome1,Asunti Montgomery,https://pbs.twimg.com/profile_images/1721924426646667264/LH3bFy5E_normal.jpg
2081591139782500352,TheBlueprint1k,TheBlueprint1k,Tiyanna,https://pbs.twimg.com/profile_images/2081851698549547008/JeklwIFt_normal.jpg
1212530557743009792,bees_fave_,bees_fave_,𝓕𝓪𝓫𝓵𝓮 ⁷ ✨🐦‍⬛,https://pbs.twimg.com/profile_images/2078303442548789248/kkTLhbYg_normal.jpg
1982954645061545988,KennedysClone,KennedysClone,Kennedy’s Clone,https://pbs.twimg.com/profile_images/2084084761815887872/F0ZgHGWm_normal.jpg
1224508156845416449,httrfan1995,httrfan1995,ALL LIVES MATTER✊🏻✊🏾🙎🏻‍♂🙎🏾‍♂,https://pbs.twimg.com/profile_images/2056179758338105344/Imxt0-DT_normal.jpg
2165753682,k11anthony,k11anthony,Khalyd Y Anthony,https://pbs.twimg.com/profile_images/1761867421403463681/16gp5OWE_normal.jpg
1212389425742630914,Alanbalderas200,Alanbalderas200,Alan Balderas,https://pbs.twimg.com/profile_images/2045945293976592384/4RKTZLZB_normal.jpg
2075720326617460736,Kazhiaa_,Kazhiaa_,Kazhia,https://pbs.twimg.com/profile_images/2085543922621669376/mIPXySPo_normal.jpg
1973234591914741760,Rahimsired,Rahimsired,Rahmen 🍜,https://pbs.twimg.com/profile_images/2065660083044769792/qPAvhIWl_normal.jpg
2049292426628472832,Caratstray4u,Caratstray4u,LEMMATEACHYA,https://pbs.twimg.com/profile_images/2068100005118820352/VVxaS8cx_normal.jpg
1254869393118507012,siredtolenaa,siredtolenaa,steferina petrova ᥫ᭡,https://pbs.twimg.com/profile_images/2084845455129624577/S4KiPkWH_normal.jpg
1135568607264563201,ceddygriffin,ceddygriffin,Ceddy Bear 🐻🍯,https://pbs.twimg.com/profile_images/1884243312585986048/j9Tj_TtU_normal.jpg
2078074044809641985,lolfuckoutmhsy,lolfuckoutmhsy,lolfuckoutmyface,https://pbs.twimg.com/profile_images/2078074231842078720/274DJ0Wn_normal.jpg
1708872793792598016,TreEdwards95415,TreEdwards95415,Tre Edwards,https://pbs.twimg.com/profile_images/1708873043752214528/NaxZN1EM_normal.png
3048084388,ayo_legend24,ayo_legend24,legendary Tea ☕️✨🤫👀,https://pbs.twimg.com/profile_images/2085166970186391553/9Jlf4kxH_normal.jpg
926561729877643264,iluvbigboyz,iluvbigboyz,Lucerys Targaryen 🐉,https://pbs.twimg.com/profile_images/2082571151491088384/pZs7m0eX_normal.jpg
1508655681779425280,tooprettygang,tooprettygang,regina george💎,https://pbs.twimg.com/profile_images/2021768050983473152/8ewR4oPI_normal.jpg
1438088432497176582,junaid_hill,junaid_hill,Irrelevant Naid🐾🏳️‍🌈,https://pbs.twimg.com/profile_images/1958214252222644224/U8i9HT8o_normal.jpg
1778352516838645760,GoddessTvTea,GoddessTvTea,Goddess TvTea,https://pbs.twimg.com/profile_images/1817641379247382530/o3CeKuXp_normal.jpg
1644247308526026752,negaogostos0,negaogostos0,Matheus dot,https://pbs.twimg.com/profile_images/1958635838876553216/rHhkSoeo_normal.jpg
2048478362553733121,bella_with45298,bella_with45298,Da queeeeennnnnn,https://pbs.twimg.com/profile_images/2048478731744714752/spyB6TjI_normal.png
1691226870623125504,azariifrmboston,azariifrmboston,ms take ur nikka,https://pbs.twimg.com/profile_images/2082114780723085312/GE24UqIW_normal.jpg
2004309160813645825,iamyownlord,iamyownlord,sza,https://pbs.twimg.com/profile_images/2022069819949125632/oQWJOJjg_normal.jpg
593035433,ticateeE,ticateeE,ticateeE,https://pbs.twimg.com/profile_images/1642695334290661378/yzNyazwP_normal.jpg
1497633997446336520,26STREY,26STREY,Ⓜ️♿️ PARTYNEXTDOOR HATE ACC,https://pbs.twimg.com/profile_images/2083541509471690752/69dDlaHf_normal.jpg
1754546368226426880,baddollyxcx,baddollyxcx,baddollyxcx,https://pbs.twimg.com/profile_images/2053578826588864512/Y_81NkEH_normal.jpg
92876067,IAMRASHON,IAMRASHON,IAMRASHON,https://pbs.twimg.com/profile_images/2085520202465243136/FDKAFSF3_normal.jpg
1483465071728726023,RPSnackMealz,RPSnackMealz,RPSnackMealz,https://pbs.twimg.com/profile_images/1483465342122922002/WQQ80JyJ_normal.jpg
1027746752122773504,onikamunch,onikamunch,"To Be, Not To Be🚀",https://pbs.twimg.com/profile_images/1893811818071474177/zVd7JrRC_normal.jpg
1960894185709690880,stunnababy41619,stunnababy41619,Stunnababy3312,https://pbs.twimg.com/profile_images/2079767850458423296/W5nuoZG1_normal.jpg
1309171906839490560,ryminglee,ryminglee,One of One 🎎,https://pbs.twimg.com/profile_images/2067814382470348800/H4pKBy7G_normal.jpg
212423902,CirocGalore,CirocGalore,CirocGalore,https://pbs.twimg.com/profile_images/1987337223746818048/6e7bMqm0_normal.jpg
1175125051961724928,BurninLove01,BurninLove01,Liberation_Worldwide2021,https://pbs.twimg.com/profile_images/2064393719042764800/BjBU5gXR_normal.jpg
1938704276081311744,nawiwiwoao42748,nawiwiwoao42748,nawiwiwoaosn,https://abs.twimg.com/sticky/default_profile_images/default_profile_normal.png
285403025,DariusWright_,DariusWright_,DariusWright_,https://pbs.twimg.com/profile_images/2018492445831692288/Z3DIxrcE_normal.jpg
117496616,ghettorichuncle,ghettorichuncle,Ghetto Rich Uncle,https://pbs.twimg.com/profile_images/2073935189391130625/aM8BwwaQ_normal.jpg
56650876,ToFlashy4U,ToFlashy4U,ToFlashy4U,https://pbs.twimg.com/profile_images/1319396792891592704/40jOfgke_normal.jpg
2009852205126594560,jddoe2114,jddoe2114,john doe,https://pbs.twimg.com/profile_images/2009852241835151360/rUlAW1-c_normal.png
2057349400289021952,fonk_witme,fonk_witme,fonkwmeh,https://pbs.twimg.com/profile_images/2057349951311556608/hh0WYSbi_normal.jpg
1081688219484413952,Eastsde313bue,Eastsde313bue,Eastsde313,https://abs.twimg.com/sticky/default_profile_images/default_profile_normal.png
1719142060559597568,leo26937,leo26937,𝓑𝓲𝓪𝓷𝓬𝓪𝓦𝓡𝓛𝓓💋💪🏾,https://pbs.twimg.com/profile_images/1981907488665481216/HOVIK5aJ_normal.jpg
1589698943474188290,getyostatsup,getyostatsup,princeofdasouf 🤧,https://pbs.twimg.com/profile_images/2065263316641910784/ZBuKKNYl_normal.jpg
1752318553527627776,zeusteainc_,zeusteainc_,Zeus Network Tea Inc,https://pbs.twimg.com/profile_images/1833222811197792257/ppx-Pv0x_normal.jpg
1757117762609061888,Kvntli,Kvntli,✰,https://pbs.twimg.com/profile_images/2082461295199043585/d22n9GfY_normal.jpg
1792755031092920320,Goodmor73020511,Goodmor73020511,Goodmorning,https://pbs.twimg.com/profile_images/1792768260774961152/R-XfiGCj_normal.jpg
1595857019671650305,TorrellMiller,TorrellMiller,big buttt 🍑🍑,https://pbs.twimg.com/profile_images/1987233617752334336/bP7KlCaC_normal.jpg
1303363438727569408,catelynnnnnn_,catelynnnnnn_,𝚌𝚊𝚝𝚎𝚕𝚢𝚗𝚗 🔮,https://pbs.twimg.com/profile_images/1707634999271272449/b_5JqfbK_normal.jpg
1643407744802648066,ksisissksj,ksisissksj,K,https://pbs.twimg.com/profile_images/1643407869209976839/CqZpKmuN_normal.jpg
1427653373197787141,godisaw3man,godisaw3man,godisaw3man,https://pbs.twimg.com/profile_images/2077158149564334080/xcY1j5ue_normal.jpg
882693660902555652,underthe_cie,underthe_cie,Cie 🧜🏽‍♀️🐚,https://pbs.twimg.com/profile_images/2083995544410636288/2DPO6Hf1_normal.jpg
1305033322649784322,ZeusNetworkTea,ZeusNetworkTea,Zeus Network TEA ☕️,https://pbs.twimg.com/profile_images/2011765052215607312/DOj2-vV9_normal.jpg
1480261761404227584,bgctea2020,bgctea2020,Baddie TEA,https://pbs.twimg.com/profile_images/1480261976118939658/EivkGWPu_normal.jpg
1888669613740752896,unknownwebster,unknownwebster,500 Faces Of Cowdi B,https://pbs.twimg.com/profile_images/2077876964317118464/hAMOfobK_normal.jpg
2085554806480105472,gingerhernan99,gingerhernan99,GINGER,https://pbs.twimg.com/profile_images/2085554920938483712/6Za7Gwp0_normal.jpg
1577349536955219969,YaYA14717824,YaYA14717824,YaYA,https://abs.twimg.com/sticky/default_profile_images/default_profile_normal.png
2048907108637106177,AmariW68483,AmariW68483,MarMar,https://pbs.twimg.com/profile_images/2048909504755142656/a0xNI4pH_normal.jpg
958029571554729984,lugodelrey,lugodelrey,♎️★Librüh&Clothes&SŤĄŅwars2💋★🐦‍⬛,https://pbs.twimg.com/profile_images/2010438397823696896/s_4Ley80_normal.jpg
2052519513074098177,Genesisbadman,Genesisbadman,Genesis Carter,https://pbs.twimg.com/profile_images/2083878729416097792/uYwwDQew_normal.jpg
1576660072771592192,BoujiBRATx,BoujiBRATx,MsREALLYLIKETHAT😝🤏🏽,https://pbs.twimg.com/profile_images/2041255670931161088/zpj26DPc_normal.jpg
2056259230420570112,vqultd,vqultd,anon,https://pbs.twimg.com/profile_images/2056259412495331328/1dkOjahQ_normal.jpg
1317497730,NolaPrincess__,NolaPrincess__,BriBabyBitvh,https://pbs.twimg.com/profile_images/1842985167465361408/-ZMdUxW0_normal.jpg
1153402201190076416,fortheluvofD_,fortheluvofD_,D 🐬,https://pbs.twimg.com/profile_images/1793999174897111040/gT0ITc9L_normal.jpg
736203489798328323,ksupremez_,ksupremez_,dave clayco,https://pbs.twimg.com/profile_images/2044619012256993280/oX3-tked_normal.jpg
1016108729186390016,playboixl_,playboixl_,PlayboiXl,https://abs.twimg.com/sticky/default_profile_images/default_profile_normal.png
1603857425412546564,spicedlous,spicedlous,lucyliu,https://pbs.twimg.com/profile_images/1868444792855638016/e-Pp1FiJ_normal.jpg
494481958,DollFace_Ny,DollFace_Ny,Ny the Philosopher 🛸,https://pbs.twimg.com/profile_images/1404576619914727426/sNwCBvcx_normal.jpg
1898425368295669761,uhh_idk_whoo,uhh_idk_whoo,Idk??,https://pbs.twimg.com/profile_images/1898425442933080064/_h0JHYGN_normal.jpg
1934707917514805248,soyeontuide,soyeontuide,.,https://pbs.twimg.com/profile_images/2084461588040572929/IKRGX3AD_normal.jpg
375955536,JAMON_GLIZZYBOY,JAMON_GLIZZYBOY,ChiefGlizzy💂🏾🤴🏾,https://pbs.twimg.com/profile_images/1366803807888359430/4g5RBjTz_normal.jpg
1495771096821506049,feen4swae,feen4swae,s rickii,https://pbs.twimg.com/profile_images/2073283356272259072/3swGSa9z_normal.jpg
1351710419610697730,T_BearOfMyEye,T_BearOfMyEye,Dy,https://pbs.twimg.com/profile_images/1694374187958251521/OTlZ89rz_normal.jpg
1123374190734737410,Glow_TIM3,Glow_TIM3,♡⃤ C.🐝 ⚠️,https://pbs.twimg.com/profile_images/2051834078387740675/qCzX1D-n_normal.jpg
1356346635450781706,iambigjann,iambigjann,jann🎀,https://pbs.twimg.com/profile_images/2041698232699645953/dQiWrIl3_normal.jpg
599718487,elayormonique,elayormonique,3/27♈️,https://pbs.twimg.com/profile_images/1804606572905005056/MB9F7kCf_normal.jpg
1874383505632755712,Nzoe271717,Nzoe271717,nia,https://pbs.twimg.com/profile_images/1874384914344267777/SGLkLzr3_normal.jpg
1809887995929165824,omxriioo,omxriioo,omxriioo,https://pbs.twimg.com/profile_images/1993162748235018240/xtm-XyWx_normal.jpg
2059484787140943872,wettimagetty,wettimagetty,Wettimagety,https://abs.twimg.com/sticky/default_profile_images/default_profile_normal.png
1974562652052455424,yunis3rdaccv,yunis3rdaccv,yunis3rdaccv,https://abs.twimg.com/sticky/default_profile_images/default_profile_normal.png
1614139067783847937,NowaeKevin,NowaeKevin,NowaeKeon,https://pbs.twimg.com/profile_images/2077171484674379776/7yqN4_dL_normal.jpg
1476871358277632003,queenkinaj,queenkinaj,KEKE👸🏽🌞🇹🇹🇬🇾,https://pbs.twimg.com/profile_images/2069728561527721984/I2_f5ZX6_normal.jpg
355800367,Kaizia97,Kaizia97,#Killa,https://pbs.twimg.com/profile_images/1816888596621676544/zq7UA6Sz_normal.jpg
178523265,rickyrick96,rickyrick96,닥 쳐 씨 발 Rick,https://pbs.twimg.com/profile_images/848759980912238592/H6smo836_normal.jpg
2082181335221751808,SlaybellRing,SlaybellRing,Jumping the Gun,https://pbs.twimg.com/profile_images/2082181753658081280/gfvgmwW3_normal.jpg
795989626825609216,toriannamonique,toriannamonique,lucy ✨,https://pbs.twimg.com/profile_images/1925766499819474945/0VUlJ6cV_normal.jpg
112082013,TheRealDeonn,TheRealDeonn,† #ѕнιnə'on dərəĸ💧,https://pbs.twimg.com/profile_images/2032782117466234880/OrU9q8Eg_normal.jpg
2970946161,keyawnce3,keyawnce3,𓁆 𓀟 𓀣 𓁀  Gay Vape Chemicals✰ 𓀥𓁆 𓀕 𓆣𐚁,https://pbs.twimg.com/profile_images/1633173436947128322/YHhSpuDu_normal.jpg
1811574421804781568,Pinkmoonthebest,Pinkmoonthebest,Pink moon,https://pbs.twimg.com/profile_images/1811574955181768706/ljW3TKc2_normal.jpg
2076875656772915200,fightsfor_me,fightsfor_me,Idk,https://abs.twimg.com/sticky/default_profile_images/default_profile_normal.png
1269346393161940999,BbyPhat2002,BbyPhat2002,💋BbyPhat_.Ti💋,https://pbs.twimg.com/profile_images/2065297145201094657/RwN6K7vf_normal.jpg
1970328571487858688,niya25559976797,niya25559976797,niya,https://pbs.twimg.com/profile_images/1970328603905941504/j4RR3iQ1_normal.png
1347612795177750531,_TheKarmaEffect,_TheKarmaEffect,ᴋᴀʀᴍᴀ,https://pbs.twimg.com/profile_images/2027148329268789249/cW76WH2o_normal.jpg
2079151698312921088,Jaziya000,Jaziya000,Jaziya,https://abs.twimg.com/sticky/default_profile_images/default_profile_normal.png
1572768232418775042,ritzthebih,ritzthebih,Kaileyy !,https://pbs.twimg.com/profile_images/1893812614808907776/Oim_A9wf_normal.jpg
383765168,regally_jourdan,regally_jourdan,აᲒuჁᲫaი ♔,https://pbs.twimg.com/profile_images/1986046385322414080/BBCTrEBR_normal.jpg
756459763529945088,fordy2onrocksx,fordy2onrocksx,fordy,https://pbs.twimg.com/profile_images/1649797412800659456/uPV4EVtu_normal.jpg
1230351741666889729,cala_renee,cala_renee,Miss IDGAF😘🌸,https://pbs.twimg.com/profile_images/1656093140112097280/ONVZZ3tr_normal.jpg
1531148217613623296,TriesBerry,TriesBerry,Berry tries?,https://pbs.twimg.com/profile_images/1531148277579558912/RRl2if2V_normal.png
1800438443341647872,b4lloutbih,b4lloutbih,✮,https://pbs.twimg.com/profile_images/2076017002662006784/jfUrrz-v_normal.jpg
1923595001918849024,Tymoneyiscool,Tymoneyiscool,Tymoneyiscool,https://pbs.twimg.com/profile_images/2063645519163895808/vdcNd1n4_normal.jpg
239242491,_QueenLoyal,_QueenLoyal,✨DND QUEEN…✨💋🥶,https://pbs.twimg.com/profile_images/1974516195534536704/dw5gh-xl_normal.jpg
1111472569931096064,harajayku,harajayku,jay,https://pbs.twimg.com/profile_images/2083135037168660480/A8hHn1Je_normal.jpg
1511535042861969409,imprettyfrfr,imprettyfrfr,🩷 .,https://pbs.twimg.com/profile_images/1761845338829185024/dfpIWr-g_normal.jpg
1427418466487832581,riksandy15,riksandy15,fãs viúvos de Wind breaker 🕊️,https://pbs.twimg.com/profile_images/1931749964159258624/eIlELiD4_normal.jpg
1393734613223280650,ddesstinyyy,ddesstinyyy,dess 🏳️‍🌈,https://pbs.twimg.com/profile_images/1922047310051024896/5wChbL_G_normal.jpg
1456741278448816128,h_kamayha,h_kamayha,yourqueenkkh,https://pbs.twimg.com/profile_images/2026445855264288768/KR7aeoEZ_normal.jpg
1707243769874026496,chhariise,chhariise,BIGGEST BRAT. 👩🏽‍❤️‍💋‍👨🏾,https://pbs.twimg.com/profile_images/2010133897200140288/rX0hyfnJ_normal.jpg
1650616906523758592,sexcssa,sexcssa,sexc.,https://pbs.twimg.com/profile_images/1817161001487204353/pbBncvSX_normal.jpg
1565907928581799942,ilysvnti,ilysvnti,sj ❤︎,https://pbs.twimg.com/profile_images/2084513455348858880/QmT5NSin_normal.jpg
1676450657375768576,bwushsnsjj71158,bwushsnsjj71158,nigger,https://pbs.twimg.com/profile_images/1676450755014983680/OhsXY1fR_normal.jpg
1556640809612709891,Zayeghjv,Zayeghjv,idk,https://abs.twimg.com/sticky/default_profile_images/default_profile_normal.png
1692762908977975296,typaperr,typaperr,ッ,https://pbs.twimg.com/profile_images/2086352724275191809/FUtfrxbF_normal.jpg
212803088,NoFuucksGivenn,NoFuucksGivenn,1of1🖤,https://pbs.twimg.com/profile_images/2028904401390452738/N1e9umGT_normal.jpg
1613614473004056614,jxnxsxbtxex,jxnxsxbtxex,CRAVITY LOVER 💗,https://pbs.twimg.com/profile_images/1711070484161236992/WiDLZe7f_normal.jpg
1268384056749764610,rosesandice2,rosesandice2,r&i,https://pbs.twimg.com/profile_images/1859502609041653760/Df4F-b08_normal.jpg
1877419645545725952,lovebaddbaddie,lovebaddbaddie,💋💋💋💋💋,https://pbs.twimg.com/profile_images/1877422059627696128/Rh94kVRw_normal.jpg
2689227185,deedeelondon_,deedeelondon_,☆ 888 ☆,https://pbs.twimg.com/profile_images/2083437512861564928/rKPNcLjB_normal.jpg
1252341275774328832,Mixedlover301,Mixedlover301,Big T,https://pbs.twimg.com/profile_images/1796605213341601792/sRm1nFeQ_normal.jpg
1541287157997912065,iimmiya,iimmiya,miyaa❤️.,https://pbs.twimg.com/profile_images/1908034783654932481/9R5ZMWpr_normal.jpg
1689698536659505152,girlyganggsta,girlyganggsta,𝓰𝓲𝓻𝓵𝔂𝓰𝓪𝓷𝓰𝓼𝓽𝓪💗,https://pbs.twimg.com/profile_images/2076274863673683968/16De0Ma7_normal.jpg
1359503372160819204,imachillguyw2b,imachillguyw2b,chill bro,https://pbs.twimg.com/profile_images/2039317419060289536/wTuTfTNr_normal.jpg
1310286768432910349,sidneyw30199256,sidneyw30199256,MR. wright,https://pbs.twimg.com/profile_images/2038671978769629184/5iQ7RegP_normal.jpg
1575596783002329088,theyadore_doj,theyadore_doj,🩵💜,https://pbs.twimg.com/profile_images/2063826924397293568/MzwFOCb7_normal.jpg
1832858175449468928,sexytingsssssss,sexytingsssssss,Lisa Gabe,https://pbs.twimg.com/profile_images/1832858201521328128/uI-h6YUS_normal.png
984409201,xrawestfai,xrawestfai,Faith 💘,https://pbs.twimg.com/profile_images/2082965852031184896/krppX4O__normal.jpg
800436336398254080,neeshaleschelle,neeshaleschelle,𝒩𝒶𝓁𝑒𝑒𝓈𝒽𝒶 ✨,https://pbs.twimg.com/profile_images/2011095434442248192/i6EVYOR2_normal.jpg
1977621018320547840,HodgeRobin96741,HodgeRobin96741,sorrow🦢,https://pbs.twimg.com/profile_images/2072135902264987648/tFV20ihi_normal.jpg
1829004840623558656,JReaccts,JReaccts,JReaccts,https://pbs.twimg.com/profile_images/2085249761062387712/iL-dVVj2_normal.jpg
1857536576470794240,H984Ebony,H984Ebony,Ebony Hill,https://pbs.twimg.com/profile_images/1884280412882489344/7QpyugZc_normal.jpg
1958450038516166657,_iluvcheeks,_iluvcheeks,_iluvcheeks,https://pbs.twimg.com/profile_images/1958450221756698624/qSgMMsLk_normal.jpg
1646650808375685120,LeonhartAnnie8,LeonhartAnnie8,𝐀𝐧𝐧𝐢𝐞,https://pbs.twimg.com/profile_images/1721034280917233664/XQdlBNbb_normal.jpg
1968489337697484800,protosmone,protosmone,protosmone,https://pbs.twimg.com/profile_images/2075305757109563392/UgQjwiHw_normal.jpg
1990587812286980096,TheRealestKCCC_,TheRealestKCCC_,Kyler Cannon,https://pbs.twimg.com/profile_images/2083273666616320002/p30bNc6j_normal.jpg
1700280518791561216,syncdadom,syncdadom,Syncdadom,https://pbs.twimg.com/profile_images/1700312418339934208/wkrOvEb5_normal.jpg
1504072283928862723,thezeusbaddies,thezeusbaddies,Baddies USA,https://pbs.twimg.com/profile_images/1976841745548689408/zVTkZAEh_normal.jpg
2062269469083258880,Taliayza,Taliayza,Talia,https://abs.twimg.com/sticky/default_profile_images/default_profile_normal.png
1509051253980028929,ieatbigbooty,ieatbigbooty,🤍مسبيتيغوليش,https://pbs.twimg.com/profile_images/1907158495910055936/3N021jFB_normal.jpg
1987721544424882176,idkwhyimheree6,idkwhyimheree6,glckz💋,https://pbs.twimg.com/profile_images/2074868234478571520/cwf6QW6P_normal.jpg
2815795650,ceegerice,ceegerice,.,https://pbs.twimg.com/profile_images/2049487635559706624/T0R5H-Ji_normal.jpg
2010052774436958208,CedricDavi29135,CedricDavi29135,Cedric Davis,https://pbs.twimg.com/profile_images/2010053115006038016/DPqC3BPz_normal.png
2043760493135888385,getlikegreen,getlikegreen,Mike Green,https://abs.twimg.com/sticky/default_profile_images/default_profile_normal.png
1514981873105133568,j33419995_j,j33419995_j,j,https://pbs.twimg.com/profile_images/1673305163233361921/D0sbyUyz_normal.jpg
2001288427665518592,nuirENCORE,nuirENCORE,𝓂𝒶𝓎𝒶,https://pbs.twimg.com/profile_images/2082401132601540608/-cpuy2y2_normal.jpg
1885559024675848192,stuntonnaho,stuntonnaho,zaniya gilliard,https://abs.twimg.com/sticky/default_profile_images/default_profile_normal.png
2559721373,zebrinaholmes,zebrinaholmes,RedDevil,https://pbs.twimg.com/profile_images/2068881985695780864/1m8XXgVs_normal.jpg
1908299738664878080,RRoelvis33410,RRoelvis33410,Ttj,https://pbs.twimg.com/profile_images/1908299911528894464/7wGM4BES_normal.png
1461950075127664642,iilove_Yourmoms,iilove_Yourmoms,cutiepie💋,https://pbs.twimg.com/profile_images/2078389416565817344/kdOAIhKK_normal.jpg
1660759021832347649,L_inLalaland,L_inLalaland,Princess L 🎀,https://pbs.twimg.com/profile_images/1700620570860064768/Mp9YpywW_normal.jpg
2015272192552980480,maia2muchh,maia2muchh,M,https://pbs.twimg.com/profile_images/2015273811839447040/rdu4qxhY_normal.jpg
1432833512030314496,jiminbanggg,jiminbanggg,AN ODDINARY GIRL,https://pbs.twimg.com/profile_images/2076685143658389504/mRLQyvJZ_normal.jpg
2042464365203300352,polyboysonic,polyboysonic,trashlysonic,https://abs.twimg.com/sticky/default_profile_images/default_profile_normal.png
66983015,ImJustPierre,ImJustPierre,P ♕,https://pbs.twimg.com/profile_images/1995381010247061504/SqcPy_z5_normal.jpg
1645414345231200258,talmadge_j22181,talmadge_j22181,Daredevil ❤️😈,https://pbs.twimg.com/profile_images/2086431348206473216/orw1RZqh_normal.jpg
1954391526890725376,__CardiBFann,__CardiBFann,THE BRIMCESS 🐦‍⬛,https://pbs.twimg.com/profile_images/2082601381295484928/K9k6sxo4_normal.jpg
1813439778022371328,starz_222,starz_222,🐼THE KING🎬,https://pbs.twimg.com/profile_images/2072581536306622464/_24VBJKM_normal.jpg
1784327605455331328,donblondee,donblondee,⃟,https://pbs.twimg.com/profile_images/2077873616889245696/mIIoghMt_normal.jpg
1342422853115912192,thisismy3hilol,thisismy3hilol,khyy,https://pbs.twimg.com/profile_images/2073969031183253504/QXIGSzq5_normal.jpg
1188148660447481856,Crisbahen,Crisbahen,cris b,https://pbs.twimg.com/profile_images/2068783049567850496/o_R1-xgO_normal.jpg
1217590159149084672,zynobien,zynobien,THEVILLAIN☆,https://pbs.twimg.com/profile_images/2056982065002725376/7jvDQZwK_normal.jpg
1705028360827514880,charming_galore,charming_galore,CG ✮,https://pbs.twimg.com/profile_images/2061571477787303936/9ah0HGxa_normal.jpg
1489472266442194944,MISFITSBOXING4,MISFITSBOXING4,4hunnid4,https://pbs.twimg.com/profile_images/2051388174837194752/08b3u0M4_normal.jpg
1918816168741163008,Universal441068,Universal441068,Universal,https://pbs.twimg.com/profile_images/1918816224835682304/9ypQIAmv_normal.png
1038412920407961601,Bhadbarbie28,Bhadbarbie28,PRETTYLONER💔,https://pbs.twimg.com/profile_images/1995364428301189120/knGpvY8q_normal.jpg
2016589885843312640,QJeffery5972,QJeffery5972,Quativa Jeffery,https://pbs.twimg.com/profile_images/2052404811778142209/Z_EwIpkT_normal.jpg
1967475696801841152,T0nio_Foxx,T0nio_Foxx,Capricorn🫰🏾♑️,https://pbs.twimg.com/profile_images/1972956534545022976/9uCQDknm_normal.jpg
541327942,fluffybunnyluna,fluffybunnyluna,♡Cozy♡¹²⁷,https://pbs.twimg.com/profile_images/1989758502647066624/6qr7HKd6_normal.jpg
1936037621563613184,radsebby,radsebby,RADDLEY JETT || 🇩🇴🇭🇹🇲🇽,https://pbs.twimg.com/profile_images/2084848918668472320/WZFjnl9E_normal.jpg
1978112638698536960,rehxxnsxeed,rehxxnsxeed,rehaan saeed,https://abs.twimg.com/sticky/default_profile_images/default_profile_normal.png
1607357392517304320,theeblaise_,theeblaise_,QUEEN BUNC ‼️,https://pbs.twimg.com/profile_images/2020762057466060800/2pqD2hFM_normal.jpg
1195240888974348288,Sir_Rob27,Sir_Rob27,Robby,https://pbs.twimg.com/profile_images/1259010224951885825/3OW4lrrP_normal.jpg
1865684628255993856,HidalgoKia78369,HidalgoKia78369,Aki,https://pbs.twimg.com/profile_images/1865684767116824576/cWjekkJY_normal.png
1799926244621922304,Onika56711225,Onika56711225,𝐍𝐢𝐜𝐤𝐢 𝐳𝐨𝐥𝐚𝐧𝐬𝐤𝐢 ❦ 🇿🇦🤍,https://pbs.twimg.com/profile_images/2052070332194779137/KewfPGOk_normal.jpg
2078620007395659776,Kaniahzu,Kaniahzu,Kaniah,https://pbs.twimg.com/profile_images/2081536792474296320/QPwYyXfz_normal.jpg
1249768762296983553,trenyiaatee,trenyiaatee,tbaby💐,https://pbs.twimg.com/profile_images/1668651546484039682/dkDDNqTb_normal.jpg
448255868,desiichan,desiichan,0K4Y,https://pbs.twimg.com/profile_images/2072951467531780096/mZoVqXUZ_normal.jpg
1127273346842943489,iampearljones,iampearljones,𝕍𝕚𝕝𝕝𝕒𝕚𝕟 𝕠𝕗 𝕊𝕚𝕞𝕤,https://pbs.twimg.com/profile_images/2048211878414028800/bX_M7jqd_normal.jpg
389661835,Mnmsmom22,Mnmsmom22,Nik,https://pbs.twimg.com/profile_images/1315700415757987843/erAUwHJW_normal.jpg
254100624,weworshipsham,weworshipsham,ms. smith 💋,https://pbs.twimg.com/profile_images/2086403432915648512/TlG5A12K_normal.jpg
518642037,KailaRahssan,KailaRahssan,K.,https://pbs.twimg.com/profile_images/1972182704989859840/SS-2_AsD_normal.jpg
1421662502241415174,shetastefruity,shetastefruity,prettybaee,https://pbs.twimg.com/profile_images/1924913913755316224/TcBIg0_z_normal.jpg
227895773,chizzlethaninja,chizzlethaninja,Miss Crybaby ✨,https://pbs.twimg.com/profile_images/1821371744235466752/6Bpd72Hm_normal.jpg
1776432776784334848,KaylynnHay64037,KaylynnHay64037,K.kayyykayyy_,https://pbs.twimg.com/profile_images/1915511404028653568/oUAVZ6g1_normal.jpg
2044213900305154048,PrettyAss_Thug,PrettyAss_Thug,🎈,https://pbs.twimg.com/profile_images/2048852910663229440/Qh0HR6WW_normal.jpg
1928236060137639936,absorbbv,absorbbv,isi,https://pbs.twimg.com/profile_images/2051488696038526976/kdsD0luG_normal.jpg
2371506167,Theswagplug_,Theswagplug_,tonyb🖤,https://pbs.twimg.com/profile_images/2011325454712745984/-fjRW1sK_normal.jpg
1658931993596383232,DruTingz,DruTingz,🩵DRU🩵,https://pbs.twimg.com/profile_images/2065445899006885889/u_lUH8M2_normal.jpg
835582642091327488,BigPooh__,BigPooh__,Pooh😶‍🌫️,https://pbs.twimg.com/profile_images/2046302264143511552/RY0Rb6e6_normal.jpg
1156726617093398533,WhoisVindictive,WhoisVindictive,WhoisVindictive,https://pbs.twimg.com/profile_images/1667516832163549185/0OfOyeTL_normal.jpg
2068816678893314049,kingofDseas,kingofDseas,Buggy D King,https://pbs.twimg.com/profile_images/2068817397037846528/6ztu_jqM_normal.jpg
1512417510548725761,Ladyxmurrx,Ladyxmurrx,Ladyxmurrx,https://pbs.twimg.com/profile_images/2040788911501565952/s0dF6PSj_normal.jpg
1911870427657633793,Ronwick3d,Ronwick3d,Ron,https://pbs.twimg.com/profile_images/1989470805546172416/EHmGzMpW_normal.jpg
817869772444549121,naybachmusicc,naybachmusicc,miss ting,https://pbs.twimg.com/profile_images/2045872855083061248/sqfb66tN_normal.jpg
1904602559811379200,MiguelM84451068,MiguelM84451068,💕xMIGUELx💕,https://pbs.twimg.com/profile_images/2035404410445324288/FqAAFB1s_normal.jpg
1381628156667383810,itsskeondre,itsskeondre,κ ε ε ♛ .,https://pbs.twimg.com/profile_images/2028291528540450816/wjBJ19m1_normal.jpg
1872558861866979328,ZackyFrance,ZackyFrance,Trisha,https://abs.twimg.com/sticky/default_profile_images/default_profile_normal.png
1668497043021520896,piiinkbarb,piiinkbarb,mo,https://pbs.twimg.com/profile_images/2085598332232081409/Y5L8E1Kd_normal.jpg
2462159311,b0mbBri_,b0mbBri_,b0mbBri_,https://pbs.twimg.com/profile_images/2000336904479272965/JnOvvTid_normal.jpg
1818311231893110784,ODatszayy62970,ODatszayy62970,oh,https://pbs.twimg.com/profile_images/1818311277950672896/xpYbBVYc_normal.png
1395455800349319169,iimaniii888,iimaniii888,imani,https://pbs.twimg.com/profile_images/1972150512121151488/FUTchuFL_normal.jpg
1591920117436260352,Killeruser01,Killeruser01,🐊🐍✰⁹⁷✰Ninetyseven✰⁹⁷✰🐊🐍,https://pbs.twimg.com/profile_images/2003491743069569024/26YETM-R_normal.jpg
226276534,___breezyfbaby,___breezyfbaby,lil berry cake 🩵,https://pbs.twimg.com/profile_images/2064804544450617344/P9EADzo2_normal.jpg
101945207,habibahsays,habibahsays,♥,https://pbs.twimg.com/profile_images/2025081453965357056/LnhACqnv_normal.jpg
1625244985380536320,misswickked,misswickked,MAY 🤍,https://pbs.twimg.com/profile_images/2077045739130118144/FlOAWrmD_normal.jpg
1008954797507178496,cecescottie,cecescottie,Cece,https://pbs.twimg.com/profile_images/1898571207412449280/hES5Zp1c_normal.jpg
2067359258593677312,younghohideout,younghohideout,young ho,https://abs.twimg.com/sticky/default_profile_images/default_profile_normal.png
3056033560,liyamosth8ed,liyamosth8ed,✨ششمهغش,https://pbs.twimg.com/profile_images/2049198229372465152/rnvmwhPY_normal.jpg
973454207129878529,Justlunaaa__,Justlunaaa__,Onijah Robinson,https://pbs.twimg.com/profile_images/1648760904501059591/kj5KEpV1_normal.jpg
1498085698137640965,crushedroses22,crushedroses22,lucy,https://pbs.twimg.com/profile_images/2076062819087245313/cifN9xoC_normal.jpg
1568300101176594442,codedvixen,codedvixen,🪽,https://pbs.twimg.com/profile_images/2079159996554649600/VwBq_qdz_normal.jpg
1471685058058756097,ih3artprda,ih3artprda,☆ ☆,https://pbs.twimg.com/profile_images/1674185732112412676/lXQ8XppW_normal.jpg
2083755285751934976,jahzeosa336,jahzeosa336,jah,https://abs.twimg.com/sticky/default_profile_images/default_profile_normal.png
3290782318,x_eboni,x_eboni,edolla,https://pbs.twimg.com/profile_images/1483534099319078914/HnU-4RZR_normal.jpg
1889466150557458433,mindyabuss2006,mindyabuss2006,sluttylil,https://pbs.twimg.com/profile_images/2069479878995365888/uZrBlLu4_normal.jpg
1483613391231066123,Vibeswit_Angel,Vibeswit_Angel,Angel 🫶🏾🙃,https://pbs.twimg.com/profile_images/1483614345913319427/1r9sCsq9_normal.jpg
1810785583276642305,Yknowtslime556,Yknowtslime556,littlekidsgettingleaked.,https://pbs.twimg.com/profile_images/1963174910034927616/gSinmK9c_normal.jpg
1915760755510763520,sa7ceszn,sa7ceszn,.,https://pbs.twimg.com/profile_images/2043046945237659648/Ii8p7cpN_normal.jpg
1547510411641192448,Youcantfindmax,Youcantfindmax,ms. new titties,https://pbs.twimg.com/profile_images/1608073545778610176/BSA5vCnj_normal.jpg
1570130008118632452,STALLIONSREGIME,STALLIONSREGIME,guccinika 🍀.,https://pbs.twimg.com/profile_images/2004838431013146624/b5Z3J9NY_normal.jpg
1716913503548919808,DeejJoseph,DeejJoseph,Deej Joseph,https://pbs.twimg.com/profile_images/1766342086754742272/lA7PUN_H_normal.jpg
1993734269731004416,Kwm_20,Kwm_20,K,https://abs.twimg.com/sticky/default_profile_images/default_profile_normal.png
1929669503866318848,dollysvision,dollysvision,dollysvision,https://pbs.twimg.com/profile_images/2056210757050642432/clQsoef9_normal.jpg
1737883931272523776,stannickipurrr,stannickipurrr,h3adsz4stan,https://pbs.twimg.com/profile_images/1973572037647147016/Luas7MaS_normal.jpg
1973501148700053504,swhtxrod,swhtxrod,apple city boi,https://pbs.twimg.com/profile_images/2036837729468899328/IYaZaTLZ_normal.jpg
1793279813123272704,wandxererr,wandxererr,mvp,https://pbs.twimg.com/profile_images/2084174916513861632/tP4AUjZr_normal.jpg
2073039196072116225,ohhinana,ohhinana,queen💎⁵,https://pbs.twimg.com/profile_images/2073040513263902720/LYrcXao__normal.jpg
1698695547178156032,AshantiFan018,AshantiFan018,JudgeFudge,https://pbs.twimg.com/profile_images/1698698127182532608/HlYnkNzC_normal.jpg
1973911098295267328,g0byti,g0byti,Ti🌸🌺,https://pbs.twimg.com/profile_images/2046345926512680961/LP0rQ-5t_normal.jpg
1752869308273737729,suki_lily234,suki_lily234,Lily suki,https://abs.twimg.com/sticky/default_profile_images/default_profile_normal.png
1599885956647116800,kashdiezel,kashdiezel,KA$H✞,https://pbs.twimg.com/profile_images/1927965418041298944/NeWgejuE_normal.jpg
1122854832187027457,piscesctrl,piscesctrl,✿✿,https://pbs.twimg.com/profile_images/2034774909797150720/qr6U-u6K_normal.jpg
1180966675623170048,swtduh,swtduh,swtduh,https://pbs.twimg.com/profile_images/1999494833354731529/3WV_sWCY_normal.jpg
2062659625908891648,00JohnDoesfti,00JohnDoesfti,Trinity,https://pbs.twimg.com/profile_images/2077201606127308800/KGr1iUb__normal.jpg
1628238364016054273,lucaslindogonc,lucaslindogonc,lucas,https://pbs.twimg.com/profile_images/2074700091613499393/YTgOvl0u_normal.jpg
1458593952244944897,wearelalaloopsy,wearelalaloopsy,adriana 4 fun,https://pbs.twimg.com/profile_images/2039387466302734336/j_6bJ2-8_normal.jpg
1619731542883844102,lanaaofc,lanaaofc,lanaj,https://pbs.twimg.com/profile_images/2062994141492006912/iSDJGP94_normal.jpg
1531398875914846208,nahhhnopee,nahhhnopee,nahnope,https://pbs.twimg.com/profile_images/1635848630601957376/g8JMMZpA_normal.jpg
1695573141173510146,Istayyy2,Istayyy2,instayy2,https://pbs.twimg.com/profile_images/1695573338247118849/EnA5aVOI_normal.jpg
1578091450079789058,Robinna63084273,Robinna63084273,GEN X- FERAL,https://pbs.twimg.com/profile_images/1695502561703292928/vuXKjvyn_normal.jpg
1799668186721275904,heavensgalleryy,heavensgalleryy,leheaven james,https://pbs.twimg.com/profile_images/2071760137757298688/-XjakT6P_normal.jpg
1854886546060492800,_Shanaynextdoor,_Shanaynextdoor,dummmee.y.yy,https://pbs.twimg.com/profile_images/1936625468695887872/-5vIzi0M_normal.jpg
71646719,iam_daMANager,iam_daMANager,K-Rageous,https://pbs.twimg.com/profile_images/1647000661182038017/SBY50HZJ_normal.png
1982501088373698560,Darks_111,Darks_111,Vampire,https://pbs.twimg.com/profile_images/2062281151721451520/zJeG6ttW_normal.jpg
1642085845531254785,iloveeatingahhh,iloveeatingahhh,👀👀,https://pbs.twimg.com/profile_images/2085086813635346432/wvGWW20u_normal.jpg
1131164024987619328,MontezCreates,MontezCreates,MontezTheeCreator✨,https://pbs.twimg.com/profile_images/2083078310393679872/bzOa494G_normal.jpg
1912243649036910592,jawnriii,jawnriii,Adrianna Budden,https://abs.twimg.com/sticky/default_profile_images/default_profile_normal.png
1879325669240315904,HelloFinn0,HelloFinn0,𝑭𝒊𝒏𝒏,https://pbs.twimg.com/profile_images/1996548398892081152/-e-DKdwI_normal.jpg
3324280239,MsNonchalannt,MsNonchalannt,Taylor ✨♐️,https://pbs.twimg.com/profile_images/1888052012702388224/lPWiIyGk_normal.jpg
1876126268569300992,rytheeoriginal,rytheeoriginal,ryan,https://pbs.twimg.com/profile_images/2066702075392622592/tt7h_Ykk_normal.jpg
1476921308818595842,cinnamonledger,cinnamonledger,yecats,https://pbs.twimg.com/profile_images/2072367216125779969/A9KSA9KA_normal.jpg
1209342917007085568,atyajjali,atyajjali,maryamatyajemal🦄,https://pbs.twimg.com/profile_images/2086239826773164033/RhulcCpR_normal.jpg
1749925832833789952,zhangh0e_,zhangh0e_,xev,https://pbs.twimg.com/profile_images/1749927906266996736/zkkfC3zT_normal.jpg
2066664946092392448,L0veramal,L0veramal,Ramal,https://pbs.twimg.com/profile_images/2066665144856313856/0ahf7cJK_normal.jpg
1502847222974758913,MaleZealiaBanks,MaleZealiaBanks,PattyW.D.F,https://pbs.twimg.com/profile_images/2084362105474383872/7JByse-O_normal.jpg
2000775525850071041,JasmineLuc3y,JasmineLuc3y,Pls🤤Jasmine Lucas,https://pbs.twimg.com/profile_images/2074519383297134592/b81QtuVF_normal.jpg
2059632106175643649,DannyCasti9cuh,DannyCasti9cuh,Danny Castillo,https://pbs.twimg.com/profile_images/2059632415690063881/AuQuEP8I_normal.jpg
1697157894922231808,kevin_dink36812,kevin_dink36812,Mr.Love,https://pbs.twimg.com/profile_images/2051532475323621380/SV3QnPzZ_normal.jpg
747556355402235905,teIevizion,teIevizion,$,https://pbs.twimg.com/profile_images/1959819716337299456/PnTxtU5G_normal.jpg
1022032781180891136,Zani_slendar,Zani_slendar,Zanele Maonga,https://pbs.twimg.com/profile_images/2060015060123058180/6MIMFR95_normal.jpg
1840415160860610561,NamedN28128,NamedN28128,Random____,https://pbs.twimg.com/profile_images/2001134198724206594/T8mkfE-0_normal.jpg
2381153890,SimplyDeasia,SimplyDeasia,Deasia💕,https://pbs.twimg.com/profile_images/2075889171369996288/yEIeRi0m_normal.jpg
1204252987092295680,Philly_Creamer,Philly_Creamer,KingBuncc,https://pbs.twimg.com/profile_images/2085843369461161984/jw2oPOqb_normal.jpg
1474546867555995650,BunnixXOXO,BunnixXOXO,BunnixXOXO🦋🩷,https://pbs.twimg.com/profile_images/2015426983249743872/hJnulrn3_normal.jpg
1807282241648939008,shaedabot,shaedabot,shayabaya,https://pbs.twimg.com/profile_images/1903289265498595328/CUgc2u2N_normal.jpg
1796422126406184960,JamesBody165894,JamesBody165894,James Body,https://pbs.twimg.com/profile_images/1800711943734407168/W3DnijYx_normal.jpg
2040442504831520769,00AgentOfCha0s,00AgentOfCha0s,Double Agent 0elc,https://pbs.twimg.com/profile_images/2075950458837848064/o6RydKoE_normal.jpg
775518463708295169,Boss_738,Boss_738,🍾Jonathan🍾,https://pbs.twimg.com/profile_images/1945659816925421568/WcRILVWy_normal.jpg
1669192463314038784,400Nhiy78924,400Nhiy78924,Nhiy 400,https://abs.twimg.com/sticky/default_profile_images/default_profile_normal.png
1266672477574479873,rebel4life2020,rebel4life2020,Rebel4Life,https://pbs.twimg.com/profile_images/1604839183171862528/eYSw-R3x_normal.jpg
1741900931111727104,wreckitShad,wreckitShad,Rashad®️,https://pbs.twimg.com/profile_images/2057847831772180480/GGTPGUyS_normal.jpg
1704700253520146432,marswaggymar,marswaggymar,mar ⭐️,https://pbs.twimg.com/profile_images/2086011507905593344/CWAmAwm9_normal.jpg
1088995255997861891,kingkkruze,kingkkruze,King Kory Kruze,https://pbs.twimg.com/profile_images/2023838628816760832/9T9aqgK1_normal.jpg
1405968257434099714,anthxnyminaj,anthxnyminaj,˗ˏˋ ant ´ˎ˗,https://pbs.twimg.com/profile_images/2039171363420942336/OAo49buN_normal.jpg
1712884097486360576,_Vontaii_,_Vontaii_,👑KING👑,https://pbs.twimg.com/profile_images/1747370782605430784/sxTA-VRH_normal.jpg
1659982829369925633,clanton_mi66614,clanton_mi66614,Mij Clanton,https://pbs.twimg.com/profile_images/1794803764894851072/z8PmGeyz_normal.jpg
2526435486,Stef103_,Stef103_,Diary of a Mad Black Woman,https://pbs.twimg.com/profile_images/2085464515387224064/A9Z7l-1x_normal.jpg
2008845075527159808,WanceyyChayncey,WanceyyChayncey,HappyandSad,https://pbs.twimg.com/profile_images/2022939716803268608/f4cFSDhe_normal.jpg
2333608622,iammshaheem,iammshaheem,Sha’heem Karon✨,https://pbs.twimg.com/profile_images/1903456415378792448/V4xSL3iO_normal.jpg
60278254,Hotstuff91,Hotstuff91,Hotstuff91,https://pbs.twimg.com/profile_images/2066357035889840128/UXfutYlW_normal.jpg
1796131771299307522,witchyousuck,witchyousuck,𐕣𝐇𝐄 𝐒𝐔𝐏𝐑𝐄𝐌𝐄,https://pbs.twimg.com/profile_images/2081222723573829632/_J_TINe5_normal.jpg
1616603717456756736,lashseyelash,lashseyelash,💗,https://pbs.twimg.com/profile_images/2082953241394896896/-R_vy16S_normal.jpg
2078296922343833600,Sergioyzoff,Sergioyzoff,Sergio,https://abs.twimg.com/sticky/default_profile_images/default_profile_normal.png
1853140465777889280,Chiastariyah,Chiastariyah,꒰ Chia ✧ ꒱,https://pbs.twimg.com/profile_images/1971963991472603136/9oial9Mh_normal.jpg
1156282186246414336,VllIRGO,VllIRGO,Princess,https://pbs.twimg.com/profile_images/2064585919051841536/Gavv8rIA_normal.jpg
711217320497180672,KarenWi2961,KarenWi2961,Karen Williams,https://pbs.twimg.com/profile_images/1562796978240618496/MyUsSHRg_normal.jpg
2061635560901369856,Too_flyyky_1of1,Too_flyyky_1of1,Tooflyyky,https://pbs.twimg.com/profile_images/2063756240065273856/8yFf3bmv_normal.jpg
1934108915421081600,BIGLAYZIEEE,BIGLAYZIEEE,BIGGLAYZIEEE,https://pbs.twimg.com/profile_images/1973511129235136512/-LmjjeBA_normal.jpg
1689465417775915011,JJD785760,JJD785760,JoJo,https://pbs.twimg.com/profile_images/1689465633862217728/XsT76_E7_normal.jpg
1660414936546258946,suckdixkwhore,suckdixkwhore,MissMihicko,https://pbs.twimg.com/profile_images/1846289949785563136/KIBCpPe0_normal.jpg
1940017095753846784,pythonoragamy,pythonoragamy,Riot,https://pbs.twimg.com/profile_images/2081590751121596417/oPGFCZA__normal.jpg
1800717782444654592,Guilher96658004,Guilher96658004,Fatbrina,https://pbs.twimg.com/profile_images/2016692018521788417/VzKaovEn_normal.jpg
2032523085966880768,Estarrr7777,Estarrr7777,Estarrr 🏴,https://pbs.twimg.com/profile_images/2034655677923127296/w7V4_fTz_normal.jpg
1528650490162159618,Novabully,Novabully,King,https://pbs.twimg.com/profile_images/1949001929360609280/uQ6j14fp_normal.jpg
1527843636154605569,Bigdaday93,Bigdaday93,Bigdaddy,https://pbs.twimg.com/profile_images/1651356367926579201/8Z442jLf_normal.jpg
4883180974,kayyyyydddd,kayyyyydddd,K.D,https://pbs.twimg.com/profile_images/2000979705684439107/UJ3TPH0i_normal.jpg
1286795697849872386,GETLIKELIKEDAT,GETLIKELIKEDAT,🥴,https://pbs.twimg.com/profile_images/2058716865040408576/VFXj14z9_normal.jpg
899398776250609668,anyiahszn,anyiahszn,𝙉𝙮𝙖𝙝 ˚❀*,https://pbs.twimg.com/profile_images/2071145761249595392/bjPmwkVO_normal.jpg
47307669,TopDawgLo313,TopDawgLo313,February 1st♒️,https://pbs.twimg.com/profile_images/1906417839117860864/pOMvzHFO_normal.jpg
113976397,chepelacallo,chepelacallo,BELLAKO 🫨,https://pbs.twimg.com/profile_images/1991885164394446848/rK0ApgcM_normal.jpg
1303710659364950019,patron_straight,patron_straight,Patron Straight🎀,https://pbs.twimg.com/profile_images/2068723447228743680/SAUGV6HZ_normal.jpg
88793327,JupiterBAMN,JupiterBAMN,Jupiter Baldomero⚡,https://pbs.twimg.com/profile_images/1883498117200224256/-MX9nNis_normal.jpg
571996056,ceejaii__,ceejaii__,YUBNQ?!,https://pbs.twimg.com/profile_images/2065720885839831041/saTgkgKI_normal.jpg
1709281454033686528,itotepinkgens,itotepinkgens,lol,https://pbs.twimg.com/profile_images/2080559782620979200/Z5VwmCnY_normal.jpg
2074880572535513088,LarissaDestiny,LarissaDestiny,Larissa Destiny,https://pbs.twimg.com/profile_images/2074881527121391618/vA6vZ5L-_normal.jpg
3361744319,_kilaaah,_kilaaah,feminem.,https://pbs.twimg.com/profile_images/2068817777595392001/zrdBduFh_normal.jpg
2788385091,ThaDonHQ,ThaDonHQ,don,https://pbs.twimg.com/profile_images/2085907425316519936/mOUQTKlx_normal.jpg
1596790777761366016,ItsLoofley,ItsLoofley,Lovely,https://pbs.twimg.com/profile_images/1596799817589587969/bguiI26u_normal.jpg
2057143780210319360,kenglokxz,kenglokxz,Kenglokxz_,https://pbs.twimg.com/profile_images/2084758657418354688/m5hqpS-G_normal.jpg
892235233248112641,DarkskinKESH,DarkskinKESH,GOT BITCHES PAYING FOR THIS DARK SKIN ‼️,https://pbs.twimg.com/profile_images/1862284684417273857/QBWWb7Ug_normal.jpg
152512936,lemuelplummer,lemuelplummer,lemuelplummer,https://pbs.twimg.com/profile_images/1123718925378818049/ju5R94uE_normal.jpg
1343076753389056005,NunnMissnatalie,NunnMissnatalie,NunnMissnatalie,https://pbs.twimg.com/profile_images/2077772664219848704/XFQ0Gn1t_normal.jpg
321144406,keishaaaaaaa_,keishaaaaaaa_,Ebony Goddess✨🫶🏾🍯,https://pbs.twimg.com/profile_images/1800019846907789312/-FBGiKCw_normal.jpg
1779512962778099713,youareugly512,youareugly512,none yah,https://pbs.twimg.com/profile_images/1799888614467215360/Fj8ggIHq_normal.jpg
1885173788930957312,Allaboutgigi_,Allaboutgigi_,‘gigi,https://pbs.twimg.com/profile_images/1995204856752050176/tL-dxAKC_normal.jpg
283211519,Selena__RoseXO,Selena__RoseXO,𝚂𝚅𝙳𝙳𝙴𝙽 𝙼𝙾𝙼𝙼𝚈♥,https://pbs.twimg.com/profile_images/1930720038450798592/F3NLcMgf_normal.jpg
1594092700327870464,Kashdollpicks,Kashdollpicks,Kash Doll Picks,https://pbs.twimg.com/profile_images/2061951070188826625/4Hd_rjpf_normal.jpg
1540192032584613888,partygetsmrd,partygetsmrd,partygetsmewetter,https://pbs.twimg.com/profile_images/1862292275700592640/kIeaq4tB_normal.jpg
2026909868012220416,AdianaWilliams5,AdianaWilliams5,Adiana Williams,https://pbs.twimg.com/profile_images/2026910282698862593/FHU9tRO9_normal.jpg
1514302697784025091,winterrosebaby,winterrosebaby,Barbie Cash,https://pbs.twimg.com/profile_images/1979866294716440577/WrXfhaCZ_normal.jpg
931064123760283649,theygotmegirl,theygotmegirl,"Rasheeda got bags, she rap like shawty lo!",https://pbs.twimg.com/profile_images/1777711259120787456/yT1Oj8gb_normal.jpg
1963144259567034368,popcultureshit1,popcultureshit1,Itsbarbiebchh,https://pbs.twimg.com/profile_images/2045495710846750720/OoF4B0ZH_normal.jpg
1136716330344820736,himkarrdashian,himkarrdashian,🫧✴︎,https://pbs.twimg.com/profile_images/2086077394087968768/zBrGDyM0_normal.jpg
1786434584533434368,buuhbuugfffff,buuhbuugfffff,.,https://pbs.twimg.com/profile_images/2060602887831535617/weYRvHzF_normal.jpg
1501050837853818884,jesuselhomie,jesuselhomie,Jesus Olmedo,https://abs.twimg.com/sticky/default_profile_images/default_profile_normal.png
2012926955650256897,Tamara1211449,Tamara1211449,Mystery,https://pbs.twimg.com/profile_images/2012927037799907328/srSZkb3P_normal.jpg
1467320366007832579,islandgyal45,islandgyal45,Meli,https://pbs.twimg.com/profile_images/1867436469519888384/3KyrAjU7_normal.jpg
1464971099679211528,Destinysworld9,Destinysworld9,only.dess,https://pbs.twimg.com/profile_images/1464971138631622661/Q2i5Kpn__normal.jpg
2067751224590430208,TrixiesWet,TrixiesWet,Trixiepixie,https://abs.twimg.com/sticky/default_profile_images/default_profile_normal.png
2004781577377873920,CBFW011,CBFW011,CBFW,https://pbs.twimg.com/profile_images/2004781720583745536/AOk1epfX_normal.jpg
1212933598812065795,DESi6NERFR3AK,DESi6NERFR3AK,DESi6NERFR3AK,https://pbs.twimg.com/profile_images/2077276514224107520/jPC7O7fj_normal.jpg
1743378576718663680,eubielsant17032,eubielsant17032,𓆉𓇼,https://pbs.twimg.com/profile_images/1995656640540848128/WgX9sq4a_normal.jpg
1664615831794319363,Unique004835761,Unique004835761,Unique,https://pbs.twimg.com/profile_images/2027542605253242880/ycTFobNU_normal.jpg
1075273239775965185,TheOfficialKin9,TheOfficialKin9,The Official King Pain,https://pbs.twimg.com/profile_images/1075274398330802176/liZDr4pn_normal.jpg
1854348990588076032,nyxsosilly,nyxsosilly,Anonx,https://pbs.twimg.com/profile_images/2075488103494459392/CPpwgdkp_normal.jpg
44851023,sugahbaby09,sugahbaby09,Chantelle Monique,https://pbs.twimg.com/profile_images/1083259468245319682/9oxlWkBd_normal.jpg
2000649278197235740,sumdarksexcbtc,sumdarksexcbtc,Bre,https://abs.twimg.com/sticky/default_profile_images/default_profile_normal.png
1535656007908614145,marciexo_,marciexo_,marceline or marcie,https://pbs.twimg.com/profile_images/1996429016316665856/-eG9A3oV_normal.jpg
2008390078985629696,Cakeiescute,Cakeiescute,Cakeies,https://pbs.twimg.com/profile_images/2041423368730316800/nLfVtYqe_normal.jpg
2048986533126901760,J80263Akeilah,J80263Akeilah,CANDYEATER876,https://pbs.twimg.com/profile_images/2048986609442336768/DCBg7Cyd_normal.png
1754693942455472128,onmysoulll2249,onmysoulll2249,onmysoulll,https://abs.twimg.com/sticky/default_profile_images/default_profile_normal.png
1546314220270141440,MsGoodpussrz,MsGoodpussrz,Ms.Goodpuss✨💕,https://pbs.twimg.com/profile_images/1621546687922671617/i828ffw1_normal.jpg
1819996630638096386,bobby_mirlin,bobby_mirlin,Ki,https://pbs.twimg.com/profile_images/2005391947498708992/clfKIXtQ_normal.jpg
1622423067677827077,laayiaaa,laayiaaa,#hfl😾,https://pbs.twimg.com/profile_images/2073393990410334208/LTLQpb8U_normal.jpg
1803796362795913216,thegirlsrxxm,thegirlsrxxm,bbygirl 🧸,https://pbs.twimg.com/profile_images/1943796218729000961/bx8rd9Am_normal.jpg
591939242,prellaaaaa,prellaaaaa,P🦋,https://pbs.twimg.com/profile_images/1950086807321792512/m42K2iby_normal.jpg
421256865,xXTraBoXx,xXTraBoXx,Nico 🪐✨,https://pbs.twimg.com/profile_images/1964123181213765635/mYHSB2kU_normal.jpg
1328967300230377474,ChaseMalik555,ChaseMalik555,ChaseTheDickologist 🍆,https://pbs.twimg.com/profile_images/1522849906049826816/h5PG3nyD_normal.jpg
1709949994713702400,getbaccnai,getbaccnai,Ren,https://pbs.twimg.com/profile_images/1936893221440765952/xe8SyjAw_normal.jpg
1761219603139563520,MiguelAruz,MiguelAruz,Miguel Aruz,https://abs.twimg.com/sticky/default_profile_images/default_profile_normal.png
67212839,Moniquey_boo,Moniquey_boo,Mo Mo,https://pbs.twimg.com/profile_images/1028738020248350726/vR-rjUn9_normal.jpg
1166461132506357760,BillingsOctavia,BillingsOctavia,♋️💗𝙾𝚌𝚝𝚊𝚟𝚒𝚊💗♋️,https://pbs.twimg.com/profile_images/2070213144614404096/TW53004p_normal.jpg
1347413091949146117,Malloboemett,Malloboemett,paper Ratsiii,https://pbs.twimg.com/profile_images/1951066450711506944/RDcEtKzy_normal.jpg
1263713182968840195,MamaFuj0shi,MamaFuj0shi,🔞Dandy D Clown🤡,https://pbs.twimg.com/profile_images/2062764287542644736/fxk7rM7S_normal.jpg
1001667080897355777,bubba800k,bubba800k,te veo,https://pbs.twimg.com/profile_images/1964213395319615488/Kb6cbvWH_normal.jpg
1349580958601768960,ciera66909569,ciera66909569,ciera kay 🤩,https://pbs.twimg.com/profile_images/2062390919924531200/Mi0a-Tep_normal.jpg
1259706027370442752,_peekabooiseeu,_peekabooiseeu,:),https://pbs.twimg.com/profile_images/1966660422377107459/vXEJlwz6_normal.jpg
3792870921,txoman_di_dehh,txoman_di_dehh,Ariel di Santiago 🧜🏽‍♀️🇨🇻,https://pbs.twimg.com/profile_images/1924031138630189056/TIiP2CYF_normal.jpg
1048396047406551040,LatishaMonique2,LatishaMonique2,Libra Hottie 👱🏾‍♀️🎀🫧🦈,https://pbs.twimg.com/profile_images/1960669528171454465/BahQYfAe_normal.jpg
2072169132322164737,ddmb9d,ddmb9d,dd,https://abs.twimg.com/sticky/default_profile_images/default_profile_normal.png
1861948854670880768,justicelaurenn,justicelaurenn,Laurenmary,https://pbs.twimg.com/profile_images/1959104232855932928/vpYa1g91_normal.jpg
888864506557878272,Axel_______O,Axel_______O,Thikki_Xel,https://pbs.twimg.com/profile_images/2001082340039380992/jirKUD8E_normal.jpg
1720062565441564672,alduenyanisa23,alduenyanisa23,Yaya🥀,https://pbs.twimg.com/profile_images/2084867796379287552/NxLRnKuE_normal.jpg
2044959411379073024,Mileswayyy637,Mileswayyy637,Mileswayyy,https://abs.twimg.com/sticky/default_profile_images/default_profile_normal.png
1840461391909859328,cybernickiminaj,cybernickiminaj,karmari’ê,https://pbs.twimg.com/profile_images/2064584231209095169/mV3_FsRM_normal.jpg
1522993130211102722,Izzyfuckinbella,Izzyfuckinbella,Isabella :),https://pbs.twimg.com/profile_images/1930306665376608256/sCm0Xye4_normal.jpg
1218790428226486272,KvngxQuis,KvngxQuis,〽️arquis,https://pbs.twimg.com/profile_images/1881424150910160896/8rieZXJP_normal.jpg
1265259987728846849,itssnuuuthanggg,itssnuuuthanggg,nuu 🌺 .,https://pbs.twimg.com/profile_images/1937938126619529216/Gj7zTc4V_normal.jpg
1183789155979026434,bagelblast,bagelblast,blaza,https://pbs.twimg.com/profile_images/1738589358393815040/FfgRPEEP_normal.jpg
3930280160,_yamessss_,_yamessss_,.,https://pbs.twimg.com/profile_images/1926085357101002752/R5RyvWz__normal.jpg
1863710595813609472,blanchinggirll,blanchinggirll,the queen,https://pbs.twimg.com/profile_images/1978966883668791296/pvshJdLF_normal.jpg
1512937061719982080,H0EKANDAFOREVA,H0EKANDAFOREVA,𝙉˙⋆✮,https://pbs.twimg.com/profile_images/2085267586107785216/hvkQq_Zk_normal.jpg
1880162731980124161,Ad8264584774114,Ad8264584774114,Ad,https://abs.twimg.com/sticky/default_profile_images/default_profile_normal.png
1770889843372961792,reallmonii,reallmonii,monii,https://pbs.twimg.com/profile_images/1770890010679496704/Bu08-ZXM_normal.jpg
1786736409560137728,LCL7FAlmfI84473,LCL7FAlmfI84473,i love sluts,https://pbs.twimg.com/profile_images/1974922669968535552/CJY44spX_normal.jpg
1677157718241542149,MillyMill2001,MillyMill2001,Milly Mill 👸🏾♉️,https://pbs.twimg.com/profile_images/1917378041413615616/O3QnacyB_normal.jpg
432807081,Locz_taii,Locz_taii,Lo’,https://pbs.twimg.com/profile_images/1985337082609299456/-yObxKdh_normal.jpg
1302971006219423744,butterfly1993_g,butterfly1993_g,🦋Butterfly🇵🇷,https://pbs.twimg.com/profile_images/1422950262487101449/6QOYBlRN_normal.jpg
127778179,sandradee_59,sandradee_59,Maxine Shaw Attorney At Law,https://pbs.twimg.com/profile_images/1549306407438139392/YUzg622a_normal.jpg
1479790579710103555,XARIASIVY,XARIASIVY,xaria,https://pbs.twimg.com/profile_images/1944951807173652480/9Jf-4_t0_normal.jpg
1949200070907514881,_liyahv4mp,_liyahv4mp,Liyah,https://pbs.twimg.com/profile_images/1949200250301796352/4FLDIkeJ_normal.jpg
1128168051344596993,JadaNic01,JadaNic01,Jada🩷,https://pbs.twimg.com/profile_images/2003145275649445888/DgFt5fgW_normal.jpg
1815937765906997250,MARIEJORD4N,MARIEJORD4N,🎀,https://pbs.twimg.com/profile_images/2081839954779365376/NQufbB-r_normal.jpg
1657079607751745537,bambamblue96203,bambamblue96203,❖◈۞𝐓𝐲𝐪𝐮𝐚𝐧𝐑𝐞𝐝۞◈❖,https://pbs.twimg.com/profile_images/2078005788413456384/kXsrdofd_normal.jpg
1706124519507718144,najaamilliom,najaamilliom,najaamilliom,https://pbs.twimg.com/profile_images/1706124613598507008/G5YVawWE_normal.jpg
292050307,_theenewedition,_theenewedition,Sally ✨,https://pbs.twimg.com/profile_images/2080899554350678016/7mxmgVTc_normal.jpg
312978298,__iamtay___,__iamtay___,tev🩵,https://pbs.twimg.com/profile_images/2085199374569590786/SLIgmIEg_normal.jpg
1980022740657537024,unobbfs,unobbfs,uno,https://abs.twimg.com/sticky/default_profile_images/default_profile_normal.png
1046410157222170624,prettyfaceniiy2,prettyfaceniiy2,♈️,https://pbs.twimg.com/profile_images/2007094122188824576/QL9OaonU_normal.jpg
94048269,cece4real_,cece4real_,Ce Ce,https://pbs.twimg.com/profile_images/1662876298149081093/rp12n6bL_normal.jpg
192353889,kaaylonny,kaaylonny,𝐒𝐭✪𝐫𝐛𝐨𝐲 ❤️‍🔥,https://pbs.twimg.com/profile_images/1845133413251944450/NR4j5OCt_normal.jpg
1577514626543132677,Trapdoll_Kai,Trapdoll_Kai,MS.BITCH,https://pbs.twimg.com/profile_images/1781035379157590016/vAUZuDTe_normal.jpg
1950895587613638657,lashaeeeee2u,lashaeeeee2u,L.Lashaeeee,https://pbs.twimg.com/profile_images/1950897421866639360/vMzM1vZ2_normal.jpg
1007187023323639809,icycardi,icycardi,J,https://pbs.twimg.com/profile_images/2047838783631208450/iuFjwmnB_normal.jpg
1488999680969170944,lanique12236e,lanique12236e,TY'LAN HOPKINS,https://abs.twimg.com/sticky/default_profile_images/default_profile_normal.png
1354938710001917964,kvyy15,kvyy15,kvyy,https://pbs.twimg.com/profile_images/1354938828247674881/byY76Mh1_normal.jpg
1392916764476981249,kezhon,kezhon,Kezhon Sanders,https://pbs.twimg.com/profile_images/2058551657621864448/wVVb5eCN_normal.jpg
1956613342442979328,ykdathickest,ykdathickest,.,https://pbs.twimg.com/profile_images/1956614906016329728/rnosCfdE_normal.jpg
1661405151473565698,adoreerenity,adoreerenity,somepsychobrownskinbtc,https://pbs.twimg.com/profile_images/2027420403035992064/oKmsPUPY_normal.jpg
2032878115710791680,Scotty_hp1,Scotty_hp1,Scotty,https://pbs.twimg.com/profile_images/2040891159980163072/46DFS_Ju_normal.jpg
1919564101560500225,ppookiezhs,ppookiezhs,pookie,https://pbs.twimg.com/profile_images/1970663519436541952/CyopbiHh_normal.jpg
1588013137193848834,aspen_glidewell,aspen_glidewell,Asposha,https://pbs.twimg.com/profile_images/2023254510932520960/v7GsxcG6_normal.jpg
1941233376117260290,Daqueenmwahh,Daqueenmwahh,msqueen,https://pbs.twimg.com/profile_images/1941233985335558145/iihqccB1_normal.jpg
1794534197098405888,starllysxx,starllysxx,squirtedforonika,https://pbs.twimg.com/profile_images/2070158981633302528/0BcWlw03_normal.jpg
2050710585705177088,Myaaisqueen,Myaaisqueen,Mya,https://pbs.twimg.com/profile_images/2050710958692274176/QAvaeu6I_normal.jpg
1722049794414202880,Ho_WuzZup,Ho_WuzZup,$PEAK.BI$H,https://pbs.twimg.com/profile_images/1978272540045815809/UT2s1vpS_normal.jpg
1937908108938117120,prettyluhslime2,prettyluhslime2,Faith Cooper,https://pbs.twimg.com/profile_images/1937908291549437952/DweMr3x7_normal.jpg
1765742374045790208,Hermosa6733074,Hermosa6733074,Hermosa🫶🏾,https://pbs.twimg.com/profile_images/1765742597828669440/8XJeCvcK_normal.jpg
1816553672853147648,bigpapidadon,bigpapidadon,juicy like a 🥭,https://pbs.twimg.com/profile_images/2086524713950425088/Ut9n8n-A_normal.jpg
2835749405,breaarmanii,breaarmanii,𝘹𝘰𝘹𝘰❀ BreeNixx🐦‍🔥,https://pbs.twimg.com/profile_images/2053459023089860610/3yArv4UC_normal.jpg
1814823346833682432,kaykkissi,kaykkissi,kay,https://pbs.twimg.com/profile_images/2065280426663350272/ZwFxFbWj_normal.jpg
2021745216378572801,07Queendom_,07Queendom_,Biscotti,https://pbs.twimg.com/profile_images/2022092659444072448/1Fzoul6v_normal.jpg
1276383585243672576,shortasscaay,shortasscaay,Tiny♡,https://pbs.twimg.com/profile_images/2084781733245849601/QKe50dTH_normal.jpg
1692087497868869632,bbpyt356,bbpyt356,slurpingburgerrrr,https://pbs.twimg.com/profile_images/1797514519746613248/eKQKKEWn_normal.jpg
320591042,karliee101,karliee101,KarlaArmani,https://pbs.twimg.com/profile_images/1775902680537571329/vVt3DfGq_normal.jpg
1946745884995416064,_alwaysfabheaux,_alwaysfabheaux,THEEE DRAMA,https://pbs.twimg.com/profile_images/2072656782623674368/27LwvE_q_normal.jpg
909947990156218368,GenieBtchh,GenieBtchh,Genie Out Her Mfin Bottle🧞‍♀️,https://pbs.twimg.com/profile_images/2057693454210142208/0x9vBQE-_normal.jpg
1589053664,tr_loon,tr_loon,Niece 💕,https://pbs.twimg.com/profile_images/2053683097779007488/n5JCKXlC_normal.jpg
63184864,A1_ShayBay,A1_ShayBay,A1_ShayBay,https://pbs.twimg.com/profile_images/2043412523886530560/JA8Kegft_normal.jpg
1471265797028909058,tothadomeee,tothadomeee,tay herbooo !,https://pbs.twimg.com/profile_images/1701061349030133760/Y4zlwsf5_normal.jpg
1218919580980129792,geeksquadH0E,geeksquadH0E,BlackTechgirl_Lex,https://pbs.twimg.com/profile_images/1954910967390740480/T0GeEVk2_normal.jpg
1795966696408162304,AJ0rdan20,AJ0rdan20,tHe_UnKnOwN_,https://pbs.twimg.com/profile_images/1996069170731954176/fVJUXrRZ_normal.jpg
1522958734070366208,Malikssins,Malikssins,𝐌𝐚𝐥𝐢𝐤❧,https://pbs.twimg.com/profile_images/2082721728988323841/ECg7mtdG_normal.jpg
310513836,lovemmitt,lovemmitt,Tyreek ☆,https://pbs.twimg.com/profile_images/2062704904825626624/WUl0VlbU_normal.jpg
1046806892306038784,Isaiah_Jaay,Isaiah_Jaay,Isaiah_Jaay,https://pbs.twimg.com/profile_images/1890504324817575936/ie6UPTT5_normal.jpg
1765583231737290752,aniyahmariee__,aniyahmariee__,ninii🎀🫧🐈‍⬛🩰🧁🌸,https://pbs.twimg.com/profile_images/1765584932322037760/Eb5R9rGP_normal.jpg
1082370997595062279,princyyy5,princyyy5,Akua.,https://pbs.twimg.com/profile_images/1970643940110966784/MZHCG-Pv_normal.jpg
1430916401150283778,kj_2u,kj_2u,♍️kj_2u,https://pbs.twimg.com/profile_images/1456287411428892672/zWR99Epo_normal.jpg
1719903476883353600,calebcbfwwww,calebcbfwwww,calebwaleb🫦.,https://pbs.twimg.com/profile_images/2027219030965202944/ewfnMcwI_normal.jpg
1250821260877205506,MarcusMars9,MarcusMars9,Marcus Mars,https://pbs.twimg.com/profile_images/1258879935936172032/DbU8ziUX_normal.jpg
1651582299027193860,maxx_yoo97650,maxx_yoo97650,yoo maxx,https://pbs.twimg.com/profile_images/1651582369885765633/TQsonl0D_normal.png
1601014241116446721,OtherLkid,OtherLkid,Dadonnn,https://pbs.twimg.com/profile_images/1601020656782565377/-M14qgsO_normal.jpg
533843346,asia_love_me_,asia_love_me_,Wild Child,https://pbs.twimg.com/profile_images/1931924767382052864/sqnbP0eY_normal.jpg
1602362162638458889,ispeakmypeacee,ispeakmypeacee,shit talkers anonymous,https://pbs.twimg.com/profile_images/1602362319195049994/bWJDvMbW_normal.jpg
178601825,iBlameTheEdit,iBlameTheEdit,Miss Nunn,https://pbs.twimg.com/profile_images/2080760792849485824/lf2sr_jV_normal.jpg
2000240538407301120,ZMarie15708,ZMarie15708,Zaniyah marie,https://pbs.twimg.com/profile_images/2000240601745235975/-yfg0A_8_normal.jpg
1649477410084061184,QueenNene0314,QueenNene0314,Nene Smith,https://pbs.twimg.com/profile_images/1649477858262130693/VhcTXehO_normal.jpg
2337338137,lissete_mendoza,lissete_mendoza,Astrid 🌨️,https://pbs.twimg.com/profile_images/2055773113741463552/ML9u0mpz_normal.jpg
180009841,_Jayyyyxo,_Jayyyyxo,APRIL BABY🦋,https://pbs.twimg.com/profile_images/1925635366196826112/FDkSRZMl_normal.jpg
1335496842012979200,lousinterlude_,lousinterlude_,nogromsyl,https://pbs.twimg.com/profile_images/1769466063119392768/ZTkv1tTL_normal.jpg
1553733469641089026,SLay0328994,SLay0328994,sakura_lay0328994,https://pbs.twimg.com/profile_images/2002621459999416320/3Vc6vx0z_normal.jpg
1766703006437834752,lamariomorris16,lamariomorris16,mario773,https://pbs.twimg.com/profile_images/2059147690697510912/OVThKtPh_normal.jpg
179187634,BrittanyFierce,BrittanyFierce,M$.B👁‍🗨,https://pbs.twimg.com/profile_images/2030805143193821184/3MaW4nwZ_normal.jpg
1447354016330043396,relivvnn,relivvnn,•relivvn•,https://pbs.twimg.com/profile_images/1828607900815654912/pYm2zhjO_normal.jpg
1570500251106287616,SuriaMorshidi,SuriaMorshidi,Suria Morshidi,https://pbs.twimg.com/profile_images/1570500354080673794/zD26eLTW_normal.png
2045506407428935680,plsnotrnbitch,plsnotrnbitch,k,https://abs.twimg.com/sticky/default_profile_images/default_profile_normal.png
1641025237,_xobamm,_xobamm,🕊,https://pbs.twimg.com/profile_images/1538678257029197825/8nwkqWfU_normal.jpg
1648132523862511619,wheredviago,wheredviago,(*ᴗ͈ˬᴗ͈),https://pbs.twimg.com/profile_images/2077157093694402561/9peFcM9Y_normal.jpg
3422809055,envyteen,envyteen,treasure,https://pbs.twimg.com/profile_images/1815744801368621056/Y5BRP-wU_normal.jpg
70533195,thatbitchdan,thatbitchdan,damn dan,https://pbs.twimg.com/profile_images/1997336672816521218/3CZPRPQE_normal.jpg
867068462199431168,bigbangeffect_x,bigbangeffect_x,Big FINE 😮‍💨🥵,https://pbs.twimg.com/profile_images/1676573551443230720/ddlK0IRn_normal.jpg
1484642213749481479,silkvinyl92,silkvinyl92,Solé,https://pbs.twimg.com/profile_images/1881791669583917056/d8Wlds8y_normal.jpg
1538416772486942720,Mairefromtheo,Mairefromtheo,💕,https://pbs.twimg.com/profile_images/1620530600221327360/r7DG2N0u_normal.jpg
605420048,dior_jovan,dior_jovan,Jovan.Dior 🩵,https://pbs.twimg.com/profile_images/1854770295774568448/pkHxKPiO_normal.jpg
1990947018710396928,DanajaiTHEEGEM,DanajaiTHEEGEM,Danajai,https://pbs.twimg.com/profile_images/1990947328220385280/pKn7kUGj_normal.jpg
1298413165995274240,k3n1sss,k3n1sss,ken,https://pbs.twimg.com/profile_images/1993110232529043456/s323-Ib9_normal.jpg
521734440,g_ziggybabe,g_ziggybabe,zy.,https://pbs.twimg.com/profile_images/1965626316952064001/2yiOU5aq_normal.jpg
1884775334639206400,ja_macdaddyah,ja_macdaddyah,mauri,https://abs.twimg.com/sticky/default_profile_images/default_profile_normal.png
1558222258950344705,matterAB007,matterAB007,Solo,https://pbs.twimg.com/profile_images/2063634363187605504/OPW78Cf8_normal.jpg
1078860667799650305,pvale777,pvale777,☾ ✯ •,https://pbs.twimg.com/profile_images/2026199062970601472/AMagQPxt_normal.jpg
2072840879782416384,BARIBANDO_,BARIBANDO_,BANDO,https://pbs.twimg.com/profile_images/2072866245603360768/08D829Ol_normal.jpg
2030541060729131008,Starcrossedflo,Starcrossedflo,Staring pretty smooth twink,https://abs.twimg.com/sticky/default_profile_images/default_profile_normal.png
2003961408778915840,TaurusKing710,TaurusKing710,klova710 on IG,https://pbs.twimg.com/profile_images/2076010562212057088/JRSsd9iI_normal.jpg
1451632974454312960,Lxve_marss,Lxve_marss,A,https://pbs.twimg.com/profile_images/1946070450565480448/U_PiI4B-_normal.jpg
1383107262688985088,KalaNicole10,KalaNicole10,Kala Nicole,https://pbs.twimg.com/profile_images/1385227730434789376/pFmAPODN_normal.jpg
1082864081525239808,dejmela,dejmela,Dejmela,https://pbs.twimg.com/profile_images/1977762959184076800/IxrALSTR_normal.jpg
394798809,IitsBeauty_Duh,IitsBeauty_Duh,Beauty💋✨,https://pbs.twimg.com/profile_images/1728423021289852928/HxKSOr3Y_normal.jpg
24206619,BadChicWilliams,BadChicWilliams,Duh-Lynn,https://pbs.twimg.com/profile_images/1920866813652443139/JolPTQ_2_normal.jpg
1078482053174304768,maniiiiiiix1,maniiiiiiix1,ℑ ♕,https://pbs.twimg.com/profile_images/1990651298262245376/ZCA9VuHn_normal.jpg
1034305617903714304,MyDollAzzzz,MyDollAzzzz,Lainaaa,https://pbs.twimg.com/profile_images/1863854925391761408/g7u3Kqu0_normal.jpg
1455440443,pradaxShanel,pradaxShanel,Aquarius bby💜,https://pbs.twimg.com/profile_images/1820777767601893376/yLAYIQqT_normal.jpg
1772429702004641792,thatgirlcynn1,thatgirlcynn1,thatgirlcynnn,https://pbs.twimg.com/profile_images/1772429963154554880/Seodry8M_normal.jpg
1324844686591275013,NalaLewis2,NalaLewis2,Nala Lewis,https://pbs.twimg.com/profile_images/2075073840082808832/4zjajiPw_normal.jpg
1784939895582289921,saruhhbaaby,saruhhbaaby,✿ ♛ ♡,https://pbs.twimg.com/profile_images/2029013843431874560/zJ7Te8iy_normal.jpg
1680286958998659072,janirria84194,janirria84194,Apple head 🍎,https://pbs.twimg.com/profile_images/2063104557106757632/ca548cZX_normal.jpg
1985196244906766336,Lorrcutieepieee,Lorrcutieepieee,CutiePie,https://pbs.twimg.com/profile_images/2036691268026195968/fsnrFkJq_normal.jpg
832671511383154689,_angeluniverse,_angeluniverse,tink 🧚🏽‍♀️,https://pbs.twimg.com/profile_images/2034396825659072512/VXpXuxgt_normal.jpg
2075942783018299392,CJ5st4r,CJ5st4r,CJ,https://pbs.twimg.com/profile_images/2075943084341252096/6O9apKmi_normal.jpg
308934877,jaleesailayna_,jaleesailayna_,mrs.,https://abs.twimg.com/sticky/default_profile_images/default_profile_normal.png
1258467910386884608,asiahamari,asiahamari,asiah❤️‍🔥,https://pbs.twimg.com/profile_images/2025274583708819456/6xImzlVh_normal.jpg
630888954,bougeedee,bougeedee,Nurse D. 🩺,https://pbs.twimg.com/profile_images/2086586208050626560/D9MpCvPP_normal.jpg
1511984179357130753,uqiybubbles,uqiybubbles,⋆˚࿔ uqiy_ 𝜗𝜚˚⋆,https://pbs.twimg.com/profile_images/2074033394036711424/C89YuzIL_normal.jpg
1830512710905462784,cgeekdd,cgeekdd,cweezin,https://pbs.twimg.com/profile_images/2053918317900132352/RHOievtz_normal.jpg
1886165874287239169,BassinetSe22039,BassinetSe22039,Sea Bassinet,https://pbs.twimg.com/profile_images/1886166070068727809/Kux-OIwf_normal.jpg
1327037417510096897,BUTTSNIFFA_,BUTTSNIFFA_,🫵🏽👅,https://pbs.twimg.com/profile_images/1973438394496585728/XoAjrMbf_normal.jpg
1916184684654170115,isthisjupitrr,isthisjupitrr,jupitrr,https://pbs.twimg.com/profile_images/2076727766012035072/WBaUCtCg_normal.jpg
2058540354224144384,visionofchance,visionofchance,Chauncey,https://pbs.twimg.com/profile_images/2081359886953197569/mDv-1GfE_normal.jpg
1824902203620106240,simpnass_,simpnass_,⋆.˚,https://pbs.twimg.com/profile_images/2083299974356566016/-xalaRab_normal.jpg
48119942,StuckOnYoung,StuckOnYoung,B.B Stunna🧸,https://pbs.twimg.com/profile_images/1927112503210672129/QlJmlv8j_normal.jpg
1945424950237540353,aanonymousssaa,aanonymousssaa,Saniyaa 🎀🪽,https://pbs.twimg.com/profile_images/2079659745674252288/hiSZ8hTF_normal.jpg
1460863643038502913,yourplace2nigh,yourplace2nigh,toubz,https://pbs.twimg.com/profile_images/2071590506480402432/S-UiArKe_normal.jpg
1190456469566742528,Rockstarway1,Rockstarway1,Mariko - Sama,https://pbs.twimg.com/profile_images/2037920464820187136/2HFJcqku_normal.jpg
994411006162976770,Tuhampto,Tuhampto,T.,https://pbs.twimg.com/profile_images/1930071731135492099/TCY1DZsr_normal.jpg
2060912442750763011,arakei_,arakei_,arakei,https://pbs.twimg.com/profile_images/2060912639757242375/Gh9EQrUL_normal.jpg
1329125669188624387,myiahdior,myiahdior,♓️princess,https://pbs.twimg.com/profile_images/2072915030392066048/RYTc8h_0_normal.jpg
831661358060015618,4everbluedinero,4everbluedinero,🩷,https://pbs.twimg.com/profile_images/1973219917626232832/yGlBFXKx_normal.jpg
1744248067937746944,OrgasmsOnly_,OrgasmsOnly_,OrgasmsOnly,https://pbs.twimg.com/profile_images/1744248432661757953/mcj2Yqmg_normal.jpg
2018531476283793409,pinkiphone16,pinkiphone16,messican my melody,https://pbs.twimg.com/profile_images/2086187647723024384/mgcanqYc_normal.jpg
1545785176298512385,pprettiestslime,pprettiestslime,$,https://pbs.twimg.com/profile_images/2075413041835900928/dl6zGqCf_normal.jpg
1392668089339334665,bardianabieber,bardianabieber,Bardianabieber,https://pbs.twimg.com/profile_images/2010361568530231297/RKD56gmf_normal.jpg
2362906484,db010524a490484,db010524a490484,@keezmobile,https://pbs.twimg.com/profile_images/1873102145404211200/4NjnWnl9_normal.jpg
56586614,iKyraBadd,iKyraBadd,THE BADDEST💕😝,https://pbs.twimg.com/profile_images/2082464921103544320/9o5AYKX-_normal.jpg
1833615098570543104,smmddm18511,smmddm18511,Mmsnsn Smmddm,https://pbs.twimg.com/profile_images/1833615232968642560/ZbxpMAm1_normal.png
1902861292882534400,typicalcarwaxx,typicalcarwaxx,𝐁𝐨𝐬𝐬𝐚𝐍𝐨𝐯𝐚💫.,https://pbs.twimg.com/profile_images/2082868595525132288/SXJHabZ5_normal.jpg
89813555,whmmky,whmmky,Chris P. Treats 🍭,https://pbs.twimg.com/profile_images/2075368672302919680/F8fnP_by_normal.jpg
1594463399332794370,tmichellee___,tmichellee___,t 💗,https://pbs.twimg.com/profile_images/1922865887352082432/v9WwLuV5_normal.jpg
1377436898101239809,evbsfavlightskn,evbsfavlightskn,a2,https://pbs.twimg.com/profile_images/1853616758017380353/8RcWbtEE_normal.jpg
1945231271728185344,MaimaneSed63826,MaimaneSed63826,Sedi Maimane,https://abs.twimg.com/sticky/default_profile_images/default_profile_normal.png
2078703313541869568,Fxcknggas,Fxcknggas,Fxcknggas,https://abs.twimg.com/sticky/default_profile_images/default_profile_normal.png
1874964972624551936,KekejayL,KekejayL,KeeJay 🚯,https://pbs.twimg.com/profile_images/2086578030172839937/aOaGJIEg_normal.jpg
1982635371964837888,karxhiee,karxhiee,Archie,https://abs.twimg.com/sticky/default_profile_images/default_profile_normal.png
1802016118795546624,capableoflovers,capableoflovers,honey | blue island ! ❀,https://pbs.twimg.com/profile_images/2084840868544954368/6w3r6jal_normal.jpg
1906592088386396160,a_mourmmxnnii,a_mourmmxnnii,#eatmybutt😘🫦,https://abs.twimg.com/sticky/default_profile_images/default_profile_normal.png
1657149023675985921,iluv_rodwavee,iluv_rodwavee,black nigget,https://pbs.twimg.com/profile_images/1657149091803983872/zHdiR1-W_normal.png
2018564415042326528,Misikasdaughter,Misikasdaughter,asianae20x,https://pbs.twimg.com/profile_images/2057190278432206848/p0N0j0K3_normal.jpg
404410968,_CupcakeCake,_CupcakeCake,Victoriiiyuhhh🫶🏾♎️,https://pbs.twimg.com/profile_images/2005408764309151744/lo8bgCtq_normal.jpg
1602734453918498818,YaFav_Bestie,YaFav_Bestie,YaFavBestie,https://pbs.twimg.com/profile_images/1602734665093234689/qUDPW0pf_normal.jpg
1314263447358640128,aaliyahfan208,aaliyahfan208,Aaliyahfan,https://pbs.twimg.com/profile_images/1671830214542860290/YNvrqFfn_normal.jpg
1329610710830223363,jxst_su,jxst_su,Echo⚡️,https://pbs.twimg.com/profile_images/2078285660620750848/7BAGghwi_normal.jpg
317457805,kreeshcole,kreeshcole,kri👑,https://pbs.twimg.com/profile_images/2084693364893458432/AMKJDAmR_normal.jpg
932633737975795712,sobreona,sobreona,ms. lol,https://pbs.twimg.com/profile_images/2083040254605557761/M41IXb1W_normal.jpg
1513975083856932864,JasonRo82462259,JasonRo82462259,Jason,https://pbs.twimg.com/profile_images/1963131016509599744/-H7PFlXf_normal.jpg
2245811032,Leslie___XO,Leslie___XO,вιg ℓєѕ®,https://pbs.twimg.com/profile_images/1978325008792338432/UbycJWrF_normal.jpg
1610739636380237851,DeBonicss,DeBonicss,🫶🏾,https://pbs.twimg.com/profile_images/2084314738486374400/HbsvcWGF_normal.jpg
262854287,_marquise__,_marquise__,✨QUIS✨,https://pbs.twimg.com/profile_images/1720875223065526272/EolbkGIF_normal.jpg
1740306412771876864,xoxourluvjo,xoxourluvjo,head Lori defender🥇‼️,https://pbs.twimg.com/profile_images/2083108833732571136/CSq87E5J_normal.jpg
1431365987719331841,DedeDaGoated,DedeDaGoated,BoiWithTheToys,https://pbs.twimg.com/profile_images/1557810779075780608/lUpYcVIk_normal.jpg
1475196117625319439,TallGirlBritt,TallGirlBritt,Britt,https://pbs.twimg.com/profile_images/1977214738770604032/WykEbI-__normal.jpg
1965247489654636544,ChellyMichb9nz,ChellyMichb9nz,Chelly Michael,https://abs.twimg.com/sticky/default_profile_images/default_profile_normal.png
1718402667309842432,vayciea,vayciea,ᅠ ᅠᅠ,https://pbs.twimg.com/profile_images/2020606420060897280/TJGx7qpY_normal.jpg
1801029841736634368,IHAVETHEPOWER79,IHAVETHEPOWER79,❤️,https://pbs.twimg.com/profile_images/2073243234847883264/jtIhyf7p_normal.jpg
1868908729263104000,nickiminaj1000k,nickiminaj1000k,$,https://pbs.twimg.com/profile_images/2067676348412563456/2oNKMmxk_normal.jpg
1684021723065204738,Evelinatajr,Evelinatajr,Evelina,https://pbs.twimg.com/profile_images/1982500459525853184/CkJy_U1X_normal.jpg
2378725764,CharminglyChuck,CharminglyChuck,b3autiFul💛,https://pbs.twimg.com/profile_images/1945245847265935360/L5iHbTDg_normal.jpg
1579624144378937350,hernameis_diraa,hernameis_diraa,Unknown Person,https://pbs.twimg.com/profile_images/1579624258703167489/850pdsPx_normal.jpg
189305259,lovealways_12,lovealways_12,poeticjustice🐦‍🔥,https://pbs.twimg.com/profile_images/2051640362167304197/vwZ5WA-P_normal.jpg
415864583,___whokel,___whokel,💦🫶🏾💔,https://pbs.twimg.com/profile_images/1797245731654209536/1qv_7inK_normal.jpg
1988427480084926465,skylarlynrp,skylarlynrp,.,https://pbs.twimg.com/profile_images/2015638289001152512/PyYFzvwA_normal.jpg
1723772389131960320,Harqno,Harqno,#blockkaramaa,https://pbs.twimg.com/profile_images/2082266597834530816/y1h99Xcg_normal.jpg
3015818241,shawdaayy_,shawdaayy_,Sade',https://pbs.twimg.com/profile_images/2084675160250929152/CK4tOKka_normal.jpg
1650873159099219973,SuspendedKing91,SuspendedKing91,SuspendedKing91,https://pbs.twimg.com/profile_images/1653841423492415489/R8hDXquS_normal.jpg
1578815019457957889,Theyenvy_skyy,Theyenvy_skyy,leaa,https://pbs.twimg.com/profile_images/1793504978855735296/scMAoPAL_normal.jpg
1139156859565350912,Muhamma89722967,Muhamma89722967,Whoopty Doop,https://pbs.twimg.com/profile_images/1399729617032916999/YTdR3W1v_normal.jpg
1184515034040455168,badgyal3t,badgyal3t,Badgyal 🎱🐆💋🇨🇩,https://pbs.twimg.com/profile_images/2073815680923717632/_FeG3clE_normal.jpg
809601860,I_Am_Nady,I_Am_Nady,Mam Mkhize.,https://pbs.twimg.com/profile_images/2063724450248331265/L3o1Ster_normal.jpg
1754672296801783808,tyafterhourz,tyafterhourz,tyafterhourz,https://pbs.twimg.com/profile_images/1943800018441220096/hZ9ZAyjD_normal.jpg
1863304933304410112,dejtempts,dejtempts,pretty🫧,https://pbs.twimg.com/profile_images/2086162209881649152/tHrtX1l__normal.jpg
26876188,gemyny1985,gemyny1985,#BetISnapBack,https://pbs.twimg.com/profile_images/1319773889388564481/iWUSFN-1_normal.jpg
2388053407,xokaysl,xokaysl,sag.,https://pbs.twimg.com/profile_images/2008367643678461952/bwpOVViV_normal.jpg
1509677711924604929,laylaaac9iid,laylaaac9iid,layla,https://pbs.twimg.com/profile_images/1692258293190651905/ioKJs08U_normal.jpg
1461885832927891459,abbyphillp,abbyphillp,abby,https://pbs.twimg.com/profile_images/1521632602351878144/fh16of4o_normal.jpg
3325795317,KingTashh,KingTashh,MONEYPOWERRESPECT,https://pbs.twimg.com/profile_images/938698941796728832/pIJgZ7lO_normal.jpg
2511513408,Merely_Ashley,Merely_Ashley,Navy General Baddest Batallion,https://pbs.twimg.com/profile_images/1866915137749147648/OznL6xrQ_normal.jpg
1991519747473608704,Aaliya9100,Aaliya9100,Aaleyah,https://abs.twimg.com/sticky/default_profile_images/default_profile_normal.png
923170381946597378,bluenastiess,bluenastiess,🫦Blake,https://pbs.twimg.com/profile_images/1530100833316225024/jyBUCGWz_normal.jpg
803499462,vibez6i2,vibez6i2,vibez™️ 🏝️,https://pbs.twimg.com/profile_images/2058577811711918080/gpcp0Bx7_normal.jpg
1518763120998723591,babiipetty,babiipetty,Juss4Funn,https://pbs.twimg.com/profile_images/1995248978070212608/5tql9Xs__normal.jpg
560736465,Chayanaaaaaa_,Chayanaaaaaa_,Chay 🧞‍♀️,https://pbs.twimg.com/profile_images/1417592058005622788/Yfu_kEEO_normal.jpg
3337067717,nmehmz,nmehmz,nay,https://pbs.twimg.com/profile_images/2048839362671259649/YIk_R7eG_normal.jpg
1686027184597508096,DarrenStHill,DarrenStHill,Darren St Hill,https://pbs.twimg.com/profile_images/1831359604636221440/4-2diNS6_normal.jpg
2078576448822976512,annaaaupow,annaaaupow,anna,https://pbs.twimg.com/profile_images/2078577506215501824/HvJ19NlG_normal.jpg
232009513,rainbowshone21,rainbowshone21,Alona Mogul,https://pbs.twimg.com/profile_images/1939136946262900736/ZNztOFgX_normal.jpg
1536809440061673474,roseswirl123,roseswirl123,💫girl interlude,https://pbs.twimg.com/profile_images/1585442532850368512/aOULHIbL_normal.jpg
2048320227373391872,kuhlez13170,kuhlez13170,Kuhlez,https://pbs.twimg.com/profile_images/2081486519034871808/mg0eeUD0_normal.jpg
571449526,RaeyonnaShante,RaeyonnaShante,Raeyonnaaaa 🎀💛,https://pbs.twimg.com/profile_images/2059465750071431172/fAYDcCxr_normal.jpg
1932184320057241600,lowkeyme4u,lowkeyme4u,Zaria Robinson,https://abs.twimg.com/sticky/default_profile_images/default_profile_normal.png
1975219797920030720,Darealestrayne,Darealestrayne,Darealestrayne,https://pbs.twimg.com/profile_images/1975220047787270144/vI5ZEe46_normal.jpg
423771377,202Keek,202Keek,Ken . 🎀,https://pbs.twimg.com/profile_images/2075904545293574144/wieN7Aza_normal.jpg
1772485959038148609,cj47003,cj47003,Thebigbabyy_,https://pbs.twimg.com/profile_images/1772486224013389824/JXY4M7h__normal.jpg
1745304506416459776,internetbastar_,internetbastar_,i.b,https://pbs.twimg.com/profile_images/1745305022525538304/8V7CyEig_normal.jpg
1449928623549517826,TyRhiannaa_,TyRhiannaa_,♡,https://pbs.twimg.com/profile_images/1906932159010463744/cVwgW6Zd_normal.jpg
1686970244995133440,AnthonySim66416,AnthonySim66416,Anthony 🖤🥷,https://pbs.twimg.com/profile_images/1686970371864403968/VdiwQjDZ_normal.png
1524899517790932996,dyingdemo_,dyingdemo_,🦌,https://pbs.twimg.com/profile_images/2079982057422237696/usliY3hE_normal.jpg
861308721414230018,borderlineknj,borderlineknj,kayleigh,https://pbs.twimg.com/profile_images/1843692166087942144/QTSIS3Ov_normal.jpg
1986877188290088960,hottake_stillie,hottake_stillie,hottakestillie,https://pbs.twimg.com/profile_images/2025594022790664192/y41NAQB2_normal.jpg
1673771943735033857,dzntiny,dzntiny,des,https://pbs.twimg.com/profile_images/2082077683127664641/9qTN9-fm_normal.jpg
1725289690515824640,Nick86773211980,Nick86773211980,Nick,https://pbs.twimg.com/profile_images/1951676995202375680/q4mLQ4vX_normal.jpg
1542060056308580355,Ander_adi,Ander_adi,keith,https://pbs.twimg.com/profile_images/1616556894168010771/_t007ftQ_normal.jpg
779597778,that1Megg_,that1Megg_,mEg-An 🌈🪷,https://pbs.twimg.com/profile_images/2047156538255478784/sNa5Grzt_normal.jpg
1992813132729712640,fattkittydemonn,fattkittydemonn,fattkittydemon,https://pbs.twimg.com/profile_images/2070421823049666560/ndOCb5bb_normal.jpg
1192223560011583489,therealqueen226,therealqueen226,💋💋,https://pbs.twimg.com/profile_images/2006185543583825920/zh1-ayKA_normal.jpg
880264867,TheLuis_H,TheLuis_H,Luis H,https://pbs.twimg.com/profile_images/1999594445251956739/iXe5P_Ic_normal.jpg
1454381853666947076,cartierfeed,cartierfeed,VICTORIAᥫ᭡.’,https://pbs.twimg.com/profile_images/1997266626442362880/AOCfpB7F_normal.jpg
1080941894451036163,joonitaaa1,joonitaaa1,Ms.Independent 💚,https://pbs.twimg.com/profile_images/1980105053437349888/48WqWOpC_normal.jpg
137682065,LanesWorld_,LanesWorld_,Candlelight J-Johnson 🦋,https://pbs.twimg.com/profile_images/1878108695223005184/m1XXcVC8_normal.jpg
1654545465986228226,RonnieJ1547851,RonnieJ1547851,Ronnie J,https://pbs.twimg.com/profile_images/1997006124948541440/Kcl6ZB0Q_normal.jpg
2037388289271885824,Scargoingetyo,Scargoingetyo,Scarface,https://abs.twimg.com/sticky/default_profile_images/default_profile_normal.png
1705631380116258817,Canonspark41989,Canonspark41989,Canonspark,https://abs.twimg.com/sticky/default_profile_images/default_profile_normal.png
2005424491095363584,Ray3vn,Ray3vn,Rayebae🧸ྀི,https://pbs.twimg.com/profile_images/2066963281105825793/egJ2dFGa_normal.jpg
1660400956784226304,extioctrendzz,extioctrendzz,Mbando .,https://pbs.twimg.com/profile_images/2082975887662739456/W-s15h3__normal.jpg
1892483756361207809,tzzzzz669546,tzzzzz669546,tzzzzz,https://pbs.twimg.com/profile_images/1989807470630375424/YZc-hWmr_normal.jpg
1945591853937790976,ily4ivee,ily4ivee,Trapper God,https://pbs.twimg.com/profile_images/1945591905917468672/YkyEByIm_normal.png
61817248,__GoGinaGoGina,__GoGinaGoGina,✨,https://pbs.twimg.com/profile_images/2068294722825646080/PTx0CRbM_normal.jpg
4273888760,k_coby16,k_coby16,Gretchen Weiners,https://pbs.twimg.com/profile_images/2048627475895422976/TjYjc79-_normal.jpg
1692373672273600512,babyfacejaii,babyfacejaii,Queen Von,https://pbs.twimg.com/profile_images/2085660838774407168/d41ONYjR_normal.jpg
2062368557778845696,missslnasty,missslnasty,missslnasty,https://pbs.twimg.com/profile_images/2073063508653101056/SovqIn2K_normal.jpg
227482235,TaeeeeeTanae,TaeeeeeTanae,T$👑🖤,https://pbs.twimg.com/profile_images/2055824746038902784/1fkdADl2_normal.jpg
2071086902653140992,Rohitnarantcjy,Rohitnarantcjy,wild_criticism,https://abs.twimg.com/sticky/default_profile_images/default_profile_normal.png
894431570018402304,Hoodprincessst,Hoodprincessst,TatiAlyy🫀 .,https://pbs.twimg.com/profile_images/1834356810746134528/fiaWDA_x_normal.jpg
1825059274801762304,1leelynd,1leelynd,💲💲.,https://pbs.twimg.com/profile_images/2071470568696582144/8thQBwOJ_normal.jpg
2989804200,TSjuiicykittii,TSjuiicykittii,Malaysia McCoy🍉🍌🍑,https://pbs.twimg.com/profile_images/1458255299890978818/aQC87Mxu_normal.jpg
1959681269895200768,Baddie_Arena,Baddie_Arena,BaddieArena,https://pbs.twimg.com/profile_images/2084232918797303808/mGktXdHP_normal.jpg
1817747968620920832,makitopay14,makitopay14,jay 🇹🇹🇧🇧,https://pbs.twimg.com/profile_images/1946053080627208192/yCSQYioi_normal.jpg
1524626984994807808,bitchwhotffff,bitchwhotffff,.,https://abs.twimg.com/sticky/default_profile_images/default_profile_normal.png
1831123461340585984,raqqlover,raqqlover,.,https://abs.twimg.com/sticky/default_profile_images/default_profile_normal.png
1565915151840190464,adoreeileen,adoreeileen,🪭,https://pbs.twimg.com/profile_images/2079914216337608704/ibcstzOb_normal.jpg
1466242140,19likeaboss,19likeaboss,lenalena26,https://pbs.twimg.com/profile_images/2044050456486522882/b_yIRR3v_normal.jpg
866800997175353345,D_FREEBANDZZ,D_FREEBANDZZ,•ﻌ•,https://pbs.twimg.com/profile_images/2075530431223521280/NzwqWyHv_normal.jpg
1611930262484717569,theestunnash0w,theestunnash0w,clock it.,https://pbs.twimg.com/profile_images/1980784207514288128/OISjlZZs_normal.jpg
1853964926886236164,protectedbyg0d,protectedbyg0d,protectedbygod,https://pbs.twimg.com/profile_images/2075107101144219648/pAuCkSRC_normal.jpg
1297040412100657152,zamyrahhhh,zamyrahhhh,_zamyrahhhh,https://pbs.twimg.com/profile_images/1660515122459049987/pDXpfsPx_normal.jpg
1577404546153750528,ThisAMakkTruck1,ThisAMakkTruck1,𝒬𝒰𝐸𝐸𝒩 𝒮𝐿𝐸𝐸𝒵𝐸🦄,https://pbs.twimg.com/profile_images/1675984446242304000/1clBXqmU_normal.jpg
1008530844762247168,_nameless_emi,_nameless_emi,Emi,https://pbs.twimg.com/profile_images/1008635048424173569/fLqroZ54_normal.jpg
1822328634591379456,C4ndyd0ll,C4ndyd0ll,𝒥.ೃ࿔*:･🧁,https://pbs.twimg.com/profile_images/2066025085241057280/DpEsuhCx_normal.jpg
1355437161399668736,PaigeJo58036865,PaigeJo58036865,Paige Jones,https://pbs.twimg.com/profile_images/1355437608566980609/8VYRbwzv_normal.jpg
1593301922475233280,autumnrayne08,autumnrayne08,autumn,https://pbs.twimg.com/profile_images/2021111217650270211/my6NBEXd_normal.jpg
1488693670689845248,reallyher975,reallyher975,yumm,https://pbs.twimg.com/profile_images/1927570421747978240/2rLCXqRL_normal.jpg
2036607379199107073,QueintinS56936,QueintinS56936,quinn,https://pbs.twimg.com/profile_images/2068861175714992128/dL9pGgGC_normal.jpg
1755071917462040576,swageranaa,swageranaa,chrissy,https://pbs.twimg.com/profile_images/2048638009814233088/XuBYXNaH_normal.jpg
1768721552479064064,eeeeee346037,eeeeee346037,eee eee,https://pbs.twimg.com/profile_images/1768721609936740353/JwmTCUK8_normal.png
1358145626802905088,BOD4KKB,BOD4KKB,🩷,https://pbs.twimg.com/profile_images/2082378540582854656/c_LmgSmF_normal.jpg
2080297129222815744,Jonaelaiqmc7,Jonaelaiqmc7,Jonaelai,https://abs.twimg.com/sticky/default_profile_images/default_profile_normal.png
2084532384897056768,SimplyMar_,SimplyMar_,Marion,https://pbs.twimg.com/profile_images/2084532824372068352/eZcaNUCi_normal.jpg
1290796518140719104,jamilaswings,jamilaswings,BIG SlimeBarbie 🐍💕,https://pbs.twimg.com/profile_images/1647239731422347264/f5JkPx6t_normal.jpg
1409970153698246662,Moroatlis,Moroatlis,Bad☆,https://pbs.twimg.com/profile_images/2076728417593044992/e66NNf26_normal.jpg
1977558827311493120,Thatt474,Thatt474,Tha,https://pbs.twimg.com/profile_images/1977561530947211264/vXkkk-V4_normal.jpg
2016661002280914944,cwup1d_,cwup1d_,𓋹,https://pbs.twimg.com/profile_images/2072101575875555328/f-T7EjIv_normal.jpg
1697227085851279360,ouudatsteek,ouudatsteek,pinkneongutzz,https://pbs.twimg.com/profile_images/2015272185527496705/UjjHodOf_normal.jpg
741829826248626176,pokebabee,pokebabee,dragon mommy 🐲,https://pbs.twimg.com/profile_images/2082276349104795648/HejS0w7I_normal.jpg
1611373703207550981,igpzve,igpzve,QT,https://pbs.twimg.com/profile_images/2059805118745247756/7mzCRTU2_normal.jpg
1844188692304494592,diamondxdealer,diamondxdealer,Mill$. 🐉,https://pbs.twimg.com/profile_images/1844198910857801739/-yDLvXeZ_normal.jpg
1577123125103321090,Cairoimanali,Cairoimanali,Cairo Iman Ali,https://pbs.twimg.com/profile_images/2061386628673724421/AMCY45YA_normal.jpg
1792147999885324288,iaolins,iaolins,★,https://pbs.twimg.com/profile_images/2062824781989195776/4D34dJtm_normal.jpg
1430757360151187457,Jfjc12197993,Jfjc12197993,Yourfavaccc,https://pbs.twimg.com/profile_images/1804720632694759424/V84eZvMs_normal.jpg
715560604,thiswaydasworld,thiswaydasworld,J.A.Y.,https://pbs.twimg.com/profile_images/1883798252480270336/8Uulqhgg_normal.jpg
771925478,TheyLoveZhane,TheyLoveZhane,PARTYGETSMEWETTER,https://pbs.twimg.com/profile_images/2001197062185213955/BW_5XAYz_normal.jpg
1895629352,allyykw_,allyykw_,alllyyy💗👑,https://pbs.twimg.com/profile_images/2012239712149188608/tmV8Ro4D_normal.jpg
708785585981419523,Gourgia101,Gourgia101,sky,https://pbs.twimg.com/profile_images/1438264002082127872/c6b62h_K_normal.jpg
1946051745647304704,rie2cute17,rie2cute17,rie2cute,https://abs.twimg.com/sticky/default_profile_images/default_profile_normal.png
1546985796888059905,blackassnigger7,blackassnigger7,star,https://pbs.twimg.com/profile_images/1665088795027427333/sZOCUv78_normal.jpg
1478065849705582598,DojaCatXLisa,DojaCatXLisa,💗Doja Cat X Lisa💗,https://pbs.twimg.com/profile_images/2022329254831329280/S4-vlXX8_normal.jpg
3068881136,dangerousinIove,dangerousinIove,dezzy wezzy,https://pbs.twimg.com/profile_images/2084385068781277184/ybKcoxRl_normal.jpg
1684911570277593088,MANONPRETTIER,MANONPRETTIER,#1 CONTENDER,https://pbs.twimg.com/profile_images/2071612427326607360/NDUoJHxS_normal.jpg
883138633032761345,_crazysexyycool,_crazysexyycool,R🐆,https://pbs.twimg.com/profile_images/2069596355090169856/q1vU9V2S_normal.jpg
1451719373152993283,thereallllbrat,thereallllbrat,barbiana,https://pbs.twimg.com/profile_images/2086276669942214657/Vn8Jb_D5_normal.jpg
1638376144797040640,Sirs_Life,Sirs_Life,Hoochie_Daddi,https://pbs.twimg.com/profile_images/1978718022635601920/wHPkpHjR_normal.jpg
1574582297260605445,minajwbk,minajwbk,michael #1 ICENIKA FAN 🫵🏽,https://pbs.twimg.com/profile_images/1574588417077297155/RBpIV48N_normal.jpg
1474549900071215105,1500neq,1500neq,1500neq,https://pbs.twimg.com/profile_images/1474550349427982337/SMAVMVzO_normal.jpg
1672483595741454338,Burbyebur,Burbyebur,mcedesvxe,https://pbs.twimg.com/profile_images/1753902275192377344/5Pt7F4zc_normal.jpg
147755340,Splash_T,Splash_T,Splash_T,https://pbs.twimg.com/profile_images/2021015075813728256/gl-kmY2C_normal.jpg
1732462623080267776,Nicenastyy1,Nicenastyy1,The One.,https://pbs.twimg.com/profile_images/1961152913155248128/55xAG8dL_normal.jpg
1463243044380196865,kyahswrld,kyahswrld,kyahbby😉😉,https://pbs.twimg.com/profile_images/2054740751137820672/b9mHuOFC_normal.jpg
1846232294337753088,deannatarney137,deannatarney137,Deanna,https://abs.twimg.com/sticky/default_profile_images/default_profile_normal.png
1755295922555166720,hopevictoriaaa,hopevictoriaaa,ms.perfect,https://pbs.twimg.com/profile_images/2034045820794769408/Ie2BOsIh_normal.jpg
2047237384790585344,Prettyboy_Tyy,Prettyboy_Tyy,BaddBitch.com🎀💕🍦🍭,https://pbs.twimg.com/profile_images/2061703708518563840/dLnVaEoG_normal.jpg
1666656478063730693,ThatGurlZiggy,ThatGurlZiggy,THATGURLZIGGY💜,https://pbs.twimg.com/profile_images/2073242997253128192/Bg3HVy19_normal.jpg
970697352947355648,StasiakCory,StasiakCory,SaweetHeart ❤️‍🔥✨,https://pbs.twimg.com/profile_images/2079270787316318208/EowqmR-E_normal.jpg
1771016447923306496,OTDOS1996,OTDOS1996,Hykeem Suttles,https://pbs.twimg.com/profile_images/1851042326774161408/PVStPklH_normal.jpg
1863285735245406209,Chaneldadolly,Chaneldadolly,Chanel,https://pbs.twimg.com/profile_images/1863286117258190848/CjXAlos1_normal.jpg
1558571940339646467,BARDIBBY_,BARDIBBY_,⚝,https://pbs.twimg.com/profile_images/1901293501481922561/uFeGvsx5_normal.jpg
983670053219524608,ttearanyy,ttearanyy,BIG NENE 🤭🫵🏿!,https://pbs.twimg.com/profile_images/2037672997075435520/eQJD47Tc_normal.jpg
1546007382672789505,prettygirl75707,prettygirl75707,LOVEYOUNICKI,https://pbs.twimg.com/profile_images/1974379208303431680/-qi4_QXB_normal.jpg
1515709357090119689,Cookiep82487841,Cookiep82487841,Alice May,https://pbs.twimg.com/profile_images/1748761852513787904/ImLd3wyG_normal.jpg
2596709167,amarisegarcia,amarisegarcia,🦋Amaris🦋,https://pbs.twimg.com/profile_images/1035046323739938816/o0mZ4dSc_normal.jpg
1965914204390801408,Laylaaaaa329152,Laylaaaaa329152,Laylaaaaa3,https://abs.twimg.com/sticky/default_profile_images/default_profile_normal.png
2065635509607538688,Thatonefan03,Thatonefan03,Thatonefan,https://abs.twimg.com/sticky/default_profile_images/default_profile_normal.png
1149098334906249216,gldndaze,gldndaze,Daisy,https://pbs.twimg.com/profile_images/2046055817590509568/7JpMGAJy_normal.jpg
1751104029822771200,andwhatho,andwhatho,andwhatho,https://pbs.twimg.com/profile_images/2053531672885264385/8AxYiAwR_normal.jpg
1735868422725005312,OMaximoff50358,OMaximoff50358,Oliver Maximoff,https://pbs.twimg.com/profile_images/1735868633631313920/bJ8tSYgd_normal.png
1092307869410779138,KiSmiles3,KiSmiles3,Samantha.K😘,https://pbs.twimg.com/profile_images/1688911488000417792/XEjPpeEp_normal.jpg
2518027847,TheePrincezz08,TheePrincezz08,Thee IT Girl 🐆🖤,https://pbs.twimg.com/profile_images/1957646142268669955/1hZvidUo_normal.jpg
1556535448645902336,angeloluvsyou,angeloluvsyou,lo,https://pbs.twimg.com/profile_images/2041562746987110400/M6ivMrC7_normal.jpg
450274103,4evaReal1,4evaReal1,Lil.Kim.Fan.4eva 🪼,https://pbs.twimg.com/profile_images/2052283622778892291/5Cbt0-20_normal.jpg
296452605,Boss_Lady_Kayy,Boss_Lady_Kayy,Kayy💕,https://pbs.twimg.com/profile_images/1950023510820007936/F82nkMMr_normal.jpg
2049879798567059456,PrettyDiccRoc,PrettyDiccRoc,PDT! Pretty🍆Roc,https://pbs.twimg.com/profile_images/2049879863004164096/NzSefIsN_normal.png
1872484155419676672,asiawtffho,asiawtffho,leave me alone.,https://pbs.twimg.com/profile_images/2055714809505525760/q5vLZ4sU_normal.jpg
1589593315074252801,Misandrist_GRLV,Misandrist_GRLV,"And, I am the Mother.",https://pbs.twimg.com/profile_images/2057880156128034816/W6DqOwXU_normal.jpg
431624681,HarleyKenn_,HarleyKenn_,⊱⊰ I Miss Wendy Williams ⊱⊰,https://pbs.twimg.com/profile_images/2031669475095777280/z32Pw274_normal.jpg
1502464904980279298,AmandaBurgin6,AmandaBurgin6,PhatPumPum.M’s,https://pbs.twimg.com/profile_images/2035921781127602176/H7kNOP14_normal.jpg
1079497314513887233,bazobreeze,bazobreeze,Bazo Breeze💎,https://pbs.twimg.com/profile_images/1999101862507601921/czwNdQU3_normal.jpg
1255978363044462592,3x_cindgaf,3x_cindgaf,Cin🥷🏾🖕🏾,https://pbs.twimg.com/profile_images/1994921664140705792/sByLAbf7_normal.jpg
1994145819792965632,OhThatsAvon,OhThatsAvon,Von,https://pbs.twimg.com/profile_images/1994147209848184832/B2Qlbs7Z_normal.jpg
548227494,eyeris_,eyeris_,i 🌸,https://pbs.twimg.com/profile_images/2062301993679405056/TDrs7YI3_normal.jpg
1464796342153322502,Daniyah223,Daniyah223,🎀Daniyah🎀,https://pbs.twimg.com/profile_images/2078995282436497408/YM44RMG8_normal.jpg
1150829108332552192,Shaniec16066125,Shaniec16066125,ONE INTROVERTED BITCH 💅🏾😈,https://pbs.twimg.com/profile_images/1669930280134606851/5BL_vmWi_normal.jpg
1873887954726199296,pleasuregalore,pleasuregalore,suki,https://pbs.twimg.com/profile_images/2086237734767857664/e0OVdYu0_normal.jpg
2750064131,BarbBad,BarbBad,Coco Chanel,https://pbs.twimg.com/profile_images/1855065077688279040/s_tcLAes_normal.jpg
2070485209355534337,AlyssaAi7sv,AlyssaAi7sv,Alyssa A,https://abs.twimg.com/sticky/default_profile_images/default_profile_normal.png
1759117909312348160,AntiHightake,AntiHightake,AntiSocialPessimist,https://pbs.twimg.com/profile_images/1791513430785990656/JzESMvSO_normal.jpg
1734426591361437696,bigmamayk_,bigmamayk_,💥,https://pbs.twimg.com/profile_images/1810553704631668736/yz89Uyn0_normal.jpg
45479273,SuddenlyTichina,SuddenlyTichina,Tichina,https://pbs.twimg.com/profile_images/1991658466679693312/LN5w_qS-_normal.jpg
2006618396662677504,dwf7qfg827,dwf7qfg827,Nakia,https://pbs.twimg.com/profile_images/2085597348151820289/ZG9PgfV-_normal.jpg
1015048436012539904,kali4rm,kali4rm,♏️,https://pbs.twimg.com/profile_images/2074540580856602625/masYFsZA_normal.jpg
1754722708615745536,scorpiosucubus,scorpiosucubus,ScorpioSuccubus,https://pbs.twimg.com/profile_images/2054049624089055232/t8MDgCyc_normal.jpg
1840064550457974784,adonnsss,adonnsss,🩵,https://pbs.twimg.com/profile_images/2072440075552473088/K8GYldym_normal.jpg
1194054937237438464,callmehlyss,callmehlyss,xoxofleur_,https://pbs.twimg.com/profile_images/1856108138199392256/okAJTE_C_normal.jpg
1813819715107647488,Yofavbrown36853,Yofavbrown36853,Yofav_brownskin,https://pbs.twimg.com/profile_images/2044759836647149568/PGFycY6y_normal.jpg
2658991043,kuntybunz,kuntybunz,Amy_Ireene (Ai),https://pbs.twimg.com/profile_images/2055153747085692928/e5D9DeXY_normal.jpg
1872804668142747649,iamkaespazz,iamkaespazz,iamkaespazz,https://pbs.twimg.com/profile_images/2040245464100982785/2NbSLC_A_normal.jpg
4712248043,reinajaz_,reinajaz_,Jazz🖤,https://pbs.twimg.com/profile_images/2056765616103501824/ejQ_cjFv_normal.jpg
443422336,KiaBeChillin_,KiaBeChillin_,🤓🥤🔫 ❣️,https://pbs.twimg.com/profile_images/1607854947369947138/9u0i_E8d_normal.jpg
1631073130059010048,drebabe_08,drebabe_08,Dre,https://pbs.twimg.com/profile_images/2060299356524494848/Zx3XEnqx_normal.jpg
1230135268356870145,jmoods_1,jmoods_1,hell cat🐚🌺,https://pbs.twimg.com/profile_images/1980649320329154560/l2f08b3d_normal.jpg
26874644,BryDisney,BryDisney,BRYDISNEY,https://pbs.twimg.com/profile_images/1906520841736847361/G1PHf4i1_normal.jpg
1914499629162409985,urfavtoxcigf,urfavtoxcigf,سَنا 🤍.,https://pbs.twimg.com/profile_images/1942275012997607424/39acMVft_normal.jpg
1907580501994381312,bubbleasss,bubbleasss,BigbootyJUDYY.😈🍦,https://pbs.twimg.com/profile_images/2000424909135048706/_aqNZOMn_normal.jpg
1510396122682265603,Bellque23,Bellque23,Bellque,https://abs.twimg.com/sticky/default_profile_images/default_profile_normal.png
1762908129451241472,jayflexo114765,jayflexo114765,jayflexo,https://pbs.twimg.com/profile_images/1762908178776276992/MgUATxXQ_normal.png
1421007229969485826,icuenvynaa,icuenvynaa,VIRGO,https://pbs.twimg.com/profile_images/1808377267799928832/qSzvsG2T_normal.jpg
2891556782,ciyon___,ciyon___,Ci'Yon T.,https://pbs.twimg.com/profile_images/2078529337431654400/hVmJacSb_normal.jpg
1985528048607784960,JoelNubert6,JoelNubert6,Joel Nubert,https://abs.twimg.com/sticky/default_profile_images/default_profile_normal.png
942909278142304256,____imraven,____imraven,BIG LEO ✨,https://pbs.twimg.com/profile_images/1864016753702932480/LVlMFv7L_normal.jpg
2666668193,high_imdessie,high_imdessie,Lori harvey JR👸🏾,https://pbs.twimg.com/profile_images/2085028325198643200/QXOBVNNX_normal.jpg
751121905856360449,belikebriii,belikebriii,lexi,https://pbs.twimg.com/profile_images/2046475735876173824/WQAqaD29_normal.jpg
1735236351191105536,glampoptart,glampoptart,Queef Latifah 💨,https://pbs.twimg.com/profile_images/1859891813458288640/Bh2O4GxT_normal.jpg
271697926,Ri_Macc,Ri_Macc,Macc 🤪🥶,https://pbs.twimg.com/profile_images/2007352809738338305/wJ6TftIF_normal.jpg
1776955085735731200,chaewonderlust,chaewonderlust,nowrie ⋆,https://pbs.twimg.com/profile_images/2064355112462831616/wJ55F_Lc_normal.jpg
2896188336,PrincessPoizen,PrincessPoizen,Mommy Dearest🍄,https://pbs.twimg.com/profile_images/1882863224090923008/2rFpBTvB_normal.jpg
2903131715,RaulM209,RaulM209,Raul Mejia,https://pbs.twimg.com/profile_images/2051706659911974912/C9N1LwHx_normal.jpg
1462246663699972101,gavkeepitP,gavkeepitP,gav,https://pbs.twimg.com/profile_images/1643496202132922368/nBJXrdvW_normal.jpg
1011819229669142529,KAYTB_,KAYTB_,seldom,https://pbs.twimg.com/profile_images/1660642888756215808/_erILxpe_normal.jpg
1989835853313814528,lizzykizzy1293,lizzykizzy1293,X.stxrzzk,https://pbs.twimg.com/profile_images/2020452286112440320/TZgppiQa_normal.jpg
1734904700120518656,urfavejojo,urfavejojo,Diamond Boy💎,https://pbs.twimg.com/profile_images/2015754750327660545/iwjHOOjK_normal.jpg
1299755482119385088,mxs_moody,mxs_moody,beysilkpress🐝🐝,https://pbs.twimg.com/profile_images/2051706217827913728/SsfcX5km_normal.jpg
1932872202023481344,ayiinaj__,ayiinaj__,gemini,https://pbs.twimg.com/profile_images/1950749455763861505/CKDJvxgT_normal.jpg
169719168,Drea__SHAKUR,Drea__SHAKUR,Drea Christina❤️♉️,https://pbs.twimg.com/profile_images/2017802522656694272/rtFmVMWg_normal.jpg
1347262091351232514,LaboyNiya,LaboyNiya,Niya LaBoy,https://pbs.twimg.com/profile_images/2082685376901033984/rLclbL8C_normal.jpg
1663788481091346432,3ATTACHMENTS,3ATTACHMENTS,🦋⃤,https://pbs.twimg.com/profile_images/2084197933084205056/TQURDLL2_normal.jpg
236623713,Diamantelive,Diamantelive,Rony Ron💃🏾,https://pbs.twimg.com/profile_images/2002411879767891968/T_R7OqB5_normal.jpg
1622480523594457089,Jazzyy_Tracii,Jazzyy_Tracii,JazzlynnW✨💕,https://pbs.twimg.com/profile_images/1886190303196962816/nesifTJ2_normal.jpg
1797497947975749632,wuzzambby1,wuzzambby1,Nicole,https://pbs.twimg.com/profile_images/2069682691633541120/fcr3Y2_t_normal.jpg
1592299737859997696,duwapastar,duwapastar,☆,https://pbs.twimg.com/profile_images/2030721795343421440/HRJZDDwN_normal.jpg
1741001817129943040,jammila292_,jammila292_,💕💕👸🏽.,https://pbs.twimg.com/profile_images/2032251658126966787/R7fs3yVy_normal.jpg
1131066993338212352,PedroThicc21,PedroThicc21,WheresWaldo?,https://pbs.twimg.com/profile_images/2071478196919476224/x5GZzY2A_normal.jpg
1029905845293867008,SleezeMaraj,SleezeMaraj,Khalil,https://pbs.twimg.com/profile_images/2060145996890619904/vLBpAUfJ_normal.jpg
2066160638762569728,Sakuralighto,Sakuralighto,Sakura Light O,https://abs.twimg.com/sticky/default_profile_images/default_profile_normal.png
1942148907846311936,kingrestlss,kingrestlss,%,https://pbs.twimg.com/profile_images/2064898032726896640/ZB8DqZp8_normal.jpg
1084888460295573504,Shennycasanova,Shennycasanova,🥰✨Ibeonmyshennyshit🍾,https://pbs.twimg.com/profile_images/1309965644406943744/gx_w2fGD_normal.jpg
1798144373797928960,shaannaaii,shaannaaii,Shanaii,https://pbs.twimg.com/profile_images/2075762244646830080/0sExG5k-_normal.jpg
1639372235440807941,jusbktoyou,jusbktoyou,bk🫧🎀,https://pbs.twimg.com/profile_images/2085200137995874305/9O5zDkzM_normal.jpg
3274974116,wavvvy_d_,wavvvy_d_,👑,https://pbs.twimg.com/profile_images/2072298231007006720/sjGGBtwl_normal.jpg
1041007154814169090,theyblowscotty,theyblowscotty,🇹🇹,https://pbs.twimg.com/profile_images/1953949971067310080/t18rOIa3_normal.jpg
2042104045549068288,NiahC313,NiahC313,Saniah Carter,https://pbs.twimg.com/profile_images/2073595265756418048/8t6wyD8C_normal.jpg
1343533145770098690,martaetaee,martaetaee,marta.sha✨,https://pbs.twimg.com/profile_images/1864367853480144896/5UrEIrd4_normal.jpg
1680926995608133632,Dior436559,Dior436559,demon_time,https://pbs.twimg.com/profile_images/1984127290842763264/pwykPtXK_normal.jpg
1339306706308915200,nellygabrielax,nellygabrielax,Gab🫀,https://pbs.twimg.com/profile_images/2084828684091834368/Jlh_yM2F_normal.jpg
3230822525,Pettyfinstaaa,Pettyfinstaaa,Mona Lisa,https://pbs.twimg.com/profile_images/1689236039531917312/L30hO1JU_normal.jpg
2035312873556336640,diaryofblkwoman,diaryofblkwoman,JT || pejulandria reborn,https://pbs.twimg.com/profile_images/2035313669735911424/SlLxhvMx_normal.jpg
1442879163053101065,simp160969,simp160969,💚ShinE🧡,https://pbs.twimg.com/profile_images/2039463610980704256/2K9l9eJ__normal.jpg
2056788216015921152,sobbingsus,sobbingsus,Roo roo,https://pbs.twimg.com/profile_images/2075060613441634304/gR-BehoN_normal.jpg
297760047,_CallMeTaee,_CallMeTaee,Taee✨,https://pbs.twimg.com/profile_images/1948225984936722432/ZuLmZvN8_normal.jpg
2183666848,ambeeer3x_,ambeeer3x_,MUVA 💗,https://pbs.twimg.com/profile_images/2028278975517138944/7XKiExYC_normal.jpg
1350979246374739969,YBloopy,YBloopy,mwahah,https://pbs.twimg.com/profile_images/1937939656718589952/9SC1aJQz_normal.jpg
1610698664778907654,Jazzcakes4599,Jazzcakes4599,Jazz,https://pbs.twimg.com/profile_images/1975557597978607617/KRMceWJK_normal.jpg
2051228135484444672,Bigpluto99,Bigpluto99,pluto,https://pbs.twimg.com/profile_images/2084743829886844928/-gaWdie2_normal.jpg
1616594745421139968,buncbeds,buncbeds,bunc,https://pbs.twimg.com/profile_images/2025023378541748224/0PHy86Xl_normal.jpg
3046921430,devvmun,devvmun,Devon✰Mun,https://pbs.twimg.com/profile_images/2071714258228838400/l6u1qnvf_normal.jpg
500923633,HeyBoujee,HeyBoujee,AdriiWadrii,https://pbs.twimg.com/profile_images/2075356114477092864/bbruzHtH_normal.jpg
1649909993389400068,Jerry61gaga,Jerry61gaga,.,https://pbs.twimg.com/profile_images/2003249266345594880/PoHLboKu_normal.jpg
1256828756800356352,luvboo5,luvboo5,TvQueen👑,https://pbs.twimg.com/profile_images/1642976441624309760/omXIJDEu_normal.png
218668862,Boss_Toonie,Boss_Toonie,Toonie Baybee ✨🥰💕,https://pbs.twimg.com/profile_images/1639964189602074626/NLSwXe_6_normal.jpg
1310064513337692165,tiarenae127,tiarenae127,📞📞,https://pbs.twimg.com/profile_images/1592705014631366657/06-sVyva_normal.jpg
1201910497567752193,MondeRSA1,MondeRSA1,smondz.🧚🏽‍♀️🦋,https://pbs.twimg.com/profile_images/2063953157223301120/rshKeaH-_normal.jpg
1369307841383837700,DamnPunkin_,DamnPunkin_,🧚🏾‍♂️,https://pbs.twimg.com/profile_images/2016547456348012544/QOC2M1V5_normal.jpg
1634008678792560641,craigprattjr,craigprattjr,ℭ𝔯𝔞𝔦𝔤,https://pbs.twimg.com/profile_images/2054415615775944705/iYp8xc4T_normal.jpg
714414333099245568,Brazzyasstati,Brazzyasstati,MS.CBFW YBW🪼,https://pbs.twimg.com/profile_images/2085463909075492864/kC_-Uxzu_normal.jpg
1908739863832059904,Elegantyn,Elegantyn,pangia,https://pbs.twimg.com/profile_images/2031482898629398528/rln5DufG_normal.jpg
1693426943754944512,St4rboy_NT,St4rboy_NT,💕NOAH💕,https://pbs.twimg.com/profile_images/2083779127459348480/598vDP2z_normal.jpg
2311590271,Asklilwayne_who,Asklilwayne_who,🌟🌟🌟🌟🌟,https://pbs.twimg.com/profile_images/1973774309421096960/8AY55aUh_normal.jpg
915102964066349056,retroaciddoll,retroaciddoll,₆⁶₆,https://pbs.twimg.com/profile_images/2085999025766178816/rG-jIoFR_normal.jpg
1321313020258246656,a3el_m_r,a3el_m_r,Abel,https://pbs.twimg.com/profile_images/2054441002677731328/cJyaRQXI_normal.jpg
2470738453,Gvldenbesos,Gvldenbesos,Gee 🫶🏼,https://pbs.twimg.com/profile_images/1834329331025244160/GRMu9Zr5_normal.jpg
1055177215023955969,Boymom2488,Boymom2488,lexxxx,https://pbs.twimg.com/profile_images/2069107857916588032/4rMTalK5_normal.jpg
579465008,zee_zee223,zee_zee223,suckmymoobs🍈🍈,https://pbs.twimg.com/profile_images/1629870851775496195/jyCyz769_normal.jpg
3293351611,annayk__,annayk__,🔋🧸🩵,https://pbs.twimg.com/profile_images/2074215262622990336/uaEJHAUF_normal.jpg
1589138521289367552,Maarrii4pf,Maarrii4pf,THE MILL💒,https://pbs.twimg.com/profile_images/2023329857288163328/SV7R8fTZ_normal.jpg
1565043754519695362,HOTBOYJAR,HOTBOYJAR,🫧🎀🫦🦴,https://pbs.twimg.com/profile_images/2086437588538167296/_MU8H_X3_normal.jpg
1980743823585165312,Jordynjnc,Jordynjnc,Jordyn,https://pbs.twimg.com/profile_images/1980747588782477312/a0EwiQ0M_normal.jpg
345582161,Ranettaaa,Ranettaaa,Nola Darling 💜,https://pbs.twimg.com/profile_images/1713508509877161984/QhZ3x_sm_normal.jpg
1672665020591742986,Iamdelulu234,Iamdelulu234,🤭,https://pbs.twimg.com/profile_images/1672665087364980737/iqyZba5p_normal.jpg
50220026,Sauhvage,Sauhvage,#BLACKLIVESMATTER ✊🏾✊🏽✊🏿🖕🏽,https://pbs.twimg.com/profile_images/2049099987213332480/BzqRLAmX_normal.jpg
1250286299476459522,ibethtprettymff,ibethtprettymff,badgyal 🎀,https://pbs.twimg.com/profile_images/1980746173632638976/ugLpn4Ev_normal.jpg
4692039925,Plsnayaa,Plsnayaa,◡̈,https://pbs.twimg.com/profile_images/2024005042358153216/MFs5liao_normal.jpg
1518355117589909508,ArrogantJay__,ArrogantJay__,sweet & simple 🩷,https://pbs.twimg.com/profile_images/2065478372394676224/IApq_Olu_normal.jpg
3044993946,rated_Jj,rated_Jj,joshy.⚡️,https://pbs.twimg.com/profile_images/1236109017329668096/rjPHef5X_normal.jpg
703960171,Ballrinnacappch,Ballrinnacappch,Madame X 💥,https://pbs.twimg.com/profile_images/2084769980541767681/pKEh-i1t_normal.jpg
1666186334879244307,KHIXMINAJBACKUP,KHIXMINAJBACKUP,Freaky Barb,https://pbs.twimg.com/profile_images/1674612737257746440/i1Em4tRm_normal.jpg
248560534,Layyyy_7102,Layyyy_7102,B I G_L A Y ✌🏽,https://pbs.twimg.com/profile_images/1858691454127796225/k67tY5t0_normal.jpg
1151918390736556032,aaaayin_,aaaayin_,🌬️,https://pbs.twimg.com/profile_images/2070692456362815488/fn4UxKyo_normal.jpg
1941667625567703040,rayjcook88,rayjcook88,Raymond Cook,https://pbs.twimg.com/profile_images/1948424508328546314/fMoCp9NK_normal.jpg
760917197568905216,Self_Made_K,Self_Made_K,👑K,https://pbs.twimg.com/profile_images/1909024266265165824/tf0ubPMs_normal.jpg
1167325226402631680,llxnaa__,llxnaa__,✰ Lina ✰,https://pbs.twimg.com/profile_images/1608308644302438400/XcZfg-A4_normal.jpg
2027679211700555777,yesimjaylak,yesimjaylak,jaylak_,https://pbs.twimg.com/profile_images/2075943935671758849/J4BYUT2a_normal.jpg
2861997271,42shots19cups,42shots19cups,lee 42,https://pbs.twimg.com/profile_images/1965241445394141184/bEQgX7za_normal.jpg
1916993185240518658,joelortlz,joelortlz,J,https://pbs.twimg.com/profile_images/1917704069352656896/gMQ-PBJ3_normal.jpg
4897629795,VikkVanay17,VikkVanay17,VikkPhattCakess 👑🇨🇦,https://pbs.twimg.com/profile_images/1985409223069745154/0Cx66soq_normal.jpg
3439462006,Keykoast,Keykoast,kyarra😜🇵🇸,https://pbs.twimg.com/profile_images/1797768311028998145/a3fuNHyM_normal.jpg
2021828944689790976,FadedHashira28,FadedHashira28,Faded hashira,https://pbs.twimg.com/profile_images/2083231606307733504/_siAS76o_normal.jpg
1599315837348896768,Asia69187952,Asia69187952,lavissh☆,https://pbs.twimg.com/profile_images/1788704555863031808/CJOZch5n_normal.jpg
122783413,TheJavon_,TheJavon_,Slime.,https://pbs.twimg.com/profile_images/2082644725169786880/U7y0ahKr_normal.jpg
1568996187717378049,PikachuZhay,PikachuZhay,no-zell,https://pbs.twimg.com/profile_images/1921677168997761024/U0sK1E5G_normal.jpg
62204085,keishaervin,keishaervin,Petty Labelle,https://pbs.twimg.com/profile_images/1863383519046610944/zedZ0KTa_normal.jpg
10228272,YouTube,YouTube,YouTube,https://pbs.twimg.com/profile_images/1984471345854566400/5pd8GpgC_normal.jpg
1507243840293556224,Rennisymone,Rennisymone,August Leo,https://pbs.twimg.com/profile_images/1690872794161045504/EgUH6hPs_normal.jpg
2940843117,_Il0vekickz,_Il0vekickz,whoopty doo,https://pbs.twimg.com/profile_images/1734761898288025600/r0dsvOKt_normal.jpg
1255241649489358848,bchinkss,bchinkss,PISCEAN,https://pbs.twimg.com/profile_images/2083942335222521856/xP9Bb98s_normal.jpg
1573033806143098891,NNotaems,NNotaems,Amala_Catzzz,https://pbs.twimg.com/profile_images/2079619217301667840/Lme492vC_normal.jpg
33498000,thefathippy_,thefathippy_,neshh 💜,https://pbs.twimg.com/profile_images/2085180729466429441/XzqktKwm_normal.jpg
2010836971565002752,StarMTay,StarMTay,Tay 🥀,https://pbs.twimg.com/profile_images/2060175624166354944/cEpjHWdr_normal.jpg
1473459773408432128,IvClovero,IvClovero,CloverIV,https://pbs.twimg.com/profile_images/1473459854417305607/OhgcuW29_normal.jpg
1620557911272423430,ilyymaddie,ilyymaddie,gabrielle,https://pbs.twimg.com/profile_images/1882663627619983360/YAR0ls1l_normal.jpg
1911196448705896448,xoxoessyy,xoxoessyy,essyy⋆.𐙚 ̊,https://pbs.twimg.com/profile_images/2085922982514298880/DsnMYpE__normal.jpg
1597064977847926785,niggapr1vileges,niggapr1vileges,dat ni*gga thirsty 💦,https://pbs.twimg.com/profile_images/2073890141739839489/e9YnMpZ5_normal.jpg
145945578,IrmaGrace26,IrmaGrace26,Irma Grace,https://pbs.twimg.com/profile_images/1446759101942353923/4SXltP6A_normal.jpg
731135969596858375,tay_crownme,tay_crownme,Short & Stout Bitch🤌🏽,https://pbs.twimg.com/profile_images/1971798790710468608/gUOrjJkl_normal.jpg
2923030230,HaitianPrincesa,HaitianPrincesa,Rachet intellectual 🪐 #FreeHaiti🇭🇹,https://pbs.twimg.com/profile_images/1661274048544874496/6lHYKyXw_normal.jpg
1226280711625330688,riiyan1of1,riiyan1of1,$,https://pbs.twimg.com/profile_images/2074333590838546432/YOdvfRhc_normal.jpg
1713680720906866688,ItsNineHoe,ItsNineHoe,Nine,https://pbs.twimg.com/profile_images/1727823403195752448/BQLfZZ-L_normal.jpg
1316095411740913664,chrismnjr,chrismnjr,chris 💝,https://pbs.twimg.com/profile_images/2003832483591188480/2eCyoAbS_normal.jpg
1730758316622741504,j3444_,j3444_,j,https://pbs.twimg.com/profile_images/2076865407768731648/AiImCz5n_normal.jpg
2077353122595262465,Iongafnga,Iongafnga,Rinaa,https://abs.twimg.com/sticky/default_profile_images/default_profile_normal.png
83152869,_Spaceyy_,_Spaceyy_,💭🧩Playtonically NCLECTA🧩💭,https://pbs.twimg.com/profile_images/2022756724935942145/tagxkFey_normal.jpg
1656713058,98SparkzProd,98SparkzProd,98,https://pbs.twimg.com/profile_images/1908609435691302912/jNLILbd8_normal.jpg
1485769281417666561,LcLewinsky,LcLewinsky,☆♞ 𝐤άⓝƳ𝐄,https://pbs.twimg.com/profile_images/2067476887631237120/aJsawmK9_normal.jpg
1254890090700197888,JAPANESEBLACK,JAPANESEBLACK,ᘻᘿ sᴏ ˢᵒᵘᵖ 🇯🇵,https://pbs.twimg.com/profile_images/2059817417170198533/gShhqyeb_normal.jpg
2043493224308776960,KayariiMt,KayariiMt,Kayarii,https://pbs.twimg.com/profile_images/2043493753776906240/n1KZgWb2_normal.jpg
1163731782,_kingstevie,_kingstevie,stevie,https://pbs.twimg.com/profile_images/2080355660261167104/06Wq8nUw_normal.jpg
1303895942148562945,cocoprrincessaa,cocoprrincessaa,$$$,https://pbs.twimg.com/profile_images/2076395423585984512/yQ2jrJv1_normal.jpg
1494535557304795137,Lavalampdick04,Lavalampdick04,Thee Fairy Pimp🧚🏾‍♂️✨,https://pbs.twimg.com/profile_images/2078965725994110976/jaP1-p0X_normal.jpg
234414864,Liqht_Brightt,Liqht_Brightt,Milann❤️💄,https://pbs.twimg.com/profile_images/1964853928261980160/pH6tDIll_normal.jpg
1418327858704011267,seatricegotit,seatricegotit,Seatrice,https://pbs.twimg.com/profile_images/1973240559385886720/i6TmrPWl_normal.jpg
2054300277679722497,darealyonii,darealyonii,yoni,https://pbs.twimg.com/profile_images/2080630313982570496/_gur-5jS_normal.jpg
1649811805437321216,Minatosaki__,Minatosaki__,🦋😈tzuyu😈🦋,https://pbs.twimg.com/profile_images/2082988354686111744/VEqc-OKz_normal.jpg
1597952319328591872,ipunchniggasfr,ipunchniggasfr,Yoyo(yona),https://pbs.twimg.com/profile_images/2084287853060591616/0IbHzdGw_normal.jpg
2031161193528774656,Suzycpg,Suzycpg,Suzy,https://pbs.twimg.com/profile_images/2048910254201765888/AAd-CJJh_normal.jpg
1497801000274571266,kevywashere,kevywashere,Kevy,https://pbs.twimg.com/profile_images/2059094693892218881/JnvEf0QB_normal.jpg
1488926622161981444,KILLAMINAJ2,KILLAMINAJ2,muderaaa,https://pbs.twimg.com/profile_images/2054358996174155776/weSV-Gme_normal.jpg
1304509897166524416,KdoNoura,KdoNoura,noura.kdo,https://pbs.twimg.com/profile_images/1778085485908295680/r4E4IsFm_normal.jpg
1369702300680347654,bigbeez_,bigbeez_,pocket full of sunshine ☺️💕,https://pbs.twimg.com/profile_images/1974208086958047233/-ErdOGS__normal.jpg
394962862,Fania_Cherry,Fania_Cherry,Fania_Cherry,https://pbs.twimg.com/profile_images/1940147837301309440/kX9J0a_c_normal.jpg
287415368,MariahLynBoss,MariahLynBoss,MariahLynBoss,https://pbs.twimg.com/profile_images/2057199163998121984/_2zJXTTN_normal.jpg
1260143938851287040,markkmarkk03,markkmarkk03,markiane,https://pbs.twimg.com/profile_images/2081349814030123009/zbS2c63G_normal.jpg
1530562778108465152,SkyLyf3,SkyLyf3,Kwinn🦄🎀 #IcoNickMinaj 💕,https://pbs.twimg.com/profile_images/1762310964630695936/Nx63JFl8_normal.jpg
1636482105948372993,wandawonders777,wandawonders777,wanda,https://pbs.twimg.com/profile_images/1688993008069345280/CerkVkij_normal.jpg
26391911,NATURALLYpooh,NATURALLYpooh,VoodooPussy 🦄✨,https://pbs.twimg.com/profile_images/1110207922104094721/E5wGWrAx_normal.jpg
1869135336699527168,Bens_w0rld,Bens_w0rld,Benny,https://pbs.twimg.com/profile_images/2073753036783050752/idFFD-_Z_normal.jpg
1959043886938300416,theecookieangel,theecookieangel,Chillin,https://pbs.twimg.com/profile_images/1959045031102189569/qrC5vdof_normal.jpg
1811966922973757440,royalhighnessho,royalhighnessho,stace,https://pbs.twimg.com/profile_images/2073609973330812928/sRWxy7Jm_normal.jpg
1300792397954199555,MattiyahMonford,MattiyahMonford,Hakuna Mattiyah 😸😸,https://pbs.twimg.com/profile_images/2055896034031620096/KwX6mr1N_normal.jpg
1492285180983214082,marimemaybe_,marimemaybe_,amari🍀,https://pbs.twimg.com/profile_images/2044446582469259264/kvt9FA9h_normal.jpg
2061999606620164096,jaell1s,jaell1s,ja,https://pbs.twimg.com/profile_images/2072423872394092544/ARpsU7dN_normal.jpg
840996426293342209,ToyaxNE,ToyaxNE,Toya,https://pbs.twimg.com/profile_images/1672662000386678784/TpVuICAd_normal.jpg
1410990842018471939,ERAOFNAOMI,ERAOFNAOMI,T🌟 Minion #1102287,https://pbs.twimg.com/profile_images/1945688515448287232/-1yPmZqU_normal.jpg
1557088754015289344,AudritheDolly,AudritheDolly,Audri Ahna 🧚🏾‍♀️✨,https://pbs.twimg.com/profile_images/2077451682493976576/kRnFNu16_normal.jpg
50687297,_lilTaay,_lilTaay,Tay❤️,https://pbs.twimg.com/profile_images/1670243010892779522/fKXbN6tk_normal.jpg
1266919897923293186,DontBePoorGirl,DontBePoorGirl,Kryse Essence Hall,https://pbs.twimg.com/profile_images/1951145317610467328/rp5YxVyw_normal.jpg
1809258933489631232,uwannagetateout,uwannagetateout,X'zorianna,https://pbs.twimg.com/profile_images/1858474172566933504/jlGhshkS_normal.jpg
1371711352717328386,KutieIssa,KutieIssa,Cindy Lou,https://pbs.twimg.com/profile_images/1875220069833129984/2I4Q6gpV_normal.jpg
1239774899071258629,n_neeneee,n_neeneee,Xoxo.nene,https://pbs.twimg.com/profile_images/1995056178829692928/NnmIkPQu_normal.jpg
267530507,rockstarryah,rockstarryah,baby,https://pbs.twimg.com/profile_images/2046748193858134016/1X1y6fLI_normal.jpg
2060861035918016515,meeefk4g,meeefk4g,Mee,https://abs.twimg.com/sticky/default_profile_images/default_profile_normal.png
4625876427,dramadaee,dramadaee,Dae🧚🏼,https://pbs.twimg.com/profile_images/1291420187607150595/_NjoX-XQ_normal.jpg
1563231536249737218,Boosterzino,Boosterzino,rae🐏,https://pbs.twimg.com/profile_images/2079206462488805377/C1-fQUEP_normal.jpg
1233620860440846336,kesbabyy,kesbabyy,kess🤍,https://pbs.twimg.com/profile_images/1904076441144180736/6rRBXrGM_normal.jpg
1709345005775519744,ittzparkeer,ittzparkeer,Parker,https://pbs.twimg.com/profile_images/1993300145266425856/srLlio1V_normal.jpg
2077981685493161984,Queenbbwn,Queenbbwn,Queen,https://abs.twimg.com/sticky/default_profile_images/default_profile_normal.png
1570496217771122689,hissexyygf,hissexyygf,femalewackem,https://pbs.twimg.com/profile_images/1905478453094141952/k5PTRO6S_normal.jpg
1717095412090179584,AbelC2k26,AbelC2k26,LonelyHour00,https://pbs.twimg.com/profile_images/2079773136413679616/u2RLN2Dx_normal.jpg
1592103081637949440,leCPrWq1GLpQ6Hd,leCPrWq1GLpQ6Hd,???,https://abs.twimg.com/sticky/default_profile_images/default_profile_normal.png
22842457,triggaNIZER,triggaNIZER,mr. xz,https://pbs.twimg.com/profile_images/2084192850640613376/2zRdo_Cm_normal.jpg
1677527258506862597,ianchoslave,ianchoslave,Temptinn,https://pbs.twimg.com/profile_images/2054882649563377664/ZHTPKU9-_normal.jpg
1476890479539146752,CeeN0on,CeeN0on,Cee ❤️‍🔥 🍯,https://pbs.twimg.com/profile_images/1955770890987159553/TGxlHJp9_normal.jpg
1725596437851848704,taas45373,taas45373,TeeR🧌🧶,https://pbs.twimg.com/profile_images/2064717375061037056/FBMyplNH_normal.jpg
1261840250093080582,yafaveneya,yafaveneya,neya,https://pbs.twimg.com/profile_images/2067636603258859520/JYcPEpUN_normal.jpg
1950670920143810560,ilovediamondxo,ilovediamondxo,ilovediamond,https://pbs.twimg.com/profile_images/2065660547903983616/Bv6CkImB_normal.jpg
1340496725795102722,1ilfootz,1ilfootz,HBK,https://pbs.twimg.com/profile_images/1884779030831906817/sKpKEfqF_normal.jpg
1643342557273833472,Sikiiminaj,Sikiiminaj,•Don Barbie🥶•,https://pbs.twimg.com/profile_images/1922516794394177536/30nWih2D_normal.jpg
300009633,deeminaj_,deeminaj_,Dee🫧,https://pbs.twimg.com/profile_images/2072659335235178496/REva5ubI_normal.jpg
1247725743695638530,MARlAHMlNAJ,MARlAHMlNAJ,Mariah Voorhees Lozada 👛,https://pbs.twimg.com/profile_images/2034929820795043840/CRoSbCxa_normal.jpg
1846220984116039680,GoldenGemineye_,GoldenGemineye_,🔱,https://pbs.twimg.com/profile_images/2007661511779483648/RJPIG7mR_normal.jpg
1666410572986953729,tristans_diaryy,tristans_diaryy,tri$$y🦉,https://pbs.twimg.com/profile_images/2066920356317720576/TFHRwj_g_normal.jpg
1786863275059101696,Natzuk_0,Natzuk_0,𝑵𝒂𝒕𝒛𝒖 ꕤ,https://pbs.twimg.com/profile_images/2085055368573358080/u_qq2ihe_normal.jpg
1928324646878773248,naidarealest,naidarealest,Naidadoll,https://pbs.twimg.com/profile_images/2083549123337191424/QHdz6c67_normal.jpg
427362258,LaceUpTez,LaceUpTez,the people’s favorite,https://pbs.twimg.com/profile_images/2008660785497595904/qb10fAyQ_normal.jpg
1156218758714875906,ZarkkRaain,ZarkkRaain,ZarkkRaain,https://pbs.twimg.com/profile_images/1976492056542429184/FUJcNdnq_normal.jpg
45048866,FlyAuntyNoKids,FlyAuntyNoKids,FcKYoCouch,https://pbs.twimg.com/profile_images/1799963310953013248/ez60LhUo_normal.jpg
23035296,quintesea,quintesea,quintesea,https://pbs.twimg.com/profile_images/2021797498315010048/DQ7NY6xW_normal.jpg
1734482186248540160,SharEsra,SharEsra,Shar-'Nasee Esra Qadosh Zur🇭🇹,https://pbs.twimg.com/profile_images/2066159686282326016/SThxMqhX_normal.jpg
1914794984227688448,lexxcomm777,lexxcomm777,Alexus Thomas,https://pbs.twimg.com/profile_images/1914805082396217344/he9Z-ZTA_normal.jpg
2048573125244145664,Asianaecioa,Asianaecioa,Asianae,https://abs.twimg.com/sticky/default_profile_images/default_profile_normal.png
1174106579043520512,venomous_pearl,venomous_pearl,pussy facing the world,https://pbs.twimg.com/profile_images/2083617123490734080/iRvZlzbR_normal.jpg
1547882836929064961,allofriyah,allofriyah,blue,https://pbs.twimg.com/profile_images/1930837463582310401/lHfQYdft_normal.jpg
779943154199867392,blueberrysaucee,blueberrysaucee,scorpio baby 🦂,https://pbs.twimg.com/profile_images/2037193703345795072/PDUPaddp_normal.jpg
1165943852890566657,shellylover29,shellylover29,❤️🤍,https://pbs.twimg.com/profile_images/1643320529372282882/Kd4a3Sku_normal.jpg
35365931,ohMYkennie,ohMYkennie,Miss Honey Cognac Queen,https://pbs.twimg.com/profile_images/2028241020790456320/N7uszNpZ_normal.jpg
1722815307717185536,_MJ_Agate,_MJ_Agate,Sukis left lip,https://pbs.twimg.com/profile_images/1827555318143848448/fFRAFsrC_normal.jpg
1372508141804515329,_tolanizay,_tolanizay,BIG MAMA 🐰🪷,https://pbs.twimg.com/profile_images/2079763868193095680/HU-XXt6y_normal.jpg
1776078661830983680,freakyleopard,freakyleopard,Niyah💋 .,https://pbs.twimg.com/profile_images/1999926905156284417/Id2wkb13_normal.jpg
962173090204672001,tavisbridges124,tavisbridges124,Tavis,https://pbs.twimg.com/profile_images/1972319701310050304/61M5FBqW_normal.jpg
35334485,AriesLove003,AriesLove003,Aries03,https://pbs.twimg.com/profile_images/2030744576512696320/oO1DIP3P_normal.jpg
237947929,VirgoooBabyyy,VirgoooBabyyy,BrittanyyRenee✨,https://pbs.twimg.com/profile_images/2031511853952585728/qDwL_Hxw_normal.jpg
1273062048956649472,collinharris45,collinharris45,Collin Harris,https://pbs.twimg.com/profile_images/2074582336985821184/gKzmjSAA_normal.jpg
1607922908533526528,youlostsukolol,youlostsukolol,Sugarbear,https://pbs.twimg.com/profile_images/1607926492507557888/SaUmOCIa_normal.jpg
1665368187355930624,DeeSantanaDee,DeeSantanaDee,Tana,https://pbs.twimg.com/profile_images/2025791218337103872/IDVhF_Kl_normal.jpg
1046941009328799744,Supermegastar_,Supermegastar_,Maga Maraj,https://pbs.twimg.com/profile_images/1730655530962886656/xExHQcjf_normal.png
2034419008506593280,bunniblizz,bunniblizz,˚˖𓍢ִ໋🦢˚,https://abs.twimg.com/sticky/default_profile_images/default_profile_normal.png
1287922277863088136,trulyymya,trulyymya,Mya 🍒,https://pbs.twimg.com/profile_images/1899882636576706560/AFz2uvrx_normal.jpg
1605336025831809024,zaythedolly,zaythedolly,zay zay,https://pbs.twimg.com/profile_images/2072682062008475648/wbqC127f_normal.jpg
1453108455326298124,EnuarLife,EnuarLife,mr.hood,https://pbs.twimg.com/profile_images/1685072350293741568/MEQ8KyUF_normal.jpg
1133902654806122496,Daeduke_,Daeduke_,M$.PRETTY🫦,https://pbs.twimg.com/profile_images/2029915106222444544/BSTkl-b-_normal.jpg
1727579574488203264,LLZminaj1,LLZminaj1,LLZ 1.0 🦄,https://pbs.twimg.com/profile_images/2054199296078098432/w11jEEx1_normal.jpg
1605074936489394177,tooandrogynous,tooandrogynous,🤍,https://pbs.twimg.com/profile_images/2056101768694759424/Or9vy7eJ_normal.jpg
1896317088798806016,sydnuys,sydnuys,sydney,https://pbs.twimg.com/profile_images/1896317818636738560/lqPgY2q6_normal.jpg
1664806461464084480,kockinesss,kockinesss,kockiness,https://pbs.twimg.com/profile_images/2022232073746931712/_WoBfD4I_normal.jpg
1466807383095709700,sobrooklynbby,sobrooklynbby,Jay,https://pbs.twimg.com/profile_images/2080401769117421568/NOZl-u0G_normal.jpg
1439599551103524867,L_00_22,L_00_22,L,https://pbs.twimg.com/profile_images/2080391505940779008/s-lr3Bjs_normal.jpg
1997893400486715393,phoenixember_,phoenixember_,.,https://pbs.twimg.com/profile_images/2082651924344590336/701x_eR9_normal.jpg
1719193821571919872,1uvtyraYT,1uvtyraYT,xoxo.tyraaaaaaa,https://pbs.twimg.com/profile_images/2073844083383001088/1nDZ2IMr_normal.jpg
2558087118,RaneillR,RaneillR,Rāne,https://pbs.twimg.com/profile_images/2067313215164289024/YYVeYgsI_normal.jpg
866953267,iamcardib,iamcardib,Cardi B,https://pbs.twimg.com/profile_images/2082591413674377216/zXdrI_5W_normal.jpg
1458953899637985283,laughingjacc,laughingjacc,xavi,https://pbs.twimg.com/profile_images/2070356825455648769/oBKdteWp_normal.jpg
2020274223059525632,Daetjvu,Daetjvu,Dae,https://pbs.twimg.com/profile_images/2086190996916756480/5zCw18OO_normal.jpg
801238454,polidentgent,polidentgent,SPONSOR MY ACT BAD,https://pbs.twimg.com/profile_images/2036529695617945600/zGqZi-pR_normal.jpg
1343283208763428864,Shea_moisturee,Shea_moisturee,Butterscotxh 🇹🇹,https://pbs.twimg.com/profile_images/2049866541512921088/kmyKIasz_normal.jpg
1560081657285279744,bktatii,bktatii,tati 🩷,https://pbs.twimg.com/profile_images/2064065978275663872/bPL1WU8M_normal.jpg
3328201053,Handsomechefjj,Handsomechefjj,D'usse'Papi 🥃 11/14,https://pbs.twimg.com/profile_images/2047786549484634112/uOpb3_Y9_normal.jpg
1744227526560374784,dreamssocietyy,dreamssocietyy,౨ৎ ྀིྀིྀིྀིྀི,https://pbs.twimg.com/profile_images/2041560462752673793/h7Pgnisd_normal.jpg
1128860567387738112,naemay_,naemay_,nashae’ 🤍,https://pbs.twimg.com/profile_images/1931526248112537600/GctADC-5_normal.jpg
1553709887691145216,aishacarraassco,aishacarraassco,ai$ha,https://pbs.twimg.com/profile_images/1943638973248618496/baZl80UL_normal.jpg
328763687,Gifted_Soul_,Gifted_Soul_,Big Telly 🤟🏾💕,https://pbs.twimg.com/profile_images/2064580663844470784/L-9QOSsB_normal.jpg
481999697,AmienLomas,AmienLomas,Myn,https://pbs.twimg.com/profile_images/2084353433893781504/Y4qYaKU9_normal.jpg
134070727,YetTee_x,YetTee_x,Yetunde🦋,https://pbs.twimg.com/profile_images/1770796317805088768/CSvZKG-C_normal.jpg
2680795796,zeenicole_,zeenicole_,I… NEED… MONEY💰,https://pbs.twimg.com/profile_images/2021017109330051072/tVojgbrX_normal.jpg
1466145504362909699,MissyMooISeeU,MissyMooISeeU,ℳ𝒾𝓈𝓈𝓎🪽,https://pbs.twimg.com/profile_images/2073544803464200193/JyOHTxzi_normal.jpg
1214995686862807040,ahkim4u,ahkim4u,ahkim4u,https://pbs.twimg.com/profile_images/2084334562251812864/hDUSVLUX_normal.jpg
326700422,HeemNotHim054,HeemNotHim054,Hunchizzy,https://pbs.twimg.com/profile_images/2082032282244882433/EV6OB6ow_normal.jpg
2255791873,deocattt,deocattt,deo,https://pbs.twimg.com/profile_images/2070910707529547776/xTxcxcxZ_normal.jpg
1299930487281065984,sedoniaaa,sedoniaaa,aestheticallyarii🧸,https://pbs.twimg.com/profile_images/1828271062863220738/W5TQIlNY_normal.jpg
928287883584262144,wandasweetener,wandasweetener,d ꕤ,https://pbs.twimg.com/profile_images/2079927784273543168/C-4AvB9e_normal.jpg
1691160399469555713,Jacob633134,Jacob633134,Jacob,https://abs.twimg.com/sticky/default_profile_images/default_profile_normal.png
1185744630215786496,Lightbrightt2x,Lightbrightt2x,lightbright💋.,https://pbs.twimg.com/profile_images/2081776778746490880/xlRW9I-X_normal.jpg
1507753268834938881,wnoneother,wnoneother,wnoneother,https://pbs.twimg.com/profile_images/2063187575125291008/F9vNeoFB_normal.jpg
2002803152479997952,boyishteenboy,boyishteenboy,wokem&m,https://pbs.twimg.com/profile_images/2060405953258733572/1yrP6u_E_normal.jpg
1954650623246491648,xyxllv,xyxllv,⋆˚꩜,https://pbs.twimg.com/profile_images/2024148850563600385/yEP2PxKp_normal.jpg
1703784274518822912,puton_RD,puton_RD,Show_20,https://pbs.twimg.com/profile_images/2053484168462401543/7UQi58Q0_normal.jpg
1813759715999952896,EmilyG970724639,EmilyG970724639,❀Ems❀,https://pbs.twimg.com/profile_images/2074399245885480960/7VbNQKnQ_normal.jpg
1343680962467655685,Unknown16690928,Unknown16690928,Wholesome Tim,https://pbs.twimg.com/profile_images/1796256276642492416/mE5s_Xz9_normal.jpg
1327417087984345088,thtlibrakid,thtlibrakid,lauren,https://pbs.twimg.com/profile_images/1695483207825690625/oOYfGVYX_normal.jpg
701556347519819779,johnasiamcfadd6,johnasiamcfadd6,Johnasia McFadden,https://pbs.twimg.com/profile_images/1819905543223279616/10W0EtFA_normal.jpg
398386055,SierraPinkk,SierraPinkk,Sierra 🦄,https://pbs.twimg.com/profile_images/1974822978165579776/NrshwC7F_normal.jpg
1189192116875849729,DCWYSASM,DCWYSASM,ASM,https://pbs.twimg.com/profile_images/2062190901401718784/KLJG0Zih_normal.jpg
961964158328680453,Bobi67007145,Bobi67007145,birai,https://pbs.twimg.com/profile_images/1832953396107567104/_bZvS85w_normal.jpg
1091839325808062465,Leisasabitch,Leisasabitch,Leisasabitch,https://pbs.twimg.com/profile_images/2082586637972692992/spSFMYPB_normal.jpg
2056212453520728064,Sumsotrim,Sumsotrim,KT,https://pbs.twimg.com/profile_images/2080786042735439872/bWoMPN8r_normal.jpg
1672113158507331584,dollatripa,dollatripa,a,https://pbs.twimg.com/profile_images/2083920462954819584/KtjOvzrS_normal.jpg
901611614,_zillionaire_Z,_zillionaire_Z,Z 👸🏾,https://pbs.twimg.com/profile_images/2084847903487475712/QdwQ39Ff_normal.jpg
334340269,hepopping,hepopping,🚧,https://pbs.twimg.com/profile_images/2072866111616352256/pT0mO1Rh_normal.jpg
1538009534077186048,balckisbest,balckisbest,ceex,https://pbs.twimg.com/profile_images/2086197112690409472/mzKKbtSv_normal.jpg
1912199680378773505,che_tsunami,che_tsunami,CJ,https://pbs.twimg.com/profile_images/2066430311924207616/88JQJnHo_normal.jpg
1944161388433485824,tiitranada,tiitranada,tito,https://pbs.twimg.com/profile_images/2086034474819780608/TXAh8rPX_normal.jpg
1612163173225832453,ashadual3,ashadual3,asha,https://abs.twimg.com/sticky/default_profile_images/default_profile_normal.png
1971572411221807106,armybratmilo,armybratmilo,Mö,https://pbs.twimg.com/profile_images/2084036575818625025/-aTuwIML_normal.jpg
1935842472287985664,mitchel12299,mitchel12299,Mya Mitchell,https://abs.twimg.com/sticky/default_profile_images/default_profile_normal.png
1012127670241583104,monetlajuan,monetlajuan,🌈,https://pbs.twimg.com/profile_images/2063427622298697728/pD8p7bHL_normal.jpg
1516138728233836557,girlllshemessy,girlllshemessy,livelaughtalkshit,https://pbs.twimg.com/profile_images/2081801127205449728/F-TzFSMP_normal.jpg
1606751505721315328,thenaimism,thenaimism,✩naïm✩,https://pbs.twimg.com/profile_images/2061771535397031936/2x9ZRCtl_normal.jpg
2216683922,yesniax,yesniax,sza's bloodstain,https://pbs.twimg.com/profile_images/1300439396005687296/StxAw3oA_normal.jpg
1656320901661458433,MaryCosbysTears,MaryCosbysTears,ITSSAMEHOE,https://pbs.twimg.com/profile_images/2034081745000439808/acXdYivT_normal.jpg
2230739190,xoxomorgssss,xoxomorgssss,i c o n 🙂‍↕️,https://pbs.twimg.com/profile_images/1998272533905219584/7Gr-PNPI_normal.jpg
1492408961135521797,Vonbucksss1,Vonbucksss1,CLB 🫦,https://pbs.twimg.com/profile_images/2062194155439226880/VSKTv7wU_normal.jpg
1370583535350857731,bardiframez_,bardiframez_,★,https://pbs.twimg.com/profile_images/1994494004855967744/EC_3mqAp_normal.jpg
3581494576,CarlossKnowles,CarlossKnowles,Carlos Knowles,https://pbs.twimg.com/profile_images/1943236577238421504/QjZ_fL35_normal.jpg
260878205,liteskn_ang,liteskn_ang,A.,https://pbs.twimg.com/profile_images/2043752806398734340/OiUqIrSf_normal.jpg
247866062,Rapshebah,Rapshebah,Cheddar Barb ♏️💎,https://pbs.twimg.com/profile_images/1974470529164685312/RsAIYiOW_normal.jpg
177817261,RnbowConnection,RnbowConnection,Derredge Ent.,https://pbs.twimg.com/profile_images/3317660251/33cc50e8d091c5af28545fd28b33811d_normal.jpeg
873944714,Le_Murda,Le_Murda,Susie Carmichael✨🌸💛,https://pbs.twimg.com/profile_images/1841838016458854400/L2HWVMoK_normal.jpg
330141593,gangstresses,gangstresses,Cruella 😈,https://pbs.twimg.com/profile_images/2058679428427780096/T813YXyn_normal.jpg
47039951,GioloveNicki,GioloveNicki,GioLoveNicki👑,https://pbs.twimg.com/profile_images/2003726231200505856/MyC5cQUS_normal.jpg
1681167248516345856,octobersveryy,octobersveryy,A Person Who Just Be Repostin Shit,https://pbs.twimg.com/profile_images/1829647517878829058/YARVOB8W_normal.jpg
1843549478336208896,lolpeepeza,lolpeepeza,Ez,https://pbs.twimg.com/profile_images/1899182397465231360/KrOZDVCk_normal.jpg
1225153151642279936,theyluvcedes,theyluvcedes,Cedes,https://pbs.twimg.com/profile_images/1809797015783505920/kdn1SelK_normal.jpg
1420163170631573505,StalliHQ,StalliHQ,❤️‍🔥,https://pbs.twimg.com/profile_images/1811558207275352064/Xr9ToBLa_normal.jpg
50170342,obeyMYbeauty_x,obeyMYbeauty_x,Queen Tee 👑,https://pbs.twimg.com/profile_images/2038861901476909056/EQrpEmKe_normal.jpg
632404177,lookits_tina,lookits_tina,8:30,https://pbs.twimg.com/profile_images/2081846819626119168/itE1vfim_normal.jpg
1557527436237180928,lakardashian123,lakardashian123,dior💋,https://pbs.twimg.com/profile_images/1557527739346960385/t2KH4wUk_normal.jpg
777249873548734464,doseoftats,doseoftats,Tats🦋,https://pbs.twimg.com/profile_images/1873415411493969920/Tq0xe9GL_normal.jpg
1326659684795904002,blossombells1,blossombells1,S⚔️,https://pbs.twimg.com/profile_images/1865705327267631104/Dapbwcy2_normal.jpg
1754565770967670784,ushygushy23679,ushygushy23679,11x_x111,https://pbs.twimg.com/profile_images/2084263418115072000/EY6lvBOu_normal.jpg
1639993481979478016,gldenelixir,gldenelixir,࣪ ˖ 𖦹°⋆,https://pbs.twimg.com/profile_images/2021782807287152641/h9cJ-lyo_normal.jpg
1943832920122118145,lvtinvmamii,lvtinvmamii,ɱα૨เε .👧🏻,https://pbs.twimg.com/profile_images/2085964241622745088/RSqhqCNl_normal.jpg
1261877917379895302,prinii00,prinii00,sexysoulaan,https://pbs.twimg.com/profile_images/2055750400389582848/BDgw-Gkb_normal.jpg
2608966100,KyraNCapers,KyraNCapers,Kyra,https://pbs.twimg.com/profile_images/1529247213578231808/IPFsl3nL_normal.jpg
1292298510021402625,mrstill3r,mrstill3r,jojo🐆🍒,https://pbs.twimg.com/profile_images/2081059241859723265/WTq8Q7Zl_normal.jpg
2044209544721567744,Thatssocriiss,Thatssocriiss,Thatssocriiss,https://pbs.twimg.com/profile_images/2044209771201650688/UwpBOfSc_normal.jpg
4228868289,t_fergz,t_fergz,Tareq Ferguson,https://pbs.twimg.com/profile_images/2047568940365148160/2XxXcB8i_normal.jpg
2011512619740643342,mskendiiiz,mskendiiiz,kendii💦💦,https://pbs.twimg.com/profile_images/2031392818355212288/CPnGasgV_normal.jpg
1328786715151052800,1lillmanii,1lillmanii,.,https://pbs.twimg.com/profile_images/1919930436957962240/ecBSiUbT_normal.jpg
1812538612183072768,Kiarathvx,Kiarathvx,Anahís,https://pbs.twimg.com/profile_images/1824180963447812096/jwmXXejx_normal.jpg
1577296096006635522,Joynnesy,Joynnesy,Joynnesy,https://pbs.twimg.com/profile_images/1806422858358272001/Je50tScR_normal.jpg
190101280,callme_Rozay,callme_Rozay,Lil Wayne,https://pbs.twimg.com/profile_images/1883827448237764608/T6UGBbPk_normal.jpg
1349774765930721282,TAKEMEBACK2LA,TAKEMEBACK2LA,COCAINE BARBIE,https://pbs.twimg.com/profile_images/2071793765908398080/lhQYzvaH_normal.jpg
1853175327196868608,ChattyPattyVol1,ChattyPattyVol1,- TC,https://pbs.twimg.com/profile_images/2049490522797223936/IMt0TVsp_normal.jpg
1649279838409170945,minaadabarbiee,minaadabarbiee,minawina👅,https://pbs.twimg.com/profile_images/1740262321300127744/1OkB6aC6_normal.jpg
347483690,MiayaNicole_,MiayaNicole_,💗💗💗,https://pbs.twimg.com/profile_images/2084090669396643840/JakdU8cW_normal.jpg
1416013347674279938,NikussyMinajusy,NikussyMinajusy,Nick,https://pbs.twimg.com/profile_images/1671292162577661955/-gohQRBb_normal.jpg
2642052275,Darealbrincess_,Darealbrincess_,Darealbrincess_,https://pbs.twimg.com/profile_images/1624113926853066752/2a30qu7M_normal.jpg
1782578662467858432,kingkdouble,kingkdouble,kingkdouble,https://pbs.twimg.com/profile_images/2017424441815212032/nwl4G_a8_normal.jpg
131013692,KuwMisha,KuwMisha,Misha Magic 👄,https://pbs.twimg.com/profile_images/2047835957370773504/MDJySdzc_normal.jpg
1337862909620326400,lo_luvbites,lo_luvbites,Loren,https://pbs.twimg.com/profile_images/1688696137014792192/LbbefTSW_normal.jpg
1070173349278609409,luviorgirl,luviorgirl,𐙚𝔅𝔯𝔞𝔱𝔷 𝔡𝔬𝔩𝔩,https://pbs.twimg.com/profile_images/2083922253599723520/jEoSr0ZR_normal.jpg
1796984880468832258,MimiDeLaFonte,MimiDeLaFonte,MIMI DE LA FONTE,https://pbs.twimg.com/profile_images/2086576231273709569/k5n0wm9v_normal.jpg
183038551,xoxojj__,xoxojj__,Jay Kardashian,https://pbs.twimg.com/profile_images/2075724948732088321/2lWw5Sc4_normal.jpg
1308540938558603264,abc_KeraKe,abc_KeraKe,KeraKe,https://pbs.twimg.com/profile_images/2051675906792427522/YLaBBses_normal.jpg
95070227,_Keiayra,_Keiayra,Keirueche,https://pbs.twimg.com/profile_images/1360443551323201538/h0Fg1bWE_normal.jpg
1591902987823218689,Lovenmyself101,Lovenmyself101,Evette,https://pbs.twimg.com/profile_images/1707095177108541441/3CgfsDJN_normal.jpg
759578139458756608,lilthickbully,lilthickbully,.,https://pbs.twimg.com/profile_images/2007496730242056192/otNj63At_normal.jpg
1331858498393690114,thatshot_muah,thatshot_muah,em,https://pbs.twimg.com/profile_images/1951016370319069184/QVp4qDnd_normal.jpg
162221774,MissVenusINC,MissVenusINC,Thee First Lady🌹,https://pbs.twimg.com/profile_images/1949723447241617408/iyNvM_21_normal.jpg
1812280194155319296,ShimekaC49503,ShimekaC49503,Shimeka Clinton,https://pbs.twimg.com/profile_images/2083996305928437761/X3luwX_C_normal.jpg
1755099923924533248,ThatGirly_15,ThatGirly_15,𝕥𝕖𝕝𝕖𝕡𝕙𝕠𝕟𝕖 𝕡𝕥.𝟚,https://pbs.twimg.com/profile_images/2023684972553662468/IKCIYwNA_normal.jpg
1298761342401224704,Isacc82644071,Isacc82644071,Eliasa,https://abs.twimg.com/sticky/default_profile_images/default_profile_normal.png
1812973515622236160,fwMalik15,fwMalik15,S0ul,https://pbs.twimg.com/profile_images/1946073286879674368/NJlNMcpQ_normal.jpg
1982444714285830144,jayjayfudge,jayjayfudge,jerine yuefei,https://pbs.twimg.com/profile_images/1982444764453810176/bENc2zb0_normal.png
1969955073645010944,Myriam593986,Myriam593986,Myriam,https://pbs.twimg.com/profile_images/1969955275940433920/RbwqBb88_normal.jpg
1206661334097694721,fivestarrbtch,fivestarrbtch,⭐️,https://pbs.twimg.com/profile_images/2071338023959060480/OKUciyPV_normal.jpg
2063568188042870784,porkfriedriccee,porkfriedriccee,porkfriedriccee,https://pbs.twimg.com/profile_images/2085769712399441924/GYGO9MWT_normal.jpg
2010301880774144000,Saphronindo,Saphronindo,Saphron,https://pbs.twimg.com/profile_images/2066321325455462400/1h4p4dtt_normal.jpg
2913253531,Only1sincityy,Only1sincityy,MoniQ,https://pbs.twimg.com/profile_images/1928737842781470720/ir8hpMFf_normal.jpg
1868491608401776640,xoxo_cammy11,xoxo_cammy11,CUPC🧁KE,https://pbs.twimg.com/profile_images/1868491748122546176/NfIAA85E_normal.jpg
316893520,brownskiinnmami,brownskiinnmami,✨♍️,https://pbs.twimg.com/profile_images/2082597916359999488/N5QlIMDN_normal.jpg
1950624156686651392,msprettycancerr,msprettycancerr,some sad girl,https://pbs.twimg.com/profile_images/1970832153505099776/wCmOTzS5_normal.jpg
1447394229144244227,MiaWill28574371,MiaWill28574371,Syleena G.,https://pbs.twimg.com/profile_images/1508867106053496843/5kf8XDr4_normal.jpg
74551830,MrGTheTone,MrGTheTone,MrGTheTone,https://pbs.twimg.com/profile_images/1770821822600142848/6MqsNPni_normal.jpg
1671303744481312770,lovergirl_aysia,lovergirl_aysia,Princess 💕,https://pbs.twimg.com/profile_images/1781111636998139905/x7dlG82v_normal.jpg
1710028281150332928,serene15333766,serene15333766,serene,https://pbs.twimg.com/profile_images/2070337814265479168/V_Zq6wzL_normal.jpg
835857086537838592,ThatNiggaNaee_,ThatNiggaNaee_,NaeDolla ♐️,https://pbs.twimg.com/profile_images/1665845552700088320/jxN6Dko0_normal.jpg
1652877362168573953,kaylance15,kaylance15,Kaylance15,https://pbs.twimg.com/profile_images/1652878528285749248/wnDB92Dc_normal.jpg
504986424,MR_CAMARADERIE,MR_CAMARADERIE,MR. MIZUNDERSTOOD,https://pbs.twimg.com/profile_images/2046122657075064832/GpD58YN1_normal.jpg
1991711032008667136,baddiebaddie700,baddiebaddie700,N,https://abs.twimg.com/sticky/default_profile_images/default_profile_normal.png
1732995954196832256,urfavmrvul,urfavmrvul,talktowho???,https://pbs.twimg.com/profile_images/1814094394598817792/rqi59UYZ_normal.jpg
704267293,terayaaaaa,terayaaaaa,ㅤ,https://pbs.twimg.com/profile_images/1833293927337672704/-0XvRJK7_normal.jpg
2001065916680032256,Rollupthepar,Rollupthepar,🪩,https://pbs.twimg.com/profile_images/2029685787307163648/GXNXT-GW_normal.jpg
1580532910674923520,Rowan2145part2,Rowan2145part2,Rowan2145 🩵,https://pbs.twimg.com/profile_images/1840223982290612224/rSAA0zOn_normal.jpg
