Source,Target,Type,Weight,Interaction,post_id
1448816390278991878,504946363,Directed,1,MENTION,2086600048935047266
1448816390278991878,504946363,Directed,1,RETWEET,2086600048935047266
1510344725559230464,1902091262540574722,Directed,1,MENTION,2086597774863192317
1510344725559230464,1902091262540574722,Directed,1,RETWEET,2086597774863192317
1692365540122333184,1005189465868890112,Directed,3,MENTION,2086597748686835865
1692365540122333184,1005189465868890112,Directed,3,RETWEET,2086597748686835865
2894427791,504946363,Directed,1,MENTION,2086596977085616128
2894427791,504946363,Directed,1,RETWEET,2086596977085616128
2894427791,402462680,Directed,1,MENTION,2086595982158856394
2894427791,402462680,Directed,1,RETWEET,2086595982158856394
2894427791,1930392859846352896,Directed,2,MENTION,2086595964538618067
2894427791,1930392859846352896,Directed,2,RETWEET,2086595964538618067
1720382762031644672,1902091262540574722,Directed,1,MENTION,2086595877532295298
1720382762031644672,1902091262540574722,Directed,1,RETWEET,2086595877532295298
1350324209994625027,2894427791,Directed,1,MENTION,2086595718584656064
1350324209994625027,2894427791,Directed,1,RETWEET,2086595718584656064
2894427791,1847814204465750016,Directed,1,MENTION,2086595213737222196
2894427791,1847814204465750016,Directed,1,RETWEET,2086595213737222196
2044903381051842560,1902091262540574722,Directed,2,MENTION,2086594259797577915
2044903381051842560,1902091262540574722,Directed,2,RETWEET,2086594259797577915
1471977362946461702,1902091262540574722,Directed,1,MENTION,2086593475890348139
1471977362946461702,1902091262540574722,Directed,1,RETWEET,2086593475890348139
1350324209994625027,1740454880513265664,Directed,1,MENTION,2086593326753460432
1350324209994625027,1740454880513265664,Directed,1,RETWEET,2086593326753460432
2894427791,35163573,Directed,1,MENTION,2086593098751111176
2894427791,35163573,Directed,1,RETWEET,2086593098751111176
962510291748687872,1444672919985065987,Directed,1,MENTION,2086590480851091733
962510291748687872,1444672919985065987,Directed,1,RETWEET,2086590480851091733
1005189465868890112,1806358778071429120,Directed,1,MENTION,2086587749205979258
1005189465868890112,1696955259732570113,Directed,1,MENTION,2086587749205979258
1780800948836683776,1005189465868890112,Directed,2,MENTION,2086578292358832240
1780800948836683776,1005189465868890112,Directed,2,RETWEET,2086578292358832240
1756550520053903360,1005189465868890112,Directed,3,MENTION,2086572270965719420
1756550520053903360,1005189465868890112,Directed,3,RETWEET,2086572270965719420
1425035372,1005189465868890112,Directed,1,MENTION,2086558249977782545
1425035372,1005189465868890112,Directed,1,RETWEET,2086558249977782545
1817561428024516608,1005189465868890112,Directed,1,MENTION,2086556916369818035
1817561428024516608,1005189465868890112,Directed,1,RETWEET,2086556916369818035
925982894446784512,1420455252,Directed,1,QUOTE,2086543772754804750
2086535494398029824,1005189465868890112,Directed,2,MENTION,2086540617203548526
2086535494398029824,1005189465868890112,Directed,2,RETWEET,2086540617203548526
2040964784682831872,1005189465868890112,Directed,2,MENTION,2086538292120735788
2040964784682831872,1005189465868890112,Directed,2,RETWEET,2086538292120735788
2048156832149958656,1005189465868890112,Directed,1,MENTION,2086537390387081684
2048156832149958656,1005189465868890112,Directed,1,RETWEET,2086537390387081684
894803448,20641934,Directed,1,QUOTE,2086532159381315838
1556272408671166464,1005189465868890112,Directed,1,MENTION,2086527110248579547
1556272408671166464,1005189465868890112,Directed,1,RETWEET,2086527110248579547
1742659481908191232,1005189465868890112,Directed,1,MENTION,2086525997953007947
1742659481908191232,1005189465868890112,Directed,1,RETWEET,2086525997953007947
1572440615492648962,1648490572943073280,Directed,1,MENTION,2086523768059363661
1572440615492648962,1648490572943073280,Directed,1,RETWEET,2086523768059363661
1681727233755426817,1880440216898662401,Directed,1,MENTION,2086523462563082733
1681727233755426817,1880440216898662401,Directed,1,RETWEET,2086523462563082733
1681727233755426817,1647420409611001858,Directed,1,MENTION,2086523436847845687
1681727233755426817,1647420409611001858,Directed,1,RETWEET,2086523436847845687
1572440615492648962,1005189465868890112,Directed,1,MENTION,2086518701784703143
1572440615492648962,1005189465868890112,Directed,1,RETWEET,2086518701784703143
1433822048598601731,1005189465868890112,Directed,3,MENTION,2086514635377680690
1433822048598601731,1005189465868890112,Directed,3,RETWEET,2086514635377680690
1718950453889642496,1648490572943073280,Directed,1,MENTION,2086513609845125346
1718950453889642496,1648490572943073280,Directed,1,RETWEET,2086513609845125346
2082594242023628800,1005189465868890112,Directed,1,MENTION,2086506726929375567
2082594242023628800,1005189465868890112,Directed,1,RETWEET,2086506726929375567
1723937548169248768,1005189465868890112,Directed,1,MENTION,2086494830666915868
1723937548169248768,1005189465868890112,Directed,1,RETWEET,2086494830666915868
2056869642660982785,1005189465868890112,Directed,1,MENTION,2086473998968197275
2056869642660982785,1005189465868890112,Directed,1,RETWEET,2086473998968197275
384496297,1420455252,Directed,1,QUOTE,2086470006066577845
1470382752,1648490572943073280,Directed,1,MENTION,2086464395731673217
1470382752,1648490572943073280,Directed,1,RETWEET,2086464395731673217
2024692101078720512,1005189465868890112,Directed,1,MENTION,2086450535817740688
2024692101078720512,1005189465868890112,Directed,1,RETWEET,2086450535817740688
1494991027454853126,1005189465868890112,Directed,1,MENTION,2086449861247860944
1494991027454853126,1005189465868890112,Directed,1,RETWEET,2086449861247860944
387140383,1005189465868890112,Directed,1,MENTION,2086444671891390777
387140383,1005189465868890112,Directed,1,RETWEET,2086444671891390777
2086416075151835136,1648490572943073280,Directed,1,MENTION,2086432487631106500
2086416075151835136,1648490572943073280,Directed,1,RETWEET,2086432487631106500
1731925785747787776,1005189465868890112,Directed,2,MENTION,2086419600741118448
1731925785747787776,1005189465868890112,Directed,2,RETWEET,2086419600741118448
1928202289698766848,1648490572943073280,Directed,1,MENTION,2086416593911750731
1928202289698766848,1648490572943073280,Directed,1,RETWEET,2086416593911750731
2014218858903580672,1005189465868890112,Directed,2,MENTION,2086415707235852310
2014218858903580672,1005189465868890112,Directed,2,RETWEET,2086415707235852310
1702787844224262144,1648490572943073280,Directed,1,MENTION,2086414758551441789
1702787844224262144,1648490572943073280,Directed,1,RETWEET,2086414758551441789
180069520,1005189465868890112,Directed,2,MENTION,2086405816047800759
180069520,1005189465868890112,Directed,2,RETWEET,2086405816047800759
1683733775434358784,1005189465868890112,Directed,1,MENTION,2086402504493842582
1683733775434358784,1005189465868890112,Directed,1,RETWEET,2086402504493842582
1441166190,1005189465868890112,Directed,1,MENTION,2086397097595568580
1441166190,1005189465868890112,Directed,1,RETWEET,2086397097595568580
1558657990085021696,1005189465868890112,Directed,1,MENTION,2086396711707046340
1558657990085021696,1005189465868890112,Directed,1,RETWEET,2086396711707046340
1910157430480162816,1005189465868890112,Directed,2,MENTION,2086388286772113472
1910157430480162816,1005189465868890112,Directed,2,RETWEET,2086388286772113472
1898457561910964224,1005189465868890112,Directed,1,MENTION,2086387595148222600
1898457561910964224,1005189465868890112,Directed,1,RETWEET,2086387595148222600
1888710233918472192,1005189465868890112,Directed,1,MENTION,2086382114316951863
1888710233918472192,1005189465868890112,Directed,1,RETWEET,2086382114316951863
2042690480404660224,1005189465868890112,Directed,1,MENTION,2086374302501286215
2042690480404660224,1005189465868890112,Directed,1,RETWEET,2086374302501286215
1903549034088054784,1648490572943073280,Directed,1,MENTION,2086373536147423741
1903549034088054784,1648490572943073280,Directed,1,RETWEET,2086373536147423741
303454526,1005189465868890112,Directed,2,MENTION,2086365649832644988
303454526,1005189465868890112,Directed,2,RETWEET,2086365649832644988
1671253949138235393,1005189465868890112,Directed,1,MENTION,2086360740924194861
1671253949138235393,1005189465868890112,Directed,1,RETWEET,2086360740924194861
1942624882010800128,1005189465868890112,Directed,1,MENTION,2086353578302562509
1942624882010800128,1005189465868890112,Directed,1,RETWEET,2086353578302562509
1468799473329524738,1005189465868890112,Directed,1,MENTION,2086343565630734670
1468799473329524738,1005189465868890112,Directed,1,RETWEET,2086343565630734670
2035085718016729091,1005189465868890112,Directed,2,MENTION,2086339867831677041
2035085718016729091,1005189465868890112,Directed,2,RETWEET,2086339867831677041
2072521672976953344,1005189465868890112,Directed,2,MENTION,2086338096086360401
2072521672976953344,1005189465868890112,Directed,2,RETWEET,2086338096086360401
1772849181679579136,1005189465868890112,Directed,2,MENTION,2086337643659571582
1772849181679579136,1005189465868890112,Directed,2,RETWEET,2086337643659571582
1895238161233547264,1005189465868890112,Directed,1,MENTION,2086337504051863848
1895238161233547264,1005189465868890112,Directed,1,RETWEET,2086337504051863848
1565468455704444933,1005189465868890112,Directed,1,MENTION,2086329707721589200
1565468455704444933,1005189465868890112,Directed,1,RETWEET,2086329707721589200
1529942660160667661,1005189465868890112,Directed,1,MENTION,2086328244547019197
1529942660160667661,1005189465868890112,Directed,1,RETWEET,2086328244547019197
2031270458306473985,1005189465868890112,Directed,1,MENTION,2086327346022207900
2031270458306473985,1005189465868890112,Directed,1,RETWEET,2086327346022207900
1003711856597438464,1005189465868890112,Directed,1,MENTION,2086327136416071948
1003711856597438464,1005189465868890112,Directed,1,RETWEET,2086327136416071948
1739397167016525824,1005189465868890112,Directed,1,MENTION,2086325259901296917
1739397167016525824,1005189465868890112,Directed,1,RETWEET,2086325259901296917
2043914065911631872,1005189465868890112,Directed,2,MENTION,2086322248680444169
2043914065911631872,1005189465868890112,Directed,2,RETWEET,2086322248680444169
2001559387303772160,1005189465868890112,Directed,1,MENTION,2086316065806512461
2001559387303772160,1005189465868890112,Directed,1,RETWEET,2086316065806512461
1485121893044740102,1005189465868890112,Directed,2,MENTION,2086314942400008538
1485121893044740102,1005189465868890112,Directed,2,RETWEET,2086314942400008538
1411094396410515457,1005189465868890112,Directed,1,MENTION,2086312908162507068
1411094396410515457,1005189465868890112,Directed,1,RETWEET,2086312908162507068
1248641851256705033,1503664258323816448,Directed,1,MENTION,2086312898012258398
1248641851256705033,1503664258323816448,Directed,1,RETWEET,2086312898012258398
1789244231795482625,1005189465868890112,Directed,1,MENTION,2086310234083975574
1789244231795482625,1005189465868890112,Directed,1,RETWEET,2086310234083975574
2077147434774360064,1005189465868890112,Directed,1,MENTION,2086305015379935612
2077147434774360064,1005189465868890112,Directed,1,RETWEET,2086305015379935612
1718172348153544704,1005189465868890112,Directed,1,MENTION,2086301563392233551
1718172348153544704,1005189465868890112,Directed,1,RETWEET,2086301563392233551
1502468431228121091,1005189465868890112,Directed,1,MENTION,2086299123519488181
1502468431228121091,1005189465868890112,Directed,1,RETWEET,2086299123519488181
1840194384245207040,1005189465868890112,Directed,2,MENTION,2086297588462948688
1840194384245207040,1005189465868890112,Directed,2,RETWEET,2086297588462948688
2065172777519271936,1005189465868890112,Directed,1,MENTION,2086297437568741624
2065172777519271936,1005189465868890112,Directed,1,RETWEET,2086297437568741624
1756526240117276672,1648490572943073280,Directed,1,MENTION,2086284347355672643
1756526240117276672,1648490572943073280,Directed,1,RETWEET,2086284347355672643
1864966145247211520,1005189465868890112,Directed,1,MENTION,2086284021089140875
1864966145247211520,1005189465868890112,Directed,1,RETWEET,2086284021089140875
3305426754,1005189465868890112,Directed,1,MENTION,2086282719596527967
3305426754,1005189465868890112,Directed,1,RETWEET,2086282719596527967
1940607777497665537,1005189465868890112,Directed,3,MENTION,2086282426821624073
1940607777497665537,1005189465868890112,Directed,3,RETWEET,2086282426821624073
1554070846955732992,1005189465868890112,Directed,1,MENTION,2086281414635364644
1554070846955732992,1005189465868890112,Directed,1,RETWEET,2086281414635364644
1544011422572609537,1005189465868890112,Directed,2,MENTION,2086265080002273586
1544011422572609537,1005189465868890112,Directed,2,RETWEET,2086265080002273586
202028145,1648490572943073280,Directed,1,MENTION,2086263774021890279
202028145,1648490572943073280,Directed,1,RETWEET,2086263774021890279
1005189465868890112,4195265110,Directed,8,MENTION,2086257196762083771
1005189465868890112,222616192,Directed,8,MENTION,2086257196762083771
2036200749538095104,1644476393269362689,Directed,1,MENTION,2086248232456204690
2036200749538095104,1644476393269362689,Directed,1,RETWEET,2086248232456204690
2046621008916877313,1005189465868890112,Directed,1,MENTION,2086225465371472320
2046621008916877313,1005189465868890112,Directed,1,RETWEET,2086225465371472320
1487606864250613763,1005189465868890112,Directed,1,MENTION,2086204970433495356
1487606864250613763,1005189465868890112,Directed,1,RETWEET,2086204970433495356
1759260467086708736,1005189465868890112,Directed,1,MENTION,2086198993906725211
1759260467086708736,1005189465868890112,Directed,1,RETWEET,2086198993906725211
1109659916,1005189465868890112,Directed,1,MENTION,2086189943173283922
1109659916,1005189465868890112,Directed,1,RETWEET,2086189943173283922
1484653853157036041,1005189465868890112,Directed,1,MENTION,2086175730203763164
1484653853157036041,1005189465868890112,Directed,1,RETWEET,2086175730203763164
1545504209688301577,1648490572943073280,Directed,1,MENTION,2086171486935466191
1545504209688301577,1648490572943073280,Directed,1,RETWEET,2086171486935466191
1383008506207420420,1005189465868890112,Directed,1,MENTION,2086170108229976496
1383008506207420420,1005189465868890112,Directed,1,RETWEET,2086170108229976496
2019777768276611073,1005189465868890112,Directed,1,MENTION,2086164017589194939
2019777768276611073,1005189465868890112,Directed,1,RETWEET,2086164017589194939
1422708327201521664,1571192559141003265,Directed,1,MENTION,2086163564927004908
1422708327201521664,1571192559141003265,Directed,1,RETWEET,2086163564927004908
1649601182971621377,1005189465868890112,Directed,1,MENTION,2086162412105851214
1649601182971621377,1005189465868890112,Directed,1,RETWEET,2086162412105851214
1773853057018642433,1648490572943073280,Directed,1,MENTION,2086154825209725178
1773853057018642433,1648490572943073280,Directed,1,RETWEET,2086154825209725178
1756763926698557440,1648490572943073280,Directed,1,MENTION,2086153835890757821
1756763926698557440,1648490572943073280,Directed,1,RETWEET,2086153835890757821
1756763926698557440,1005189465868890112,Directed,1,MENTION,2086153141607612747
1756763926698557440,1005189465868890112,Directed,1,RETWEET,2086153141607612747
1905814818096869376,1005189465868890112,Directed,1,MENTION,2086149918888976539
1905814818096869376,1005189465868890112,Directed,1,RETWEET,2086149918888976539
1594834323512999936,1880440216898662401,Directed,1,MENTION,2086143014217425096
1594834323512999936,1880440216898662401,Directed,1,RETWEET,2086143014217425096
91932748,1005189465868890112,Directed,1,MENTION,2086122490238029852
91932748,1005189465868890112,Directed,1,RETWEET,2086122490238029852
2893709740,1005189465868890112,Directed,1,MENTION,2086114413564534807
2893709740,1005189465868890112,Directed,1,RETWEET,2086114413564534807
2008133723041275904,1005189465868890112,Directed,1,MENTION,2086111646271873112
2008133723041275904,1005189465868890112,Directed,1,RETWEET,2086111646271873112
1928593059744210945,1648490572943073280,Directed,1,MENTION,2086108689937600742
1928593059744210945,1648490572943073280,Directed,1,RETWEET,2086108689937600742
1766264328917790720,1005189465868890112,Directed,1,MENTION,2086098301552587250
1766264328917790720,1005189465868890112,Directed,1,RETWEET,2086098301552587250
1547383632825913345,1005189465868890112,Directed,1,MENTION,2086093115966833057
1547383632825913345,1005189465868890112,Directed,1,RETWEET,2086093115966833057
942762521550835718,1005189465868890112,Directed,1,MENTION,2086088054037496060
942762521550835718,1005189465868890112,Directed,1,RETWEET,2086088054037496060
1939796438743150593,1005189465868890112,Directed,1,MENTION,2086081457273937933
1939796438743150593,1005189465868890112,Directed,1,RETWEET,2086081457273937933
2056857730334203904,1005189465868890112,Directed,1,MENTION,2086079765178376378
2056857730334203904,1005189465868890112,Directed,1,RETWEET,2086079765178376378
2061081627464441856,1331777750424842242,Directed,1,MENTION,2086073651691143290
2061081627464441856,1331777750424842242,Directed,1,RETWEET,2086073651691143290
1991079040069873664,1005189465868890112,Directed,3,MENTION,2086072426585006322
1991079040069873664,1005189465868890112,Directed,3,RETWEET,2086072426585006322
628481380,1005189465868890112,Directed,1,MENTION,2086055558759465366
628481380,1005189465868890112,Directed,1,RETWEET,2086055558759465366
1692195489628688385,1005189465868890112,Directed,1,MENTION,2086045529905959332
1692195489628688385,1005189465868890112,Directed,1,RETWEET,2086045529905959332
1546570290687365128,1005189465868890112,Directed,1,MENTION,2086036636769386903
1546570290687365128,1005189465868890112,Directed,1,RETWEET,2086036636769386903
1775424318786195456,1005189465868890112,Directed,1,MENTION,2086029939036373229
1775424318786195456,1005189465868890112,Directed,1,RETWEET,2086029939036373229
1417672291270414336,1005189465868890112,Directed,1,MENTION,2086024177635467293
1417672291270414336,1005189465868890112,Directed,1,RETWEET,2086024177635467293
1880050328399474688,1005189465868890112,Directed,1,MENTION,2086021603544948901
1880050328399474688,1005189465868890112,Directed,1,RETWEET,2086021603544948901
385081829,1005189465868890112,Directed,1,MENTION,2086011378389733394
385081829,1005189465868890112,Directed,1,RETWEET,2086011378389733394
1443293529292382212,1005189465868890112,Directed,1,MENTION,2086008535117090950
1443293529292382212,1005189465868890112,Directed,1,RETWEET,2086008535117090950
2058653566961618945,1005189465868890112,Directed,1,MENTION,2085999586858983787
2058653566961618945,1005189465868890112,Directed,1,RETWEET,2085999586858983787
1699172941814992896,1005189465868890112,Directed,1,MENTION,2085994316527214795
1699172941814992896,1005189465868890112,Directed,1,RETWEET,2085994316527214795
1701458695664623616,1005189465868890112,Directed,1,MENTION,2085993162506383364
1701458695664623616,1005189465868890112,Directed,1,RETWEET,2085993162506383364
2078539470450688000,1005189465868890112,Directed,2,MENTION,2085988423110684893
2078539470450688000,1005189465868890112,Directed,2,RETWEET,2085988423110684893
1998948304173019136,1005189465868890112,Directed,1,MENTION,2085987437835153765
1998948304173019136,1005189465868890112,Directed,1,RETWEET,2085987437835153765
2007112719812665344,1005189465868890112,Directed,1,MENTION,2085986279540379892
2007112719812665344,1005189465868890112,Directed,1,RETWEET,2085986279540379892
2077490814888902656,1005189465868890112,Directed,2,MENTION,2085985423210213781
2077490814888902656,1005189465868890112,Directed,2,RETWEET,2085985423210213781
1581533921346469888,1005189465868890112,Directed,1,MENTION,2085982563869311256
1581533921346469888,1005189465868890112,Directed,1,RETWEET,2085982563869311256
2079289276659855360,1005189465868890112,Directed,1,MENTION,2085975775476334985
2079289276659855360,1005189465868890112,Directed,1,RETWEET,2085975775476334985
1918719169459019777,1005189465868890112,Directed,1,MENTION,2085971097569173774
1918719169459019777,1005189465868890112,Directed,1,RETWEET,2085971097569173774
1619904447055790080,1005189465868890112,Directed,1,MENTION,2085967648966254930
1619904447055790080,1005189465868890112,Directed,1,RETWEET,2085967648966254930
505027416,1005189465868890112,Directed,1,MENTION,2085965855863550356
505027416,387735325,Directed,1,MENTION,2085965855863550356
505027416,4195265110,Directed,1,MENTION,2085965855863550356
505027416,1005189465868890112,Directed,1,RETWEET,2085965855863550356
1642332486280572934,1005189465868890112,Directed,1,MENTION,2085965009381667272
1642332486280572934,1005189465868890112,Directed,1,RETWEET,2085965009381667272
1828591332870496260,1648490572943073280,Directed,1,MENTION,2085964332496814405
1828591332870496260,1648490572943073280,Directed,1,RETWEET,2085964332496814405
2004017765561372672,1005189465868890112,Directed,1,MENTION,2085962044541477150
2004017765561372672,1005189465868890112,Directed,1,RETWEET,2085962044541477150
1781428564081991680,1005189465868890112,Directed,1,MENTION,2085961565832941662
1781428564081991680,1005189465868890112,Directed,1,RETWEET,2085961565832941662
1619422861223170049,1648490572943073280,Directed,1,MENTION,2085959298912555091
1619422861223170049,1648490572943073280,Directed,1,RETWEET,2085959298912555091
1719536338318311424,1005189465868890112,Directed,1,MENTION,2085957157296443586
1719536338318311424,1005189465868890112,Directed,1,RETWEET,2085957157296443586
1594834323512999936,1396897957417521155,Directed,2,MENTION,2085953870497292516
1594834323512999936,1396897957417521155,Directed,2,RETWEET,2085953870497292516
1645422030055956481,1005189465868890112,Directed,1,MENTION,2085953351871607238
1645422030055956481,1005189465868890112,Directed,1,RETWEET,2085953351871607238
1544011422572609537,1648490572943073280,Directed,1,MENTION,2085947001892491611
1544011422572609537,1648490572943073280,Directed,1,RETWEET,2085947001892491611
2047877233461612544,1005189465868890112,Directed,1,MENTION,2085944095130726714
2047877233461612544,1005189465868890112,Directed,1,RETWEET,2085944095130726714
1832316409340211201,1005189465868890112,Directed,1,MENTION,2085938493298004301
1832316409340211201,1005189465868890112,Directed,1,RETWEET,2085938493298004301
1756550520053903360,716459367655219200,Directed,1,MENTION,2085937307631096309
2023144586994909184,1005189465868890112,Directed,1,MENTION,2085935062059524230
2023144586994909184,1005189465868890112,Directed,1,RETWEET,2085935062059524230
633440284,1005189465868890112,Directed,1,MENTION,2085928361436803333
633440284,1005189465868890112,Directed,1,RETWEET,2085928361436803333
175174397,1005189465868890112,Directed,1,MENTION,2085927313342939620
175174397,1005189465868890112,Directed,1,RETWEET,2085927313342939620
1595968614,1005189465868890112,Directed,1,MENTION,2085925470319579510
1595968614,1005189465868890112,Directed,1,RETWEET,2085925470319579510
1636174588416598017,1005189465868890112,Directed,1,MENTION,2085924278726226135
1636174588416598017,1005189465868890112,Directed,1,RETWEET,2085924278726226135
252789452,716818098310025220,Directed,1,MENTION,2085922329851244915
252789452,716818098310025220,Directed,1,RETWEET,2085922329851244915
2067402637461299200,1005189465868890112,Directed,1,MENTION,2085918194552709282
2067402637461299200,1005189465868890112,Directed,1,RETWEET,2085918194552709282
1872692764887928832,1503664258323816448,Directed,1,MENTION,2085917427406197100
1872692764887928832,1503664258323816448,Directed,1,RETWEET,2085917427406197100
1352364730715930624,1648490572943073280,Directed,1,MENTION,2085917263001993646
1352364730715930624,1648490572943073280,Directed,1,RETWEET,2085917263001993646
2562554779,1005189465868890112,Directed,1,MENTION,2085913328208003427
2562554779,1005189465868890112,Directed,1,RETWEET,2085913328208003427
1670213252784029698,1005189465868890112,Directed,1,MENTION,2085911882544628138
1670213252784029698,1005189465868890112,Directed,1,RETWEET,2085911882544628138
2015074122020143104,1005189465868890112,Directed,1,MENTION,2085906482378256868
2015074122020143104,1005189465868890112,Directed,1,RETWEET,2085906482378256868
1616090845463318529,1005189465868890112,Directed,1,MENTION,2085906327138701370
1616090845463318529,1005189465868890112,Directed,1,RETWEET,2085906327138701370
1440099354082045959,1005189465868890112,Directed,2,MENTION,2085903857045954582
1440099354082045959,1005189465868890112,Directed,2,RETWEET,2085903857045954582
1802314266533416960,1420455252,Directed,2,QUOTE,2085901271790170495
2029611232165052416,1005189465868890112,Directed,1,MENTION,2085899538355593676
2029611232165052416,1005189465868890112,Directed,1,RETWEET,2085899538355593676
1754016638184075264,1005189465868890112,Directed,1,MENTION,2085895168331337832
1754016638184075264,1005189465868890112,Directed,1,RETWEET,2085895168331337832
1089591673150156800,1005189465868890112,Directed,1,MENTION,2085895101784490083
1089591673150156800,1005189465868890112,Directed,1,RETWEET,2085895101784490083
2081591139782500352,1005189465868890112,Directed,1,MENTION,2085894697323503627
2081591139782500352,1005189465868890112,Directed,1,RETWEET,2085894697323503627
1212530557743009792,1005189465868890112,Directed,1,MENTION,2085891229531754858
1212530557743009792,1005189465868890112,Directed,1,RETWEET,2085891229531754858
1982954645061545988,1005189465868890112,Directed,1,MENTION,2085889149995766012
1982954645061545988,1005189465868890112,Directed,1,RETWEET,2085889149995766012
1224508156845416449,1005189465868890112,Directed,2,MENTION,2085886826242363827
1224508156845416449,1005189465868890112,Directed,2,RETWEET,2085886826242363827
2165753682,1005189465868890112,Directed,1,MENTION,2085885741498786047
2165753682,1005189465868890112,Directed,1,RETWEET,2085885741498786047
2077147434774360064,1648490572943073280,Directed,1,MENTION,2085885048012574927
2077147434774360064,1648490572943073280,Directed,1,RETWEET,2085885048012574927
1212389425742630914,1005189465868890112,Directed,1,MENTION,2085883518345687208
1212389425742630914,1005189465868890112,Directed,1,RETWEET,2085883518345687208
2075720326617460736,1005189465868890112,Directed,1,MENTION,2085883387680542860
2075720326617460736,1005189465868890112,Directed,1,RETWEET,2085883387680542860
1973234591914741760,1005189465868890112,Directed,1,MENTION,2085883349499892078
1973234591914741760,1005189465868890112,Directed,1,RETWEET,2085883349499892078
2049292426628472832,1005189465868890112,Directed,1,MENTION,2085881413904060697
2049292426628472832,1005189465868890112,Directed,1,RETWEET,2085881413904060697
1254869393118507012,1005189465868890112,Directed,1,MENTION,2085879581181948188
1254869393118507012,1005189465868890112,Directed,1,RETWEET,2085879581181948188
1135568607264563201,1005189465868890112,Directed,1,MENTION,2085879194475430344
1135568607264563201,1005189465868890112,Directed,1,RETWEET,2085879194475430344
2078074044809641985,1005189465868890112,Directed,1,MENTION,2085876025213198769
2078074044809641985,1005189465868890112,Directed,1,RETWEET,2085876025213198769
1708872793792598016,1005189465868890112,Directed,1,MENTION,2085875380032880990
1708872793792598016,1005189465868890112,Directed,1,RETWEET,2085875380032880990
3048084388,1420455252,Directed,2,MENTION,2085874287412416517
926561729877643264,1005189465868890112,Directed,1,MENTION,2085873182381392056
926561729877643264,1005189465868890112,Directed,1,RETWEET,2085873182381392056
2061081627464441856,1005189465868890112,Directed,1,MENTION,2085869874384187646
2061081627464441856,1005189465868890112,Directed,1,RETWEET,2085869874384187646
1508655681779425280,1438088432497176582,Directed,1,MENTION,2085869565590802888
1508655681779425280,1438088432497176582,Directed,1,RETWEET,2085869565590802888
1778352516838645760,1005189465868890112,Directed,2,MENTION,2085866651057037607
1778352516838645760,1005189465868890112,Directed,2,RETWEET,2085866651057037607
1644247308526026752,1648490572943073280,Directed,2,MENTION,2085852627393532193
1644247308526026752,1648490572943073280,Directed,2,RETWEET,2085852627393532193
2048478362553733121,1648490572943073280,Directed,1,MENTION,2085836413203775747
2048478362553733121,1648490572943073280,Directed,1,RETWEET,2085836413203775747
1691226870623125504,1648490572943073280,Directed,1,MENTION,2085833272651571640
1691226870623125504,1648490572943073280,Directed,1,RETWEET,2085833272651571640
2077490814888902656,387735325,Directed,1,MENTION,2085824665214472593
2077490814888902656,4195265110,Directed,1,MENTION,2085824665214472593
2004309160813645825,1648490572943073280,Directed,1,MENTION,2085823316804374745
2004309160813645825,1648490572943073280,Directed,1,RETWEET,2085823316804374745
2043914065911631872,593035433,Directed,1,MENTION,2085821874022289525
2043914065911631872,593035433,Directed,1,RETWEET,2085821874022289525
1497633997446336520,1503664258323816448,Directed,1,MENTION,2085814211821654216
1497633997446336520,1503664258323816448,Directed,1,RETWEET,2085814211821654216
1497633997446336520,1754546368226426880,Directed,1,MENTION,2085813447497789912
1497633997446336520,1754546368226426880,Directed,1,RETWEET,2085813447497789912
3048084388,92876067,Directed,1,MENTION,2085811090399617131
3048084388,92876067,Directed,1,REPLY,2085811090399617131
1005189465868890112,716459367655219200,Directed,2,MENTION,2085799633029316872
1005189465868890112,1483465071728726023,Directed,2,MENTION,2085799633029316872
1027746752122773504,1648490572943073280,Directed,1,MENTION,2085798293229989934
1027746752122773504,1648490572943073280,Directed,1,RETWEET,2085798293229989934
1960894185709690880,1648490572943073280,Directed,1,MENTION,2085797977432683000
1960894185709690880,1648490572943073280,Directed,1,RETWEET,2085797977432683000
1309171906839490560,212423902,Directed,1,MENTION,2085781479687102927
1175125051961724928,222616192,Directed,1,MENTION,2085776730594107455
1175125051961724928,1005189465868890112,Directed,1,QUOTE,2085776730594107455
1089591673150156800,1648490572943073280,Directed,2,MENTION,2085767627385852187
1089591673150156800,1648490572943073280,Directed,2,RETWEET,2085767627385852187
1938704276081311744,1648490572943073280,Directed,1,MENTION,2085747822150742306
1938704276081311744,1648490572943073280,Directed,1,RETWEET,2085747822150742306
1780800948836683776,387735325,Directed,1,MENTION,2085741948875255985
1780800948836683776,4195265110,Directed,1,MENTION,2085741948875255985
1780800948836683776,1326316230530174979,Directed,1,MENTION,2085741254206194115
1780800948836683776,1326316230530174979,Directed,1,RETWEET,2085741254206194115
1780800948836683776,1648490572943073280,Directed,3,MENTION,2085740810360824109
1780800948836683776,212423902,Directed,1,MENTION,2085740810360824109
1780800948836683776,1648490572943073280,Directed,3,RETWEET,2085740810360824109
1780800948836683776,285403025,Directed,1,MENTION,2085739255628718109
1780800948836683776,285403025,Directed,1,RETWEET,2085739255628718109
117496616,212423902,Directed,1,MENTION,2085738112072720814
1780800948836683776,56650876,Directed,1,MENTION,2085737731108302921
1780800948836683776,56650876,Directed,1,RETWEET,2085737731108302921
2009852205126594560,1005189465868890112,Directed,1,MENTION,2085736697917055343
2009852205126594560,387735325,Directed,1,MENTION,2085736697917055343
2009852205126594560,4195265110,Directed,1,MENTION,2085736697917055343
2009852205126594560,1005189465868890112,Directed,1,RETWEET,2085736697917055343
2057349400289021952,1648490572943073280,Directed,2,MENTION,2085688272966107516
2057349400289021952,1648490572943073280,Directed,2,RETWEET,2085688272966107516
1081688219484413952,1648490572943073280,Directed,1,MENTION,2085674367950754017
1081688219484413952,1648490572943073280,Directed,1,RETWEET,2085674367950754017
1719142060559597568,1648490572943073280,Directed,2,MENTION,2085671333686399264
1719142060559597568,1648490572943073280,Directed,2,RETWEET,2085671333686399264
1589698943474188290,1648490572943073280,Directed,1,MENTION,2085664381321281714
1589698943474188290,1648490572943073280,Directed,1,RETWEET,2085664381321281714
1928202289698766848,1752318553527627776,Directed,1,MENTION,2085638900635037872
1928202289698766848,1752318553527627776,Directed,1,RETWEET,2085638900635037872
1487606864250613763,1648490572943073280,Directed,2,MENTION,2085635213481115844
1487606864250613763,1648490572943073280,Directed,2,RETWEET,2085635213481115844
1757117762609061888,1648490572943073280,Directed,1,MENTION,2085633932003799269
1757117762609061888,1648490572943073280,Directed,1,RETWEET,2085633932003799269
3048084388,1420455252,Directed,1,REPLY,2085612405174784024
1792755031092920320,1648490572943073280,Directed,1,MENTION,2085610717890138542
1792755031092920320,1648490572943073280,Directed,1,RETWEET,2085610717890138542
1595857019671650305,1752318553527627776,Directed,1,MENTION,2085609151883870220
1595857019671650305,1752318553527627776,Directed,1,RETWEET,2085609151883870220
1303363438727569408,1880440216898662401,Directed,1,MENTION,2085606194366878104
1303363438727569408,1880440216898662401,Directed,1,RETWEET,2085606194366878104
1303363438727569408,1648490572943073280,Directed,1,MENTION,2085605860047253588
1303363438727569408,1648490572943073280,Directed,1,RETWEET,2085605860047253588
1643407744802648066,1427653373197787141,Directed,1,MENTION,2085591409319412008
1643407744802648066,1427653373197787141,Directed,1,RETWEET,2085591409319412008
882693660902555652,212423902,Directed,1,MENTION,2085583129016738155
1802314266533416960,1305033322649784322,Directed,1,QUOTE,2085565323336376578
1802314266533416960,1480261761404227584,Directed,1,QUOTE,2085562901763407902
1888669613740752896,1005189465868890112,Directed,1,MENTION,2085555434698555539
1888669613740752896,387735325,Directed,1,MENTION,2085555434698555539
1888669613740752896,4195265110,Directed,1,MENTION,2085555434698555539
1888669613740752896,1005189465868890112,Directed,1,RETWEET,2085555434698555539
2085554806480105472,1648490572943073280,Directed,1,MENTION,2085555145639928173
2085554806480105472,1648490572943073280,Directed,1,RETWEET,2085555145639928173
1577349536955219969,1648490572943073280,Directed,4,MENTION,2085553086018294142
1577349536955219969,1648490572943073280,Directed,4,RETWEET,2085553086018294142
2048907108637106177,958029571554729984,Directed,1,MENTION,2085551216088502301
2048907108637106177,958029571554729984,Directed,1,RETWEET,2085551216088502301
2052519513074098177,1752318553527627776,Directed,1,MENTION,2085549115010666876
2052519513074098177,1752318553527627776,Directed,1,RETWEET,2085549115010666876
1895238161233547264,1752318553527627776,Directed,1,MENTION,2085546605139136952
1895238161233547264,1752318553527627776,Directed,1,RETWEET,2085546605139136952
1576660072771592192,1752318553527627776,Directed,1,MENTION,2085538248793673989
1576660072771592192,1752318553527627776,Directed,1,RETWEET,2085538248793673989
2056259230420570112,1648490572943073280,Directed,1,MENTION,2085537697964146870
2056259230420570112,1648490572943073280,Directed,1,RETWEET,2085537697964146870
1317497730,1427653373197787141,Directed,1,MENTION,2085533755662352699
1317497730,1427653373197787141,Directed,1,RETWEET,2085533755662352699
1317497730,285403025,Directed,1,MENTION,2085532411559924061
1317497730,285403025,Directed,1,RETWEET,2085532411559924061
1153402201190076416,1648490572943073280,Directed,1,MENTION,2085527649359700019
1153402201190076416,1648490572943073280,Directed,1,RETWEET,2085527649359700019
736203489798328323,716818098310025220,Directed,1,MENTION,2085527484510896234
736203489798328323,716818098310025220,Directed,1,RETWEET,2085527484510896234
1016108729186390016,1648490572943073280,Directed,1,MENTION,2085511275757425142
1016108729186390016,1648490572943073280,Directed,1,RETWEET,2085511275757425142
1603857425412546564,1648490572943073280,Directed,1,MENTION,2085510592572375352
1603857425412546564,1648490572943073280,Directed,1,RETWEET,2085510592572375352
494481958,1752318553527627776,Directed,1,MENTION,2085510033643606269
494481958,1752318553527627776,Directed,1,RETWEET,2085510033643606269
1898425368295669761,1752318553527627776,Directed,1,MENTION,2085504381080756286
1898425368295669761,1752318553527627776,Directed,1,RETWEET,2085504381080756286
1934707917514805248,1648490572943073280,Directed,1,MENTION,2085502922964816282
1934707917514805248,1648490572943073280,Directed,1,RETWEET,2085502922964816282
375955536,1752318553527627776,Directed,1,MENTION,2085498437533904986
375955536,1752318553527627776,Directed,1,RETWEET,2085498437533904986
1495771096821506049,1648490572943073280,Directed,1,MENTION,2085497599117734182
1495771096821506049,1648490572943073280,Directed,1,RETWEET,2085497599117734182
1351710419610697730,1648490572943073280,Directed,1,MENTION,2085496571861287359
1351710419610697730,1648490572943073280,Directed,1,RETWEET,2085496571861287359
1123374190734737410,1648490572943073280,Directed,2,MENTION,2085496438364979261
1123374190734737410,1648490572943073280,Directed,2,RETWEET,2085496438364979261
1356346635450781706,1648490572943073280,Directed,1,MENTION,2085494048425419182
1356346635450781706,1648490572943073280,Directed,1,RETWEET,2085494048425419182
1991079040069873664,212423902,Directed,1,MENTION,2085492235290775772
599718487,1752318553527627776,Directed,1,MENTION,2085486787539910993
599718487,1752318553527627776,Directed,1,RETWEET,2085486787539910993
1874383505632755712,1648490572943073280,Directed,1,MENTION,2085483131209912431
1874383505632755712,1648490572943073280,Directed,1,RETWEET,2085483131209912431
1809887995929165824,1648490572943073280,Directed,1,MENTION,2085480087386776063
1809887995929165824,1648490572943073280,Directed,1,RETWEET,2085480087386776063
2059484787140943872,1648490572943073280,Directed,1,MENTION,2085478894904201386
2059484787140943872,1648490572943073280,Directed,1,RETWEET,2085478894904201386
1974562652052455424,1648490572943073280,Directed,1,MENTION,2085478531895525384
1974562652052455424,1648490572943073280,Directed,1,RETWEET,2085478531895525384
1614139067783847937,1648490572943073280,Directed,2,MENTION,2085477233620054267
1614139067783847937,1648490572943073280,Directed,2,RETWEET,2085477233620054267
1991079040069873664,1752318553527627776,Directed,1,MENTION,2085474418101260594
1991079040069873664,1752318553527627776,Directed,1,RETWEET,2085474418101260594
1991079040069873664,387735325,Directed,1,MENTION,2085474397796598099
1991079040069873664,4195265110,Directed,1,MENTION,2085474397796598099
1476871358277632003,1752318553527627776,Directed,1,MENTION,2085471220128997806
1476871358277632003,1752318553527627776,Directed,1,RETWEET,2085471220128997806
355800367,1752318553527627776,Directed,1,MENTION,2085471211950076230
355800367,1752318553527627776,Directed,1,RETWEET,2085471211950076230
178523265,1648490572943073280,Directed,1,MENTION,2085469727212622019
178523265,1648490572943073280,Directed,1,RETWEET,2085469727212622019
2082181335221751808,1648490572943073280,Directed,1,MENTION,2085468934619185464
2082181335221751808,1648490572943073280,Directed,1,RETWEET,2085468934619185464
2562554779,1648490572943073280,Directed,2,MENTION,2085465915542446502
2562554779,1648490572943073280,Directed,2,RETWEET,2085465915542446502
795989626825609216,1648490572943073280,Directed,1,MENTION,2085460234722574557
795989626825609216,1648490572943073280,Directed,1,RETWEET,2085460234722574557
112082013,1752318553527627776,Directed,1,MENTION,2085459572873957630
112082013,1752318553527627776,Directed,1,RETWEET,2085459572873957630
2970946161,1648490572943073280,Directed,1,MENTION,2085458091047362803
2970946161,1648490572943073280,Directed,1,RETWEET,2085458091047362803
1811574421804781568,1752318553527627776,Directed,1,MENTION,2085456127714607428
1811574421804781568,1752318553527627776,Directed,1,RETWEET,2085456127714607428
2076875656772915200,1648490572943073280,Directed,2,MENTION,2085453322832797811
2076875656772915200,1648490572943073280,Directed,2,RETWEET,2085453322832797811
1269346393161940999,1648490572943073280,Directed,1,MENTION,2085451387815575745
1269346393161940999,1648490572943073280,Directed,1,RETWEET,2085451387815575745
1970328571487858688,1648490572943073280,Directed,1,MENTION,2085445887786963030
1970328571487858688,1648490572943073280,Directed,1,RETWEET,2085445887786963030
1347612795177750531,1648490572943073280,Directed,1,MENTION,2085438471326278015
1347612795177750531,1648490572943073280,Directed,1,RETWEET,2085438471326278015
2079151698312921088,1648490572943073280,Directed,1,MENTION,2085435472726167703
2079151698312921088,1648490572943073280,Directed,1,RETWEET,2085435472726167703
1572768232418775042,1648490572943073280,Directed,1,MENTION,2085433834464591950
1572768232418775042,1648490572943073280,Directed,1,RETWEET,2085433834464591950
383765168,1752318553527627776,Directed,1,MENTION,2085431624045355161
383765168,1752318553527627776,Directed,1,RETWEET,2085431624045355161
756459763529945088,1648490572943073280,Directed,1,MENTION,2085428767091278065
756459763529945088,1648490572943073280,Directed,1,RETWEET,2085428767091278065
1230351741666889729,1648490572943073280,Directed,1,MENTION,2085428678985474075
1230351741666889729,1648490572943073280,Directed,1,RETWEET,2085428678985474075
1772849181679579136,1752318553527627776,Directed,1,MENTION,2085427995662303304
1772849181679579136,1752318553527627776,Directed,1,RETWEET,2085427995662303304
1531148217613623296,1752318553527627776,Directed,1,MENTION,2085426164584296852
1531148217613623296,1752318553527627776,Directed,1,RETWEET,2085426164584296852
1800438443341647872,1648490572943073280,Directed,1,MENTION,2085424323108470819
1800438443341647872,1648490572943073280,Directed,1,RETWEET,2085424323108470819
1923595001918849024,1648490572943073280,Directed,1,MENTION,2085421771059073179
1923595001918849024,1648490572943073280,Directed,1,RETWEET,2085421771059073179
239242491,1648490572943073280,Directed,1,MENTION,2085419566889361432
239242491,1648490572943073280,Directed,1,RETWEET,2085419566889361432
1111472569931096064,1752318553527627776,Directed,1,MENTION,2085417896252252542
1111472569931096064,1752318553527627776,Directed,1,RETWEET,2085417896252252542
1511535042861969409,1648490572943073280,Directed,1,MENTION,2085414874457231487
1511535042861969409,1648490572943073280,Directed,1,RETWEET,2085414874457231487
1576660072771592192,1648490572943073280,Directed,2,MENTION,2085407950072394008
1576660072771592192,1648490572943073280,Directed,2,RETWEET,2085407950072394008
1427418466487832581,1648490572943073280,Directed,1,MENTION,2085407428296708266
1427418466487832581,1648490572943073280,Directed,1,RETWEET,2085407428296708266
1393734613223280650,1648490572943073280,Directed,1,MENTION,2085406212372242854
1393734613223280650,1648490572943073280,Directed,1,RETWEET,2085406212372242854
1780800948836683776,1752318553527627776,Directed,1,MENTION,2085406113277604040
1780800948836683776,1752318553527627776,Directed,1,RETWEET,2085406113277604040
1456741278448816128,1005189465868890112,Directed,1,MENTION,2085405268624474143
1456741278448816128,387735325,Directed,1,MENTION,2085405268624474143
1456741278448816128,4195265110,Directed,1,MENTION,2085405268624474143
1456741278448816128,1005189465868890112,Directed,1,RETWEET,2085405268624474143
1456741278448816128,1648490572943073280,Directed,1,MENTION,2085402804223361168
1456741278448816128,1648490572943073280,Directed,1,RETWEET,2085402804223361168
2061081627464441856,1752318553527627776,Directed,1,MENTION,2085400456667512994
2061081627464441856,1752318553527627776,Directed,1,RETWEET,2085400456667512994
1707243769874026496,1648490572943073280,Directed,1,MENTION,2085400451613139442
1707243769874026496,1648490572943073280,Directed,1,RETWEET,2085400451613139442
1650616906523758592,1648490572943073280,Directed,1,MENTION,2085399183369097648
1650616906523758592,1648490572943073280,Directed,1,RETWEET,2085399183369097648
1529942660160667661,1648490572943073280,Directed,1,MENTION,2085398469510873104
1529942660160667661,1648490572943073280,Directed,1,RETWEET,2085398469510873104
1565907928581799942,1648490572943073280,Directed,2,MENTION,2085398280775598545
1565907928581799942,1648490572943073280,Directed,2,RETWEET,2085398280775598545
1676450657375768576,1648490572943073280,Directed,2,MENTION,2085393952249970966
1676450657375768576,1648490572943073280,Directed,2,RETWEET,2085393952249970966
1556640809612709891,1648490572943073280,Directed,1,MENTION,2085390975522803820
1556640809612709891,1648490572943073280,Directed,1,RETWEET,2085390975522803820
1692762908977975296,1648490572943073280,Directed,2,MENTION,2085384229311922283
1692762908977975296,1648490572943073280,Directed,2,RETWEET,2085384229311922283
1613614473004056614,1503664258323816448,Directed,1,MENTION,2085369574644396450
1613614473004056614,1503664258323816448,Directed,1,RETWEET,2085369574644396450
1268384056749764610,1648490572943073280,Directed,1,MENTION,2085367069646717359
1268384056749764610,1648490572943073280,Directed,1,RETWEET,2085367069646717359
1877419645545725952,1648490572943073280,Directed,1,MENTION,2085366253732987379
1877419645545725952,1648490572943073280,Directed,1,RETWEET,2085366253732987379
2689227185,1752318553527627776,Directed,1,MENTION,2085361694973263983
2689227185,1752318553527627776,Directed,1,RETWEET,2085361694973263983
1252341275774328832,1648490572943073280,Directed,1,MENTION,2085359927510397241
1252341275774328832,1648490572943073280,Directed,1,RETWEET,2085359927510397241
1541287157997912065,1648490572943073280,Directed,1,MENTION,2085359259433226612
1541287157997912065,1648490572943073280,Directed,1,RETWEET,2085359259433226612
1689698536659505152,1648490572943073280,Directed,1,MENTION,2085357381844713852
1689698536659505152,1648490572943073280,Directed,1,RETWEET,2085357381844713852
1359503372160819204,1648490572943073280,Directed,1,MENTION,2085353684993470593
1359503372160819204,1648490572943073280,Directed,1,RETWEET,2085353684993470593
1310286768432910349,1648490572943073280,Directed,1,MENTION,2085353556295512342
1310286768432910349,1648490572943073280,Directed,1,RETWEET,2085353556295512342
1575596783002329088,1648490572943073280,Directed,1,MENTION,2085352454619545889
1575596783002329088,1648490572943073280,Directed,1,RETWEET,2085352454619545889
1558657990085021696,1648490572943073280,Directed,1,MENTION,2085350287036821881
1558657990085021696,1648490572943073280,Directed,1,RETWEET,2085350287036821881
1832858175449468928,1648490572943073280,Directed,2,MENTION,2085349044067385372
1832858175449468928,1648490572943073280,Directed,2,RETWEET,2085349044067385372
984409201,1752318553527627776,Directed,1,MENTION,2085347482221895754
984409201,1752318553527627776,Directed,1,RETWEET,2085347482221895754
800436336398254080,1752318553527627776,Directed,1,MENTION,2085346819924463824
800436336398254080,1752318553527627776,Directed,1,RETWEET,2085346819924463824
1977621018320547840,1648490572943073280,Directed,1,MENTION,2085345446369583435
1977621018320547840,1648490572943073280,Directed,1,RETWEET,2085345446369583435
1829004840623558656,1648490572943073280,Directed,1,MENTION,2085333988772634715
1829004840623558656,1648490572943073280,Directed,1,RETWEET,2085333988772634715
1857536576470794240,1005189465868890112,Directed,1,MENTION,2085332935935209771
1857536576470794240,387735325,Directed,1,MENTION,2085332935935209771
1857536576470794240,4195265110,Directed,1,MENTION,2085332935935209771
1857536576470794240,1005189465868890112,Directed,1,RETWEET,2085332935935209771
1958450038516166657,1752318553527627776,Directed,1,MENTION,2085326902999285930
1958450038516166657,1752318553527627776,Directed,1,RETWEET,2085326902999285930
1646650808375685120,1648490572943073280,Directed,1,MENTION,2085323007900139820
1646650808375685120,1648490572943073280,Directed,1,RETWEET,2085323007900139820
2061081627464441856,1968489337697484800,Directed,1,MENTION,2085313757555909059
2061081627464441856,1968489337697484800,Directed,1,RETWEET,2085313757555909059
2061081627464441856,1648490572943073280,Directed,4,MENTION,2085312624145948813
2061081627464441856,1648490572943073280,Directed,4,RETWEET,2085312624145948813
1990587812286980096,1648490572943073280,Directed,1,MENTION,2085307544927449516
1990587812286980096,1648490572943073280,Directed,1,RETWEET,2085307544927449516
1700280518791561216,1648490572943073280,Directed,3,MENTION,2085299455763366099
1700280518791561216,1648490572943073280,Directed,3,RETWEET,2085299455763366099
1802314266533416960,1504072283928862723,Directed,1,QUOTE,2085287647929340092
1719536338318311424,1648490572943073280,Directed,2,MENTION,2085279171115184401
1719536338318311424,1648490572943073280,Directed,2,RETWEET,2085279171115184401
2062269469083258880,1648490572943073280,Directed,2,MENTION,2085275978746490975
2062269469083258880,1648490572943073280,Directed,2,RETWEET,2085275978746490975
1509051253980028929,1752318553527627776,Directed,1,MENTION,2085268945859194971
1509051253980028929,1752318553527627776,Directed,1,RETWEET,2085268945859194971
1987721544424882176,1648490572943073280,Directed,1,MENTION,2085267553899761666
1987721544424882176,1648490572943073280,Directed,1,RETWEET,2085267553899761666
1595857019671650305,1648490572943073280,Directed,2,MENTION,2085265589400916127
1595857019671650305,1648490572943073280,Directed,2,RETWEET,2085265589400916127
2815795650,1752318553527627776,Directed,1,MENTION,2085263154452320711
2815795650,1752318553527627776,Directed,1,RETWEET,2085263154452320711
2010052774436958208,1648490572943073280,Directed,1,MENTION,2085261792020717604
2010052774436958208,1648490572943073280,Directed,1,RETWEET,2085261792020717604
2043760493135888385,1648490572943073280,Directed,1,MENTION,2085253617221615901
2043760493135888385,1648490572943073280,Directed,1,RETWEET,2085253617221615901
1514981873105133568,1648490572943073280,Directed,1,MENTION,2085249462830534850
1514981873105133568,1648490572943073280,Directed,1,RETWEET,2085249462830534850
2001288427665518592,1658432643623448577,Directed,1,MENTION,2085248066425176457
2001288427665518592,1658432643623448577,Directed,1,RETWEET,2085248066425176457
1885559024675848192,1752318553527627776,Directed,1,MENTION,2085247780742733991
1885559024675848192,1752318553527627776,Directed,1,RETWEET,2085247780742733991
2559721373,1648490572943073280,Directed,2,MENTION,2085245760304718262
2559721373,1648490572943073280,Directed,2,RETWEET,2085245760304718262
1940607777497665537,1752318553527627776,Directed,1,MENTION,2085245246665892307
1940607777497665537,1752318553527627776,Directed,1,RETWEET,2085245246665892307
1908299738664878080,1648490572943073280,Directed,1,MENTION,2085243540938871248
1908299738664878080,1648490572943073280,Directed,1,RETWEET,2085243540938871248
1461950075127664642,1752318553527627776,Directed,1,MENTION,2085239975365296594
1461950075127664642,1752318553527627776,Directed,1,RETWEET,2085239975365296594
1660759021832347649,1880440216898662401,Directed,1,MENTION,2085237888623480871
1660759021832347649,1880440216898662401,Directed,1,RETWEET,2085237888623480871
2015272192552980480,1752318553527627776,Directed,1,MENTION,2085235363673416063
2015272192552980480,1752318553527627776,Directed,1,RETWEET,2085235363673416063
1432833512030314496,1752318553527627776,Directed,1,MENTION,2085233747008364945
1432833512030314496,1752318553527627776,Directed,1,RETWEET,2085233747008364945
2042464365203300352,1648490572943073280,Directed,2,MENTION,2085233095511593011
2042464365203300352,1648490572943073280,Directed,2,RETWEET,2085233095511593011
66983015,1503664258323816448,Directed,1,MENTION,2085231426748678418
66983015,1503664258323816448,Directed,1,RETWEET,2085231426748678418
1645414345231200258,1648490572943073280,Directed,2,MENTION,2085227471893381285
1645414345231200258,1648490572943073280,Directed,2,RETWEET,2085227471893381285
1954391526890725376,1648490572943073280,Directed,1,MENTION,2085227138849063215
1954391526890725376,1648490572943073280,Directed,1,RETWEET,2085227138849063215
1813439778022371328,1648490572943073280,Directed,1,MENTION,2085224104727023715
1813439778022371328,1648490572943073280,Directed,1,RETWEET,2085224104727023715
1784327605455331328,1648490572943073280,Directed,1,MENTION,2085219281021649390
1784327605455331328,1648490572943073280,Directed,1,RETWEET,2085219281021649390
2023144586994909184,1752318553527627776,Directed,1,MENTION,2085214903099408667
2023144586994909184,1752318553527627776,Directed,1,RETWEET,2085214903099408667
1342422853115912192,1752318553527627776,Directed,1,MENTION,2085213919480533013
1342422853115912192,1752318553527627776,Directed,1,RETWEET,2085213919480533013
1188148660447481856,1648490572943073280,Directed,1,MENTION,2085209717589049601
1188148660447481856,1648490572943073280,Directed,1,RETWEET,2085209717589049601
1872692764887928832,1752318553527627776,Directed,1,MENTION,2085207499334877505
1872692764887928832,1752318553527627776,Directed,1,RETWEET,2085207499334877505
1789244231795482625,1648490572943073280,Directed,1,MENTION,2085203287213514909
1789244231795482625,1648490572943073280,Directed,1,RETWEET,2085203287213514909
1217590159149084672,1752318553527627776,Directed,1,MENTION,2085201627166687659
1217590159149084672,1752318553527627776,Directed,1,RETWEET,2085201627166687659
1705028360827514880,1752318553527627776,Directed,1,MENTION,2085201478361199066
1705028360827514880,1752318553527627776,Directed,1,RETWEET,2085201478361199066
1489472266442194944,1648490572943073280,Directed,1,MENTION,2085199016749625825
1489472266442194944,1648490572943073280,Directed,1,RETWEET,2085199016749625825
1918816168741163008,1752318553527627776,Directed,1,MENTION,2085198655196205395
1918816168741163008,1752318553527627776,Directed,1,RETWEET,2085198655196205395
1038412920407961601,1752318553527627776,Directed,1,MENTION,2085198402447429829
1038412920407961601,1752318553527627776,Directed,1,RETWEET,2085198402447429829
2016589885843312640,1752318553527627776,Directed,1,MENTION,2085197928835006479
2016589885843312640,1752318553527627776,Directed,1,RETWEET,2085197928835006479
1967475696801841152,1752318553527627776,Directed,1,MENTION,2085195491885678825
1967475696801841152,1752318553527627776,Directed,1,RETWEET,2085195491885678825
962510291748687872,1648490572943073280,Directed,1,MENTION,2085195129787203704
962510291748687872,1648490572943073280,Directed,1,RETWEET,2085195129787203704
541327942,1648490572943073280,Directed,1,MENTION,2085194990951469391
541327942,1648490572943073280,Directed,1,RETWEET,2085194990951469391
1936037621563613184,1648490572943073280,Directed,1,MENTION,2085192174535152068
1936037621563613184,1648490572943073280,Directed,1,RETWEET,2085192174535152068
1978112638698536960,1648490572943073280,Directed,1,MENTION,2085191137397006631
1978112638698536960,1648490572943073280,Directed,1,RETWEET,2085191137397006631
1607357392517304320,1648490572943073280,Directed,1,MENTION,2085184960298623058
1607357392517304320,1648490572943073280,Directed,1,RETWEET,2085184960298623058
1195240888974348288,1752318553527627776,Directed,1,MENTION,2085183540040175861
1195240888974348288,1752318553527627776,Directed,1,RETWEET,2085183540040175861
1865684628255993856,1648490572943073280,Directed,1,MENTION,2085182301319885111
1865684628255993856,1648490572943073280,Directed,1,RETWEET,2085182301319885111
1799926244621922304,1648490572943073280,Directed,1,MENTION,2085181306749505796
1799926244621922304,1648490572943073280,Directed,1,RETWEET,2085181306749505796
2078620007395659776,1752318553527627776,Directed,1,MENTION,2085180800358654336
2078620007395659776,1752318553527627776,Directed,1,RETWEET,2085180800358654336
1005189465868890112,212423902,Directed,2,MENTION,2085179618013909376
1249768762296983553,1648490572943073280,Directed,1,MENTION,2085179557951213914
1249768762296983553,1648490572943073280,Directed,1,RETWEET,2085179557951213914
448255868,1752318553527627776,Directed,1,MENTION,2085179516155204094
448255868,1752318553527627776,Directed,1,RETWEET,2085179516155204094
1754016638184075264,1648490572943073280,Directed,1,MENTION,2085179458953084980
1754016638184075264,1648490572943073280,Directed,1,RETWEET,2085179458953084980
1127273346842943489,1648490572943073280,Directed,1,MENTION,2085178482208702568
1127273346842943489,1648490572943073280,Directed,1,RETWEET,2085178482208702568
3048084388,387735325,Directed,1,MENTION,2085176373044285573
254100624,1752318553527627776,Directed,1,MENTION,2085168569000632431
254100624,1752318553527627776,Directed,1,RETWEET,2085168569000632431
1756550520053903360,1752318553527627776,Directed,1,MENTION,2085168048118378906
1756550520053903360,1752318553527627776,Directed,1,RETWEET,2085168048118378906
1577349536955219969,1752318553527627776,Directed,1,MENTION,2085162520684187980
1577349536955219969,1752318553527627776,Directed,1,RETWEET,2085162520684187980
518642037,1648490572943073280,Directed,1,MENTION,2085159643089612881
518642037,1648490572943073280,Directed,1,RETWEET,2085159643089612881
1421662502241415174,1752318553527627776,Directed,1,MENTION,2085158326535442822
1421662502241415174,1752318553527627776,Directed,1,RETWEET,2085158326535442822
227895773,1752318553527627776,Directed,1,MENTION,2085157852423885042
227895773,1752318553527627776,Directed,1,RETWEET,2085157852423885042
1776432776784334848,1396897957417521155,Directed,1,MENTION,2085157760639885579
1776432776784334848,1396897957417521155,Directed,1,RETWEET,2085157760639885579
2044213900305154048,1648490572943073280,Directed,1,MENTION,2085157001387245928
2044213900305154048,1648490572943073280,Directed,1,RETWEET,2085157001387245928
1898457561910964224,1648490572943073280,Directed,2,MENTION,2085156716899979493
1898457561910964224,1648490572943073280,Directed,2,RETWEET,2085156716899979493
1928236060137639936,958029571554729984,Directed,1,MENTION,2085155485226053730
1928236060137639936,958029571554729984,Directed,1,RETWEET,2085155485226053730
2075720326617460736,1648490572943073280,Directed,1,MENTION,2085155419924697334
2075720326617460736,1648490572943073280,Directed,1,RETWEET,2085155419924697334
2371506167,1752318553527627776,Directed,1,MENTION,2085153839708000528
2371506167,1752318553527627776,Directed,1,RETWEET,2085153839708000528
1658931993596383232,1427653373197787141,Directed,1,MENTION,2085150551352774716
1658931993596383232,1427653373197787141,Directed,1,RETWEET,2085150551352774716
1658931993596383232,1880440216898662401,Directed,1,MENTION,2085150454699184151
1658931993596383232,1880440216898662401,Directed,1,RETWEET,2085150454699184151
835582642091327488,1752318553527627776,Directed,1,MENTION,2085149884873658602
835582642091327488,1752318553527627776,Directed,1,RETWEET,2085149884873658602
1658931993596383232,1156726617093398533,Directed,1,MENTION,2085149313013797045
1658931993596383232,1156726617093398533,Directed,1,RETWEET,2085149313013797045
1658931993596383232,2068816678893314049,Directed,1,MENTION,2085149255644115154
1658931993596383232,2068816678893314049,Directed,1,RETWEET,2085149255644115154
1658931993596383232,1512417510548725761,Directed,1,MENTION,2085149042657382518
1658931993596383232,1512417510548725761,Directed,1,RETWEET,2085149042657382518
1658931993596383232,716818098310025220,Directed,1,MENTION,2085148549151428855
1658931993596383232,716818098310025220,Directed,1,RETWEET,2085148549151428855
1658931993596383232,1503664258323816448,Directed,1,MENTION,2085148532218986620
1658931993596383232,1503664258323816448,Directed,1,RETWEET,2085148532218986620
1911870427657633793,1752318553527627776,Directed,1,MENTION,2085146423113228763
1911870427657633793,1752318553527627776,Directed,1,RETWEET,2085146423113228763
817869772444549121,1752318553527627776,Directed,1,MENTION,2085145668176277540
817869772444549121,1752318553527627776,Directed,1,RETWEET,2085145668176277540
1904602559811379200,1648490572943073280,Directed,1,MENTION,2085144889860428089
1904602559811379200,1648490572943073280,Directed,1,RETWEET,2085144889860428089
1381628156667383810,1648490572943073280,Directed,1,MENTION,2085144551929291039
1381628156667383810,1648490572943073280,Directed,1,RETWEET,2085144551929291039
1872558861866979328,1648490572943073280,Directed,1,MENTION,2085142325873778818
1872558861866979328,1648490572943073280,Directed,1,RETWEET,2085142325873778818
1668497043021520896,2462159311,Directed,1,MENTION,2085141454435803282
1668497043021520896,2462159311,Directed,1,RETWEET,2085141454435803282
1818311231893110784,1648490572943073280,Directed,1,MENTION,2085140297428705578
1818311231893110784,1648490572943073280,Directed,1,RETWEET,2085140297428705578
1395455800349319169,1752318553527627776,Directed,1,MENTION,2085140172333629557
1395455800349319169,1752318553527627776,Directed,1,RETWEET,2085140172333629557
1591920117436260352,1005189465868890112,Directed,1,MENTION,2085137385893830725
1591920117436260352,387735325,Directed,1,MENTION,2085137385893830725
1591920117436260352,4195265110,Directed,1,MENTION,2085137385893830725
1591920117436260352,1005189465868890112,Directed,1,RETWEET,2085137385893830725
1254869393118507012,1438088432497176582,Directed,1,MENTION,2085135068649926723
1254869393118507012,1438088432497176582,Directed,1,RETWEET,2085135068649926723
226276534,1648490572943073280,Directed,1,MENTION,2085134685106045183
226276534,1648490572943073280,Directed,1,RETWEET,2085134685106045183
101945207,1648490572943073280,Directed,1,MENTION,2085128746973991258
101945207,1648490572943073280,Directed,1,RETWEET,2085128746973991258
1625244985380536320,1648490572943073280,Directed,1,MENTION,2085128505755394132
1625244985380536320,1648490572943073280,Directed,1,RETWEET,2085128505755394132
1008954797507178496,1648490572943073280,Directed,1,MENTION,2085124877913100428
1008954797507178496,1648490572943073280,Directed,1,RETWEET,2085124877913100428
2067359258593677312,1648490572943073280,Directed,1,MENTION,2085122337012097391
2067359258593677312,1648490572943073280,Directed,1,RETWEET,2085122337012097391
1254869393118507012,1648490572943073280,Directed,1,MENTION,2085122078307475904
1254869393118507012,1648490572943073280,Directed,1,RETWEET,2085122078307475904
3056033560,1930392859846352896,Directed,1,MENTION,2085121584860193192
3056033560,1930392859846352896,Directed,1,RETWEET,2085121584860193192
973454207129878529,1752318553527627776,Directed,1,MENTION,2085119324432277628
973454207129878529,1752318553527627776,Directed,1,RETWEET,2085119324432277628
3056033560,1648490572943073280,Directed,1,MENTION,2085118780393263535
3056033560,1648490572943073280,Directed,1,RETWEET,2085118780393263535
2044903381051842560,1648490572943073280,Directed,1,MENTION,2085118479493984391
2044903381051842560,1648490572943073280,Directed,1,RETWEET,2085118479493984391
1498085698137640965,1648490572943073280,Directed,1,MENTION,2085118185624269154
1498085698137640965,1648490572943073280,Directed,1,RETWEET,2085118185624269154
1998948304173019136,1752318553527627776,Directed,1,MENTION,2085117783713448109
1998948304173019136,1752318553527627776,Directed,1,RETWEET,2085117783713448109
2004017765561372672,1752318553527627776,Directed,1,MENTION,2085117492809134272
2004017765561372672,1752318553527627776,Directed,1,RETWEET,2085117492809134272
1998948304173019136,1648490572943073280,Directed,1,MENTION,2085116319096029434
1998948304173019136,1648490572943073280,Directed,1,RETWEET,2085116319096029434
1568300101176594442,1648490572943073280,Directed,1,MENTION,2085116091185942781
1568300101176594442,1648490572943073280,Directed,1,RETWEET,2085116091185942781
1471685058058756097,1648490572943073280,Directed,1,MENTION,2085114505437086146
1471685058058756097,1648490572943073280,Directed,1,RETWEET,2085114505437086146
2083755285751934976,1648490572943073280,Directed,2,MENTION,2085113924173611277
2083755285751934976,1648490572943073280,Directed,2,RETWEET,2085113924173611277
3290782318,1648490572943073280,Directed,1,MENTION,2085113086634009015
3290782318,1648490572943073280,Directed,1,RETWEET,2085113086634009015
1889466150557458433,1648490572943073280,Directed,1,MENTION,2085112848020017509
1889466150557458433,1648490572943073280,Directed,1,RETWEET,2085112848020017509
1483613391231066123,1005189465868890112,Directed,1,MENTION,2085110406847037583
1483613391231066123,387735325,Directed,1,MENTION,2085110406847037583
1483613391231066123,4195265110,Directed,1,MENTION,2085110406847037583
1483613391231066123,1005189465868890112,Directed,1,RETWEET,2085110406847037583
1810785583276642305,1752318553527627776,Directed,1,MENTION,2085110365084385535
1810785583276642305,1752318553527627776,Directed,1,RETWEET,2085110365084385535
2035085718016729091,958029571554729984,Directed,1,MENTION,2085109992915628280
2035085718016729091,958029571554729984,Directed,1,RETWEET,2085109992915628280
1915760755510763520,1648490572943073280,Directed,1,MENTION,2085109952612622588
1915760755510763520,1648490572943073280,Directed,1,RETWEET,2085109952612622588
1547510411641192448,1648490572943073280,Directed,1,MENTION,2085108850902929632
1547510411641192448,1648490572943073280,Directed,1,RETWEET,2085108850902929632
1570130008118632452,1648490572943073280,Directed,1,MENTION,2085107636068901345
1570130008118632452,1648490572943073280,Directed,1,RETWEET,2085107636068901345
1716913503548919808,1648490572943073280,Directed,1,MENTION,2085106877587652691
1716913503548919808,1648490572943073280,Directed,1,RETWEET,2085106877587652691
1993734269731004416,1156726617093398533,Directed,1,MENTION,2085106305539121594
1993734269731004416,1156726617093398533,Directed,1,RETWEET,2085106305539121594
1993734269731004416,1929669503866318848,Directed,1,MENTION,2085106175289221404
1993734269731004416,1929669503866318848,Directed,1,RETWEET,2085106175289221404
1317497730,1648490572943073280,Directed,1,MENTION,2085105787794329864
1317497730,1648490572943073280,Directed,1,RETWEET,2085105787794329864
1317497730,1503664258323816448,Directed,1,MENTION,2085105532705120408
1317497730,1503664258323816448,Directed,1,RETWEET,2085105532705120408
1317497730,1156726617093398533,Directed,1,MENTION,2085105516305412397
1317497730,1156726617093398533,Directed,1,RETWEET,2085105516305412397
1737883931272523776,1648490572943073280,Directed,1,MENTION,2085105508084846659
1737883931272523776,1648490572943073280,Directed,1,RETWEET,2085105508084846659
1973501148700053504,1648490572943073280,Directed,1,MENTION,2085104969942737321
1973501148700053504,1648490572943073280,Directed,1,RETWEET,2085104969942737321
1793279813123272704,1648490572943073280,Directed,1,MENTION,2085103237149925749
1793279813123272704,1648490572943073280,Directed,1,RETWEET,2085103237149925749
2073039196072116225,1754546368226426880,Directed,1,MENTION,2085102203463700482
2073039196072116225,1754546368226426880,Directed,1,RETWEET,2085102203463700482
1698695547178156032,1648490572943073280,Directed,2,MENTION,2085101338518511927
1698695547178156032,1648490572943073280,Directed,2,RETWEET,2085101338518511927
1547383632825913345,1648490572943073280,Directed,1,MENTION,2085100599352107205
1547383632825913345,1648490572943073280,Directed,1,RETWEET,2085100599352107205
1973911098295267328,1648490572943073280,Directed,1,MENTION,2085100592779632803
1973911098295267328,1648490572943073280,Directed,1,RETWEET,2085100592779632803
1993734269731004416,1648490572943073280,Directed,1,MENTION,2085100181792428441
1993734269731004416,1648490572943073280,Directed,1,RETWEET,2085100181792428441
1752869308273737729,1648490572943073280,Directed,1,MENTION,2085099625095000068
1752869308273737729,1648490572943073280,Directed,1,RETWEET,2085099625095000068
1599885956647116800,1648490572943073280,Directed,1,MENTION,2085098656714183114
1599885956647116800,1648490572943073280,Directed,1,RETWEET,2085098656714183114
1122854832187027457,1180966675623170048,Directed,1,MENTION,2085098404040847569
1122854832187027457,1180966675623170048,Directed,1,RETWEET,2085098404040847569
2062659625908891648,1648490572943073280,Directed,1,MENTION,2085098242099102113
2062659625908891648,1648490572943073280,Directed,1,RETWEET,2085098242099102113
1122854832187027457,1156726617093398533,Directed,1,MENTION,2085098061206892929
1122854832187027457,1156726617093398533,Directed,1,RETWEET,2085098061206892929
1628238364016054273,1648490572943073280,Directed,1,MENTION,2085097964503015543
1628238364016054273,1648490572943073280,Directed,1,RETWEET,2085097964503015543
1433822048598601731,387735325,Directed,1,MENTION,2085096498195226678
1433822048598601731,4195265110,Directed,1,MENTION,2085096498195226678
1458593952244944897,1648490572943073280,Directed,1,MENTION,2085096185069731987
1458593952244944897,1648490572943073280,Directed,1,RETWEET,2085096185069731987
1440099354082045959,387735325,Directed,1,MENTION,2085095728691511525
1440099354082045959,4195265110,Directed,1,MENTION,2085095728691511525
1619731542883844102,1648490572943073280,Directed,1,MENTION,2085092996622541203
1619731542883844102,1648490572943073280,Directed,1,RETWEET,2085092996622541203
1531398875914846208,1648490572943073280,Directed,1,MENTION,2085091541656170735
1531398875914846208,1648490572943073280,Directed,1,RETWEET,2085091541656170735
1695573141173510146,1648490572943073280,Directed,3,MENTION,2085090359143432546
1695573141173510146,1648490572943073280,Directed,3,RETWEET,2085090359143432546
1578091450079789058,1648490572943073280,Directed,1,MENTION,2085090249177186804
1578091450079789058,1648490572943073280,Directed,1,RETWEET,2085090249177186804
1799668186721275904,1648490572943073280,Directed,1,MENTION,2085089905831469240
1799668186721275904,1648490572943073280,Directed,1,RETWEET,2085089905831469240
1854886546060492800,285403025,Directed,1,MENTION,2085088665110192457
1854886546060492800,285403025,Directed,1,RETWEET,2085088665110192457
1854886546060492800,56650876,Directed,1,MENTION,2085088025134915960
1854886546060492800,56650876,Directed,1,RETWEET,2085088025134915960
1854886546060492800,1180966675623170048,Directed,1,MENTION,2085087978074890257
1854886546060492800,1180966675623170048,Directed,1,RETWEET,2085087978074890257
71646719,1648490572943073280,Directed,1,MENTION,2085087893265998210
71646719,1648490572943073280,Directed,1,RETWEET,2085087893265998210
1854886546060492800,2068816678893314049,Directed,1,MENTION,2085087842036813869
1854886546060492800,2068816678893314049,Directed,1,RETWEET,2085087842036813869
1854886546060492800,1326316230530174979,Directed,1,MENTION,2085086746849530344
1854886546060492800,1326316230530174979,Directed,1,RETWEET,2085086746849530344
1854886546060492800,1503664258323816448,Directed,1,MENTION,2085085360355193257
1854886546060492800,1503664258323816448,Directed,1,RETWEET,2085085360355193257
2015074122020143104,1648490572943073280,Directed,1,MENTION,2085084957811081626
2015074122020143104,1648490572943073280,Directed,1,RETWEET,2085084957811081626
1438088432497176582,1648490572943073280,Directed,1,MENTION,2085084920720855109
1438088432497176582,1648490572943073280,Directed,1,RETWEET,2085084920720855109
1854886546060492800,1648490572943073280,Directed,1,MENTION,2085084533896999278
1854886546060492800,1648490572943073280,Directed,1,RETWEET,2085084533896999278
1982501088373698560,1648490572943073280,Directed,1,MENTION,2085083809922298365
1982501088373698560,1648490572943073280,Directed,1,RETWEET,2085083809922298365
1642085845531254785,1648490572943073280,Directed,1,MENTION,2085080086743507116
1642085845531254785,1648490572943073280,Directed,1,RETWEET,2085080086743507116
1131164024987619328,1752318553527627776,Directed,1,MENTION,2085078194391060772
1131164024987619328,1752318553527627776,Directed,1,RETWEET,2085078194391060772
1912243649036910592,1648490572943073280,Directed,1,MENTION,2085076219876258285
1912243649036910592,1648490572943073280,Directed,1,RETWEET,2085076219876258285
1879325669240315904,1648490572943073280,Directed,1,MENTION,2085075752060416238
1879325669240315904,1648490572943073280,Directed,1,RETWEET,2085075752060416238
3324280239,1648490572943073280,Directed,1,MENTION,2085073970185867503
3324280239,1648490572943073280,Directed,1,RETWEET,2085073970185867503
1876126268569300992,1648490572943073280,Directed,1,MENTION,2085071699649736943
1876126268569300992,1648490572943073280,Directed,1,RETWEET,2085071699649736943
1476921308818595842,1648490572943073280,Directed,1,MENTION,2085064607199059980
1476921308818595842,1648490572943073280,Directed,1,RETWEET,2085064607199059980
1209342917007085568,1648490572943073280,Directed,1,MENTION,2085064311215386901
1209342917007085568,1648490572943073280,Directed,1,RETWEET,2085064311215386901
1749925832833789952,1648490572943073280,Directed,2,MENTION,2085063174227632469
1749925832833789952,1648490572943073280,Directed,2,RETWEET,2085063174227632469
2066664946092392448,1648490572943073280,Directed,1,MENTION,2085061803755671724
2066664946092392448,1648490572943073280,Directed,1,RETWEET,2085061803755671724
1502847222974758913,1648490572943073280,Directed,1,MENTION,2085059906663539126
1502847222974758913,1648490572943073280,Directed,1,RETWEET,2085059906663539126
2000775525850071041,1648490572943073280,Directed,2,MENTION,2085059162141000129
2000775525850071041,1648490572943073280,Directed,2,RETWEET,2085059162141000129
2059632106175643649,1648490572943073280,Directed,1,MENTION,2085058844883841210
2059632106175643649,1648490572943073280,Directed,1,RETWEET,2085058844883841210
1697157894922231808,1648490572943073280,Directed,1,MENTION,2085058081713508412
1697157894922231808,1648490572943073280,Directed,1,RETWEET,2085058081713508412
747556355402235905,1752318553527627776,Directed,1,MENTION,2085053117926695073
747556355402235905,1752318553527627776,Directed,1,RETWEET,2085053117926695073
1022032781180891136,1648490572943073280,Directed,1,MENTION,2085051819424633103
1022032781180891136,1648490572943073280,Directed,1,RETWEET,2085051819424633103
1840415160860610561,1648490572943073280,Directed,1,MENTION,2085051692353982711
1840415160860610561,1648490572943073280,Directed,1,RETWEET,2085051692353982711
2381153890,1648490572943073280,Directed,1,MENTION,2085049685740257378
2381153890,1648490572943073280,Directed,1,RETWEET,2085049685740257378
1204252987092295680,1648490572943073280,Directed,1,MENTION,2085048266358505818
1204252987092295680,1648490572943073280,Directed,1,RETWEET,2085048266358505818
1474546867555995650,1648490572943073280,Directed,2,MENTION,2085046284621107443
1474546867555995650,1648490572943073280,Directed,2,RETWEET,2085046284621107443
1807282241648939008,1648490572943073280,Directed,1,MENTION,2085044364368314407
1807282241648939008,1648490572943073280,Directed,1,RETWEET,2085044364368314407
1796422126406184960,1005189465868890112,Directed,1,MENTION,2085042718883840360
1796422126406184960,387735325,Directed,1,MENTION,2085042718883840360
1796422126406184960,4195265110,Directed,1,MENTION,2085042718883840360
1796422126406184960,1005189465868890112,Directed,1,RETWEET,2085042718883840360
2040442504831520769,1752318553527627776,Directed,1,MENTION,2085042506341736783
2040442504831520769,1752318553527627776,Directed,1,RETWEET,2085042506341736783
775518463708295169,1752318553527627776,Directed,1,MENTION,2085042308299317433
775518463708295169,1752318553527627776,Directed,1,RETWEET,2085042308299317433
1669192463314038784,1648490572943073280,Directed,1,MENTION,2085041410181415378
1669192463314038784,1648490572943073280,Directed,1,RETWEET,2085041410181415378
1266672477574479873,1005189465868890112,Directed,1,MENTION,2085040277404729430
1266672477574479873,716459367655219200,Directed,1,MENTION,2085040277404729430
1266672477574479873,212423902,Directed,1,QUOTE,2085040277404729430
1741900931111727104,1648490572943073280,Directed,1,MENTION,2085038708252639657
1741900931111727104,1648490572943073280,Directed,1,RETWEET,2085038708252639657
1704700253520146432,1648490572943073280,Directed,1,MENTION,2085036744827691164
1704700253520146432,1648490572943073280,Directed,1,RETWEET,2085036744827691164
1088995255997861891,1752318553527627776,Directed,1,MENTION,2085034578352222276
1088995255997861891,1752318553527627776,Directed,1,RETWEET,2085034578352222276
1405968257434099714,1648490572943073280,Directed,1,MENTION,2085032840237133908
1405968257434099714,1648490572943073280,Directed,1,RETWEET,2085032840237133908
387735325,1005189465868890112,Directed,1,MENTION,2085031617681035508
387735325,4195265110,Directed,1,MENTION,2085031617681035508
387735325,1005189465868890112,Directed,1,RETWEET,2085031617681035508
1712884097486360576,1752318553527627776,Directed,1,MENTION,2085031587071078732
1712884097486360576,1752318553527627776,Directed,1,RETWEET,2085031587071078732
1659982829369925633,1648490572943073280,Directed,1,MENTION,2085029026159014181
1659982829369925633,1648490572943073280,Directed,1,RETWEET,2085029026159014181
1636174588416598017,1648490572943073280,Directed,2,MENTION,2085027853515506058
1636174588416598017,1648490572943073280,Directed,2,RETWEET,2085027853515506058
2526435486,1648490572943073280,Directed,1,MENTION,2085027648858636668
2526435486,1648490572943073280,Directed,1,RETWEET,2085027648858636668
1556272408671166464,1648490572943073280,Directed,1,MENTION,2085027110976909555
1556272408671166464,1648490572943073280,Directed,1,RETWEET,2085027110976909555
2008845075527159808,1648490572943073280,Directed,1,MENTION,2085024713806356989
2008845075527159808,1648490572943073280,Directed,1,RETWEET,2085024713806356989
2333608622,1648490572943073280,Directed,1,MENTION,2085023037145976879
2333608622,1648490572943073280,Directed,1,RETWEET,2085023037145976879
60278254,1752318553527627776,Directed,1,MENTION,2085021209381519722
60278254,1752318553527627776,Directed,1,RETWEET,2085021209381519722
1796131771299307522,1648490572943073280,Directed,1,MENTION,2085020294758965745
1796131771299307522,1648490572943073280,Directed,1,RETWEET,2085020294758965745
2559721373,1754546368226426880,Directed,1,MENTION,2085020156456223096
2559721373,1754546368226426880,Directed,1,RETWEET,2085020156456223096
1616603717456756736,1648490572943073280,Directed,1,MENTION,2085019769976029417
1616603717456756736,1648490572943073280,Directed,1,RETWEET,2085019769976029417
2078296922343833600,1648490572943073280,Directed,1,MENTION,2085017941469241418
2078296922343833600,1648490572943073280,Directed,1,RETWEET,2085017941469241418
1853140465777889280,1648490572943073280,Directed,1,MENTION,2085017400500469981
1853140465777889280,1648490572943073280,Directed,1,RETWEET,2085017400500469981
1156282186246414336,1648490572943073280,Directed,1,MENTION,2085013966175232362
1156282186246414336,1648490572943073280,Directed,1,RETWEET,2085013966175232362
711217320497180672,1005189465868890112,Directed,1,MENTION,2085013923808284703
711217320497180672,387735325,Directed,1,MENTION,2085013923808284703
711217320497180672,4195265110,Directed,1,MENTION,2085013923808284703
711217320497180672,1005189465868890112,Directed,1,RETWEET,2085013923808284703
2061635560901369856,1934108915421081600,Directed,1,QUOTE,2085013775275446620
1689465417775915011,1648490572943073280,Directed,1,MENTION,2085013750843588970
1689465417775915011,1648490572943073280,Directed,1,RETWEET,2085013750843588970
1660414936546258946,1648490572943073280,Directed,1,MENTION,2085012818890277192
1660414936546258946,1648490572943073280,Directed,1,RETWEET,2085012818890277192
1940017095753846784,1752318553527627776,Directed,1,MENTION,2085011450007789673
1940017095753846784,1752318553527627776,Directed,1,RETWEET,2085011450007789673
1800717782444654592,958029571554729984,Directed,1,MENTION,2085010237027672516
1800717782444654592,958029571554729984,Directed,1,RETWEET,2085010237027672516
2032523085966880768,1648490572943073280,Directed,1,MENTION,2085009073523589600
2032523085966880768,1648490572943073280,Directed,1,RETWEET,2085009073523589600
1619422861223170049,1752318553527627776,Directed,1,MENTION,2085009052183171128
1619422861223170049,1752318553527627776,Directed,1,RETWEET,2085009052183171128
1528650490162159618,1752318553527627776,Directed,1,MENTION,2085007430342070383
1528650490162159618,1752318553527627776,Directed,1,RETWEET,2085007430342070383
1527843636154605569,1005189465868890112,Directed,1,MENTION,2085006022578512331
1527843636154605569,387735325,Directed,1,MENTION,2085006022578512331
1527843636154605569,4195265110,Directed,1,MENTION,2085006022578512331
1527843636154605569,1005189465868890112,Directed,1,RETWEET,2085006022578512331
4883180974,1648490572943073280,Directed,1,MENTION,2085001039988601292
4883180974,1648490572943073280,Directed,1,RETWEET,2085001039988601292
1286795697849872386,1752318553527627776,Directed,1,MENTION,2084999681327698177
1286795697849872386,1752318553527627776,Directed,1,RETWEET,2084999681327698177
899398776250609668,1752318553527627776,Directed,1,MENTION,2084999295296581719
899398776250609668,1752318553527627776,Directed,1,RETWEET,2084999295296581719
47307669,1752318553527627776,Directed,1,MENTION,2084998092844097620
47307669,1752318553527627776,Directed,1,RETWEET,2084998092844097620
2078539470450688000,387735325,Directed,1,MENTION,2084997925873000619
2078539470450688000,4195265110,Directed,1,MENTION,2084997925873000619
113976397,1880440216898662401,Directed,1,MENTION,2084997434594517402
113976397,1880440216898662401,Directed,1,RETWEET,2084997434594517402
1303710659364950019,1752318553527627776,Directed,1,MENTION,2084997210391851437
1303710659364950019,1752318553527627776,Directed,1,RETWEET,2084997210391851437
88793327,1752318553527627776,Directed,1,MENTION,2084996510148653223
88793327,1752318553527627776,Directed,1,RETWEET,2084996510148653223
571996056,1752318553527627776,Directed,1,MENTION,2084995556602978328
571996056,1752318553527627776,Directed,1,RETWEET,2084995556602978328
112082013,1005189465868890112,Directed,1,MENTION,2084984170351083861
112082013,387735325,Directed,1,MENTION,2084984170351083861
112082013,4195265110,Directed,1,MENTION,2084984170351083861
112082013,1005189465868890112,Directed,1,RETWEET,2084984170351083861
1709281454033686528,1752318553527627776,Directed,1,MENTION,2084982921559961666
1709281454033686528,1752318553527627776,Directed,1,RETWEET,2084982921559961666
2074880572535513088,1648490572943073280,Directed,1,MENTION,2084982788042703229
2074880572535513088,1648490572943073280,Directed,1,RETWEET,2084982788042703229
1940017095753846784,1648490572943073280,Directed,1,MENTION,2084979187815747978
1940017095753846784,1648490572943073280,Directed,1,RETWEET,2084979187815747978
2032523085966880768,1752318553527627776,Directed,1,MENTION,2084976866650169763
2032523085966880768,1752318553527627776,Directed,1,RETWEET,2084976866650169763
3361744319,1648490572943073280,Directed,1,MENTION,2084972648044368365
3361744319,1648490572943073280,Directed,1,RETWEET,2084972648044368365
2788385091,222616192,Directed,1,MENTION,2084970803787874673
1596790777761366016,1648490572943073280,Directed,1,MENTION,2084970063086419999
1596790777761366016,1648490572943073280,Directed,1,RETWEET,2084970063086419999
2057143780210319360,958029571554729984,Directed,1,MENTION,2084969228143075676
2057143780210319360,958029571554729984,Directed,1,RETWEET,2084969228143075676
892235233248112641,1648490572943073280,Directed,1,MENTION,2084968285502648790
892235233248112641,1648490572943073280,Directed,1,RETWEET,2084968285502648790
2007112719812665344,212423902,Directed,2,MENTION,2084963865838645490
2007112719812665344,152512936,Directed,1,MENTION,2084963865838645490
2007112719812665344,1305033322649784322,Directed,1,MENTION,2084963865838645490
2007112719812665344,1343076753389056005,Directed,1,MENTION,2084963865838645490
1646650808375685120,958029571554729984,Directed,1,MENTION,2084962962255593702
1646650808375685120,958029571554729984,Directed,1,RETWEET,2084962962255593702
321144406,1648490572943073280,Directed,1,MENTION,2084962731615027650
321144406,1648490572943073280,Directed,1,RETWEET,2084962731615027650
1779512962778099713,1648490572943073280,Directed,1,MENTION,2084958846049481083
1779512962778099713,1648490572943073280,Directed,1,RETWEET,2084958846049481083
1885173788930957312,1648490572943073280,Directed,1,MENTION,2084957161273131372
1885173788930957312,1648490572943073280,Directed,1,RETWEET,2084957161273131372
283211519,1648490572943073280,Directed,1,MENTION,2084954411088978241
283211519,1648490572943073280,Directed,1,RETWEET,2084954411088978241
1594092700327870464,958029571554729984,Directed,1,MENTION,2084953858879402278
1594092700327870464,958029571554729984,Directed,1,RETWEET,2084953858879402278
1224508156845416449,387735325,Directed,1,MENTION,2084950973827449036
1224508156845416449,4195265110,Directed,1,MENTION,2084950973827449036
1540192032584613888,593035433,Directed,1,MENTION,2084950079912185956
1540192032584613888,593035433,Directed,1,RETWEET,2084950079912185956
2026909868012220416,1005189465868890112,Directed,1,MENTION,2084950001281900944
2026909868012220416,387735325,Directed,1,MENTION,2084950001281900944
2026909868012220416,4195265110,Directed,1,MENTION,2084950001281900944
2026909868012220416,1005189465868890112,Directed,1,RETWEET,2084950001281900944
1540192032584613888,1648490572943073280,Directed,1,MENTION,2084949764802490691
1540192032584613888,1648490572943073280,Directed,1,RETWEET,2084949764802490691
1514302697784025091,1648490572943073280,Directed,1,MENTION,2084949497973727686
1514302697784025091,1648490572943073280,Directed,1,RETWEET,2084949497973727686
931064123760283649,1648490572943073280,Directed,1,MENTION,2084949242481901683
931064123760283649,1648490572943073280,Directed,1,RETWEET,2084949242481901683
1963144259567034368,958029571554729984,Directed,1,MENTION,2084948934024143053
1963144259567034368,958029571554729984,Directed,1,RETWEET,2084948934024143053
1136716330344820736,1752318553527627776,Directed,1,MENTION,2084943647452078122
1136716330344820736,1752318553527627776,Directed,1,RETWEET,2084943647452078122
1786434584533434368,1648490572943073280,Directed,1,MENTION,2084943286003806449
1786434584533434368,1648490572943073280,Directed,1,RETWEET,2084943286003806449
1501050837853818884,1752318553527627776,Directed,1,MENTION,2084939435637137475
1501050837853818884,1752318553527627776,Directed,1,RETWEET,2084939435637137475
1468799473329524738,1648490572943073280,Directed,1,MENTION,2084932954971578530
1468799473329524738,1648490572943073280,Directed,1,RETWEET,2084932954971578530
2012926955650256897,1648490572943073280,Directed,1,MENTION,2084930574234349720
2012926955650256897,1648490572943073280,Directed,1,RETWEET,2084930574234349720
1467320366007832579,1648490572943073280,Directed,1,MENTION,2084926515377020965
1467320366007832579,1648490572943073280,Directed,1,RETWEET,2084926515377020965
1464971099679211528,1648490572943073280,Directed,1,MENTION,2084926004162662446
1464971099679211528,1648490572943073280,Directed,1,RETWEET,2084926004162662446
2067751224590430208,1648490572943073280,Directed,1,MENTION,2084924168018022855
2067751224590430208,1648490572943073280,Directed,1,RETWEET,2084924168018022855
2004781577377873920,1212933598812065795,Directed,1,MENTION,2084922663907057720
2004781577377873920,1212933598812065795,Directed,1,RETWEET,2084922663907057720
1743378576718663680,958029571554729984,Directed,1,MENTION,2084919436947955924
1743378576718663680,958029571554729984,Directed,1,RETWEET,2084919436947955924
1664615831794319363,1752318553527627776,Directed,1,MENTION,2084918302615208243
1664615831794319363,1752318553527627776,Directed,1,RETWEET,2084918302615208243
1075273239775965185,1648490572943073280,Directed,1,MENTION,2084917679354487234
1075273239775965185,1648490572943073280,Directed,1,RETWEET,2084917679354487234
1854348990588076032,1752318553527627776,Directed,1,MENTION,2084915555723526476
1854348990588076032,1752318553527627776,Directed,1,RETWEET,2084915555723526476
44851023,1648490572943073280,Directed,1,MENTION,2084914623917039646
44851023,1648490572943073280,Directed,1,RETWEET,2084914623917039646
2000649278197235740,1648490572943073280,Directed,1,MENTION,2084910802570551760
2000649278197235740,1648490572943073280,Directed,1,RETWEET,2084910802570551760
1535656007908614145,958029571554729984,Directed,1,MENTION,2084907236833296410
1535656007908614145,958029571554729984,Directed,1,RETWEET,2084907236833296410
2008390078985629696,1752318553527627776,Directed,1,MENTION,2084905825068523629
2008390078985629696,1752318553527627776,Directed,1,RETWEET,2084905825068523629
2048986533126901760,285403025,Directed,1,MENTION,2084905632986022200
2048986533126901760,285403025,Directed,1,RETWEET,2084905632986022200
1754693942455472128,1648490572943073280,Directed,1,MENTION,2084905539629166891
1754693942455472128,1648490572943073280,Directed,1,RETWEET,2084905539629166891
1546314220270141440,1648490572943073280,Directed,1,MENTION,2084905259889987625
1546314220270141440,1648490572943073280,Directed,1,RETWEET,2084905259889987625
1535656007908614145,593035433,Directed,1,MENTION,2084905069187654045
1535656007908614145,593035433,Directed,1,RETWEET,2084905069187654045
1819996630638096386,1648490572943073280,Directed,1,MENTION,2084901328241688620
1819996630638096386,1648490572943073280,Directed,1,RETWEET,2084901328241688620
1622423067677827077,593035433,Directed,1,MENTION,2084900489884303373
1622423067677827077,593035433,Directed,1,RETWEET,2084900489884303373
1474546867555995650,1752318553527627776,Directed,1,MENTION,2084900360850739562
1474546867555995650,1752318553527627776,Directed,1,RETWEET,2084900360850739562
1803796362795913216,1648490572943073280,Directed,2,MENTION,2084899591388827690
1803796362795913216,1648490572943073280,Directed,2,RETWEET,2084899591388827690
591939242,1648490572943073280,Directed,1,MENTION,2084898614774534268
591939242,1648490572943073280,Directed,1,RETWEET,2084898614774534268
421256865,1752318553527627776,Directed,1,MENTION,2084897529288942079
421256865,1752318553527627776,Directed,1,RETWEET,2084897529288942079
1328967300230377474,1752318553527627776,Directed,1,MENTION,2084895708092539355
1328967300230377474,1752318553527627776,Directed,1,RETWEET,2084895708092539355
1709949994713702400,1648490572943073280,Directed,1,MENTION,2084889864042959312
1709949994713702400,1648490572943073280,Directed,1,RETWEET,2084889864042959312
1761219603139563520,1648490572943073280,Directed,1,MENTION,2084889820875166166
1761219603139563520,1648490572943073280,Directed,1,RETWEET,2084889820875166166
67212839,1648490572943073280,Directed,1,MENTION,2084887791784153413
67212839,212423902,Directed,1,MENTION,2084887791784153413
67212839,1648490572943073280,Directed,1,RETWEET,2084887791784153413
1166461132506357760,1005189465868890112,Directed,1,MENTION,2084886643824013554
1166461132506357760,387735325,Directed,1,MENTION,2084886643824013554
1166461132506357760,4195265110,Directed,1,MENTION,2084886643824013554
1166461132506357760,1005189465868890112,Directed,1,RETWEET,2084886643824013554
1719142060559597568,1005189465868890112,Directed,1,MENTION,2084885573089542481
1719142060559597568,387735325,Directed,1,MENTION,2084885573089542481
1719142060559597568,4195265110,Directed,1,MENTION,2084885573089542481
1719142060559597568,1005189465868890112,Directed,1,RETWEET,2084885573089542481
1347413091949146117,958029571554729984,Directed,1,MENTION,2084881541583290642
1347413091949146117,958029571554729984,Directed,1,RETWEET,2084881541583290642
1263713182968840195,1648490572943073280,Directed,1,MENTION,2084881495718543751
1263713182968840195,1648490572943073280,Directed,1,RETWEET,2084881495718543751
1001667080897355777,1648490572943073280,Directed,1,MENTION,2084877727102865451
1001667080897355777,1648490572943073280,Directed,1,RETWEET,2084877727102865451
1349580958601768960,1754546368226426880,Directed,1,MENTION,2084876467301662770
1349580958601768960,1754546368226426880,Directed,1,RETWEET,2084876467301662770
1872692764887928832,1396897957417521155,Directed,1,MENTION,2084875920163123498
1872692764887928832,1396897957417521155,Directed,1,RETWEET,2084875920163123498
1259706027370442752,1648490572943073280,Directed,1,MENTION,2084874425623822349
1259706027370442752,1648490572943073280,Directed,1,RETWEET,2084874425623822349
3792870921,1648490572943073280,Directed,1,MENTION,2084873590831247408
3792870921,1648490572943073280,Directed,1,RETWEET,2084873590831247408
1048396047406551040,593035433,Directed,1,MENTION,2084872538140680449
1048396047406551040,593035433,Directed,1,RETWEET,2084872538140680449
2072169132322164737,1648490572943073280,Directed,1,MENTION,2084872345282367498
2072169132322164737,1648490572943073280,Directed,1,RETWEET,2084872345282367498
1861948854670880768,958029571554729984,Directed,1,MENTION,2084872086313377868
1861948854670880768,958029571554729984,Directed,1,RETWEET,2084872086313377868
888864506557878272,1648490572943073280,Directed,1,MENTION,2084870887141228890
888864506557878272,1648490572943073280,Directed,1,RETWEET,2084870887141228890
1720062565441564672,958029571554729984,Directed,1,MENTION,2084868617854722389
1720062565441564672,958029571554729984,Directed,1,RETWEET,2084868617854722389
2072521672976953344,387735325,Directed,1,MENTION,2084866939306815628
2072521672976953344,4195265110,Directed,1,MENTION,2084866939306815628
2044959411379073024,593035433,Directed,1,MENTION,2084864519944159304
2044959411379073024,593035433,Directed,1,RETWEET,2084864519944159304
1840461391909859328,1648490572943073280,Directed,1,MENTION,2084861462632120533
1840461391909859328,1648490572943073280,Directed,1,RETWEET,2084861462632120533
1522993130211102722,1648490572943073280,Directed,1,MENTION,2084861205286449224
1522993130211102722,1648490572943073280,Directed,1,RETWEET,2084861205286449224
1218790428226486272,1648490572943073280,Directed,1,MENTION,2084860061478773101
1218790428226486272,1648490572943073280,Directed,1,RETWEET,2084860061478773101
1265259987728846849,1156726617093398533,Directed,1,MENTION,2084858837731848272
1265259987728846849,1156726617093398533,Directed,1,RETWEET,2084858837731848272
1265259987728846849,1503664258323816448,Directed,1,MENTION,2084858505270358030
1265259987728846849,1503664258323816448,Directed,1,RETWEET,2084858505270358030
1265259987728846849,1648490572943073280,Directed,1,MENTION,2084858108690514369
1265259987728846849,1648490572943073280,Directed,1,RETWEET,2084858108690514369
1265259987728846849,1326316230530174979,Directed,1,MENTION,2084857033753264239
1265259987728846849,1326316230530174979,Directed,1,RETWEET,2084857033753264239
1265259987728846849,716818098310025220,Directed,1,MENTION,2084856973086888072
1265259987728846849,716818098310025220,Directed,1,RETWEET,2084856973086888072
1749925832833789952,593035433,Directed,1,MENTION,2084850620532506789
1749925832833789952,593035433,Directed,1,RETWEET,2084850620532506789
1183789155979026434,958029571554729984,Directed,1,MENTION,2084849388900204968
1183789155979026434,958029571554729984,Directed,1,RETWEET,2084849388900204968
3930280160,1648490572943073280,Directed,1,MENTION,2084848889233076311
3930280160,1648490572943073280,Directed,1,RETWEET,2084848889233076311
1863710595813609472,1648490572943073280,Directed,1,MENTION,2084848690087289198
1863710595813609472,1648490572943073280,Directed,1,RETWEET,2084848690087289198
1461950075127664642,1648490572943073280,Directed,1,MENTION,2084848225605824795
1461950075127664642,1648490572943073280,Directed,1,RETWEET,2084848225605824795
1209342917007085568,1512417510548725761,Directed,1,MENTION,2084845790493540724
1209342917007085568,1512417510548725761,Directed,1,RETWEET,2084845790493540724
1880162731980124161,1648490572943073280,Directed,1,MENTION,2084845188434768287
1880162731980124161,1648490572943073280,Directed,1,RETWEET,2084845188434768287
1770889843372961792,593035433,Directed,1,MENTION,2084844623214584314
1770889843372961792,593035433,Directed,1,RETWEET,2084844623214584314
1786736409560137728,1648490572943073280,Directed,1,MENTION,2084843810442403880
1786736409560137728,1648490572943073280,Directed,1,RETWEET,2084843810442403880
1772849181679579136,387735325,Directed,1,MENTION,2084843712895729918
1772849181679579136,4195265110,Directed,1,MENTION,2084843712895729918
1677157718241542149,1648490572943073280,Directed,1,MENTION,2084842541602550184
1677157718241542149,1648490572943073280,Directed,1,RETWEET,2084842541602550184
432807081,958029571554729984,Directed,1,MENTION,2084841082265694706
432807081,958029571554729984,Directed,1,RETWEET,2084841082265694706
1577349536955219969,1005189465868890112,Directed,1,MENTION,2084840463270281590
1577349536955219969,387735325,Directed,1,MENTION,2084840463270281590
1577349536955219969,4195265110,Directed,1,MENTION,2084840463270281590
1577349536955219969,1005189465868890112,Directed,1,RETWEET,2084840463270281590
1302971006219423744,958029571554729984,Directed,1,MENTION,2084839444868137241
1302971006219423744,958029571554729984,Directed,1,RETWEET,2084839444868137241
1692365540122333184,387735325,Directed,1,MENTION,2084839142811431139
1692365540122333184,4195265110,Directed,1,MENTION,2084839142811431139
127778179,1180966675623170048,Directed,1,MENTION,2084838516568080710
127778179,1180966675623170048,Directed,1,RETWEET,2084838516568080710
127778179,958029571554729984,Directed,1,MENTION,2084838353673801968
127778179,958029571554729984,Directed,1,RETWEET,2084838353673801968
127778179,1754546368226426880,Directed,1,MENTION,2084836932354298135
127778179,1754546368226426880,Directed,1,RETWEET,2084836932354298135
1660759021832347649,1648490572943073280,Directed,1,MENTION,2084835692820009347
1660759021832347649,1648490572943073280,Directed,1,RETWEET,2084835692820009347
1479790579710103555,1648490572943073280,Directed,1,MENTION,2084835024558334347
1479790579710103555,1648490572943073280,Directed,1,RETWEET,2084835024558334347
1949200070907514881,1648490572943073280,Directed,1,MENTION,2084832541056421888
1949200070907514881,1648490572943073280,Directed,1,RETWEET,2084832541056421888
1128168051344596993,1648490572943073280,Directed,1,MENTION,2084830809920279012
1128168051344596993,1648490572943073280,Directed,1,RETWEET,2084830809920279012
1815937765906997250,1648490572943073280,Directed,1,MENTION,2084828170943938962
1815937765906997250,1648490572943073280,Directed,1,RETWEET,2084828170943938962
1657079607751745537,1648490572943073280,Directed,1,MENTION,2084827870728237346
1657079607751745537,1648490572943073280,Directed,1,RETWEET,2084827870728237346
1706124519507718144,1648490572943073280,Directed,1,MENTION,2084827497254789232
1706124519507718144,1648490572943073280,Directed,1,RETWEET,2084827497254789232
292050307,1648490572943073280,Directed,1,MENTION,2084827326601211929
292050307,1648490572943073280,Directed,1,RETWEET,2084827326601211929
312978298,1648490572943073280,Directed,1,MENTION,2084824287102296285
312978298,1648490572943073280,Directed,1,RETWEET,2084824287102296285
1980022740657537024,1648490572943073280,Directed,1,MENTION,2084821921472872486
1980022740657537024,1648490572943073280,Directed,1,RETWEET,2084821921472872486
1046410157222170624,1648490572943073280,Directed,1,MENTION,2084814849691750736
1046410157222170624,1648490572943073280,Directed,1,RETWEET,2084814849691750736
192353889,958029571554729984,Directed,1,MENTION,2084811267609399495
192353889,958029571554729984,Directed,1,RETWEET,2084811267609399495
2014218858903580672,387735325,Directed,1,MENTION,2084810732030292286
2014218858903580672,4195265110,Directed,1,MENTION,2084810732030292286
1577514626543132677,1648490572943073280,Directed,1,MENTION,2084808745519837467
1577514626543132677,1648490572943073280,Directed,1,RETWEET,2084808745519837467
1950895587613638657,1648490572943073280,Directed,1,MENTION,2084806098310094908
1950895587613638657,1648490572943073280,Directed,1,RETWEET,2084806098310094908
1007187023323639809,1648490572943073280,Directed,1,MENTION,2084802226766114848
1007187023323639809,1648490572943073280,Directed,1,RETWEET,2084802226766114848
1488999680969170944,1648490572943073280,Directed,1,MENTION,2084800755454677102
1488999680969170944,1648490572943073280,Directed,1,RETWEET,2084800755454677102
1354938710001917964,716818098310025220,Directed,1,MENTION,2084800016233771491
1354938710001917964,716818098310025220,Directed,1,RETWEET,2084800016233771491
1392916764476981249,1005189465868890112,Directed,1,MENTION,2084799243047280968
1392916764476981249,387735325,Directed,1,MENTION,2084799243047280968
1392916764476981249,4195265110,Directed,1,MENTION,2084799243047280968
1392916764476981249,1005189465868890112,Directed,1,RETWEET,2084799243047280968
1956613342442979328,285403025,Directed,1,MENTION,2084798947109810571
1956613342442979328,285403025,Directed,1,RETWEET,2084798947109810571
1661405151473565698,1396897957417521155,Directed,1,MENTION,2084798416131879353
1661405151473565698,1396897957417521155,Directed,1,RETWEET,2084798416131879353
2032878115710791680,1005189465868890112,Directed,1,MENTION,2084798100049137833
2032878115710791680,387735325,Directed,1,MENTION,2084798100049137833
2032878115710791680,4195265110,Directed,1,MENTION,2084798100049137833
2032878115710791680,1005189465868890112,Directed,1,RETWEET,2084798100049137833
1919564101560500225,593035433,Directed,1,MENTION,2084794864038711404
1919564101560500225,593035433,Directed,1,RETWEET,2084794864038711404
1588013137193848834,1648490572943073280,Directed,1,MENTION,2084794182606975385
1588013137193848834,1648490572943073280,Directed,1,RETWEET,2084794182606975385
1941233376117260290,593035433,Directed,1,MENTION,2084793604795486467
1941233376117260290,593035433,Directed,1,RETWEET,2084793604795486467
1940607777497665537,387735325,Directed,1,MENTION,2084793310221132168
1940607777497665537,4195265110,Directed,1,MENTION,2084793310221132168
1794534197098405888,1648490572943073280,Directed,1,MENTION,2084789747130503248
1794534197098405888,1648490572943073280,Directed,1,RETWEET,2084789747130503248
1700280518791561216,593035433,Directed,1,MENTION,2084788158177141088
1700280518791561216,593035433,Directed,1,RETWEET,2084788158177141088
1005189465868890112,387735325,Directed,6,MENTION,2084787138110083534
2050710585705177088,1648490572943073280,Directed,1,MENTION,2084786963182198829
2050710585705177088,1648490572943073280,Directed,1,RETWEET,2084786963182198829
1937908108938117120,1648490572943073280,Directed,1,MENTION,2084786021460234469
1937908108938117120,1648490572943073280,Directed,1,RETWEET,2084786021460234469
1765742374045790208,1648490572943073280,Directed,1,MENTION,2084785551312613771
1765742374045790208,1648490572943073280,Directed,1,RETWEET,2084785551312613771
1816553672853147648,593035433,Directed,1,MENTION,2084783442827305085
1816553672853147648,593035433,Directed,1,RETWEET,2084783442827305085
2835749405,1648490572943073280,Directed,1,MENTION,2084780060305703424
2835749405,1648490572943073280,Directed,1,RETWEET,2084780060305703424
1814823346833682432,593035433,Directed,1,MENTION,2084779850246611186
1814823346833682432,593035433,Directed,1,RETWEET,2084779850246611186
2021745216378572801,1648490572943073280,Directed,1,MENTION,2084777847936188803
2021745216378572801,1648490572943073280,Directed,1,RETWEET,2084777847936188803
1276383585243672576,1648490572943073280,Directed,1,MENTION,2084775296755028256
1276383585243672576,1648490572943073280,Directed,1,RETWEET,2084775296755028256
1692087497868869632,1880440216898662401,Directed,1,MENTION,2084773838236115149
1692087497868869632,1880440216898662401,Directed,1,RETWEET,2084773838236115149
2075720326617460736,1880440216898662401,Directed,1,MENTION,2084772149223432368
2075720326617460736,1880440216898662401,Directed,1,RETWEET,2084772149223432368
320591042,1648490572943073280,Directed,1,MENTION,2084771439123775654
320591042,1648490572943073280,Directed,1,RETWEET,2084771439123775654
2079289276659855360,593035433,Directed,1,MENTION,2084768835110924404
2079289276659855360,593035433,Directed,1,RETWEET,2084768835110924404
1946745884995416064,593035433,Directed,1,MENTION,2084767406761619651
1946745884995416064,593035433,Directed,1,RETWEET,2084767406761619651
909947990156218368,1648490572943073280,Directed,1,MENTION,2084764390058779026
909947990156218368,1648490572943073280,Directed,1,RETWEET,2084764390058779026
1589053664,63184864,Directed,1,MENTION,2084762952750522558
1589053664,63184864,Directed,1,RETWEET,2084762952750522558
1589053664,1512417510548725761,Directed,1,MENTION,2084762838887698498
1589053664,1512417510548725761,Directed,1,RETWEET,2084762838887698498
1589053664,1427653373197787141,Directed,1,MENTION,2084762759795741088
1589053664,1427653373197787141,Directed,1,RETWEET,2084762759795741088
1589053664,1180966675623170048,Directed,1,MENTION,2084762588227744197
1589053664,1180966675623170048,Directed,1,RETWEET,2084762588227744197
1589053664,716818098310025220,Directed,1,MENTION,2084762392295031149
1589053664,716818098310025220,Directed,1,RETWEET,2084762392295031149
1589053664,1396897957417521155,Directed,1,MENTION,2084762322006868347
1589053664,1396897957417521155,Directed,1,RETWEET,2084762322006868347
1471265797028909058,1880440216898662401,Directed,1,MENTION,2084761035936825371
1471265797028909058,1880440216898662401,Directed,1,RETWEET,2084761035936825371
1589053664,1754546368226426880,Directed,1,MENTION,2084760660898968044
1589053664,1754546368226426880,Directed,1,RETWEET,2084760660898968044
1565907928581799942,958029571554729984,Directed,1,MENTION,2084760627898208371
1565907928581799942,958029571554729984,Directed,1,RETWEET,2084760627898208371
1657079607751745537,593035433,Directed,1,MENTION,2084760312016674910
1657079607751745537,593035433,Directed,1,RETWEET,2084760312016674910
1795966696408162304,1880440216898662401,Directed,1,MENTION,2084756392129224775
1795966696408162304,1880440216898662401,Directed,1,RETWEET,2084756392129224775
1522958734070366208,1648490572943073280,Directed,1,MENTION,2084756357173989646
1522958734070366208,1648490572943073280,Directed,1,RETWEET,2084756357173989646
310513836,1648490572943073280,Directed,1,MENTION,2084756202747990399
310513836,1648490572943073280,Directed,1,RETWEET,2084756202747990399
1005189465868890112,1046806892306038784,Directed,1,MENTION,2084754602512286170
1765583231737290752,1880440216898662401,Directed,1,MENTION,2084754355358511316
1765583231737290752,1880440216898662401,Directed,1,RETWEET,2084754355358511316
1082370997595062279,716818098310025220,Directed,1,MENTION,2084753681019277717
1082370997595062279,716818098310025220,Directed,1,RETWEET,2084753681019277717
1082370997595062279,1503664258323816448,Directed,1,MENTION,2084752810235592772
1082370997595062279,1503664258323816448,Directed,1,RETWEET,2084752810235592772
1430916401150283778,1648490572943073280,Directed,1,MENTION,2084752067311120643
1430916401150283778,1648490572943073280,Directed,1,RETWEET,2084752067311120643
1719903476883353600,593035433,Directed,1,MENTION,2084751900885262835
1719903476883353600,593035433,Directed,1,RETWEET,2084751900885262835
1895238161233547264,1648490572943073280,Directed,2,MENTION,2084751404233568716
1895238161233547264,1648490572943073280,Directed,2,RETWEET,2084751404233568716
1250821260877205506,1648490572943073280,Directed,1,MENTION,2084751316727849351
1250821260877205506,1648490572943073280,Directed,1,RETWEET,2084751316727849351
1651582299027193860,1648490572943073280,Directed,1,MENTION,2084750511903838283
1651582299027193860,1648490572943073280,Directed,1,RETWEET,2084750511903838283
1601014241116446721,1648490572943073280,Directed,1,MENTION,2084749617988571411
1601014241116446721,1648490572943073280,Directed,1,RETWEET,2084749617988571411
533843346,1648490572943073280,Directed,1,MENTION,2084746641542615505
533843346,1648490572943073280,Directed,1,RETWEET,2084746641542615505
1602362162638458889,178601825,Directed,1,QUOTE,2084746509380121005
2072169132322164737,1880440216898662401,Directed,1,MENTION,2084744599927427549
2072169132322164737,1880440216898662401,Directed,1,RETWEET,2084744599927427549
2000240538407301120,1648490572943073280,Directed,1,MENTION,2084744579782210008
2000240538407301120,1648490572943073280,Directed,1,RETWEET,2084744579782210008
1649477410084061184,1648490572943073280,Directed,1,MENTION,2084744070555918563
1649477410084061184,1648490572943073280,Directed,1,RETWEET,2084744070555918563
2049292426628472832,1880440216898662401,Directed,1,MENTION,2084743982987243622
2049292426628472832,1880440216898662401,Directed,1,RETWEET,2084743982987243622
1123374190734737410,593035433,Directed,1,MENTION,2084742617611280572
1123374190734737410,593035433,Directed,1,RETWEET,2084742617611280572
2337338137,593035433,Directed,1,MENTION,2084741066293731732
2337338137,593035433,Directed,1,RETWEET,2084741066293731732
180009841,1880440216898662401,Directed,1,MENTION,2084740588851646941
180009841,1880440216898662401,Directed,1,RETWEET,2084740588851646941
1810785583276642305,1648490572943073280,Directed,1,MENTION,2084740386610614664
1810785583276642305,1648490572943073280,Directed,1,RETWEET,2084740386610614664
1335496842012979200,1648490572943073280,Directed,1,MENTION,2084739980681744570
1335496842012979200,1648490572943073280,Directed,1,RETWEET,2084739980681744570
1553733469641089026,1648490572943073280,Directed,1,MENTION,2084739605257969736
1553733469641089026,1648490572943073280,Directed,1,RETWEET,2084739605257969736
1766703006437834752,593035433,Directed,1,MENTION,2084738155719115186
1766703006437834752,593035433,Directed,1,RETWEET,2084738155719115186
179187634,1648490572943073280,Directed,1,MENTION,2084737500862407038
179187634,1648490572943073280,Directed,1,RETWEET,2084737500862407038
1447354016330043396,958029571554729984,Directed,1,MENTION,2084736744600002822
1447354016330043396,958029571554729984,Directed,1,RETWEET,2084736744600002822
1570500251106287616,285403025,Directed,1,MENTION,2084736419902443887
1570500251106287616,285403025,Directed,1,RETWEET,2084736419902443887
2045506407428935680,1880440216898662401,Directed,1,MENTION,2084736277312659523
2045506407428935680,1880440216898662401,Directed,1,RETWEET,2084736277312659523
1395455800349319169,1648490572943073280,Directed,1,MENTION,2084736269842518452
1395455800349319169,1648490572943073280,Directed,1,RETWEET,2084736269842518452
1641025237,958029571554729984,Directed,1,MENTION,2084735774696554537
1641025237,958029571554729984,Directed,1,RETWEET,2084735774696554537
1648132523862511619,1396897957417521155,Directed,1,MENTION,2084734989501866484
1648132523862511619,1396897957417521155,Directed,1,RETWEET,2084734989501866484
3422809055,1648490572943073280,Directed,1,MENTION,2084733617838641242
3422809055,1648490572943073280,Directed,1,RETWEET,2084733617838641242
70533195,1880440216898662401,Directed,1,MENTION,2084732590875938850
70533195,1880440216898662401,Directed,1,RETWEET,2084732590875938850
867068462199431168,1648490572943073280,Directed,1,MENTION,2084731184722956754
867068462199431168,1648490572943073280,Directed,1,RETWEET,2084731184722956754
1484642213749481479,1648490572943073280,Directed,1,MENTION,2084730814772724054
1484642213749481479,1648490572943073280,Directed,1,RETWEET,2084730814772724054
1538416772486942720,1648490572943073280,Directed,1,MENTION,2084729917791408443
1538416772486942720,1648490572943073280,Directed,1,RETWEET,2084729917791408443
605420048,1648490572943073280,Directed,1,MENTION,2084728340779311433
605420048,1648490572943073280,Directed,1,RETWEET,2084728340779311433
1990947018710396928,1648490572943073280,Directed,1,MENTION,2084727878516703514
1990947018710396928,1648490572943073280,Directed,1,RETWEET,2084727878516703514
1298413165995274240,958029571554729984,Directed,1,MENTION,2084726091172675958
1298413165995274240,958029571554729984,Directed,1,RETWEET,2084726091172675958
521734440,1648490572943073280,Directed,1,MENTION,2084725092748050839
521734440,1648490572943073280,Directed,1,RETWEET,2084725092748050839
1884775334639206400,593035433,Directed,1,MENTION,2084724133988889056
1884775334639206400,593035433,Directed,1,RETWEET,2084724133988889056
1558222258950344705,958029571554729984,Directed,1,MENTION,2084723310361788916
1558222258950344705,958029571554729984,Directed,1,RETWEET,2084723310361788916
1078860667799650305,1503664258323816448,Directed,1,MENTION,2084719971272118601
1078860667799650305,1503664258323816448,Directed,1,RETWEET,2084719971272118601
2072840879782416384,593035433,Directed,1,MENTION,2084719922156913132
2072840879782416384,593035433,Directed,1,RETWEET,2084719922156913132
2030541060729131008,593035433,Directed,1,MENTION,2084719885125407019
2030541060729131008,593035433,Directed,1,RETWEET,2084719885125407019
180009841,1648490572943073280,Directed,1,MENTION,2084719686378270858
180009841,1648490572943073280,Directed,1,RETWEET,2084719686378270858
2003961408778915840,1648490572943073280,Directed,1,MENTION,2084719602001682691
2003961408778915840,1648490572943073280,Directed,1,RETWEET,2084719602001682691
1451632974454312960,1880440216898662401,Directed,1,MENTION,2084719501661094200
1451632974454312960,1880440216898662401,Directed,1,RETWEET,2084719501661094200
1451632974454312960,593035433,Directed,1,MENTION,2084719100681404547
1451632974454312960,593035433,Directed,1,RETWEET,2084719100681404547
1474546867555995650,1880440216898662401,Directed,1,MENTION,2084718663643308311
1474546867555995650,1880440216898662401,Directed,1,RETWEET,2084718663643308311
1383107262688985088,1648490572943073280,Directed,1,MENTION,2084716937469219207
1383107262688985088,1648490572943073280,Directed,1,RETWEET,2084716937469219207
1082864081525239808,1648490572943073280,Directed,1,MENTION,2084716735786082734
1082864081525239808,1648490572943073280,Directed,1,RETWEET,2084716735786082734
394798809,1648490572943073280,Directed,1,MENTION,2084716286412501305
394798809,1648490572943073280,Directed,1,RETWEET,2084716286412501305
1078482053174304768,1648490572943073280,Directed,1,MENTION,2084714917907636598
1078482053174304768,1648490572943073280,Directed,1,RETWEET,2084714917907636598
1034305617903714304,1648490572943073280,Directed,1,MENTION,2084714804204220875
1034305617903714304,1648490572943073280,Directed,1,RETWEET,2084714804204220875
1455440443,1648490572943073280,Directed,1,MENTION,2084714264393138410
1455440443,1648490572943073280,Directed,1,RETWEET,2084714264393138410
1772429702004641792,1648490572943073280,Directed,1,MENTION,2084713031020216398
1772429702004641792,1648490572943073280,Directed,1,RETWEET,2084713031020216398
747556355402235905,593035433,Directed,1,MENTION,2084711472802799964
747556355402235905,593035433,Directed,1,RETWEET,2084711472802799964
1324844686591275013,1648490572943073280,Directed,1,MENTION,2084710973789606270
1324844686591275013,1648490572943073280,Directed,1,RETWEET,2084710973789606270
1784939895582289921,1648490572943073280,Directed,1,MENTION,2084710037021503842
1784939895582289921,1648490572943073280,Directed,1,RETWEET,2084710037021503842
1680286958998659072,1648490572943073280,Directed,1,MENTION,2084708532503359871
1680286958998659072,1648490572943073280,Directed,1,RETWEET,2084708532503359871
1438088432497176582,593035433,Directed,1,MENTION,2084707138241265884
1438088432497176582,593035433,Directed,1,RETWEET,2084707138241265884
1985196244906766336,1648490572943073280,Directed,1,MENTION,2084705463505965544
1985196244906766336,1648490572943073280,Directed,1,RETWEET,2084705463505965544
832671511383154689,1648490572943073280,Directed,1,MENTION,2084705217845542999
832671511383154689,1648490572943073280,Directed,1,RETWEET,2084705217845542999
2075942783018299392,1648490572943073280,Directed,1,MENTION,2084704330599252457
2075942783018299392,1648490572943073280,Directed,1,RETWEET,2084704330599252457
308934877,1503664258323816448,Directed,1,MENTION,2084703765504917847
308934877,1503664258323816448,Directed,1,RETWEET,2084703765504917847
1258467910386884608,1648490572943073280,Directed,1,MENTION,2084703263295717772
1258467910386884608,1648490572943073280,Directed,1,RETWEET,2084703263295717772
630888954,1648490572943073280,Directed,1,MENTION,2084702974501154885
630888954,1648490572943073280,Directed,1,RETWEET,2084702974501154885
1511984179357130753,958029571554729984,Directed,1,MENTION,2084702764647485870
1511984179357130753,958029571554729984,Directed,1,RETWEET,2084702764647485870
1830512710905462784,1648490572943073280,Directed,1,MENTION,2084702483021267146
1830512710905462784,1648490572943073280,Directed,1,RETWEET,2084702483021267146
1898457561910964224,958029571554729984,Directed,1,MENTION,2084702278804521036
1898457561910964224,958029571554729984,Directed,1,RETWEET,2084702278804521036
1327037417510096897,1648490572943073280,Directed,1,MENTION,2084700581348749408
1327037417510096897,1648490572943073280,Directed,1,RETWEET,2084700581348749408
1916184684654170115,1648490572943073280,Directed,1,MENTION,2084700567574626666
1916184684654170115,1648490572943073280,Directed,1,RETWEET,2084700567574626666
2058540354224144384,593035433,Directed,1,MENTION,2084698968030622126
2058540354224144384,593035433,Directed,1,RETWEET,2084698968030622126
1824902203620106240,593035433,Directed,1,MENTION,2084698661389472005
1824902203620106240,593035433,Directed,1,RETWEET,2084698661389472005
48119942,1648490572943073280,Directed,1,MENTION,2084698031018885167
48119942,1648490572943073280,Directed,1,RETWEET,2084698031018885167
1945424950237540353,1648490572943073280,Directed,1,MENTION,2084697662943559788
1945424950237540353,1648490572943073280,Directed,1,RETWEET,2084697662943559788
1460863643038502913,593035433,Directed,1,MENTION,2084695516269400082
1460863643038502913,593035433,Directed,1,RETWEET,2084695516269400082
1190456469566742528,994411006162976770,Directed,1,MENTION,2084695069429318104
1190456469566742528,994411006162976770,Directed,1,RETWEET,2084695069429318104
2060912442750763011,1648490572943073280,Directed,1,MENTION,2084694219818410475
2060912442750763011,1648490572943073280,Directed,1,RETWEET,2084694219818410475
1329125669188624387,593035433,Directed,1,MENTION,2084693941924835670
1329125669188624387,593035433,Directed,1,RETWEET,2084693941924835670
831661358060015618,1648490572943073280,Directed,1,MENTION,2084692897304039855
831661358060015618,1648490572943073280,Directed,1,RETWEET,2084692897304039855
1744248067937746944,1648490572943073280,Directed,1,MENTION,2084692758380314993
1744248067937746944,1648490572943073280,Directed,1,RETWEET,2084692758380314993
2018531476283793409,1880440216898662401,Directed,1,MENTION,2084691975882559561
2018531476283793409,1880440216898662401,Directed,1,RETWEET,2084691975882559561
1545785176298512385,593035433,Directed,1,MENTION,2084691935474663808
1545785176298512385,593035433,Directed,1,RETWEET,2084691935474663808
1392668089339334665,1648490572943073280,Directed,1,MENTION,2084691087579332754
1392668089339334665,1648490572943073280,Directed,1,RETWEET,2084691087579332754
2362906484,1648490572943073280,Directed,1,MENTION,2084690189843124714
2362906484,1648490572943073280,Directed,1,RETWEET,2084690189843124714
56586614,1648490572943073280,Directed,1,MENTION,2084689288642318570
56586614,1648490572943073280,Directed,1,RETWEET,2084689288642318570
1833615098570543104,1503664258323816448,Directed,1,MENTION,2084689148774928823
1833615098570543104,1503664258323816448,Directed,1,RETWEET,2084689148774928823
1902861292882534400,593035433,Directed,1,MENTION,2084688334496956825
1902861292882534400,593035433,Directed,1,RETWEET,2084688334496956825
89813555,1648490572943073280,Directed,1,MENTION,2084687394914152557
89813555,1648490572943073280,Directed,1,RETWEET,2084687394914152557
1594463399332794370,1648490572943073280,Directed,1,MENTION,2084687321656443210
1594463399332794370,1648490572943073280,Directed,1,RETWEET,2084687321656443210
2362906484,958029571554729984,Directed,1,MENTION,2084687157386432842
2362906484,958029571554729984,Directed,1,RETWEET,2084687157386432842
1377436898101239809,1880440216898662401,Directed,1,MENTION,2084685200672391451
1377436898101239809,1880440216898662401,Directed,1,RETWEET,2084685200672391451
1945231271728185344,1648490572943073280,Directed,1,MENTION,2084684720051274050
1945231271728185344,1648490572943073280,Directed,1,RETWEET,2084684720051274050
387140383,593035433,Directed,1,MENTION,2084682525457215849
387140383,593035433,Directed,1,RETWEET,2084682525457215849
1772849181679579136,958029571554729984,Directed,1,MENTION,2084682237359038965
1772849181679579136,958029571554729984,Directed,1,RETWEET,2084682237359038965
2078703313541869568,1648490572943073280,Directed,1,MENTION,2084681594460049705
2078703313541869568,1648490572943073280,Directed,1,RETWEET,2084681594460049705
1874964972624551936,1648490572943073280,Directed,1,MENTION,2084680916333363343
1874964972624551936,1648490572943073280,Directed,1,RETWEET,2084680916333363343
1982635371964837888,958029571554729984,Directed,1,MENTION,2084680783642673483
1982635371964837888,958029571554729984,Directed,1,RETWEET,2084680783642673483
1802016118795546624,1648490572943073280,Directed,1,MENTION,2084680672325591363
1802016118795546624,1648490572943073280,Directed,1,RETWEET,2084680672325591363
1250821260877205506,1880440216898662401,Directed,1,MENTION,2084680096325963838
1250821260877205506,1880440216898662401,Directed,1,RETWEET,2084680096325963838
1906592088386396160,1648490572943073280,Directed,1,MENTION,2084676082817487138
1906592088386396160,1648490572943073280,Directed,1,RETWEET,2084676082817487138
1657149023675985921,1648490572943073280,Directed,1,MENTION,2084672823478346036
1657149023675985921,1648490572943073280,Directed,1,RETWEET,2084672823478346036
2018564415042326528,593035433,Directed,1,MENTION,2084672178713231644
2018564415042326528,593035433,Directed,1,RETWEET,2084672178713231644
2046621008916877313,1648490572943073280,Directed,1,MENTION,2084669170847715559
2046621008916877313,1648490572943073280,Directed,1,RETWEET,2084669170847715559
404410968,1648490572943073280,Directed,1,MENTION,2084667130877006159
404410968,1648490572943073280,Directed,1,RETWEET,2084667130877006159
1602734453918498818,1648490572943073280,Directed,1,MENTION,2084665646583779477
1602734453918498818,1648490572943073280,Directed,1,RETWEET,2084665646583779477
1811574421804781568,1880440216898662401,Directed,1,MENTION,2084662933066297408
1811574421804781568,1880440216898662401,Directed,1,RETWEET,2084662933066297408
1314263447358640128,593035433,Directed,1,MENTION,2084662828351308252
1314263447358640128,593035433,Directed,1,RETWEET,2084662828351308252
1329610710830223363,958029571554729984,Directed,1,MENTION,2084662012991222104
1329610710830223363,958029571554729984,Directed,1,RETWEET,2084662012991222104
317457805,1648490572943073280,Directed,1,MENTION,2084661821001125947
317457805,1648490572943073280,Directed,1,RETWEET,2084661821001125947
932633737975795712,593035433,Directed,1,MENTION,2084661670152921347
932633737975795712,593035433,Directed,1,RETWEET,2084661670152921347
1513975083856932864,958029571554729984,Directed,1,MENTION,2084661357157511232
1513975083856932864,958029571554729984,Directed,1,RETWEET,2084661357157511232
2245811032,1648490572943073280,Directed,1,MENTION,2084661037941334059
2245811032,1648490572943073280,Directed,1,RETWEET,2084661037941334059
1610739636380237851,1648490572943073280,Directed,1,MENTION,2084659875477336366
1610739636380237851,1648490572943073280,Directed,1,RETWEET,2084659875477336366
1757117762609061888,593035433,Directed,1,MENTION,2084659425244024896
1757117762609061888,593035433,Directed,1,RETWEET,2084659425244024896
262854287,1648490572943073280,Directed,1,MENTION,2084657403631452443
262854287,1648490572943073280,Directed,1,RETWEET,2084657403631452443
1740306412771876864,285403025,Directed,1,MENTION,2084655653004726665
1740306412771876864,285403025,Directed,1,RETWEET,2084655653004726665
1431365987719331841,1648490572943073280,Directed,1,MENTION,2084653157699739849
1431365987719331841,1648490572943073280,Directed,1,RETWEET,2084653157699739849
1475196117625319439,1648490572943073280,Directed,1,MENTION,2084652979253047469
1475196117625319439,1648490572943073280,Directed,1,RETWEET,2084652979253047469
2018564415042326528,1648490572943073280,Directed,1,MENTION,2084652834671284350
2018564415042326528,1648490572943073280,Directed,1,RETWEET,2084652834671284350
1965247489654636544,1648490572943073280,Directed,1,MENTION,2084651973450608789
1965247489654636544,1648490572943073280,Directed,1,RETWEET,2084651973450608789
1718402667309842432,1648490572943073280,Directed,1,MENTION,2084651358204956692
1718402667309842432,1648490572943073280,Directed,1,RETWEET,2084651358204956692
1801029841736634368,1648490572943073280,Directed,1,MENTION,2084650559198449806
1801029841736634368,1648490572943073280,Directed,1,RETWEET,2084650559198449806
1793279813123272704,958029571554729984,Directed,1,MENTION,2084648852259254385
1793279813123272704,958029571554729984,Directed,1,RETWEET,2084648852259254385
1868908729263104000,1648490572943073280,Directed,1,MENTION,2084647876937097440
1868908729263104000,1648490572943073280,Directed,1,RETWEET,2084647876937097440
1684021723065204738,1648490572943073280,Directed,1,MENTION,2084646674878603562
1684021723065204738,1648490572943073280,Directed,1,RETWEET,2084646674878603562
2378725764,1648490572943073280,Directed,1,MENTION,2084645797925154843
2378725764,1648490572943073280,Directed,1,RETWEET,2084645797925154843
1579624144378937350,1648490572943073280,Directed,1,MENTION,2084645195455299598
1579624144378937350,1648490572943073280,Directed,1,RETWEET,2084645195455299598
189305259,1648490572943073280,Directed,1,MENTION,2084643830410703181
189305259,1648490572943073280,Directed,1,RETWEET,2084643830410703181
415864583,1648490572943073280,Directed,1,MENTION,2084643677951898036
415864583,1648490572943073280,Directed,1,RETWEET,2084643677951898036
1988427480084926465,958029571554729984,Directed,1,MENTION,2084643570649055317
1988427480084926465,958029571554729984,Directed,1,RETWEET,2084643570649055317
1723772389131960320,958029571554729984,Directed,1,MENTION,2084642653728096399
1723772389131960320,958029571554729984,Directed,1,RETWEET,2084642653728096399
3015818241,1648490572943073280,Directed,1,MENTION,2084640018060972219
3015818241,1648490572943073280,Directed,1,RETWEET,2084640018060972219
1650873159099219973,958029571554729984,Directed,1,MENTION,2084638729591746809
1650873159099219973,958029571554729984,Directed,1,RETWEET,2084638729591746809
1578815019457957889,1648490572943073280,Directed,1,MENTION,2084638086340763819
1578815019457957889,1648490572943073280,Directed,1,RETWEET,2084638086340763819
1139156859565350912,1648490572943073280,Directed,1,MENTION,2084638023262564738
1139156859565350912,1648490572943073280,Directed,1,RETWEET,2084638023262564738
1184515034040455168,1648490572943073280,Directed,1,MENTION,2084635159056339089
1184515034040455168,1648490572943073280,Directed,1,RETWEET,2084635159056339089
809601860,1754672296801783808,Directed,1,MENTION,2084635076067824080
809601860,1754672296801783808,Directed,1,RETWEET,2084635076067824080
1863304933304410112,1648490572943073280,Directed,1,MENTION,2084634991124697489
1863304933304410112,1648490572943073280,Directed,1,RETWEET,2084634991124697489
26876188,1648490572943073280,Directed,1,MENTION,2084634906294972908
26876188,1648490572943073280,Directed,1,RETWEET,2084634906294972908
1528650490162159618,593035433,Directed,1,MENTION,2084634777697632532
1528650490162159618,593035433,Directed,1,RETWEET,2084634777697632532
2388053407,1648490572943073280,Directed,1,MENTION,2084634426965717462
2388053407,1648490572943073280,Directed,1,RETWEET,2084634426965717462
1509677711924604929,285403025,Directed,1,MENTION,2084633135321416023
1509677711924604929,285403025,Directed,1,RETWEET,2084633135321416023
1461885832927891459,1880440216898662401,Directed,1,MENTION,2084632532750938590
1461885832927891459,1880440216898662401,Directed,1,RETWEET,2084632532750938590
1528650490162159618,1648490572943073280,Directed,1,MENTION,2084631037192093757
1528650490162159618,1648490572943073280,Directed,1,RETWEET,2084631037192093757
3325795317,1880440216898662401,Directed,1,MENTION,2084630585926901980
3325795317,1880440216898662401,Directed,1,RETWEET,2084630585926901980
2511513408,1648490572943073280,Directed,1,MENTION,2084630507380224310
2511513408,1648490572943073280,Directed,1,RETWEET,2084630507380224310
1991519747473608704,1648490572943073280,Directed,1,MENTION,2084629898572771604
1991519747473608704,1648490572943073280,Directed,1,RETWEET,2084629898572771604
923170381946597378,1880440216898662401,Directed,1,MENTION,2084628011878396285
923170381946597378,1880440216898662401,Directed,1,RETWEET,2084628011878396285
803499462,1648490572943073280,Directed,1,MENTION,2084626669742989573
803499462,1648490572943073280,Directed,1,RETWEET,2084626669742989573
1919564101560500225,1648490572943073280,Directed,2,MENTION,2084624447986651311
1919564101560500225,1648490572943073280,Directed,2,RETWEET,2084624447986651311
1518763120998723591,1648490572943073280,Directed,2,MENTION,2084624315354411406
1518763120998723591,1648490572943073280,Directed,2,RETWEET,2084624315354411406
560736465,1648490572943073280,Directed,1,MENTION,2084622540001960224
560736465,1648490572943073280,Directed,1,RETWEET,2084622540001960224
3337067717,1648490572943073280,Directed,1,MENTION,2084620992454758598
3337067717,1648490572943073280,Directed,1,RETWEET,2084620992454758598
1686027184597508096,1005189465868890112,Directed,1,MENTION,2084620363556696485
1686027184597508096,716459367655219200,Directed,1,MENTION,2084620363556696485
1686027184597508096,1005189465868890112,Directed,1,REPLY,2084620363556696485
2078576448822976512,1880440216898662401,Directed,1,MENTION,2084620335161151936
2078576448822976512,1880440216898662401,Directed,1,RETWEET,2084620335161151936
232009513,1648490572943073280,Directed,1,MENTION,2084618811383197741
232009513,1648490572943073280,Directed,1,RETWEET,2084618811383197741
1536809440061673474,1503664258323816448,Directed,1,MENTION,2084617957724848549
1536809440061673474,1503664258323816448,Directed,1,RETWEET,2084617957724848549
2048320227373391872,958029571554729984,Directed,1,MENTION,2084616635818693013
2048320227373391872,958029571554729984,Directed,1,RETWEET,2084616635818693013
571449526,1648490572943073280,Directed,1,MENTION,2084615026824900708
571449526,212423902,Directed,1,MENTION,2084615026824900708
571449526,1648490572943073280,Directed,1,RETWEET,2084615026824900708
1932184320057241600,1880440216898662401,Directed,1,MENTION,2084613729237299415
1932184320057241600,1880440216898662401,Directed,1,RETWEET,2084613729237299415
1975219797920030720,593035433,Directed,1,MENTION,2084613035696468131
1975219797920030720,593035433,Directed,1,RETWEET,2084613035696468131
423771377,1648490572943073280,Directed,1,MENTION,2084611412861624381
423771377,1648490572943073280,Directed,1,RETWEET,2084611412861624381
1772485959038148609,1648490572943073280,Directed,1,MENTION,2084606351276486971
1772485959038148609,1648490572943073280,Directed,1,RETWEET,2084606351276486971
1745304506416459776,1396897957417521155,Directed,1,MENTION,2084604661181428158
1745304506416459776,1396897957417521155,Directed,1,RETWEET,2084604661181428158
1449928623549517826,593035433,Directed,1,MENTION,2084603229631901842
1449928623549517826,593035433,Directed,1,RETWEET,2084603229631901842
1686970244995133440,1648490572943073280,Directed,1,MENTION,2084602481238016181
1686970244995133440,1648490572943073280,Directed,1,RETWEET,2084602481238016181
1524899517790932996,1880440216898662401,Directed,1,MENTION,2084598660533301499
1524899517790932996,1880440216898662401,Directed,1,RETWEET,2084598660533301499
861308721414230018,958029571554729984,Directed,1,MENTION,2084596907242877298
861308721414230018,958029571554729984,Directed,1,RETWEET,2084596907242877298
1986877188290088960,1880440216898662401,Directed,1,MENTION,2084596585992704019
1986877188290088960,1880440216898662401,Directed,1,RETWEET,2084596585992704019
1673771943735033857,1754546368226426880,Directed,1,MENTION,2084595188257734728
1673771943735033857,1754546368226426880,Directed,1,RETWEET,2084595188257734728
1725289690515824640,1880440216898662401,Directed,1,MENTION,2084593516026466473
1725289690515824640,1880440216898662401,Directed,1,RETWEET,2084593516026466473
1542060056308580355,1648490572943073280,Directed,1,MENTION,2084589668956328212
1542060056308580355,1648490572943073280,Directed,1,RETWEET,2084589668956328212
779597778,1305033322649784322,Directed,1,MENTION,2084589266273755613
1992813132729712640,1648490572943073280,Directed,1,MENTION,2084589203715686813
1992813132729712640,1648490572943073280,Directed,1,RETWEET,2084589203715686813
1192223560011583489,1754546368226426880,Directed,1,MENTION,2084588607281516885
1192223560011583489,1754546368226426880,Directed,1,RETWEET,2084588607281516885
1192223560011583489,1648490572943073280,Directed,1,MENTION,2084588475865616441
1192223560011583489,1648490572943073280,Directed,1,RETWEET,2084588475865616441
880264867,1648490572943073280,Directed,1,MENTION,2084588143877955810
880264867,1648490572943073280,Directed,1,RETWEET,2084588143877955810
1454381853666947076,1648490572943073280,Directed,1,MENTION,2084587249266556955
1454381853666947076,1648490572943073280,Directed,1,RETWEET,2084587249266556955
1080941894451036163,1648490572943073280,Directed,1,MENTION,2084586817358029020
1080941894451036163,1648490572943073280,Directed,1,RETWEET,2084586817358029020
137682065,1648490572943073280,Directed,1,MENTION,2084586117379096934
137682065,1648490572943073280,Directed,1,RETWEET,2084586117379096934
1829004840623558656,1880440216898662401,Directed,1,MENTION,2084585955587940740
1829004840623558656,1880440216898662401,Directed,1,RETWEET,2084585955587940740
1654545465986228226,1648490572943073280,Directed,1,MENTION,2084583874986701274
1654545465986228226,1648490572943073280,Directed,1,RETWEET,2084583874986701274
2037388289271885824,285403025,Directed,1,MENTION,2084582818596728852
2037388289271885824,285403025,Directed,1,RETWEET,2084582818596728852
1705631380116258817,1880440216898662401,Directed,1,MENTION,2084577254894457105
1705631380116258817,1880440216898662401,Directed,1,RETWEET,2084577254894457105
2005424491095363584,1648490572943073280,Directed,1,MENTION,2084575797818351816
2005424491095363584,1648490572943073280,Directed,1,RETWEET,2084575797818351816
1660400956784226304,1648490572943073280,Directed,1,MENTION,2084574962224955884
1660400956784226304,1648490572943073280,Directed,1,RETWEET,2084574962224955884
1892483756361207809,1648490572943073280,Directed,1,MENTION,2084573348491583908
1892483756361207809,1648490572943073280,Directed,1,RETWEET,2084573348491583908
1595857019671650305,593035433,Directed,1,MENTION,2084572079937015915
1595857019671650305,593035433,Directed,1,RETWEET,2084572079937015915
1660400956784226304,1880440216898662401,Directed,1,MENTION,2084570692633190843
1660400956784226304,1880440216898662401,Directed,1,RETWEET,2084570692633190843
1945591853937790976,1648490572943073280,Directed,1,MENTION,2084570352462541275
1945591853937790976,1648490572943073280,Directed,1,RETWEET,2084570352462541275
1963144259567034368,1648490572943073280,Directed,1,MENTION,2084570072870228419
1963144259567034368,1648490572943073280,Directed,1,RETWEET,2084570072870228419
61817248,1648490572943073280,Directed,1,MENTION,2084568852503945236
61817248,1648490572943073280,Directed,1,RETWEET,2084568852503945236
4273888760,1648490572943073280,Directed,1,MENTION,2084568157189009880
4273888760,1648490572943073280,Directed,1,RETWEET,2084568157189009880
1692373672273600512,1880440216898662401,Directed,1,MENTION,2084561564082839816
1692373672273600512,1880440216898662401,Directed,1,RETWEET,2084561564082839816
2062368557778845696,1648490572943073280,Directed,1,MENTION,2084560645798703349
2062368557778845696,1648490572943073280,Directed,1,RETWEET,2084560645798703349
227482235,593035433,Directed,1,MENTION,2084558509153419565
227482235,593035433,Directed,1,RETWEET,2084558509153419565
2071086902653140992,1005189465868890112,Directed,1,MENTION,2084557353962361323
2071086902653140992,1005189465868890112,Directed,1,REPLY,2084557353962361323
1829004840623558656,593035433,Directed,1,MENTION,2084555677679210849
1829004840623558656,593035433,Directed,1,RETWEET,2084555677679210849
894431570018402304,1648490572943073280,Directed,1,MENTION,2084555190745677977
894431570018402304,1648490572943073280,Directed,1,RETWEET,2084555190745677977
1825059274801762304,593035433,Directed,1,MENTION,2084552601580839068
1825059274801762304,593035433,Directed,1,RETWEET,2084552601580839068
2989804200,1648490572943073280,Directed,1,MENTION,2084552559482794254
2989804200,1648490572943073280,Directed,1,RETWEET,2084552559482794254
1959681269895200768,222616192,Directed,1,MENTION,2084552297468604627
1817747968620920832,1648490572943073280,Directed,1,MENTION,2084551168777191816
1817747968620920832,1648490572943073280,Directed,1,RETWEET,2084551168777191816
1524626984994807808,593035433,Directed,1,MENTION,2084550398174462114
1524626984994807808,593035433,Directed,1,RETWEET,2084550398174462114
1831123461340585984,1880440216898662401,Directed,1,MENTION,2084550390092038561
1831123461340585984,1880440216898662401,Directed,1,RETWEET,2084550390092038561
1565915151840190464,1648490572943073280,Directed,1,MENTION,2084549985433977321
1565915151840190464,1648490572943073280,Directed,1,RETWEET,2084549985433977321
1466242140,1648490572943073280,Directed,1,MENTION,2084549792382763434
1466242140,1648490572943073280,Directed,1,RETWEET,2084549792382763434
866800997175353345,1611930262484717569,Directed,1,MENTION,2084549478057484362
866800997175353345,1611930262484717569,Directed,1,RETWEET,2084549478057484362
1853964926886236164,1611930262484717569,Directed,1,MENTION,2084549223421239307
1853964926886236164,1611930262484717569,Directed,1,RETWEET,2084549223421239307
1297040412100657152,1648490572943073280,Directed,1,MENTION,2084548728371728458
1297040412100657152,1648490572943073280,Directed,1,RETWEET,2084548728371728458
1577404546153750528,1611930262484717569,Directed,1,MENTION,2084548238619881733
1577404546153750528,1611930262484717569,Directed,1,RETWEET,2084548238619881733
1008530844762247168,1503664258323816448,Directed,1,MENTION,2084547697537945685
1008530844762247168,1503664258323816448,Directed,1,RETWEET,2084547697537945685
1822328634591379456,1880440216898662401,Directed,1,MENTION,2084546504727879695
1822328634591379456,1880440216898662401,Directed,1,RETWEET,2084546504727879695
1355437161399668736,1648490572943073280,Directed,1,MENTION,2084545992234246432
1355437161399668736,1648490572943073280,Directed,1,RETWEET,2084545992234246432
1593301922475233280,1648490572943073280,Directed,1,MENTION,2084545469800443963
1593301922475233280,1648490572943073280,Directed,1,RETWEET,2084545469800443963
1488693670689845248,1648490572943073280,Directed,1,MENTION,2084545088999305350
1488693670689845248,1648490572943073280,Directed,1,RETWEET,2084545088999305350
2036607379199107073,285403025,Directed,1,MENTION,2084543313625944075
2036607379199107073,285403025,Directed,1,RETWEET,2084543313625944075
1755071917462040576,63184864,Directed,1,MENTION,2084542513948307606
1755071917462040576,63184864,Directed,1,RETWEET,2084542513948307606
1358145626802905088,1648490572943073280,Directed,1,MENTION,2084541650211049921
1358145626802905088,1648490572943073280,Directed,1,RETWEET,2084541650211049921
2080297129222815744,1648490572943073280,Directed,1,MENTION,2084540216073761105
2080297129222815744,1648490572943073280,Directed,1,RETWEET,2084540216073761105
2084532384897056768,1648490572943073280,Directed,1,MENTION,2084539913047797803
2084532384897056768,1648490572943073280,Directed,1,RETWEET,2084539913047797803
1290796518140719104,1648490572943073280,Directed,1,MENTION,2084538874131288274
1290796518140719104,1648490572943073280,Directed,1,RETWEET,2084538874131288274
1409970153698246662,1611930262484717569,Directed,1,MENTION,2084538284022087729
1409970153698246662,1611930262484717569,Directed,1,RETWEET,2084538284022087729
1977558827311493120,1648490572943073280,Directed,1,MENTION,2084536518421430419
1977558827311493120,1648490572943073280,Directed,1,RETWEET,2084536518421430419
2016661002280914944,1880440216898662401,Directed,1,MENTION,2084535434969747750
2016661002280914944,1880440216898662401,Directed,1,RETWEET,2084535434969747750
1529942660160667661,1880440216898662401,Directed,1,MENTION,2084534085314064873
1529942660160667661,1880440216898662401,Directed,1,RETWEET,2084534085314064873
1697227085851279360,593035433,Directed,1,MENTION,2084533337939407004
1697227085851279360,593035433,Directed,1,RETWEET,2084533337939407004
741829826248626176,1648490572943073280,Directed,1,MENTION,2084532221881319764
741829826248626176,1648490572943073280,Directed,1,RETWEET,2084532221881319764
1611373703207550981,1611930262484717569,Directed,1,MENTION,2084531802115305605
1611373703207550981,1611930262484717569,Directed,1,RETWEET,2084531802115305605
2072840879782416384,1648490572943073280,Directed,1,MENTION,2084531726890541069
2072840879782416384,1648490572943073280,Directed,1,RETWEET,2084531726890541069
1524626984994807808,1611930262484717569,Directed,1,MENTION,2084531399382430170
1524626984994807808,1611930262484717569,Directed,1,RETWEET,2084531399382430170
1844188692304494592,1648490572943073280,Directed,1,MENTION,2084530232925536366
1844188692304494592,1648490572943073280,Directed,1,RETWEET,2084530232925536366
1577123125103321090,1648490572943073280,Directed,1,MENTION,2084529119325200737
1577123125103321090,1648490572943073280,Directed,1,RETWEET,2084529119325200737
1792147999885324288,1880440216898662401,Directed,1,MENTION,2084529013049975165
1792147999885324288,1880440216898662401,Directed,1,RETWEET,2084529013049975165
1430757360151187457,593035433,Directed,1,MENTION,2084529008029442134
1430757360151187457,593035433,Directed,1,RETWEET,2084529008029442134
715560604,593035433,Directed,1,MENTION,2084528531443204506
715560604,593035433,Directed,1,RETWEET,2084528531443204506
771925478,1648490572943073280,Directed,1,MENTION,2084528340820697344
771925478,1648490572943073280,Directed,1,RETWEET,2084528340820697344
1895629352,593035433,Directed,1,MENTION,2084528053149900974
1895629352,593035433,Directed,1,RETWEET,2084528053149900974
708785585981419523,1754546368226426880,Directed,1,MENTION,2084527804180316209
708785585981419523,1754546368226426880,Directed,1,RETWEET,2084527804180316209
1946051745647304704,1648490572943073280,Directed,1,MENTION,2084527490471506358
1946051745647304704,1648490572943073280,Directed,1,RETWEET,2084527490471506358
1546985796888059905,1648490572943073280,Directed,1,MENTION,2084527447236587995
1546985796888059905,1648490572943073280,Directed,1,RETWEET,2084527447236587995
2035085718016729091,1648490572943073280,Directed,1,MENTION,2084526491648315414
2035085718016729091,1648490572943073280,Directed,1,RETWEET,2084526491648315414
2035085718016729091,1880440216898662401,Directed,1,MENTION,2084525250369228871
2035085718016729091,1880440216898662401,Directed,1,RETWEET,2084525250369228871
2023144586994909184,593035433,Directed,1,MENTION,2084524892603527551
2023144586994909184,593035433,Directed,1,RETWEET,2084524892603527551
1478065849705582598,1611930262484717569,Directed,1,MENTION,2084522403036798985
1478065849705582598,1611930262484717569,Directed,1,RETWEET,2084522403036798985
1430757360151187457,1880440216898662401,Directed,1,MENTION,2084522384757846056
1430757360151187457,1880440216898662401,Directed,1,RETWEET,2084522384757846056
3068881136,1648490572943073280,Directed,1,MENTION,2084521535771959689
3068881136,1648490572943073280,Directed,1,RETWEET,2084521535771959689
1684911570277593088,958029571554729984,Directed,1,MENTION,2084521533888716942
1684911570277593088,958029571554729984,Directed,1,RETWEET,2084521533888716942
883138633032761345,1648490572943073280,Directed,1,MENTION,2084521259484782918
883138633032761345,1648490572943073280,Directed,1,RETWEET,2084521259484782918
1451719373152993283,1648490572943073280,Directed,1,MENTION,2084521069080146214
1451719373152993283,1648490572943073280,Directed,1,RETWEET,2084521069080146214
1638376144797040640,1611930262484717569,Directed,1,MENTION,2084520027567648806
1638376144797040640,1611930262484717569,Directed,1,RETWEET,2084520027567648806
1574582297260605445,1611930262484717569,Directed,1,MENTION,2084519925368959003
1574582297260605445,1611930262484717569,Directed,1,RETWEET,2084519925368959003
1872692764887928832,1474549900071215105,Directed,3,MENTION,2084519830913265910
1872692764887928832,1474549900071215105,Directed,3,RETWEET,2084519830913265910
1672483595741454338,1880440216898662401,Directed,1,MENTION,2084519139612250564
1672483595741454338,1880440216898662401,Directed,1,RETWEET,2084519139612250564
1872692764887928832,1930392859846352896,Directed,4,MENTION,2084518338391093618
1872692764887928832,1930392859846352896,Directed,4,RETWEET,2084518338391093618
1872692764887928832,1648490572943073280,Directed,4,MENTION,2084517640723177508
1872692764887928832,1648490572943073280,Directed,4,RETWEET,2084517640723177508
1872692764887928832,147755340,Directed,3,MENTION,2084517620225634605
1872692764887928832,147755340,Directed,3,RETWEET,2084517620225634605
1719142060559597568,958029571554729984,Directed,1,MENTION,2084516710770504154
1719142060559597568,958029571554729984,Directed,1,RETWEET,2084516710770504154
1732462623080267776,1648490572943073280,Directed,1,MENTION,2084516352526594142
1732462623080267776,1648490572943073280,Directed,1,RETWEET,2084516352526594142
1463243044380196865,1880440216898662401,Directed,1,MENTION,2084515846907367640
1463243044380196865,1880440216898662401,Directed,1,RETWEET,2084515846907367640
1846232294337753088,1880440216898662401,Directed,1,MENTION,2084515148262150368
1846232294337753088,1880440216898662401,Directed,1,RETWEET,2084515148262150368
1755295922555166720,593035433,Directed,1,MENTION,2084515025067159576
1755295922555166720,593035433,Directed,1,RETWEET,2084515025067159576
2047237384790585344,285403025,Directed,1,MENTION,2084514978653172187
2047237384790585344,285403025,Directed,1,RETWEET,2084514978653172187
1666656478063730693,1648490572943073280,Directed,1,MENTION,2084514610019721348
1666656478063730693,1648490572943073280,Directed,1,RETWEET,2084514610019721348
1645414345231200258,593035433,Directed,1,MENTION,2084514139444011360
1645414345231200258,593035433,Directed,1,RETWEET,2084514139444011360
970697352947355648,593035433,Directed,1,MENTION,2084513992618238258
970697352947355648,593035433,Directed,1,RETWEET,2084513992618238258
1771016447923306496,1648490572943073280,Directed,1,MENTION,2084513733955490301
1771016447923306496,1648490572943073280,Directed,1,RETWEET,2084513733955490301
1863285735245406209,1648490572943073280,Directed,1,MENTION,2084512998186709233
1863285735245406209,1648490572943073280,Directed,1,RETWEET,2084512998186709233
3305426754,1648490572943073280,Directed,1,MENTION,2084508662286934447
3305426754,1648490572943073280,Directed,1,RETWEET,2084508662286934447
3305426754,285403025,Directed,1,MENTION,2084508187508580855
3305426754,285403025,Directed,1,RETWEET,2084508187508580855
1558571940339646467,593035433,Directed,1,QUOTE,2084508066016354422
983670053219524608,1648490572943073280,Directed,1,MENTION,2084506916382732700
983670053219524608,1648490572943073280,Directed,1,RETWEET,2084506916382732700
1546007382672789505,958029571554729984,Directed,1,MENTION,2084506213283176729
1546007382672789505,958029571554729984,Directed,1,RETWEET,2084506213283176729
1515709357090119689,1648490572943073280,Directed,1,MENTION,2084504800536789210
1515709357090119689,1648490572943073280,Directed,1,RETWEET,2084504800536789210
1514302697784025091,1880440216898662401,Directed,1,MENTION,2084504664129819034
1514302697784025091,1880440216898662401,Directed,1,RETWEET,2084504664129819034
2596709167,593035433,Directed,1,MENTION,2084504419668840461
2596709167,593035433,Directed,1,RETWEET,2084504419668840461
1965914204390801408,1880440216898662401,Directed,1,MENTION,2084504249761722835
1965914204390801408,1880440216898662401,Directed,1,RETWEET,2084504249761722835
2065635509607538688,1648490572943073280,Directed,1,MENTION,2084504204832276573
2065635509607538688,1648490572943073280,Directed,1,RETWEET,2084504204832276573
1149098334906249216,1751104029822771200,Directed,1,MENTION,2084503494703317397
1149098334906249216,1751104029822771200,Directed,1,RETWEET,2084503494703317397
1895629352,1648490572943073280,Directed,1,MENTION,2084502819566915712
1895629352,1648490572943073280,Directed,1,RETWEET,2084502819566915712
1735868422725005312,1648490572943073280,Directed,1,MENTION,2084502619670683803
1735868422725005312,1648490572943073280,Directed,1,RETWEET,2084502619670683803
1756550520053903360,593035433,Directed,1,MENTION,2084502278082326855
1756550520053903360,593035433,Directed,1,RETWEET,2084502278082326855
1092307869410779138,1648490572943073280,Directed,1,MENTION,2084502276178149496
1092307869410779138,1648490572943073280,Directed,1,RETWEET,2084502276178149496
1756550520053903360,1503664258323816448,Directed,1,MENTION,2084501878167978158
1756550520053903360,1503664258323816448,Directed,1,RETWEET,2084501878167978158
2518027847,1648490572943073280,Directed,1,MENTION,2084501263681495091
2518027847,1648490572943073280,Directed,1,RETWEET,2084501263681495091
1556535448645902336,593035433,Directed,1,MENTION,2084501138909401378
1556535448645902336,593035433,Directed,1,RETWEET,2084501138909401378
450274103,296452605,Directed,1,MENTION,2084500564763676980
450274103,296452605,Directed,1,RETWEET,2084500564763676980
2049879798567059456,1648490572943073280,Directed,1,MENTION,2084500101846663288
2049879798567059456,1648490572943073280,Directed,1,RETWEET,2084500101846663288
1872484155419676672,1648490572943073280,Directed,1,MENTION,2084500077867901082
1872484155419676672,1648490572943073280,Directed,1,RETWEET,2084500077867901082
1589593315074252801,1648490572943073280,Directed,1,MENTION,2084499942861648166
1589593315074252801,1648490572943073280,Directed,1,RETWEET,2084499942861648166
431624681,1503664258323816448,Directed,1,MENTION,2084499644961132804
431624681,1503664258323816448,Directed,1,RETWEET,2084499644961132804
1502464904980279298,1648490572943073280,Directed,1,MENTION,2084499379600146896
1502464904980279298,1648490572943073280,Directed,1,RETWEET,2084499379600146896
1079497314513887233,1648490572943073280,Directed,1,MENTION,2084499373098983827
1079497314513887233,212423902,Directed,1,MENTION,2084499373098983827
1079497314513887233,1648490572943073280,Directed,1,RETWEET,2084499373098983827
1255978363044462592,1648490572943073280,Directed,1,MENTION,2084499130513019024
1255978363044462592,1648490572943073280,Directed,1,RETWEET,2084499130513019024
1994145819792965632,1648490572943073280,Directed,1,MENTION,2084498693437165589
1994145819792965632,1648490572943073280,Directed,1,RETWEET,2084498693437165589
548227494,1648490572943073280,Directed,1,MENTION,2084498068108374236
548227494,1648490572943073280,Directed,1,RETWEET,2084498068108374236
1464796342153322502,958029571554729984,Directed,1,MENTION,2084497179712880980
1464796342153322502,958029571554729984,Directed,1,RETWEET,2084497179712880980
1150829108332552192,1648490572943073280,Directed,1,MENTION,2084497152454119912
1150829108332552192,1648490572943073280,Directed,1,RETWEET,2084497152454119912
1873887954726199296,958029571554729984,Directed,1,MENTION,2084497124818034891
1873887954726199296,958029571554729984,Directed,1,RETWEET,2084497124818034891
2750064131,958029571554729984,Directed,1,MENTION,2084496951660155103
2750064131,958029571554729984,Directed,1,RETWEET,2084496951660155103
2070485209355534337,1648490572943073280,Directed,1,MENTION,2084496766309650826
2070485209355534337,1648490572943073280,Directed,1,RETWEET,2084496766309650826
1759117909312348160,1648490572943073280,Directed,1,MENTION,2084495659772608569
1759117909312348160,1648490572943073280,Directed,1,RETWEET,2084495659772608569
1734426591361437696,1648490572943073280,Directed,1,MENTION,2084495455245738278
1734426591361437696,1648490572943073280,Directed,1,RETWEET,2084495455245738278
45479273,1648490572943073280,Directed,1,MENTION,2084494780164194608
45479273,1648490572943073280,Directed,1,RETWEET,2084494780164194608
1965914204390801408,593035433,Directed,1,MENTION,2084494640174997966
1965914204390801408,593035433,Directed,1,RETWEET,2084494640174997966
2006618396662677504,1648490572943073280,Directed,1,MENTION,2084494425170854023
2006618396662677504,1648490572943073280,Directed,1,RETWEET,2084494425170854023
1015048436012539904,1648490572943073280,Directed,1,MENTION,2084494298695729324
1015048436012539904,1648490572943073280,Directed,1,RETWEET,2084494298695729324
1754722708615745536,1648490572943073280,Directed,1,MENTION,2084494281801359495
1754722708615745536,1648490572943073280,Directed,1,RETWEET,2084494281801359495
1840064550457974784,1648490572943073280,Directed,1,MENTION,2084494110321201284
1840064550457974784,1648490572943073280,Directed,1,RETWEET,2084494110321201284
1194054937237438464,1648490572943073280,Directed,1,MENTION,2084493904649261232
1194054937237438464,1648490572943073280,Directed,1,RETWEET,2084493904649261232
1872692764887928832,1880440216898662401,Directed,1,MENTION,2084493835900424652
1872692764887928832,1880440216898662401,Directed,1,RETWEET,2084493835900424652
1872692764887928832,1653173958873579523,Directed,1,MENTION,2084493435604513126
1872692764887928832,1653173958873579523,Directed,1,RETWEET,2084493435604513126
1813819715107647488,1754546368226426880,Directed,1,MENTION,2084493019890213363
1813819715107647488,1754546368226426880,Directed,1,RETWEET,2084493019890213363
1918816168741163008,1648490572943073280,Directed,1,MENTION,2084492983890497675
1918816168741163008,1648490572943073280,Directed,1,RETWEET,2084492983890497675
1872692764887928832,1906997794755506176,Directed,1,MENTION,2084492906656600307
1872692764887928832,1906997794755506176,Directed,1,RETWEET,2084492906656600307
2658991043,1648490572943073280,Directed,2,MENTION,2084492701928698057
2658991043,1648490572943073280,Directed,2,RETWEET,2084492701928698057
1813819715107647488,1503664258323816448,Directed,1,MENTION,2084492687030268013
1813819715107647488,1503664258323816448,Directed,1,RETWEET,2084492687030268013
1872692764887928832,1872804668142747649,Directed,1,MENTION,2084492680159981881
1872692764887928832,1872804668142747649,Directed,1,RETWEET,2084492680159981881
4712248043,1648490572943073280,Directed,1,MENTION,2084492581908471979
4712248043,1648490572943073280,Directed,1,RETWEET,2084492581908471979
1813819715107647488,1648490572943073280,Directed,1,MENTION,2084492478703366594
1813819715107647488,1648490572943073280,Directed,1,RETWEET,2084492478703366594
1872692764887928832,212423902,Directed,1,MENTION,2084492211589165314
443422336,1648490572943073280,Directed,1,MENTION,2084491928314183918
443422336,1648490572943073280,Directed,1,RETWEET,2084491928314183918
1918816168741163008,593035433,Directed,1,MENTION,2084491652958245228
1918816168741163008,593035433,Directed,1,RETWEET,2084491652958245228
1631073130059010048,1648490572943073280,Directed,1,MENTION,2084491057975497030
1631073130059010048,1648490572943073280,Directed,1,RETWEET,2084491057975497030
1230135268356870145,716818098310025220,Directed,1,MENTION,2084490255982264329
1230135268356870145,716818098310025220,Directed,1,RETWEET,2084490255982264329
1914499629162409985,1648490572943073280,Directed,1,MENTION,2084489542317338640
1914499629162409985,1648490572943073280,Directed,1,RETWEET,2084489542317338640
1861948854670880768,1648490572943073280,Directed,1,MENTION,2084488280775557629
1861948854670880768,1648490572943073280,Directed,1,RETWEET,2084488280775557629
1907580501994381312,1648490572943073280,Directed,1,MENTION,2084487627655307473
1907580501994381312,1648490572943073280,Directed,1,RETWEET,2084487627655307473
1510396122682265603,1648490572943073280,Directed,1,MENTION,2084486799842566609
1510396122682265603,1648490572943073280,Directed,1,RETWEET,2084486799842566609
1762908129451241472,1648490572943073280,Directed,1,MENTION,2084486724428644857
1762908129451241472,1648490572943073280,Directed,1,RETWEET,2084486724428644857
1421007229969485826,1648490572943073280,Directed,1,MENTION,2084486470622970247
1421007229969485826,1648490572943073280,Directed,1,RETWEET,2084486470622970247
2891556782,593035433,Directed,1,MENTION,2084486163323060513
2891556782,593035433,Directed,1,RETWEET,2084486163323060513
1985528048607784960,593035433,Directed,1,MENTION,2084486034499244097
1985528048607784960,593035433,Directed,1,RETWEET,2084486034499244097
942909278142304256,1648490572943073280,Directed,1,MENTION,2084485960444563471
942909278142304256,1648490572943073280,Directed,1,RETWEET,2084485960444563471
2666668193,716818098310025220,Directed,1,MENTION,2084484894407758074
2666668193,716818098310025220,Directed,1,RETWEET,2084484894407758074
751121905856360449,1648490572943073280,Directed,1,MENTION,2084484361601388927
751121905856360449,1648490572943073280,Directed,1,RETWEET,2084484361601388927
1735236351191105536,1648490572943073280,Directed,1,MENTION,2084483123383783870
1735236351191105536,1648490572943073280,Directed,1,RETWEET,2084483123383783870
271697926,1648490572943073280,Directed,1,MENTION,2084482788871246320
271697926,1648490572943073280,Directed,1,RETWEET,2084482788871246320
1776955085735731200,593035433,Directed,1,MENTION,2084482561393492134
1776955085735731200,593035433,Directed,1,RETWEET,2084482561393492134
2023144586994909184,1648490572943073280,Directed,1,MENTION,2084481033328546183
2023144586994909184,1648490572943073280,Directed,1,RETWEET,2084481033328546183
2896188336,716818098310025220,Directed,1,MENTION,2084480933327966654
2896188336,716818098310025220,Directed,1,RETWEET,2084480933327966654
2903131715,1648490572943073280,Directed,1,MENTION,2084480827690471841
2903131715,1648490572943073280,Directed,1,RETWEET,2084480827690471841
1462246663699972101,1648490572943073280,Directed,1,MENTION,2084480706642678271
1462246663699972101,1648490572943073280,Directed,1,RETWEET,2084480706642678271
1011819229669142529,1648490572943073280,Directed,1,MENTION,2084480525398372810
1011819229669142529,1648490572943073280,Directed,1,RETWEET,2084480525398372810
1989835853313814528,1648490572943073280,Directed,1,MENTION,2084480425246818380
1989835853313814528,1648490572943073280,Directed,1,RETWEET,2084480425246818380
1734904700120518656,1648490572943073280,Directed,1,MENTION,2084478806388043776
1734904700120518656,1648490572943073280,Directed,1,RETWEET,2084478806388043776
1636174588416598017,958029571554729984,Directed,1,MENTION,2084478182036513005
1636174588416598017,958029571554729984,Directed,1,RETWEET,2084478182036513005
1299755482119385088,1648490572943073280,Directed,1,MENTION,2084477424046063887
1299755482119385088,1648490572943073280,Directed,1,RETWEET,2084477424046063887
1932872202023481344,1648490572943073280,Directed,1,MENTION,2084477074085949754
1932872202023481344,1648490572943073280,Directed,1,RETWEET,2084477074085949754
1089591673150156800,593035433,Directed,1,MENTION,2084476696405692632
1089591673150156800,593035433,Directed,1,RETWEET,2084476696405692632
1347262091351232514,1648490572943073280,Directed,1,MENTION,2084475104658850279
1347262091351232514,1648490572943073280,Directed,1,RETWEET,2084475104658850279
1663788481091346432,1648490572943073280,Directed,1,MENTION,2084474851688145118
1663788481091346432,1648490572943073280,Directed,1,RETWEET,2084474851688145118
236623713,1648490572943073280,Directed,1,MENTION,2084474403153142266
236623713,1648490572943073280,Directed,1,RETWEET,2084474403153142266
1622480523594457089,1396897957417521155,Directed,1,MENTION,2084474368646692881
1622480523594457089,1396897957417521155,Directed,1,RETWEET,2084474368646692881
1765583231737290752,593035433,Directed,1,MENTION,2084473950357045368
1765583231737290752,593035433,Directed,1,RETWEET,2084473950357045368
994411006162976770,1797497947975749632,Directed,1,QUOTE,2084473742177255892
1592299737859997696,1648490572943073280,Directed,1,MENTION,2084473652557279679
1592299737859997696,1648490572943073280,Directed,1,RETWEET,2084473652557279679
1663788481091346432,593035433,Directed,1,MENTION,2084473542629015643
1663788481091346432,593035433,Directed,1,RETWEET,2084473542629015643
1622480523594457089,1503664258323816448,Directed,1,MENTION,2084473435288207665
1622480523594457089,1503664258323816448,Directed,1,RETWEET,2084473435288207665
1741001817129943040,1648490572943073280,Directed,1,MENTION,2084473333861536213
1741001817129943040,1648490572943073280,Directed,1,RETWEET,2084473333861536213
1131066993338212352,593035433,Directed,1,MENTION,2084473329482686497
1131066993338212352,593035433,Directed,1,RETWEET,2084473329482686497
994411006162976770,1029905845293867008,Directed,1,QUOTE,2084472870793850969
2066160638762569728,1648490572943073280,Directed,1,MENTION,2084472769702420724
2066160638762569728,1648490572943073280,Directed,1,RETWEET,2084472769702420724
1942148907846311936,593035433,Directed,1,MENTION,2084472428307103997
1942148907846311936,593035433,Directed,1,RETWEET,2084472428307103997
1084888460295573504,1648490572943073280,Directed,1,MENTION,2084472010889904562
1084888460295573504,1648490572943073280,Directed,1,RETWEET,2084472010889904562
1798144373797928960,1648490572943073280,Directed,1,MENTION,2084471338576543951
1798144373797928960,1648490572943073280,Directed,1,RETWEET,2084471338576543951
1639372235440807941,593035433,Directed,1,MENTION,2084470017400156410
1639372235440807941,593035433,Directed,1,RETWEET,2084470017400156410
2044959411379073024,1648490572943073280,Directed,1,MENTION,2084469750155849855
2044959411379073024,1648490572943073280,Directed,1,RETWEET,2084469750155849855
3274974116,1648490572943073280,Directed,1,MENTION,2084469652718076410
3274974116,1648490572943073280,Directed,1,RETWEET,2084469652718076410
1041007154814169090,1648490572943073280,Directed,1,MENTION,2084467631818785048
1041007154814169090,1648490572943073280,Directed,1,RETWEET,2084467631818785048
2042104045549068288,1648490572943073280,Directed,1,MENTION,2084467614940647568
2042104045549068288,1648490572943073280,Directed,1,RETWEET,2084467614940647568
1343533145770098690,1648490572943073280,Directed,1,MENTION,2084465642250305947
1343533145770098690,1648490572943073280,Directed,1,RETWEET,2084465642250305947
2049292426628472832,1648490572943073280,Directed,1,MENTION,2084465117618462975
2049292426628472832,1648490572943073280,Directed,1,RETWEET,2084465117618462975
1680926995608133632,1602362162638458889,Directed,1,MENTION,2084464362396270683
1680926995608133632,1602362162638458889,Directed,1,RETWEET,2084464362396270683
1339306706308915200,593035433,Directed,1,MENTION,2084463657920974878
1339306706308915200,593035433,Directed,1,RETWEET,2084463657920974878
2658991043,212423902,Directed,1,MENTION,2084463532435964330
2035312873556336640,1648490572943073280,Directed,1,MENTION,2084463147625370030
2035312873556336640,1648490572943073280,Directed,1,RETWEET,2084463147625370030
1442879163053101065,1648490572943073280,Directed,1,MENTION,2084462918830031251
1442879163053101065,1648490572943073280,Directed,1,RETWEET,2084462918830031251
2056788216015921152,593035433,Directed,1,MENTION,2084462650457477307
2056788216015921152,593035433,Directed,1,RETWEET,2084462650457477307
297760047,1648490572943073280,Directed,1,MENTION,2084462624800928250
297760047,1648490572943073280,Directed,1,RETWEET,2084462624800928250
2183666848,1648490572943073280,Directed,1,MENTION,2084462542261256258
2183666848,1648490572943073280,Directed,1,RETWEET,2084462542261256258
1350979246374739969,1648490572943073280,Directed,1,MENTION,2084462136957505776
1350979246374739969,1648490572943073280,Directed,1,RETWEET,2084462136957505776
1610698664778907654,1648490572943073280,Directed,1,MENTION,2084461191175274626
1610698664778907654,1648490572943073280,Directed,1,RETWEET,2084461191175274626
2051228135484444672,1648490572943073280,Directed,1,MENTION,2084460629482512877
2051228135484444672,1648490572943073280,Directed,1,RETWEET,2084460629482512877
1616594745421139968,1648490572943073280,Directed,1,MENTION,2084459758442913824
1616594745421139968,1648490572943073280,Directed,1,RETWEET,2084459758442913824
1918816168741163008,1880440216898662401,Directed,1,MENTION,2084458672273633482
1918816168741163008,1880440216898662401,Directed,1,RETWEET,2084458672273633482
3046921430,1648490572943073280,Directed,1,MENTION,2084457952220692845
3046921430,1648490572943073280,Directed,1,RETWEET,2084457952220692845
500923633,1503664258323816448,Directed,1,MENTION,2084457517552414847
500923633,1503664258323816448,Directed,1,RETWEET,2084457517552414847
1649909993389400068,1648490572943073280,Directed,1,MENTION,2084457458634989856
1649909993389400068,1648490572943073280,Directed,1,RETWEET,2084457458634989856
1514302697784025091,1503664258323816448,Directed,1,MENTION,2084457426686992749
1514302697784025091,1503664258323816448,Directed,1,RETWEET,2084457426686992749
1256828756800356352,1648490572943073280,Directed,1,MENTION,2084457018467983779
1256828756800356352,1648490572943073280,Directed,1,RETWEET,2084457018467983779
218668862,1653173958873579523,Directed,1,MENTION,2084456849919877186
218668862,1653173958873579523,Directed,1,RETWEET,2084456849919877186
1310064513337692165,1648490572943073280,Directed,1,MENTION,2084456621103800412
1310064513337692165,1648490572943073280,Directed,1,RETWEET,2084456621103800412
218668862,1648490572943073280,Directed,1,MENTION,2084456549448393171
218668862,212423902,Directed,1,MENTION,2084456549448393171
218668862,1648490572943073280,Directed,1,RETWEET,2084456549448393171
1776432776784334848,593035433,Directed,1,MENTION,2084456317746557188
1776432776784334848,593035433,Directed,1,RETWEET,2084456317746557188
1201910497567752193,716818098310025220,Directed,1,MENTION,2084456288281657832
1201910497567752193,716818098310025220,Directed,1,RETWEET,2084456288281657832
1369307841383837700,593035433,Directed,1,MENTION,2084456085306704198
1369307841383837700,593035433,Directed,1,RETWEET,2084456085306704198
1634008678792560641,1648490572943073280,Directed,1,MENTION,2084455753801416787
1634008678792560641,1648490572943073280,Directed,1,RETWEET,2084455753801416787
1829004840623558656,1503664258323816448,Directed,1,MENTION,2084454441416364240
1829004840623558656,1503664258323816448,Directed,1,RETWEET,2084454441416364240
714414333099245568,1648490572943073280,Directed,1,MENTION,2084454041678147643
714414333099245568,212423902,Directed,1,MENTION,2084454041678147643
714414333099245568,1648490572943073280,Directed,1,RETWEET,2084454041678147643
1908739863832059904,1648490572943073280,Directed,1,MENTION,2084453964700090391
1908739863832059904,1648490572943073280,Directed,1,RETWEET,2084453964700090391
1693426943754944512,1648490572943073280,Directed,1,MENTION,2084453672906523093
1693426943754944512,1648490572943073280,Directed,1,RETWEET,2084453672906523093
2311590271,593035433,Directed,1,MENTION,2084453434535858385
2311590271,593035433,Directed,1,RETWEET,2084453434535858385
915102964066349056,593035433,Directed,1,MENTION,2084453412863873067
915102964066349056,593035433,Directed,1,RETWEET,2084453412863873067
1321313020258246656,1880440216898662401,Directed,1,MENTION,2084453188175004138
1321313020258246656,1880440216898662401,Directed,1,RETWEET,2084453188175004138
2470738453,1648490572943073280,Directed,1,MENTION,2084453050165633108
2470738453,212423902,Directed,1,MENTION,2084453050165633108
2470738453,1648490572943073280,Directed,1,RETWEET,2084453050165633108
1055177215023955969,1648490572943073280,Directed,1,MENTION,2084452806145237262
1055177215023955969,1648490572943073280,Directed,1,RETWEET,2084452806145237262
579465008,1648490572943073280,Directed,1,MENTION,2084452784221646916
579465008,1648490572943073280,Directed,1,RETWEET,2084452784221646916
3293351611,1648490572943073280,Directed,1,MENTION,2084452525357588500
3293351611,1648490572943073280,Directed,1,RETWEET,2084452525357588500
1589138521289367552,1648490572943073280,Directed,1,MENTION,2084452495305351299
1589138521289367552,1648490572943073280,Directed,1,RETWEET,2084452495305351299
1565043754519695362,593035433,Directed,1,MENTION,2084452393362526638
1565043754519695362,593035433,Directed,1,RETWEET,2084452393362526638
1980743823585165312,1648490572943073280,Directed,1,MENTION,2084452243986960666
1980743823585165312,1648490572943073280,Directed,1,RETWEET,2084452243986960666
345582161,1653173958873579523,Directed,1,MENTION,2084452227985678714
345582161,1653173958873579523,Directed,1,RETWEET,2084452227985678714
1672665020591742986,1648490572943073280,Directed,1,MENTION,2084451961282482192
1672665020591742986,1648490572943073280,Directed,1,RETWEET,2084451961282482192
50220026,1648490572943073280,Directed,1,MENTION,2084451852951961662
50220026,1648490572943073280,Directed,1,RETWEET,2084451852951961662
1695573141173510146,212423902,Directed,1,MENTION,2084451434662359337
1250286299476459522,1648490572943073280,Directed,1,MENTION,2084451305750458770
1250286299476459522,1648490572943073280,Directed,1,RETWEET,2084451305750458770
4692039925,1648490572943073280,Directed,1,MENTION,2084451006021276020
4692039925,1648490572943073280,Directed,1,RETWEET,2084451006021276020
1518355117589909508,1648490572943073280,Directed,1,MENTION,2084449734283174070
1518355117589909508,1648490572943073280,Directed,1,RETWEET,2084449734283174070
3044993946,1648490572943073280,Directed,1,MENTION,2084448846588129536
3044993946,1648490572943073280,Directed,1,RETWEET,2084448846588129536
345582161,1754546368226426880,Directed,1,MENTION,2084448834722341340
345582161,1754546368226426880,Directed,1,RETWEET,2084448834722341340
703960171,1648490572943073280,Directed,2,MENTION,2084448706099835290
703960171,1648490572943073280,Directed,2,RETWEET,2084448706099835290
1666186334879244307,1648490572943073280,Directed,1,MENTION,2084448682884366429
1666186334879244307,1648490572943073280,Directed,1,RETWEET,2084448682884366429
2311590271,1648490572943073280,Directed,2,MENTION,2084447720157401392
2311590271,1648490572943073280,Directed,2,RETWEET,2084447720157401392
2311590271,212423902,Directed,1,MENTION,2084447500283609096
248560534,1648490572943073280,Directed,1,MENTION,2084446866855596465
248560534,212423902,Directed,1,MENTION,2084446866855596465
248560534,1648490572943073280,Directed,1,RETWEET,2084446866855596465
1151918390736556032,1648490572943073280,Directed,1,MENTION,2084446834840461611
1151918390736556032,1648490572943073280,Directed,1,RETWEET,2084446834840461611
1941667625567703040,1648490572943073280,Directed,1,MENTION,2084446814342942958
1941667625567703040,1648490572943073280,Directed,1,RETWEET,2084446814342942958
760917197568905216,1648490572943073280,Directed,1,MENTION,2084446699939086823
760917197568905216,1648490572943073280,Directed,1,RETWEET,2084446699939086823
1167325226402631680,1648490572943073280,Directed,1,MENTION,2084445373809213934
1167325226402631680,1648490572943073280,Directed,1,RETWEET,2084445373809213934
2027679211700555777,1648490572943073280,Directed,1,MENTION,2084445130132799665
2027679211700555777,1648490572943073280,Directed,1,RETWEET,2084445130132799665
2861997271,1648490572943073280,Directed,1,MENTION,2084444840910287094
2861997271,1648490572943073280,Directed,1,RETWEET,2084444840910287094
1863304933304410112,593035433,Directed,1,MENTION,2084444700220805437
1863304933304410112,593035433,Directed,1,RETWEET,2084444700220805437
1916993185240518658,593035433,Directed,1,MENTION,2084444384423186607
1916993185240518658,593035433,Directed,1,RETWEET,2084444384423186607
4897629795,1648490572943073280,Directed,1,MENTION,2084444344493433142
4897629795,1648490572943073280,Directed,1,RETWEET,2084444344493433142
3439462006,1648490572943073280,Directed,1,MENTION,2084444170966778298
3439462006,212423902,Directed,1,MENTION,2084444170966778298
3439462006,1648490572943073280,Directed,1,RETWEET,2084444170966778298
2021828944689790976,1648490572943073280,Directed,1,MENTION,2084443982961262949
2021828944689790976,1648490572943073280,Directed,1,RETWEET,2084443982961262949
1167325226402631680,1503664258323816448,Directed,1,MENTION,2084443813503000712
1167325226402631680,1503664258323816448,Directed,1,RETWEET,2084443813503000712
1471265797028909058,593035433,Directed,1,MENTION,2084442866269737261
1471265797028909058,593035433,Directed,1,RETWEET,2084442866269737261
1599315837348896768,1503664258323816448,Directed,1,MENTION,2084442818484011212
1599315837348896768,1503664258323816448,Directed,1,RETWEET,2084442818484011212
1638376144797040640,1648490572943073280,Directed,1,MENTION,2084442576359408065
1638376144797040640,1648490572943073280,Directed,1,RETWEET,2084442576359408065
122783413,1648490572943073280,Directed,1,MENTION,2084442471308869916
122783413,1648490572943073280,Directed,1,RETWEET,2084442471308869916
1568996187717378049,1648490572943073280,Directed,1,MENTION,2084442043414139304
1568996187717378049,1648490572943073280,Directed,1,RETWEET,2084442043414139304
62204085,10228272,Directed,1,MENTION,2084441254553587929
1507243840293556224,1503664258323816448,Directed,1,MENTION,2084440152257003538
1507243840293556224,1503664258323816448,Directed,1,RETWEET,2084440152257003538
2940843117,1648490572943073280,Directed,1,MENTION,2084439600404046213
2940843117,1648490572943073280,Directed,1,RETWEET,2084439600404046213
1573033806143098891,593035433,Directed,1,MENTION,2084439027650789425
1573033806143098891,593035433,Directed,1,RETWEET,2084439027650789425
33498000,1648490572943073280,Directed,1,MENTION,2084438890098622706
33498000,1648490572943073280,Directed,1,RETWEET,2084438890098622706
2010836971565002752,1648490572943073280,Directed,1,MENTION,2084438817466187864
2010836971565002752,1648490572943073280,Directed,1,RETWEET,2084438817466187864
1339306706308915200,1503664258323816448,Directed,1,MENTION,2084436874605502934
1339306706308915200,1503664258323816448,Directed,1,RETWEET,2084436874605502934
1473459773408432128,1648490572943073280,Directed,1,MENTION,2084436822721954293
1473459773408432128,1648490572943073280,Directed,1,RETWEET,2084436822721954293
1638376144797040640,593035433,Directed,1,MENTION,2084436534414151701
1638376144797040640,593035433,Directed,1,RETWEET,2084436534414151701
1620557911272423430,1648490572943073280,Directed,1,MENTION,2084436530165150075
1620557911272423430,1648490572943073280,Directed,1,RETWEET,2084436530165150075
1911196448705896448,716818098310025220,Directed,1,MENTION,2084436267001921913
1911196448705896448,716818098310025220,Directed,1,RETWEET,2084436267001921913
1597064977847926785,1648490572943073280,Directed,1,MENTION,2084436022604001641
1597064977847926785,1648490572943073280,Directed,1,RETWEET,2084436022604001641
1339306706308915200,145945578,Directed,1,MENTION,2084435859751760104
1339306706308915200,145945578,Directed,1,RETWEET,2084435859751760104
731135969596858375,1648490572943073280,Directed,1,MENTION,2084435622622560706
731135969596858375,1648490572943073280,Directed,1,RETWEET,2084435622622560706
1339306706308915200,1648490572943073280,Directed,1,MENTION,2084434962162368933
1339306706308915200,1648490572943073280,Directed,1,RETWEET,2084434962162368933
2923030230,1503664258323816448,Directed,1,MENTION,2084434190490091573
2923030230,1503664258323816448,Directed,1,RETWEET,2084434190490091573
1048396047406551040,1156726617093398533,Directed,1,MENTION,2084434039805558901
1048396047406551040,1156726617093398533,Directed,1,RETWEET,2084434039805558901
1577349536955219969,212423902,Directed,1,MENTION,2084433807197847985
1226280711625330688,593035433,Directed,1,MENTION,2084433605690794111
1226280711625330688,593035433,Directed,1,RETWEET,2084433605690794111
1772849181679579136,593035433,Directed,1,MENTION,2084433484941328402
1772849181679579136,593035433,Directed,1,RETWEET,2084433484941328402
1713680720906866688,1648490572943073280,Directed,1,MENTION,2084433373691306460
1713680720906866688,1648490572943073280,Directed,1,RETWEET,2084433373691306460
1648490572943073280,1305033322649784322,Directed,1,QUOTE,2084432830927396917
1316095411740913664,1648490572943073280,Directed,1,MENTION,2084432643106492907
1316095411740913664,1648490572943073280,Directed,1,RETWEET,2084432643106492907
1730758316622741504,1880440216898662401,Directed,1,MENTION,2084432574047551933
1730758316622741504,1880440216898662401,Directed,1,RETWEET,2084432574047551933
1248641851256705033,1754546368226426880,Directed,1,MENTION,2084432272036372552
1248641851256705033,1754546368226426880,Directed,1,RETWEET,2084432272036372552
2077353122595262465,593035433,Directed,1,MENTION,2084432214557635060
2077353122595262465,593035433,Directed,1,RETWEET,2084432214557635060
1474546867555995650,212423902,Directed,1,MENTION,2084430485132877963
83152869,1648490572943073280,Directed,1,MENTION,2084429798588182579
83152869,1648490572943073280,Directed,1,RETWEET,2084429798588182579
1656713058,1648490572943073280,Directed,1,MENTION,2084427348087390561
1656713058,1648490572943073280,Directed,1,RETWEET,2084427348087390561
1485769281417666561,1648490572943073280,Directed,1,MENTION,2084426847006212444
1485769281417666561,1648490572943073280,Directed,1,RETWEET,2084426847006212444
1254890090700197888,1648490572943073280,Directed,1,MENTION,2084426549785252295
1254890090700197888,1648490572943073280,Directed,1,RETWEET,2084426549785252295
2043493224308776960,1503664258323816448,Directed,1,MENTION,2084425798673482166
2043493224308776960,1503664258323816448,Directed,1,RETWEET,2084425798673482166
1163731782,1648490572943073280,Directed,1,MENTION,2084424772268466536
1163731782,1648490572943073280,Directed,1,RETWEET,2084424772268466536
1303895942148562945,1648490572943073280,Directed,1,MENTION,2084424137057898753
1303895942148562945,212423902,Directed,1,MENTION,2084424137057898753
1303895942148562945,1648490572943073280,Directed,1,RETWEET,2084424137057898753
1494535557304795137,593035433,Directed,1,MENTION,2084423910116786612
1494535557304795137,593035433,Directed,1,RETWEET,2084423910116786612
234414864,1648490572943073280,Directed,1,MENTION,2084423583539888283
234414864,1648490572943073280,Directed,1,RETWEET,2084423583539888283
1418327858704011267,1648490572943073280,Directed,1,MENTION,2084423507371233381
1418327858704011267,212423902,Directed,1,MENTION,2084423507371233381
1418327858704011267,1648490572943073280,Directed,1,RETWEET,2084423507371233381
2054300277679722497,593035433,Directed,1,MENTION,2084423170337972590
2054300277679722497,593035433,Directed,1,RETWEET,2084423170337972590
1649811805437321216,1648490572943073280,Directed,1,MENTION,2084422762542616748
1649811805437321216,1648490572943073280,Directed,1,RETWEET,2084422762542616748
1597952319328591872,1648490572943073280,Directed,1,MENTION,2084421370474107159
1597952319328591872,1648490572943073280,Directed,1,RETWEET,2084421370474107159
2031161193528774656,1648490572943073280,Directed,1,MENTION,2084421069859848231
2031161193528774656,1648490572943073280,Directed,1,RETWEET,2084421069859848231
1488926622161981444,1648490572943073280,Directed,1,MENTION,2084419856800047508
1488926622161981444,1648490572943073280,Directed,1,RETWEET,2084419856800047508
1304509897166524416,1180966675623170048,Directed,1,MENTION,2084419611718562101
1304509897166524416,1180966675623170048,Directed,1,RETWEET,2084419611718562101
1369702300680347654,593035433,Directed,1,MENTION,2084419535579283613
1369702300680347654,593035433,Directed,1,RETWEET,2084419535579283613
1005189465868890112,394962862,Directed,5,MENTION,2084419243320459524
1005189465868890112,287415368,Directed,5,MENTION,2084419243320459524
1719142060559597568,1260143938851287040,Directed,1,MENTION,2084418684068507984
1719142060559597568,1260143938851287040,Directed,1,RETWEET,2084418684068507984
1304509897166524416,1653173958873579523,Directed,1,MENTION,2084418577336000893
1304509897166524416,1653173958873579523,Directed,1,RETWEET,2084418577336000893
1304509897166524416,1156726617093398533,Directed,1,MENTION,2084418562089738313
1304509897166524416,1156726617093398533,Directed,1,RETWEET,2084418562089738313
1304509897166524416,1754546368226426880,Directed,1,MENTION,2084418256757039607
1304509897166524416,1754546368226426880,Directed,1,RETWEET,2084418256757039607
1530562778108465152,1648490572943073280,Directed,1,MENTION,2084417458203484233
1530562778108465152,212423902,Directed,1,MENTION,2084417458203484233
1530562778108465152,1648490572943073280,Directed,1,REPLY,2084417458203484233
26391911,1648490572943073280,Directed,1,MENTION,2084416904496615907
26391911,1648490572943073280,Directed,1,RETWEET,2084416904496615907
1568300101176594442,593035433,Directed,1,MENTION,2084416847412167150
1568300101176594442,593035433,Directed,1,RETWEET,2084416847412167150
1869135336699527168,593035433,Directed,1,MENTION,2084416628360364376
1869135336699527168,593035433,Directed,1,RETWEET,2084416628360364376
1959043886938300416,1156726617093398533,Directed,1,MENTION,2084416203771269207
1959043886938300416,1156726617093398533,Directed,1,RETWEET,2084416203771269207
1811966922973757440,1648490572943073280,Directed,1,MENTION,2084416165489582407
1811966922973757440,1648490572943073280,Directed,1,RETWEET,2084416165489582407
1853140465777889280,593035433,Directed,1,MENTION,2084415856587468936
1853140465777889280,593035433,Directed,1,RETWEET,2084415856587468936
1300792397954199555,1648490572943073280,Directed,1,MENTION,2084415102967546035
1300792397954199555,1648490572943073280,Directed,1,RETWEET,2084415102967546035
1492285180983214082,1648490572943073280,Directed,1,MENTION,2084414947702747403
1492285180983214082,1648490572943073280,Directed,1,RETWEET,2084414947702747403
2061999606620164096,1880440216898662401,Directed,1,MENTION,2084414924550201535
2061999606620164096,1880440216898662401,Directed,1,RETWEET,2084414924550201535
1541287157997912065,593035433,Directed,1,MENTION,2084414017498456386
1541287157997912065,593035433,Directed,1,RETWEET,2084414017498456386
1410990842018471939,593035433,Directed,1,MENTION,2084413707577131404
1410990842018471939,593035433,Directed,1,RETWEET,2084413707577131404
1557088754015289344,593035433,Directed,1,MENTION,2084411489323041078
1557088754015289344,593035433,Directed,1,RETWEET,2084411489323041078
1266919897923293186,1648490572943073280,Directed,1,MENTION,2084410899125694831
1266919897923293186,1648490572943073280,Directed,1,RETWEET,2084410899125694831
1809258933489631232,593035433,Directed,1,MENTION,2084410526038429994
1809258933489631232,593035433,Directed,1,RETWEET,2084410526038429994
404410968,716818098310025220,Directed,1,MENTION,2084410116317851833
404410968,716818098310025220,Directed,1,RETWEET,2084410116317851833
1371711352717328386,1648490572943073280,Directed,1,MENTION,2084409808476627420
1371711352717328386,1648490572943073280,Directed,1,RETWEET,2084409808476627420
1239774899071258629,1751104029822771200,Directed,1,MENTION,2084409128093463018
1239774899071258629,1751104029822771200,Directed,1,RETWEET,2084409128093463018
1239774899071258629,1180966675623170048,Directed,1,MENTION,2084409048607179041
1239774899071258629,1180966675623170048,Directed,1,RETWEET,2084409048607179041
1485121893044740102,1648490572943073280,Directed,1,MENTION,2084408564093788183
1485121893044740102,1648490572943073280,Directed,1,RETWEET,2084408564093788183
267530507,593035433,Directed,1,MENTION,2084408233733546121
267530507,593035433,Directed,1,RETWEET,2084408233733546121
404410968,1754546368226426880,Directed,1,MENTION,2084408052598587486
404410968,1754546368226426880,Directed,1,RETWEET,2084408052598587486
2060861035918016515,593035433,Directed,1,MENTION,2084407441916084618
2060861035918016515,593035433,Directed,1,RETWEET,2084407441916084618
861308721414230018,1648490572943073280,Directed,1,MENTION,2084406478610354404
861308721414230018,212423902,Directed,1,MENTION,2084406478610354404
861308721414230018,1648490572943073280,Directed,1,RETWEET,2084406478610354404
1201910497567752193,1754546368226426880,Directed,1,MENTION,2084405696624296350
1201910497567752193,1754546368226426880,Directed,1,RETWEET,2084405696624296350
1201910497567752193,1503664258323816448,Directed,1,MENTION,2084405308793786818
1201910497567752193,1503664258323816448,Directed,1,RETWEET,2084405308793786818
4625876427,593035433,Directed,1,MENTION,2084404750997426243
4625876427,593035433,Directed,1,RETWEET,2084404750997426243
1712884097486360576,1880440216898662401,Directed,1,MENTION,2084404656449507571
1712884097486360576,1880440216898662401,Directed,1,RETWEET,2084404656449507571
1636174588416598017,593035433,Directed,1,MENTION,2084404024342622659
1636174588416598017,593035433,Directed,1,RETWEET,2084404024342622659
1700280518791561216,212423902,Directed,1,MENTION,2084401974179459180
1563231536249737218,593035433,Directed,1,MENTION,2084401791853117555
1563231536249737218,593035433,Directed,1,RETWEET,2084401791853117555
1563231536249737218,1648490572943073280,Directed,1,MENTION,2084401514580148235
1563231536249737218,1648490572943073280,Directed,1,RETWEET,2084401514580148235
1233620860440846336,1503664258323816448,Directed,1,MENTION,2084401088438968412
1233620860440846336,1503664258323816448,Directed,1,RETWEET,2084401088438968412
1709345005775519744,593035433,Directed,1,MENTION,2084400829172260921
1709345005775519744,593035433,Directed,1,RETWEET,2084400829172260921
1853140465777889280,285403025,Directed,1,MENTION,2084398706342719631
1853140465777889280,285403025,Directed,1,RETWEET,2084398706342719631
2077981685493161984,1872804668142747649,Directed,1,MENTION,2084398478411579641
2077981685493161984,1872804668142747649,Directed,1,RETWEET,2084398478411579641
1570496217771122689,1648490572943073280,Directed,1,MENTION,2084397716717609351
1570496217771122689,1648490572943073280,Directed,1,RETWEET,2084397716717609351
1717095412090179584,287415368,Directed,1,MENTION,2084396601431212443
1592103081637949440,593035433,Directed,1,MENTION,2084396392043426132
1592103081637949440,593035433,Directed,1,RETWEET,2084396392043426132
22842457,1880440216898662401,Directed,1,MENTION,2084393771890856001
22842457,1880440216898662401,Directed,1,RETWEET,2084393771890856001
1677527258506862597,593035433,Directed,1,MENTION,2084393763489652952
1677527258506862597,593035433,Directed,1,RETWEET,2084393763489652952
1476890479539146752,593035433,Directed,1,MENTION,2084393574444003481
1476890479539146752,593035433,Directed,1,RETWEET,2084393574444003481
1725596437851848704,1427653373197787141,Directed,1,MENTION,2084393128392290610
1725596437851848704,1427653373197787141,Directed,1,RETWEET,2084393128392290610
1261840250093080582,593035433,Directed,1,MENTION,2084392710199267354
1261840250093080582,593035433,Directed,1,RETWEET,2084392710199267354
1950670920143810560,1503664258323816448,Directed,1,MENTION,2084391908843876716
1950670920143810560,1503664258323816448,Directed,1,RETWEET,2084391908843876716
1340496725795102722,1503664258323816448,Directed,1,MENTION,2084391626470768964
1340496725795102722,1503664258323816448,Directed,1,RETWEET,2084391626470768964
1643342557273833472,300009633,Directed,1,QUOTE,2084390274868916446
2061081627464441856,593035433,Directed,1,MENTION,2084389332379652335
2061081627464441856,593035433,Directed,1,RETWEET,2084389332379652335
1247725743695638530,593035433,Directed,1,MENTION,2084387537989103872
1247725743695638530,593035433,Directed,1,RETWEET,2084387537989103872
1666410572986953729,716818098310025220,Directed,1,MENTION,2084386262006304810
1666410572986953729,716818098310025220,Directed,1,RETWEET,2084386262006304810
1786863275059101696,593035433,Directed,1,MENTION,2084385437490024670
1786863275059101696,593035433,Directed,1,RETWEET,2084385437490024670
1928324646878773248,1503664258323816448,Directed,1,MENTION,2084384809372037313
1928324646878773248,1503664258323816448,Directed,1,RETWEET,2084384809372037313
427362258,1156218758714875906,Directed,1,MENTION,2084384436435460379
427362258,1156218758714875906,Directed,1,RETWEET,2084384436435460379
427362258,45048866,Directed,1,MENTION,2084384166892683280
427362258,45048866,Directed,1,RETWEET,2084384166892683280
1734482186248540160,1880440216898662401,Directed,1,MENTION,2084383715954671914
1734482186248540160,1880440216898662401,Directed,1,RETWEET,2084383715954671914
1914794984227688448,1653173958873579523,Directed,1,MENTION,2084383238970028234
1914794984227688448,1653173958873579523,Directed,1,RETWEET,2084383238970028234
2048573125244145664,285403025,Directed,1,MENTION,2084382682893472234
2048573125244145664,285403025,Directed,1,RETWEET,2084382682893472234
1928324646878773248,1880440216898662401,Directed,1,MENTION,2084381872348373369
1928324646878773248,1880440216898662401,Directed,1,RETWEET,2084381872348373369
1174106579043520512,1503664258323816448,Directed,1,MENTION,2084380798325530679
1174106579043520512,1503664258323816448,Directed,1,RETWEET,2084380798325530679
1547882836929064961,1503664258323816448,Directed,1,MENTION,2084380241460445195
1547882836929064961,1503664258323816448,Directed,1,RETWEET,2084380241460445195
1511535042861969409,593035433,Directed,1,MENTION,2084379531427647769
1511535042861969409,593035433,Directed,1,RETWEET,2084379531427647769
779943154199867392,593035433,Directed,1,MENTION,2084378854018154532
779943154199867392,593035433,Directed,1,RETWEET,2084378854018154532
1165943852890566657,1503664258323816448,Directed,1,MENTION,2084377950254686648
1165943852890566657,1503664258323816448,Directed,1,RETWEET,2084377950254686648
35365931,593035433,Directed,1,MENTION,2084375812703203774
35365931,593035433,Directed,1,RETWEET,2084375812703203774
1722815307717185536,1647420409611001858,Directed,1,MENTION,2084375178490896884
1722815307717185536,1647420409611001858,Directed,1,RETWEET,2084375178490896884
1722815307717185536,1503664258323816448,Directed,1,MENTION,2084374743830888774
1722815307717185536,1503664258323816448,Directed,1,RETWEET,2084374743830888774
1372508141804515329,593035433,Directed,1,MENTION,2084374080950616226
1372508141804515329,593035433,Directed,1,RETWEET,2084374080950616226
1776078661830983680,1653173958873579523,Directed,1,MENTION,2084372578110443930
1776078661830983680,1653173958873579523,Directed,1,RETWEET,2084372578110443930
2027679211700555777,593035433,Directed,1,MENTION,2084371558781329860
2027679211700555777,593035433,Directed,1,RETWEET,2084371558781329860
1573033806143098891,1880440216898662401,Directed,1,MENTION,2084370980697256330
1573033806143098891,1880440216898662401,Directed,1,RETWEET,2084370980697256330
962173090204672001,716818098310025220,Directed,1,MENTION,2084370671392473520
962173090204672001,716818098310025220,Directed,1,RETWEET,2084370671392473520
962173090204672001,1503664258323816448,Directed,1,MENTION,2084370260182864381
962173090204672001,1503664258323816448,Directed,1,RETWEET,2084370260182864381
1914794984227688448,716818098310025220,Directed,1,MENTION,2084369107248423246
1914794984227688448,716818098310025220,Directed,1,RETWEET,2084369107248423246
237947929,593035433,Directed,1,MENTION,2084368518527516759
237947929,593035433,Directed,1,RETWEET,2084368518527516759
1607922908533526528,285403025,Directed,1,MENTION,2084366768701841901
1607922908533526528,285403025,Directed,1,RETWEET,2084366768701841901
1665368187355930624,593035433,Directed,1,MENTION,2084365911033565443
1665368187355930624,593035433,Directed,1,RETWEET,2084365911033565443
1643342557273833472,1648490572943073280,Directed,2,MENTION,2084365097158246903
1643342557273833472,1648490572943073280,Directed,2,RETWEET,2084365097158246903
1046941009328799744,1648490572943073280,Directed,1,MENTION,2084365053307097254
1046941009328799744,212423902,Directed,1,MENTION,2084365053307097254
1046941009328799744,1648490572943073280,Directed,1,RETWEET,2084365053307097254
212803088,593035433,Directed,1,MENTION,2084364860595327165
212803088,593035433,Directed,1,RETWEET,2084364860595327165
1898457561910964224,593035433,Directed,1,MENTION,2084364516062585200
1898457561910964224,593035433,Directed,1,RETWEET,2084364516062585200
2034419008506593280,593035433,Directed,1,MENTION,2084364251653660947
2034419008506593280,593035433,Directed,1,RETWEET,2084364251653660947
1287922277863088136,1880440216898662401,Directed,1,MENTION,2084363020340166798
1287922277863088136,1880440216898662401,Directed,1,RETWEET,2084363020340166798
1605336025831809024,593035433,Directed,1,MENTION,2084362447989739563
1605336025831809024,593035433,Directed,1,RETWEET,2084362447989739563
1453108455326298124,1611930262484717569,Directed,1,MENTION,2084362389579763822
1453108455326298124,1611930262484717569,Directed,1,RETWEET,2084362389579763822
1133902654806122496,1930392859846352896,Directed,1,MENTION,2084362289797386735
1133902654806122496,1930392859846352896,Directed,1,RETWEET,2084362289797386735
1727579574488203264,593035433,Directed,1,MENTION,2084360958437142561
1727579574488203264,593035433,Directed,1,RETWEET,2084360958437142561
1605074936489394177,1880440216898662401,Directed,1,MENTION,2084358932118843893
1605074936489394177,1880440216898662401,Directed,1,RETWEET,2084358932118843893
1896317088798806016,1427653373197787141,Directed,1,MENTION,2084358821258956957
1896317088798806016,1427653373197787141,Directed,1,RETWEET,2084358821258956957
1896317088798806016,1503664258323816448,Directed,1,MENTION,2084358125444800628
1896317088798806016,1503664258323816448,Directed,1,RETWEET,2084358125444800628
1664806461464084480,593035433,Directed,1,MENTION,2084357783302865211
1664806461464084480,593035433,Directed,1,RETWEET,2084357783302865211
866800997175353345,593035433,Directed,1,MENTION,2084357135240950185
866800997175353345,593035433,Directed,1,RETWEET,2084357135240950185
1466807383095709700,300009633,Directed,1,QUOTE,2084356615726064063
1439599551103524867,1754546368226426880,Directed,1,MENTION,2084356360179765713
1439599551103524867,1754546368226426880,Directed,1,RETWEET,2084356360179765713
1997893400486715393,593035433,Directed,1,MENTION,2084355896092557533
1997893400486715393,593035433,Directed,1,RETWEET,2084355896092557533
1502468431228121091,1930392859846352896,Directed,1,MENTION,2084355354205237248
1502468431228121091,1930392859846352896,Directed,1,RETWEET,2084355354205237248
1719193821571919872,593035433,Directed,1,MENTION,2084354998536704285
1719193821571919872,593035433,Directed,1,RETWEET,2084354998536704285
2558087118,866953267,Directed,1,QUOTE,2084354457177899296
1458953899637985283,593035433,Directed,1,MENTION,2084352653526491334
1458953899637985283,593035433,Directed,1,RETWEET,2084352653526491334
1329610710830223363,1880440216898662401,Directed,2,MENTION,2084352308868010371
1329610710830223363,1880440216898662401,Directed,2,RETWEET,2084352308868010371
2020274223059525632,1648490572943073280,Directed,1,MENTION,2084351324821373018
2020274223059525632,1648490572943073280,Directed,1,RETWEET,2084351324821373018
801238454,593035433,Directed,1,MENTION,2084350609923191166
801238454,593035433,Directed,1,RETWEET,2084350609923191166
1343283208763428864,1156726617093398533,Directed,1,MENTION,2084349806663594286
1343283208763428864,1156726617093398533,Directed,1,RETWEET,2084349806663594286
2896188336,1503664258323816448,Directed,1,MENTION,2084349303179382901
2896188336,1503664258323816448,Directed,1,RETWEET,2084349303179382901
3328201053,1648490572943073280,Directed,1,MENTION,2084348094817157170
3328201053,1648490572943073280,Directed,1,RETWEET,2084348094817157170
1329610710830223363,593035433,Directed,1,MENTION,2084348062017704088
1329610710830223363,593035433,Directed,1,RETWEET,2084348062017704088
1594834323512999936,1754546368226426880,Directed,1,MENTION,2084347499909693482
1594834323512999936,1754546368226426880,Directed,1,RETWEET,2084347499909693482
1594834323512999936,1503664258323816448,Directed,1,MENTION,2084347468737544562
1594834323512999936,1503664258323816448,Directed,1,RETWEET,2084347468737544562
1744227526560374784,1880440216898662401,Directed,1,MENTION,2084347027584864302
1744227526560374784,1880440216898662401,Directed,1,RETWEET,2084347027584864302
1128860567387738112,1930392859846352896,Directed,1,MENTION,2084346857371636081
1128860567387738112,1930392859846352896,Directed,1,RETWEET,2084346857371636081
1553709887691145216,593035433,Directed,1,MENTION,2084346747078271334
1553709887691145216,593035433,Directed,1,RETWEET,2084346747078271334
481999697,593035433,Directed,1,MENTION,2084346629528903787
481999697,593035433,Directed,1,RETWEET,2084346629528903787
1316095411740913664,593035433,Directed,1,MENTION,2084344072932593829
1316095411740913664,593035433,Directed,1,RETWEET,2084344072932593829
2680795796,1648490572943073280,Directed,1,MENTION,2084343580059976073
2680795796,1648490572943073280,Directed,1,RETWEET,2084343580059976073
3328201053,593035433,Directed,1,MENTION,2084342654368653523
3328201053,593035433,Directed,1,RETWEET,2084342654368653523
1466145504362909699,1214995686862807040,Directed,1,MENTION,2084341461101744238
1466145504362909699,1214995686862807040,Directed,1,RETWEET,2084341461101744238
2255791873,1648490572943073280,Directed,1,MENTION,2084339967317393812
2255791873,1648490572943073280,Directed,1,RETWEET,2084339967317393812
1299930487281065984,593035433,Directed,1,MENTION,2084339173578678380
1299930487281065984,593035433,Directed,1,RETWEET,2084339173578678380
2658991043,1503664258323816448,Directed,1,MENTION,2084337663759557015
2658991043,1503664258323816448,Directed,1,RETWEET,2084337663759557015
1432833512030314496,1503664258323816448,Directed,1,MENTION,2084337314281447795
1432833512030314496,1503664258323816448,Directed,1,RETWEET,2084337314281447795
1547383632825913345,1880440216898662401,Directed,1,MENTION,2084336929609326985
1547383632825913345,1880440216898662401,Directed,1,RETWEET,2084336929609326985
928287883584262144,593035433,Directed,1,MENTION,2084335397631312006
928287883584262144,593035433,Directed,1,RETWEET,2084335397631312006
1691160399469555713,1648490572943073280,Directed,1,MENTION,2084335207327347186
1691160399469555713,212423902,Directed,1,MENTION,2084335207327347186
1691160399469555713,1648490572943073280,Directed,1,RETWEET,2084335207327347186
1185744630215786496,1507753268834938881,Directed,1,MENTION,2084334655059173729
1185744630215786496,1507753268834938881,Directed,1,RETWEET,2084334655059173729
2002803152479997952,1930392859846352896,Directed,1,MENTION,2084333062968512807
2002803152479997952,1930392859846352896,Directed,1,RETWEET,2084333062968512807
751121905856360449,1930392859846352896,Directed,1,MENTION,2084330412764250423
751121905856360449,1930392859846352896,Directed,1,RETWEET,2084330412764250423
1954650623246491648,285403025,Directed,1,MENTION,2084330398545559850
1954650623246491648,285403025,Directed,1,RETWEET,2084330398545559850
2027679211700555777,1880440216898662401,Directed,1,MENTION,2084327963269476495
2027679211700555777,1880440216898662401,Directed,1,RETWEET,2084327963269476495
1703784274518822912,1503664258323816448,Directed,1,MENTION,2084326697516548607
1703784274518822912,1503664258323816448,Directed,1,RETWEET,2084326697516548607
1813759715999952896,1754546368226426880,Directed,1,MENTION,2084325798182347187
1813759715999952896,1754546368226426880,Directed,1,RETWEET,2084325798182347187
1343680962467655685,1880440216898662401,Directed,1,MENTION,2084324307824492937
1343680962467655685,1880440216898662401,Directed,1,RETWEET,2084324307824492937
2008133723041275904,1880440216898662401,Directed,1,MENTION,2084323568750321971
2008133723041275904,1880440216898662401,Directed,1,RETWEET,2084323568750321971
1327417087984345088,1754546368226426880,Directed,1,MENTION,2084320356131611086
1327417087984345088,1754546368226426880,Directed,1,RETWEET,2084320356131611086
1327417087984345088,1503664258323816448,Directed,1,MENTION,2084319618059903259
1327417087984345088,1503664258323816448,Directed,1,RETWEET,2084319618059903259
701556347519819779,1503664258323816448,Directed,1,MENTION,2084319092807291123
701556347519819779,1503664258323816448,Directed,1,RETWEET,2084319092807291123
1768721552479064064,1880440216898662401,Directed,1,MENTION,2084316064050024546
1768721552479064064,1880440216898662401,Directed,1,RETWEET,2084316064050024546
398386055,1653173958873579523,Directed,1,MENTION,2084315622813356535
398386055,1653173958873579523,Directed,1,RETWEET,2084315622813356535
398386055,1648490572943073280,Directed,1,MENTION,2084315320106258440
398386055,212423902,Directed,1,MENTION,2084315320106258440
398386055,1648490572943073280,Directed,1,RETWEET,2084315320106258440
1518763120998723591,212423902,Directed,1,MENTION,2084310673580814682
1189192116875849729,1180966675623170048,Directed,1,MENTION,2084309867058036870
1189192116875849729,1180966675623170048,Directed,1,RETWEET,2084309867058036870
961964158328680453,1447754102654619650,Directed,1,MENTION,2084309851535020139
961964158328680453,1447754102654619650,Directed,1,RETWEET,2084309851535020139
961964158328680453,1091839325808062465,Directed,1,MENTION,2084309545174642743
961964158328680453,1091839325808062465,Directed,1,RETWEET,2084309545174642743
961964158328680453,1156726617093398533,Directed,1,MENTION,2084309532478444001
961964158328680453,1156726617093398533,Directed,1,RETWEET,2084309532478444001
961964158328680453,1512417510548725761,Directed,1,MENTION,2084309308360052790
961964158328680453,1512417510548725761,Directed,1,RETWEET,2084309308360052790
961964158328680453,1507753268834938881,Directed,1,MENTION,2084309285480087736
961964158328680453,1507753268834938881,Directed,1,RETWEET,2084309285480087736
961964158328680453,716818098310025220,Directed,1,MENTION,2084308993816605081
961964158328680453,716818098310025220,Directed,1,RETWEET,2084308993816605081
961964158328680453,1503664258323816448,Directed,1,MENTION,2084308887813918730
961964158328680453,1503664258323816448,Directed,1,RETWEET,2084308887813918730
212803088,2056212453520728064,Directed,1,QUOTE,2084306806302449701
1672113158507331584,1503664258323816448,Directed,1,MENTION,2084306064590131452
1672113158507331584,1503664258323816448,Directed,1,RETWEET,2084306064590131452
1756550520053903360,1648490572943073280,Directed,1,MENTION,2084304924712615992
1756550520053903360,1648490572943073280,Directed,1,RETWEET,2084304924712615992
703960171,212423902,Directed,1,MENTION,2084302873580515344
334340269,1930392859846352896,Directed,1,MENTION,2084300893139137017
334340269,1930392859846352896,Directed,1,RETWEET,2084300893139137017
1538009534077186048,1880440216898662401,Directed,1,MENTION,2084300612280492128
1538009534077186048,1880440216898662401,Directed,1,RETWEET,2084300612280492128
1944161388433485824,1880440216898662401,Directed,1,MENTION,2084299217850548686
1944161388433485824,1880440216898662401,Directed,1,RETWEET,2084299217850548686
1612163173225832453,1427653373197787141,Directed,1,MENTION,2084299174170808729
1612163173225832453,1427653373197787141,Directed,1,RETWEET,2084299174170808729
1612163173225832453,1180966675623170048,Directed,1,MENTION,2084299165652127894
1612163173225832453,1180966675623170048,Directed,1,RETWEET,2084299165652127894
1329610710830223363,1648490572943073280,Directed,1,MENTION,2084299143346782694
1329610710830223363,212423902,Directed,1,MENTION,2084299143346782694
1329610710830223363,1648490572943073280,Directed,1,RETWEET,2084299143346782694
1612163173225832453,1503664258323816448,Directed,1,MENTION,2084299086321066085
1612163173225832453,1503664258323816448,Directed,1,RETWEET,2084299086321066085
1612163173225832453,1754546368226426880,Directed,1,MENTION,2084299064401608726
1612163173225832453,1754546368226426880,Directed,1,RETWEET,2084299064401608726
1971572411221807106,1396897957417521155,Directed,1,MENTION,2084298836588019868
1971572411221807106,1396897957417521155,Directed,1,RETWEET,2084298836588019868
1393734613223280650,1180966675623170048,Directed,1,MENTION,2084298757454065807
1393734613223280650,1180966675623170048,Directed,1,RETWEET,2084298757454065807
1393734613223280650,1326316230530174979,Directed,1,MENTION,2084298275398517045
1393734613223280650,1326316230530174979,Directed,1,RETWEET,2084298275398517045
1393734613223280650,1512417510548725761,Directed,1,MENTION,2084298235477098815
1393734613223280650,1512417510548725761,Directed,1,RETWEET,2084298235477098815
1393734613223280650,285403025,Directed,1,MENTION,2084298220310605897
1393734613223280650,285403025,Directed,1,RETWEET,2084298220310605897
212803088,1648490572943073280,Directed,1,MENTION,2084297680105177483
212803088,212423902,Directed,1,MENTION,2084297680105177483
212803088,1648490572943073280,Directed,1,RETWEET,2084297680105177483
212803088,1653173958873579523,Directed,1,MENTION,2084297564786954507
212803088,1653173958873579523,Directed,1,RETWEET,2084297564786954507
1935842472287985664,1968489337697484800,Directed,1,MENTION,2084297091300376913
1935842472287985664,1968489337697484800,Directed,1,RETWEET,2084297091300376913
1393734613223280650,1751104029822771200,Directed,1,MENTION,2084297079703117916
1393734613223280650,1751104029822771200,Directed,1,RETWEET,2084297079703117916
1012127670241583104,212423902,Directed,1,MENTION,2084297047583129914
1393734613223280650,1754546368226426880,Directed,1,MENTION,2084297027937083608
1393734613223280650,1754546368226426880,Directed,1,RETWEET,2084297027937083608
1393734613223280650,1503664258323816448,Directed,1,MENTION,2084296249205739858
1393734613223280650,1503664258323816448,Directed,1,RETWEET,2084296249205739858
1919564101560500225,1880440216898662401,Directed,1,MENTION,2084295924151357666
1919564101560500225,1880440216898662401,Directed,1,RETWEET,2084295924151357666
1919564101560500225,212423902,Directed,1,MENTION,2084295886926938432
1912199680378773505,1503664258323816448,Directed,1,MENTION,2084295079460532574
1912199680378773505,1503664258323816448,Directed,1,RETWEET,2084295079460532574
1656320901661458433,1503664258323816448,Directed,1,MENTION,2084292991296901431
1656320901661458433,1503664258323816448,Directed,1,RETWEET,2084292991296901431
2230739190,1930392859846352896,Directed,1,MENTION,2084291420676931626
2230739190,1930392859846352896,Directed,1,RETWEET,2084291420676931626
1492408961135521797,1880440216898662401,Directed,1,MENTION,2084287775637926051
1492408961135521797,1880440216898662401,Directed,1,RETWEET,2084287775637926051
1266672477574479873,1420455252,Directed,2,QUOTE,2084285598202765561
247866062,169719168,Directed,1,MENTION,2084284714441932906
247866062,169719168,Directed,1,RETWEET,2084284714441932906
247866062,1829004840623558656,Directed,1,MENTION,2084283677177979019
247866062,1829004840623558656,Directed,1,RETWEET,2084283677177979019
1815937765906997250,1880440216898662401,Directed,1,MENTION,2084283509280002398
1815937765906997250,1880440216898662401,Directed,1,RETWEET,2084283509280002398
247866062,1503664258323816448,Directed,1,MENTION,2084283263552487835
247866062,1503664258323816448,Directed,1,RETWEET,2084283263552487835
1815937765906997250,1503664258323816448,Directed,1,MENTION,2084282848811368813
1815937765906997250,1503664258323816448,Directed,1,RETWEET,2084282848811368813
35334485,287415368,Directed,1,MENTION,2084281733713654085
873944714,1396897957417521155,Directed,1,MENTION,2084279832490242382
873944714,1396897957417521155,Directed,1,RETWEET,2084279832490242382
2068816678893314049,287415368,Directed,1,QUOTE,2084279015691407724
1776955085735731200,1880440216898662401,Directed,1,MENTION,2084278177028063416
1776955085735731200,1880440216898662401,Directed,1,RETWEET,2084278177028063416
873944714,1503664258323816448,Directed,1,MENTION,2084277695588741506
873944714,1503664258323816448,Directed,1,RETWEET,2084277695588741506
47039951,1648490572943073280,Directed,1,MENTION,2084276607233999127
47039951,212423902,Directed,1,MENTION,2084276607233999127
47039951,1648490572943073280,Directed,1,RETWEET,2084276607233999127
1681167248516345856,1930392859846352896,Directed,1,MENTION,2084275349609742660
1681167248516345856,1930392859846352896,Directed,1,RETWEET,2084275349609742660
1843549478336208896,1512417510548725761,Directed,1,MENTION,2084272497331982519
1843549478336208896,1512417510548725761,Directed,1,RETWEET,2084272497331982519
1757117762609061888,1880440216898662401,Directed,1,MENTION,2084271975669657639
1757117762609061888,1880440216898662401,Directed,1,RETWEET,2084271975669657639
1225153151642279936,1396897957417521155,Directed,1,MENTION,2084269929839133046
1225153151642279936,1396897957417521155,Directed,1,RETWEET,2084269929839133046
1420163170631573505,1396897957417521155,Directed,1,MENTION,2084268478651863428
1420163170631573505,1396897957417521155,Directed,1,RETWEET,2084268478651863428
2077353122595262465,1880440216898662401,Directed,1,MENTION,2084268027781013578
2077353122595262465,1880440216898662401,Directed,1,RETWEET,2084268027781013578
1756550520053903360,1880440216898662401,Directed,1,MENTION,2084267398329254353
1756550520053903360,1880440216898662401,Directed,1,RETWEET,2084267398329254353
50170342,1648490572943073280,Directed,2,MENTION,2084266763407999467
50170342,1648490572943073280,Directed,2,RETWEET,2084266763407999467
632404177,1754546368226426880,Directed,1,MENTION,2084264658370765287
632404177,1754546368226426880,Directed,1,RETWEET,2084264658370765287
1557527436237180928,1880440216898662401,Directed,1,MENTION,2084264308414840862
1557527436237180928,1880440216898662401,Directed,1,RETWEET,2084264308414840862
777249873548734464,1653173958873579523,Directed,1,QUOTE,2084263937172812194
1754565770967670784,1754546368226426880,Directed,1,MENTION,2084260889750897126
1754565770967670784,1754546368226426880,Directed,1,RETWEET,2084260889750897126
1943832920122118145,1503664258323816448,Directed,1,MENTION,2084260231672918239
1943832920122118145,1503664258323816448,Directed,1,RETWEET,2084260231672918239
1261877917379895302,716818098310025220,Directed,1,MENTION,2084258852837474316
1261877917379895302,716818098310025220,Directed,1,RETWEET,2084258852837474316
1261877917379895302,1754546368226426880,Directed,1,MENTION,2084258744351810015
1261877917379895302,1754546368226426880,Directed,1,RETWEET,2084258744351810015
1648490572943073280,212423902,Directed,1,MENTION,2084258509080629400
2608966100,1648490572943073280,Directed,1,MENTION,2084256745505907082
2608966100,212423902,Directed,1,MENTION,2084256745505907082
2608966100,1648490572943073280,Directed,1,RETWEET,2084256745505907082
703960171,1930392859846352896,Directed,1,MENTION,2084255601509421564
703960171,1930392859846352896,Directed,1,RETWEET,2084255601509421564
1292298510021402625,1180966675623170048,Directed,1,MENTION,2084254642670612968
1292298510021402625,1180966675623170048,Directed,1,RETWEET,2084254642670612968
2044209544721567744,1503664258323816448,Directed,1,MENTION,2084253988069790015
2044209544721567744,1503664258323816448,Directed,1,RETWEET,2084253988069790015
2011512619740643342,1503664258323816448,Directed,1,MENTION,2084253638990405960
2011512619740643342,1503664258323816448,Directed,1,RETWEET,2084253638990405960
1328786715151052800,1648490572943073280,Directed,1,MENTION,2084251745794904262
1328786715151052800,212423902,Directed,1,MENTION,2084251745794904262
1328786715151052800,1648490572943073280,Directed,1,RETWEET,2084251745794904262
1812538612183072768,1930392859846352896,Directed,1,MENTION,2084251111104422398
1812538612183072768,1930392859846352896,Directed,1,RETWEET,2084251111104422398
1577296096006635522,1503664258323816448,Directed,1,MENTION,2084251037116911832
1577296096006635522,1503664258323816448,Directed,1,RETWEET,2084251037116911832
1577296096006635522,1754546368226426880,Directed,1,MENTION,2084250998436962745
1577296096006635522,1754546368226426880,Directed,1,RETWEET,2084250998436962745
1349774765930721282,1880440216898662401,Directed,1,MENTION,2084250149832851519
1349774765930721282,1880440216898662401,Directed,1,RETWEET,2084250149832851519
1649279838409170945,1503664258323816448,Directed,1,MENTION,2084246329509708137
1649279838409170945,1503664258323816448,Directed,1,RETWEET,2084246329509708137
347483690,1427653373197787141,Directed,1,MENTION,2084243366946959724
347483690,1427653373197787141,Directed,1,RETWEET,2084243366946959724
50170342,212423902,Directed,1,MENTION,2084243333589672259
50170342,1653173958873579523,Directed,1,MENTION,2084242327158046887
50170342,1653173958873579523,Directed,1,RETWEET,2084242327158046887
1416013347674279938,1648490572943073280,Directed,1,MENTION,2084242221893554276
1416013347674279938,212423902,Directed,1,MENTION,2084242221893554276
1416013347674279938,1648490572943073280,Directed,1,RETWEET,2084242221893554276
347483690,1754546368226426880,Directed,1,MENTION,2084242091555561713
347483690,1754546368226426880,Directed,1,RETWEET,2084242091555561713
1416013347674279938,1503664258323816448,Directed,1,MENTION,2084241978238124126
1416013347674279938,1503664258323816448,Directed,1,RETWEET,2084241978238124126
1722049794414202880,2642052275,Directed,1,MENTION,2084241805399281981
1722049794414202880,2642052275,Directed,1,RETWEET,2084241805399281981
1722049794414202880,1782578662467858432,Directed,1,MENTION,2084241711337738344
1722049794414202880,1782578662467858432,Directed,1,RETWEET,2084241711337738344
347483690,1503664258323816448,Directed,1,MENTION,2084241298127507842
347483690,1503664258323816448,Directed,1,RETWEET,2084241298127507842
1722049794414202880,1648490572943073280,Directed,1,MENTION,2084241271468528059
1722049794414202880,212423902,Directed,1,MENTION,2084241271468528059
1722049794414202880,1648490572943073280,Directed,1,RETWEET,2084241271468528059
1722049794414202880,1156726617093398533,Directed,1,MENTION,2084240560433320420
1722049794414202880,1156726617093398533,Directed,1,RETWEET,2084240560433320420
1337862909620326400,1880440216898662401,Directed,1,MENTION,2084240511896825912
1337862909620326400,1880440216898662401,Directed,1,RETWEET,2084240511896825912
1722049794414202880,716818098310025220,Directed,1,MENTION,2084240503227199543
1722049794414202880,716818098310025220,Directed,1,RETWEET,2084240503227199543
1070173349278609409,1156726617093398533,Directed,1,MENTION,2084239625418125342
1070173349278609409,1156726617093398533,Directed,1,RETWEET,2084239625418125342
1796984880468832258,1880440216898662401,Directed,1,MENTION,2084238385372172290
1796984880468832258,1880440216898662401,Directed,1,RETWEET,2084238385372172290
183038551,1930392859846352896,Directed,1,MENTION,2084237157657411990
183038551,1930392859846352896,Directed,1,RETWEET,2084237157657411990
1308540938558603264,1880440216898662401,Directed,1,MENTION,2084230888158531978
1308540938558603264,1880440216898662401,Directed,1,RETWEET,2084230888158531978
95070227,1754546368226426880,Directed,1,MENTION,2084230643831939401
95070227,1754546368226426880,Directed,1,RETWEET,2084230643831939401
1591902987823218689,1740454880513265664,Directed,1,MENTION,2084229894624428307
1591902987823218689,1740454880513265664,Directed,1,RETWEET,2084229894624428307
759578139458756608,1503664258323816448,Directed,1,MENTION,2084228701865091480
759578139458756608,1503664258323816448,Directed,1,RETWEET,2084228701865091480
1331858498393690114,1180966675623170048,Directed,1,MENTION,2084228190185099616
1331858498393690114,1180966675623170048,Directed,1,RETWEET,2084228190185099616
1812280194155319296,1005189465868890112,Directed,1,MENTION,2084224679573631055
1812280194155319296,1005189465868890112,Directed,1,RETWEET,2084224679573631055
1755099923924533248,1648490572943073280,Directed,1,MENTION,2084223161264898488
1755099923924533248,212423902,Directed,1,MENTION,2084223161264898488
1755099923924533248,1648490572943073280,Directed,1,RETWEET,2084223161264898488
1755099923924533248,1503664258323816448,Directed,1,MENTION,2084222826970488957
1755099923924533248,1503664258323816448,Directed,1,RETWEET,2084222826970488957
1298761342401224704,1880440216898662401,Directed,1,MENTION,2084221642381934706
1298761342401224704,1880440216898662401,Directed,1,RETWEET,2084221642381934706
1812973515622236160,1880440216898662401,Directed,1,MENTION,2084219613802377503
1812973515622236160,1880440216898662401,Directed,1,RETWEET,2084219613802377503
267530507,1648490572943073280,Directed,1,MENTION,2084219123265888587
267530507,1648490572943073280,Directed,1,RETWEET,2084219123265888587
1982444714285830144,1902091262540574722,Directed,1,MENTION,2084216770827825154
1982444714285830144,1902091262540574722,Directed,1,RETWEET,2084216770827825154
2032523085966880768,1653173958873579523,Directed,1,MENTION,2084215848672145471
2032523085966880768,1653173958873579523,Directed,1,RETWEET,2084215848672145471
942909278142304256,1653173958873579523,Directed,1,MENTION,2084214938818499065
942909278142304256,1653173958873579523,Directed,1,RETWEET,2084214938818499065
1969955073645010944,1396897957417521155,Directed,1,MENTION,2084211385240518970
1969955073645010944,1396897957417521155,Directed,1,RETWEET,2084211385240518970
1969955073645010944,1754546368226426880,Directed,1,MENTION,2084211309835387056
1969955073645010944,1754546368226426880,Directed,1,RETWEET,2084211309835387056
1206661334097694721,1653173958873579523,Directed,1,MENTION,2084210714948804908
1206661334097694721,1653173958873579523,Directed,1,RETWEET,2084210714948804908
2032523085966880768,1930392859846352896,Directed,2,MENTION,2084210601518395441
2032523085966880768,1930392859846352896,Directed,2,RETWEET,2084210601518395441
212423902,1653173958873579523,Directed,1,MENTION,2084209752758681731
212423902,1653173958873579523,Directed,1,RETWEET,2084209752758681731
212423902,2063568188042870784,Directed,1,MENTION,2084209671770947620
212423902,2063568188042870784,Directed,1,RETWEET,2084209671770947620
2010301880774144000,1930392859846352896,Directed,1,MENTION,2084208261843087773
2010301880774144000,1930392859846352896,Directed,1,RETWEET,2084208261843087773
2913253531,1653173958873579523,Directed,1,MENTION,2084207767271706951
2913253531,1653173958873579523,Directed,1,RETWEET,2084207767271706951
1868491608401776640,1503664258323816448,Directed,1,MENTION,2084207671868018826
1868491608401776640,1503664258323816448,Directed,1,RETWEET,2084207671868018826
1868491608401776640,1180966675623170048,Directed,1,MENTION,2084207221202624584
1868491608401776640,1180966675623170048,Directed,1,RETWEET,2084207221202624584
316893520,1930392859846352896,Directed,1,MENTION,2084207036028608629
316893520,1930392859846352896,Directed,1,RETWEET,2084207036028608629
1868491608401776640,1754546368226426880,Directed,1,MENTION,2084206891022852359
1868491608401776640,1754546368226426880,Directed,1,RETWEET,2084206891022852359
2043914065911631872,2063568188042870784,Directed,1,MENTION,2084206729177280910
2043914065911631872,2063568188042870784,Directed,1,RETWEET,2084206729177280910
1950624156686651392,63184864,Directed,1,MENTION,2084204966952980867
1950624156686651392,63184864,Directed,1,RETWEET,2084204966952980867
1656713058,2063568188042870784,Directed,1,MENTION,2084202381471105388
1656713058,2063568188042870784,Directed,1,RETWEET,2084202381471105388
1447394229144244227,74551830,Directed,1,MENTION,2084200532533514602
1447394229144244227,74551830,Directed,1,RETWEET,2084200532533514602
1671303744481312770,1653173958873579523,Directed,1,MENTION,2084196568404513262
1671303744481312770,1653173958873579523,Directed,1,RETWEET,2084196568404513262
1710028281150332928,1180966675623170048,Directed,2,MENTION,2084195874910158872
1710028281150332928,1180966675623170048,Directed,2,RETWEET,2084195874910158872
1710028281150332928,716818098310025220,Directed,1,MENTION,2084195458524786981
1710028281150332928,716818098310025220,Directed,1,RETWEET,2084195458524786981
2004309160813645825,1653173958873579523,Directed,1,MENTION,2084195333723328695
2004309160813645825,1653173958873579523,Directed,1,RETWEET,2084195333723328695
1710028281150332928,2063568188042870784,Directed,1,MENTION,2084195263904915845
1710028281150332928,2063568188042870784,Directed,1,RETWEET,2084195263904915845
835857086537838592,2063568188042870784,Directed,1,MENTION,2084194884484014553
835857086537838592,2063568188042870784,Directed,1,RETWEET,2084194884484014553
835857086537838592,1754546368226426880,Directed,1,MENTION,2084194747275698622
835857086537838592,1754546368226426880,Directed,1,RETWEET,2084194747275698622
771925478,1326316230530174979,Directed,1,MENTION,2084194564039221637
771925478,1326316230530174979,Directed,1,RETWEET,2084194564039221637
1710028281150332928,1653173958873579523,Directed,1,MENTION,2084194449337598072
1710028281150332928,1653173958873579523,Directed,1,RETWEET,2084194449337598072
1652877362168573953,1653173958873579523,Directed,1,MENTION,2084194415036309960
1652877362168573953,1653173958873579523,Directed,1,RETWEET,2084194415036309960
1710028281150332928,1754546368226426880,Directed,1,MENTION,2084194331787919513
1710028281150332928,1754546368226426880,Directed,1,RETWEET,2084194331787919513
504986424,1653173958873579523,Directed,1,MENTION,2084193859290984527
504986424,1653173958873579523,Directed,1,RETWEET,2084193859290984527
1991711032008667136,1653173958873579523,Directed,1,MENTION,2084191765414961491
1991711032008667136,1653173958873579523,Directed,1,RETWEET,2084191765414961491
1732995954196832256,285403025,Directed,1,MENTION,2084190595119989156
1732995954196832256,285403025,Directed,1,RETWEET,2084190595119989156
1803796362795913216,212423902,Directed,1,MENTION,2084188416971776329
704267293,1754546368226426880,Directed,1,MENTION,2084188107721543822
704267293,1754546368226426880,Directed,1,RETWEET,2084188107721543822
2001065916680032256,1653173958873579523,Directed,1,MENTION,2084187753861038118
2001065916680032256,1653173958873579523,Directed,1,RETWEET,2084187753861038118
1580532910674923520,2063568188042870784,Directed,1,MENTION,2084187613548720474
1580532910674923520,2063568188042870784,Directed,1,RETWEET,2084187613548720474
1977558827311493120,285403025,Directed,1,MENTION,2084186243642913010
1977558827311493120,285403025,Directed,1,RETWEET,2084186243642913010
