Source,Target,Type,Weight,Interaction,post_id
2150540791,27601164,Directed,2,MENTION,2086013254891950513
2150540791,27601164,Directed,2,RETWEET,2086013254891950513
1368786964074295296,1020515988272533511,Directed,2,MENTION,2086013220054327364
1368786964074295296,1020515988272533511,Directed,1,REPLY,2086013220054327364
1521808109190393859,47519500,Directed,1,MENTION,2086013215780344313
1521808109190393859,47519500,Directed,1,RETWEET,2086013215780344313
348283673,3275352889,Directed,1,MENTION,2086013207332950375
348283673,3275352889,Directed,1,RETWEET,2086013207332950375
1300175379467063308,850359005486747648,Directed,1,MENTION,2086013179381928155
1300175379467063308,850359005486747648,Directed,1,RETWEET,2086013179381928155
3583066521,1645284927200718849,Directed,1,MENTION,2086013130690236895
3583066521,1645284927200718849,Directed,1,RETWEET,2086013130690236895
2040373205643198464,1368786964074295296,Directed,1,MENTION,2086013127259217927
2040373205643198464,1368786964074295296,Directed,1,RETWEET,2086013127259217927
3160591267,189998617,Directed,1,MENTION,2086013124008636604
3160591267,189998617,Directed,1,RETWEET,2086013124008636604
1368786964074295296,1020515988272533511,Directed,1,RETWEET,2086013119588106598
1938541256575217664,1512524390801551363,Directed,1,MENTION,2086013106736755109
1938541256575217664,1512524390801551363,Directed,1,RETWEET,2086013106736755109
1953600777215168512,1150470446485135361,Directed,1,QUOTE,2086013091955749173
1938541256575217664,1694059021555122178,Directed,1,MENTION,2086013086478278690
1938541256575217664,1694059021555122178,Directed,1,RETWEET,2086013086478278690
1490249808212156418,1570264597633941504,Directed,1,QUOTE,2086013071064215868
1938541256575217664,1132718767979532295,Directed,1,MENTION,2086013039128817782
1938541256575217664,1132718767979532295,Directed,1,RETWEET,2086013039128817782
40319108,1150470446485135361,Directed,6,MENTION,2086013025559945255
40319108,1150470446485135361,Directed,6,REPLY,2086013025559945255
1938541256575217664,1488990297308737539,Directed,1,MENTION,2086013021244297324
1938541256575217664,1488990297308737539,Directed,1,RETWEET,2086013021244297324
1938541256575217664,1933954475212836864,Directed,1,MENTION,2086013004349686092
1938541256575217664,1933954475212836864,Directed,1,RETWEET,2086013004349686092
1938541256575217664,1747979341655347200,Directed,1,MENTION,2086012969616617836
1938541256575217664,1747979341655347200,Directed,1,RETWEET,2086012969616617836
1954257482819211264,1637885872052772876,Directed,4,MENTION,2086012953694753075
1954257482819211264,1637885872052772876,Directed,4,RETWEET,2086012953694753075
1938541256575217664,1552261308581613569,Directed,1,MENTION,2086012953074311278
1938541256575217664,1552261308581613569,Directed,1,RETWEET,2086012953074311278
1938541256575217664,1696611319632240640,Directed,1,MENTION,2086012905519300751
1938541256575217664,1696611319632240640,Directed,1,RETWEET,2086012905519300751
996277591995629568,714687271769935874,Directed,1,MENTION,2086012889694081062
996277591995629568,714687271769935874,Directed,1,RETWEET,2086012889694081062
1521808109190393859,1544456333667094529,Directed,1,MENTION,2086012831644942487
1521808109190393859,1544456333667094529,Directed,1,RETWEET,2086012831644942487
1281375643817648128,27601164,Directed,2,MENTION,2086012816180277650
1281375643817648128,27601164,Directed,2,RETWEET,2086012816180277650
1368786964074295296,1048803259,Directed,1,MENTION,2086012794697335111
1368786964074295296,1048803259,Directed,1,REPLY,2086012794697335111
1521808109190393859,336029515,Directed,1,MENTION,2086012784102560002
1521808109190393859,336029515,Directed,1,RETWEET,2086012784102560002
1698215278772137984,1864888823022284800,Directed,1,MENTION,2086012775051170034
1698215278772137984,1864888823022284800,Directed,1,RETWEET,2086012775051170034
1809041621960511488,1199401739482320896,Directed,1,MENTION,2086012712438374752
1809041621960511488,1199401739482320896,Directed,1,RETWEET,2086012712438374752
2039451053620342784,1864888823022284800,Directed,1,MENTION,2086012692930994615
2039451053620342784,1864888823022284800,Directed,1,RETWEET,2086012692930994615
1521808109190393859,1940270943441412096,Directed,2,MENTION,2086012640091119649
1521808109190393859,1940270943441412096,Directed,2,RETWEET,2086012640091119649
627404074,1973154790340435974,Directed,1,QUOTE,2086012583509922089
1572498802740797443,1607602658482819072,Directed,1,MENTION,2086012582435893539
1572498802740797443,1607602658482819072,Directed,1,RETWEET,2086012582435893539
1037722804215406592,189998617,Directed,1,MENTION,2086012563582828994
1037722804215406592,189998617,Directed,1,RETWEET,2086012563582828994
1572498802740797443,1150470446485135361,Directed,7,MENTION,2086012488563171495
1572498802740797443,1150470446485135361,Directed,7,RETWEET,2086012488563171495
59847966,1150470446485135361,Directed,1,QUOTE,2086012483228033371
1739487320468766720,1240377035152736256,Directed,1,QUOTE,2086012474835284343
1698215278772137984,1308197060458565633,Directed,1,MENTION,2086012462256857279
1698215278772137984,1308197060458565633,Directed,1,RETWEET,2086012462256857279
769950743717564417,762346353192267781,Directed,1,MENTION,2086012430790824047
769950743717564417,762346353192267781,Directed,1,REPLY,2086012430790824047
1819738919266594816,1566470807810891776,Directed,1,MENTION,2086012415246774532
1819738919266594816,1566470807810891776,Directed,1,RETWEET,2086012415246774532
1323980804985376769,1702663404685529088,Directed,1,MENTION,2086012398167531693
1323980804985376769,1702663404685529088,Directed,1,RETWEET,2086012398167531693
1819738919266594816,1325119391877398531,Directed,1,MENTION,2086012378819252259
1819738919266594816,1325119391877398531,Directed,1,RETWEET,2086012378819252259
1745559779680907264,1020515988272533511,Directed,1,MENTION,2086012377384833151
1745559779680907264,1020515988272533511,Directed,1,RETWEET,2086012377384833151
1698215278772137984,714687271769935874,Directed,1,MENTION,2086012346124935571
1698215278772137984,714687271769935874,Directed,1,RETWEET,2086012346124935571
1698215278772137984,2254306980,Directed,1,MENTION,2086012316982890941
1698215278772137984,2254306980,Directed,1,RETWEET,2086012316982890941
1368786964074295296,287491492,Directed,2,MENTION,2086012313983971785
1368786964074295296,287491492,Directed,1,REPLY,2086012313983971785
1490543547946307587,1150470446485135361,Directed,1,QUOTE,2086012302491283911
1368786964074295296,287491492,Directed,1,RETWEET,2086012247286096070
1368786964074295296,1147538980805795840,Directed,1,MENTION,2086012225064730825
1368786964074295296,1147538980805795840,Directed,1,REPLY,2086012225064730825
1368786964074295296,1949705896101371904,Directed,1,MENTION,2086012094248575348
1368786964074295296,1949705896101371904,Directed,1,RETWEET,2086012094248575348
1957136373237895168,1290762938094166021,Directed,1,MENTION,2086012091811409952
1957136373237895168,1290762938094166021,Directed,1,RETWEET,2086012091811409952
768839836782297089,1637885872052772876,Directed,1,MENTION,2086012074572849396
768839836782297089,1637885872052772876,Directed,1,RETWEET,2086012074572849396
1368786964074295296,1637885872052772876,Directed,1,MENTION,2086012070794051866
1368786964074295296,1637885872052772876,Directed,1,REPLY,2086012070794051866
1281375643817648128,1943028531564548097,Directed,1,MENTION,2086012003668172953
1281375643817648128,1943028531564548097,Directed,1,RETWEET,2086012003668172953
1912024927290441728,118326988,Directed,1,MENTION,2086011988115599612
1912024927290441728,118326988,Directed,1,RETWEET,2086011988115599612
1613932173840498689,1844726242886533123,Directed,1,MENTION,2086011962530406801
1613932173840498689,1844726242886533123,Directed,1,RETWEET,2086011962530406801
1368786964074295296,2724689383,Directed,1,MENTION,2086011939361308935
1368786964074295296,2724689383,Directed,1,RETWEET,2086011939361308935
771860168225222656,867606333033336833,Directed,4,MENTION,2086011938765471943
771860168225222656,867606333033336833,Directed,4,RETWEET,2086011938765471943
1675676696576499715,1599512453947105281,Directed,1,MENTION,2086011900916122107
1675676696576499715,1599512453947105281,Directed,1,RETWEET,2086011900916122107
714687271769935874,1015308064088608769,Directed,1,MENTION,2086011898240311453
714687271769935874,1015308064088608769,Directed,1,RETWEET,2086011898240311453
1860582256672116736,1665880392765788164,Directed,1,MENTION,2086011886114422886
1860582256672116736,1665880392765788164,Directed,1,RETWEET,2086011886114422886
1300175379467063308,2350906928,Directed,1,MENTION,2086011886068171171
1300175379467063308,2350906928,Directed,1,RETWEET,2086011886068171171
1568499080493518848,2074532489624956931,Directed,1,MENTION,2086011864257814888
1568499080493518848,2074532489624956931,Directed,1,RETWEET,2086011864257814888
2040373205643198464,1844726242886533123,Directed,1,MENTION,2086011848923513158
2040373205643198464,1844726242886533123,Directed,1,RETWEET,2086011848923513158
1281375643817648128,1552261308581613569,Directed,1,MENTION,2086011842946609153
1281375643817648128,1552261308581613569,Directed,1,RETWEET,2086011842946609153
2040373205643198464,1373122703855550464,Directed,1,MENTION,2086011819320074600
2040373205643198464,1373122703855550464,Directed,1,RETWEET,2086011819320074600
1368786964074295296,2337989638,Directed,1,MENTION,2086011791759516036
1368786964074295296,2337989638,Directed,1,RETWEET,2086011791759516036
1368786964074295296,2849935729,Directed,1,MENTION,2086011768778703079
1368786964074295296,2849935729,Directed,1,RETWEET,2086011768778703079
1080673392074739713,2081782688235544576,Directed,1,MENTION,2086011761275416855
1080673392074739713,2081782688235544576,Directed,1,RETWEET,2086011761275416855
1379551832360505346,1150470446485135361,Directed,1,MENTION,2086011735060668441
1379551832360505346,1150470446485135361,Directed,1,RETWEET,2086011735060668441
1368786964074295296,1731837887665020928,Directed,1,MENTION,2086011715595161633
1368786964074295296,1731837887665020928,Directed,1,RETWEET,2086011715595161633
290369853,867606333033336833,Directed,1,MENTION,2086011703993454937
290369853,867606333033336833,Directed,1,RETWEET,2086011703993454937
1613932173840498689,1813024973919035393,Directed,1,MENTION,2086011696208896311
1613932173840498689,1813024973919035393,Directed,1,REPLY,2086011696208896311
1595603074743246851,1150470446485135361,Directed,1,MENTION,2086011638671368272
1595603074743246851,1150470446485135361,Directed,1,RETWEET,2086011638671368272
1368786964074295296,1648222815555035136,Directed,1,MENTION,2086011635978940630
1368786964074295296,1648222815555035136,Directed,1,RETWEET,2086011635978940630
1300175379467063308,1566470807810891776,Directed,1,MENTION,2086011627271229587
1300175379467063308,1566470807810891776,Directed,1,RETWEET,2086011627271229587
1745559779680907264,1278502003061198848,Directed,1,MENTION,2086011613073625531
1745559779680907264,1278502003061198848,Directed,1,RETWEET,2086011613073625531
1549483145145323521,1488990297308737539,Directed,1,MENTION,2086011610879905901
1549483145145323521,1488990297308737539,Directed,1,RETWEET,2086011610879905901
1595603074743246851,277457922,Directed,1,MENTION,2086011593561653642
1595603074743246851,277457922,Directed,1,RETWEET,2086011593561653642
2040373205643198464,47519500,Directed,1,MENTION,2086011589350527469
2040373205643198464,47519500,Directed,1,RETWEET,2086011589350527469
1468700407258099713,1552261308581613569,Directed,1,MENTION,2086011575127752914
1468700407258099713,1552261308581613569,Directed,1,RETWEET,2086011575127752914
1300175379467063308,1665914818077814785,Directed,1,MENTION,2086011558748926181
1300175379467063308,1665914818077814785,Directed,1,RETWEET,2086011558748926181
95708774,289186412,Directed,1,MENTION,2086011539027349646
95708774,289186412,Directed,1,RETWEET,2086011539027349646
1745559779680907264,4212406623,Directed,1,MENTION,2086011538041688548
1745559779680907264,4212406623,Directed,1,RETWEET,2086011538041688548
1549483145145323521,1864888823022284800,Directed,1,MENTION,2086011423570706700
1549483145145323521,1864888823022284800,Directed,1,RETWEET,2086011423570706700
1300175379467063308,1835520923799097344,Directed,1,MENTION,2086011414951481545
1300175379467063308,1835520923799097344,Directed,1,RETWEET,2086011414951481545
1637885872052772876,1240377035152736256,Directed,1,MENTION,2086011363952878037
1637885872052772876,1240377035152736256,Directed,1,REPLY,2086011363952878037
1300175379467063308,722520493392281600,Directed,1,MENTION,2086011358387007603
1300175379467063308,722520493392281600,Directed,1,RETWEET,2086011358387007603
261809280,188559515,Directed,1,MENTION,2086011348719395172
261809280,70054190,Directed,1,MENTION,2086011348719395172
2075992470714753024,1240377035152736256,Directed,1,MENTION,2086011336723496970
2075992470714753024,1240377035152736256,Directed,1,REPLY,2086011336723496970
1819738919266594816,1944582964287070208,Directed,1,MENTION,2086011309112353153
1819738919266594816,1944582964287070208,Directed,1,RETWEET,2086011309112353153
1739487320468766720,2337989638,Directed,1,QUOTE,2086011270705140205
1809041621960511488,1637885872052772876,Directed,1,MENTION,2086011252703141930
1809041621960511488,1637885872052772876,Directed,1,RETWEET,2086011252703141930
1981515769042108416,1665880392765788164,Directed,1,MENTION,2086011250643738727
1981515769042108416,1665880392765788164,Directed,1,RETWEET,2086011250643738727
1223851416214740992,2079299103859621888,Directed,1,MENTION,2086011149049270729
1223851416214740992,2079299103859621888,Directed,1,RETWEET,2086011149049270729
1745559779680907264,1648222815555035136,Directed,1,MENTION,2086011049904427254
1745559779680907264,1648222815555035136,Directed,1,RETWEET,2086011049904427254
19820916,1186803601600966656,Directed,1,MENTION,2086011042170012079
19820916,1186803601600966656,Directed,1,RETWEET,2086011042170012079
1642244011036495873,2081782688235544576,Directed,1,MENTION,2086010984884285652
1642244011036495873,2081782688235544576,Directed,1,RETWEET,2086010984884285652
181838672,1652137872,Directed,1,MENTION,2086010979985584167
181838672,1652137872,Directed,1,RETWEET,2086010979985584167
1819738919266594816,1747979341655347200,Directed,1,MENTION,2086010954215506297
1819738919266594816,1747979341655347200,Directed,1,RETWEET,2086010954215506297
768839836782297089,2337989638,Directed,1,QUOTE,2086010931213910180
36448139,1199401739482320896,Directed,1,MENTION,2086010884787253413
36448139,1199401739482320896,Directed,1,RETWEET,2086010884787253413
1571605094080335872,1290516945914040320,Directed,1,MENTION,2086010846279614729
1571605094080335872,1290516945914040320,Directed,1,RETWEET,2086010846279614729
1152794267766743040,2849935729,Directed,1,MENTION,2086010814549397663
1152794267766743040,2849935729,Directed,1,RETWEET,2086010814549397663
181838672,1544456333667094529,Directed,1,MENTION,2086010783675072870
181838672,1544456333667094529,Directed,1,RETWEET,2086010783675072870
40319108,27601164,Directed,1,MENTION,2086010743426539549
40319108,27601164,Directed,1,REPLY,2086010743426539549
181838672,336029515,Directed,1,MENTION,2086010718252593392
181838672,336029515,Directed,1,RETWEET,2086010718252593392
412808700,133067880,Directed,1,MENTION,2086010700904706096
412808700,133067880,Directed,1,RETWEET,2086010700904706096
1977843932278214657,1637885872052772876,Directed,2,MENTION,2086010696593244546
1977843932278214657,1637885872052772876,Directed,2,RETWEET,2086010696593244546
1332625371255230464,833836735591116800,Directed,1,MENTION,2086010676611285384
1332625371255230464,833836735591116800,Directed,1,RETWEET,2086010676611285384
2481083101,1856792415237021696,Directed,1,MENTION,2086010623302000778
2481083101,1856792415237021696,Directed,1,RETWEET,2086010623302000778
1745559779680907264,1637885872052772876,Directed,3,MENTION,2086010605291405762
1745559779680907264,1637885872052772876,Directed,3,RETWEET,2086010605291405762
1930390461249925123,189998617,Directed,1,MENTION,2086010594277388354
1930390461249925123,189998617,Directed,1,RETWEET,2086010594277388354
83253104,250784343,Directed,1,QUOTE,2086010589965332917
1300175379467063308,720387818892238848,Directed,1,MENTION,2086010571590131804
1300175379467063308,720387818892238848,Directed,1,RETWEET,2086010571590131804
181838672,1856792415237021696,Directed,1,MENTION,2086010560047620391
181838672,1856792415237021696,Directed,1,RETWEET,2086010560047620391
2081623319971782657,1665914818077814785,Directed,1,MENTION,2086010547770671441
2081623319971782657,1665914818077814785,Directed,1,RETWEET,2086010547770671441
412808700,47519500,Directed,1,MENTION,2086010451314254182
412808700,47519500,Directed,1,REPLY,2086010451314254182
1745559779680907264,1556186511380553728,Directed,1,MENTION,2086010341159211457
1745559779680907264,1556186511380553728,Directed,1,RETWEET,2086010341159211457
1745559779680907264,2849935729,Directed,1,MENTION,2086010322632994829
1745559779680907264,2849935729,Directed,1,RETWEET,2086010322632994829
1745559779680907264,1949705896101371904,Directed,1,MENTION,2086010306489164136
1745559779680907264,1949705896101371904,Directed,1,RETWEET,2086010306489164136
1745559779680907264,27942190,Directed,1,MENTION,2086010281591779839
1745559779680907264,27942190,Directed,1,RETWEET,2086010281591779839
1745559779680907264,2075464754957578240,Directed,1,MENTION,2086010240466563516
1745559779680907264,2075464754957578240,Directed,1,RETWEET,2086010240466563516
1300175379467063308,1752081667894706176,Directed,1,MENTION,2086010234275831876
1300175379467063308,1752081667894706176,Directed,1,RETWEET,2086010234275831876
1745559779680907264,1454218414378024964,Directed,1,MENTION,2086010227053244684
1745559779680907264,1454218414378024964,Directed,1,RETWEET,2086010227053244684
1745559779680907264,2337989638,Directed,1,MENTION,2086010195558236460
1745559779680907264,2337989638,Directed,1,RETWEET,2086010195558236460
2040373205643198464,2079654546683699200,Directed,1,MENTION,2086010193012224330
2040373205643198464,2079654546683699200,Directed,1,RETWEET,2086010193012224330
1380197561047216130,2337989638,Directed,1,MENTION,2086010149676708082
1380197561047216130,2337989638,Directed,1,RETWEET,2086010149676708082
1300175379467063308,1819567785472937984,Directed,1,MENTION,2086010117883896194
1300175379467063308,1819567785472937984,Directed,1,RETWEET,2086010117883896194
4564633474,47519500,Directed,1,MENTION,2086010084845371885
4564633474,47519500,Directed,1,RETWEET,2086010084845371885
1393196294449950720,1554546826568769536,Directed,1,MENTION,2086010079539843183
1393196294449950720,1554546826568769536,Directed,1,RETWEET,2086010079539843183
1300175379467063308,1159333442787524608,Directed,1,MENTION,2086010030919164169
1300175379467063308,1159333442787524608,Directed,1,RETWEET,2086010030919164169
1368786964074295296,1977843932278214657,Directed,1,MENTION,2086010016671363579
1368786964074295296,1977843932278214657,Directed,1,RETWEET,2086010016671363579
2075464754957578240,1819567785472937984,Directed,2,MENTION,2086010012879491563
2075464754957578240,1819567785472937984,Directed,2,REPLY,2086010012879491563
1544567563035693057,1552261308581613569,Directed,1,MENTION,2086009953282842714
1544567563035693057,1552261308581613569,Directed,1,RETWEET,2086009953282842714
1611271815296585728,787734636,Directed,1,MENTION,2086009943967293815
1611271815296585728,787734636,Directed,1,RETWEET,2086009943967293815
28749082,1477348026658263046,Directed,1,MENTION,2086009916355944834
28749082,1477348026658263046,Directed,1,RETWEET,2086009916355944834
1433619070528761861,1290516945914040320,Directed,1,MENTION,2086009898618560552
1433619070528761861,1290516945914040320,Directed,1,RETWEET,2086009898618560552
2082231747517816833,823664271699558400,Directed,1,MENTION,2086009894071570828
2082231747517816833,823664271699558400,Directed,1,RETWEET,2086009894071570828
14082108,1186803601600966656,Directed,1,MENTION,2086009845506044394
14082108,1186803601600966656,Directed,1,REPLY,2086009845506044394
1300175379467063308,1325119391877398531,Directed,1,MENTION,2086009833354870870
1300175379467063308,1325119391877398531,Directed,1,RETWEET,2086009833354870870
1942415588883943424,1150470446485135361,Directed,2,MENTION,2086009831370989694
1942415588883943424,1150470446485135361,Directed,2,RETWEET,2086009831370989694
1368786964074295296,2075464754957578240,Directed,2,MENTION,2086009720230559910
1368786964074295296,2075464754957578240,Directed,2,REPLY,2086009720230559910
3755490318,872253422753468417,Directed,1,MENTION,2086009658679161088
3755490318,872253422753468417,Directed,1,RETWEET,2086009658679161088
1514349400222433280,867606333033336833,Directed,1,MENTION,2086009619923775590
1514349400222433280,867606333033336833,Directed,1,RETWEET,2086009619923775590
771860168225222656,1185126115091849217,Directed,2,MENTION,2086009595693019377
771860168225222656,1185126115091849217,Directed,2,RETWEET,2086009595693019377
1745279625742405632,1186803601600966656,Directed,1,MENTION,2086009577762615382
1745279625742405632,1186803601600966656,Directed,1,RETWEET,2086009577762615382
1423924109168189441,1404262856149725187,Directed,1,MENTION,2086009550331851045
1423924109168189441,1404262856149725187,Directed,1,RETWEET,2086009550331851045
1447208384219041799,867606333033336833,Directed,1,MENTION,2086009502202044754
1447208384219041799,867606333033336833,Directed,1,RETWEET,2086009502202044754
1745559779680907264,296916180,Directed,2,MENTION,2086009486171394171
1745559779680907264,296916180,Directed,2,RETWEET,2086009486171394171
2021235911447760896,871891370247680001,Directed,1,MENTION,2086009453858730395
2021235911447760896,871891370247680001,Directed,1,RETWEET,2086009453858730395
1705981848935931904,1552261308581613569,Directed,2,MENTION,2086009444651901318
1705981848935931904,1552261308581613569,Directed,2,RETWEET,2086009444651901318
1368786964074295296,189998617,Directed,1,MENTION,2086009349668061608
1368786964074295296,1943028531564548097,Directed,1,QUOTE,2086009349668061608
1368786964074295296,189998617,Directed,1,REPLY,2086009349668061608
927275970364665856,1627097500325941249,Directed,1,MENTION,2086009274895908870
927275970364665856,1627097500325941249,Directed,1,RETWEET,2086009274895908870
1819567785472937984,1054887274289065984,Directed,2,MENTION,2086009255883055478
1819567785472937984,1054887274289065984,Directed,2,RETWEET,2086009255883055478
1209136532516421633,1486435751441149957,Directed,1,MENTION,2086009192771428826
1209136532516421633,1486435751441149957,Directed,1,RETWEET,2086009192771428826
1417024896593444864,1512524390801551363,Directed,1,MENTION,2086009189231743331
1417024896593444864,1512524390801551363,Directed,1,RETWEET,2086009189231743331
1819567785472937984,4760751141,Directed,1,MENTION,2086009182583456125
1819567785472937984,4760751141,Directed,1,RETWEET,2086009182583456125
893114873814568960,818345820,Directed,1,MENTION,2086009175012696205
893114873814568960,818345820,Directed,1,REPLY,2086009175012696205
1243767820271456262,1132718767979532295,Directed,1,MENTION,2086009148085264477
1243767820271456262,1132718767979532295,Directed,1,RETWEET,2086009148085264477
1942415588883943424,1290516945914040320,Directed,1,MENTION,2086009090954637531
1942415588883943424,1290516945914040320,Directed,1,RETWEET,2086009090954637531
1648222815555035136,1054887274289065984,Directed,1,QUOTE,2086009062211334578
2015367620896182272,2074758410931781632,Directed,2,MENTION,2086009036059578571
2015367620896182272,2074758410931781632,Directed,2,RETWEET,2086009036059578571
2080398632482693120,1636298207159361538,Directed,1,MENTION,2086009031844380916
2080398632482693120,1636298207159361538,Directed,1,RETWEET,2086009031844380916
1057415679794589697,1380986440172060679,Directed,1,MENTION,2086009030485709092
1057415679794589697,1380986440172060679,Directed,1,RETWEET,2086009030485709092
250784343,1150470446485135361,Directed,1,QUOTE,2086008976622133615
117220801,1132718767979532295,Directed,1,MENTION,2086008957206774068
117220801,1132718767979532295,Directed,1,RETWEET,2086008957206774068
1834301286272913408,1312051299865620480,Directed,1,QUOTE,2086008950810444099
1745559779680907264,1473436509160103939,Directed,1,MENTION,2086008911325282742
1745559779680907264,1597504931535077376,Directed,1,MENTION,2086008911325282742
1745559779680907264,1473436509160103939,Directed,1,RETWEET,2086008911325282742
1209136532516421633,1637885872052772876,Directed,2,MENTION,2086008904807243870
1209136532516421633,1637885872052772876,Directed,2,RETWEET,2086008904807243870
320384107,3076079852,Directed,1,MENTION,2086008883655397606
320384107,4345968382,Directed,1,MENTION,2086008883655397606
320384107,3076079852,Directed,1,RETWEET,2086008883655397606
2016482057757564929,1745559779680907264,Directed,1,MENTION,2086008876776706131
2016482057757564929,1745559779680907264,Directed,1,RETWEET,2086008876776706131
1627568736751296513,1636298207159361538,Directed,1,MENTION,2086008858468549064
1627568736751296513,1636298207159361538,Directed,1,RETWEET,2086008858468549064
1942415588883943424,1813024973919035393,Directed,2,MENTION,2086008854052040800
1942415588883943424,1813024973919035393,Directed,2,RETWEET,2086008854052040800
1972825902649409536,1636298207159361538,Directed,1,MENTION,2086008847970316613
1972825902649409536,1636298207159361538,Directed,1,RETWEET,2086008847970316613
289186412,95708774,Directed,1,QUOTE,2086008833478946988
1255570175337906178,1462842445,Directed,1,MENTION,2086008815430840655
1255570175337906178,1462842445,Directed,1,RETWEET,2086008815430840655
1473436509160103939,1597504931535077376,Directed,1,MENTION,2086008799660482952
1473436509160103939,1597504931535077376,Directed,1,REPLY,2086008799660482952
1972825902649409536,2079299103859621888,Directed,2,MENTION,2086008788092428521
1972825902649409536,2079299103859621888,Directed,2,RETWEET,2086008788092428521
320384107,24228666,Directed,1,MENTION,2086008787962384814
320384107,24228666,Directed,1,RETWEET,2086008787962384814
1332625371255230464,1637885872052772876,Directed,1,MENTION,2086008781947723897
1332625371255230464,1637885872052772876,Directed,1,RETWEET,2086008781947723897
191384128,1316438142505775104,Directed,1,QUOTE,2086008773483635143
1517324089878368256,1813024973919035393,Directed,1,MENTION,2086008729305002061
1517324089878368256,1813024973919035393,Directed,1,RETWEET,2086008729305002061
2075464754957578240,25937579,Directed,1,MENTION,2086008653388104059
2075464754957578240,25937579,Directed,1,REPLY,2086008653388104059
916941301169426432,1614419561788440576,Directed,1,MENTION,2086008651970429311
916941301169426432,1614419561788440576,Directed,1,RETWEET,2086008651970429311
40319108,21031129,Directed,1,MENTION,2086008631980368299
40319108,1684677788,Directed,1,MENTION,2086008631980368299
40319108,707978040010080256,Directed,1,MENTION,2086008631980368299
40319108,21031129,Directed,1,REPLY,2086008631980368299
1330649065458167815,309469832,Directed,1,QUOTE,2086008619879813287
1745559779680907264,2502281190,Directed,1,MENTION,2086008570814906401
1745559779680907264,2502281190,Directed,1,RETWEET,2086008570814906401
916941301169426432,581196043,Directed,1,MENTION,2086008537684062634
916941301169426432,581196043,Directed,1,RETWEET,2086008537684062634
1369780585447690243,309469832,Directed,1,MENTION,2086008516137943266
1369780585447690243,309469832,Directed,1,RETWEET,2086008516137943266
1642244011036495873,1665914818077814785,Directed,1,MENTION,2086008502456099078
1642244011036495873,1665914818077814785,Directed,1,RETWEET,2086008502456099078
1409296260125892608,1490543547946307587,Directed,1,MENTION,2086008466712252834
1409296260125892608,1490543547946307587,Directed,1,RETWEET,2086008466712252834
2051972777880555526,1607922502042263552,Directed,1,MENTION,2086008462698303815
2051972777880555526,1607922502042263552,Directed,1,RETWEET,2086008462698303815
1698215278772137984,2079654546683699200,Directed,1,MENTION,2086008448618242219
1698215278772137984,2079654546683699200,Directed,1,RETWEET,2086008448618242219
1209136532516421633,250784343,Directed,1,QUOTE,2086008425771618731
2828988279,1045292622200393728,Directed,1,MENTION,2086008416045019498
2828988279,1045292622200393728,Directed,1,RETWEET,2086008416045019498
894178052,581196043,Directed,1,MENTION,2086008384239591731
894178052,581196043,Directed,1,RETWEET,2086008384239591731
1627568736751296513,1209136532516421633,Directed,1,MENTION,2086008375263756357
1627568736751296513,1209136532516421633,Directed,1,RETWEET,2086008375263756357
832680459695828992,1054887274289065984,Directed,1,MENTION,2086008329038594485
832680459695828992,1054887274289065984,Directed,1,RETWEET,2086008329038594485
1409296260125892608,287491492,Directed,1,MENTION,2086008314622603766
1409296260125892608,287491492,Directed,1,RETWEET,2086008314622603766
1827895995742482433,1943028531564548097,Directed,1,MENTION,2086008302052229475
1827895995742482433,1943028531564548097,Directed,1,RETWEET,2086008302052229475
1827895995742482433,1675258081024909314,Directed,1,MENTION,2086008275170886094
1827895995742482433,1675258081024909314,Directed,1,RETWEET,2086008275170886094
1347279900537835521,1488990297308737539,Directed,1,MENTION,2086008249887928345
1347279900537835521,1488990297308737539,Directed,1,RETWEET,2086008249887928345
1140841136191410176,1150470446485135361,Directed,1,QUOTE,2086008240492752907
1209136532516421633,1653215810637234177,Directed,1,MENTION,2086008231525044567
1209136532516421633,1653215810637234177,Directed,1,RETWEET,2086008231525044567
1642244011036495873,1943028531564548097,Directed,1,MENTION,2086008230388379750
1642244011036495873,1943028531564548097,Directed,1,RETWEET,2086008230388379750
14082108,783695611862351872,Directed,1,MENTION,2086008208813129780
14082108,188559515,Directed,1,MENTION,2086008208813129780
14082108,783695611862351872,Directed,1,RETWEET,2086008208813129780
1961913900041150464,769950743717564417,Directed,2,MENTION,2086008192879001694
1961913900041150464,769950743717564417,Directed,2,REPLY,2086008192879001694
190649287,113263315,Directed,1,MENTION,2086008174788882677
190649287,113263315,Directed,1,RETWEET,2086008174788882677
1853005307988860928,1150470446485135361,Directed,1,MENTION,2086008156350488775
1853005307988860928,1150470446485135361,Directed,1,RETWEET,2086008156350488775
1312051299865620480,867606333033336833,Directed,1,MENTION,2086008153247019485
1312051299865620480,867606333033336833,Directed,1,RETWEET,2086008153247019485
1390478288867450885,1307400688025116678,Directed,1,MENTION,2086008121294561472
1390478288867450885,1307400688025116678,Directed,1,RETWEET,2086008121294561472
970181535746830336,867606333033336833,Directed,1,MENTION,2086008043674976657
970181535746830336,867606333033336833,Directed,1,RETWEET,2086008043674976657
30612477,2075464754957578240,Directed,1,MENTION,2086008012460671169
30612477,1312051299865620480,Directed,1,MENTION,2086008012460671169
30612477,2075464754957578240,Directed,1,REPLY,2086008012460671169
1260577097887686660,1777843452103061504,Directed,1,MENTION,2086007968902823970
1260577097887686660,1777843452103061504,Directed,1,RETWEET,2086007968902823970
36448139,287491492,Directed,1,MENTION,2086007935826534750
36448139,287491492,Directed,1,RETWEET,2086007935826534750
1147538980805795840,1312051299865620480,Directed,1,QUOTE,2086007893032075596
2075464754957578240,1368786964074295296,Directed,2,MENTION,2086007883775213735
2075464754957578240,1368786964074295296,Directed,2,REPLY,2086007883775213735
1278502003061198848,1665914818077814785,Directed,1,MENTION,2086007864980632050
1278502003061198848,1665914818077814785,Directed,1,RETWEET,2086007864980632050
916941301169426432,27601164,Directed,1,MENTION,2086007845670064364
916941301169426432,27601164,Directed,1,RETWEET,2086007845670064364
2502281190,1150470446485135361,Directed,1,QUOTE,2086007831195783610
771860168225222656,1045292622200393728,Directed,1,MENTION,2086007825495470130
771860168225222656,1045292622200393728,Directed,1,RETWEET,2086007825495470130
1216483144318226434,309469832,Directed,1,MENTION,2086007825130545627
1216483144318226434,309469832,Directed,1,RETWEET,2086007825130545627
1572498802740797443,1856792415237021696,Directed,1,MENTION,2086007822341312815
1572498802740797443,1856792415237021696,Directed,1,RETWEET,2086007822341312815
1332625371255230464,27601164,Directed,1,MENTION,2086007804087734668
1332625371255230464,27601164,Directed,1,RETWEET,2086007804087734668
1924906565523419136,720387818892238848,Directed,1,MENTION,2086007786626818054
1924906565523419136,720387818892238848,Directed,1,RETWEET,2086007786626818054
1444521126475046913,1819567785472937984,Directed,1,MENTION,2086007770881696057
1444521126475046913,1819567785472937984,Directed,1,RETWEET,2086007770881696057
927275970364665856,1488990297308737539,Directed,1,MENTION,2086007762937434488
927275970364665856,1488990297308737539,Directed,1,RETWEET,2086007762937434488
320384107,30608842,Directed,1,MENTION,2086007749926699428
320384107,30608842,Directed,1,RETWEET,2086007749926699428
771860168225222656,1580624677570981888,Directed,1,MENTION,2086007704145813877
771860168225222656,1580624677570981888,Directed,1,RETWEET,2086007704145813877
1089035802179383297,1308197060458565633,Directed,1,MENTION,2086007684059611338
1089035802179383297,1308197060458565633,Directed,1,RETWEET,2086007684059611338
1666770584305295360,1186803601600966656,Directed,1,MENTION,2086007677142888949
1666770584305295360,1186803601600966656,Directed,1,RETWEET,2086007677142888949
1613932173840498689,1564565449941176322,Directed,1,MENTION,2086007646457418189
1613932173840498689,1564565449941176322,Directed,1,RETWEET,2086007646457418189
1152794267766743040,1694059021555122178,Directed,1,MENTION,2086007620452704702
1152794267766743040,1694059021555122178,Directed,1,RETWEET,2086007620452704702
1479910894360485888,1054887274289065984,Directed,2,MENTION,2086007616954573161
1479910894360485888,1054887274289065984,Directed,2,RETWEET,2086007616954573161
36448139,1462842445,Directed,1,MENTION,2086007613120983381
36448139,1462842445,Directed,1,RETWEET,2086007613120983381
1209136532516421633,1805174913239846912,Directed,1,MENTION,2086007603834818765
1209136532516421633,1805174913239846912,Directed,1,RETWEET,2086007603834818765
36448139,1652137872,Directed,1,MENTION,2086007566157369609
36448139,1652137872,Directed,1,RETWEET,2086007566157369609
1506371470561144837,1665914818077814785,Directed,1,MENTION,2086007559950082473
1506371470561144837,1665914818077814785,Directed,1,RETWEET,2086007559950082473
2401246157,722520493392281600,Directed,1,MENTION,2086007539188338811
2401246157,722520493392281600,Directed,1,RETWEET,2086007539188338811
1209136532516421633,1054887274289065984,Directed,1,QUOTE,2086007491322671121
258139954,30608842,Directed,1,MENTION,2086007447605424213
258139954,30608842,Directed,1,RETWEET,2086007447605424213
1209136532516421633,64508083,Directed,1,MENTION,2086007420682186866
1209136532516421633,64508083,Directed,1,RETWEET,2086007420682186866
1922142269840478208,867606333033336833,Directed,1,MENTION,2086007409684660228
1922142269840478208,867606333033336833,Directed,1,RETWEET,2086007409684660228
1240855407251173376,1694059021555122178,Directed,1,QUOTE,2086007394040185157
1613932173840498689,1665914818077814785,Directed,1,MENTION,2086007391376601535
1613932173840498689,1665914818077814785,Directed,1,RETWEET,2086007391376601535
1518740518586535939,95708774,Directed,1,MENTION,2086007382430056875
1518740518586535939,95708774,Directed,1,RETWEET,2086007382430056875
1298094672959610881,1054887274289065984,Directed,2,MENTION,2086007370220536243
1298094672959610881,1054887274289065984,Directed,2,RETWEET,2086007370220536243
36448139,1150470446485135361,Directed,1,QUOTE,2086007368416977365
1544567563035693057,1665914818077814785,Directed,1,MENTION,2086007352961253828
1544567563035693057,1665914818077814785,Directed,1,RETWEET,2086007352961253828
30608842,867606333033336833,Directed,1,QUOTE,2086007323508556210
793649120959275010,1312051299865620480,Directed,1,MENTION,2086007309868933494
793649120959275010,1312051299865620480,Directed,1,RETWEET,2086007309868933494
1089035802179383297,1864888823022284800,Directed,1,MENTION,2086007294232580479
1089035802179383297,1864888823022284800,Directed,1,RETWEET,2086007294232580479
1368786964074295296,27601164,Directed,1,MENTION,2086007265140842820
1368786964074295296,27601164,Directed,1,REPLY,2086007265140842820
1388995096591405068,2081782688235544576,Directed,1,MENTION,2086007242151657723
1388995096591405068,2081782688235544576,Directed,1,RETWEET,2086007242151657723
1895773069,309469832,Directed,1,MENTION,2086007230495695303
1895773069,309469832,Directed,1,RETWEET,2086007230495695303
117220801,2165023678,Directed,1,MENTION,2086007177085325764
117220801,2165023678,Directed,1,RETWEET,2086007177085325764
793649120959275010,1813024973919035393,Directed,1,MENTION,2086007143686402395
793649120959275010,1813024973919035393,Directed,1,RETWEET,2086007143686402395
1409296260125892608,1054887274289065984,Directed,2,MENTION,2086007138405449892
1409296260125892608,1054887274289065984,Directed,2,RETWEET,2086007138405449892
1409296260125892608,867606333033336833,Directed,2,MENTION,2086007119724073131
1409296260125892608,867606333033336833,Directed,2,RETWEET,2086007119724073131
1089035802179383297,1209136532516421633,Directed,1,MENTION,2086007100032143611
1089035802179383297,1209136532516421633,Directed,1,RETWEET,2086007100032143611
180069520,416831585,Directed,1,MENTION,2086007080494743606
180069520,416831585,Directed,1,RETWEET,2086007080494743606
1152794267766743040,1229105645925826562,Directed,1,MENTION,2086007054481682818
1152794267766743040,1229105645925826562,Directed,1,RETWEET,2086007054481682818
1994018395059310593,2074758410931781632,Directed,1,MENTION,2086007035133386915
1994018395059310593,2074758410931781632,Directed,1,RETWEET,2086007035133386915
1757215926217326592,1552261308581613569,Directed,1,MENTION,2086007003718005125
1757215926217326592,1552261308581613569,Directed,1,RETWEET,2086007003718005125
389665114,1819567785472937984,Directed,1,QUOTE,2086006916862333093
1614974161947955200,1813024973919035393,Directed,1,MENTION,2086006816996045241
1614974161947955200,1813024973919035393,Directed,1,RETWEET,2086006816996045241
1814424594054557698,1544964425450266625,Directed,1,MENTION,2086006762323452216
1814424594054557698,1544964425450266625,Directed,1,RETWEET,2086006762323452216
2075464754957578240,389665114,Directed,1,MENTION,2086006745797706080
2075464754957578240,389665114,Directed,1,REPLY,2086006745797706080
1814424594054557698,1645284927200718849,Directed,1,MENTION,2086006712977502552
1814424594054557698,1645284927200718849,Directed,1,RETWEET,2086006712977502552
1127820607062589440,1702854716856692736,Directed,1,MENTION,2086006699404726524
1127820607062589440,1702854716856692736,Directed,1,RETWEET,2086006699404726524
1757215926217326592,1159333442787524608,Directed,1,MENTION,2086006696359366717
1757215926217326592,1159333442787524608,Directed,1,RETWEET,2086006696359366717
1510716441103900673,1957115067326926848,Directed,1,MENTION,2086006696111898951
1510716441103900673,1957115067326926848,Directed,1,RETWEET,2086006696111898951
1637885872052772876,1819567785472937984,Directed,1,MENTION,2086006690554490884
1637885872052772876,1819567785472937984,Directed,1,REPLY,2086006690554490884
1521808109190393859,1492112769117835264,Directed,1,MENTION,2086006672288600400
1521808109190393859,1492112769117835264,Directed,1,RETWEET,2086006672288600400
1368786964074295296,1754341689269923840,Directed,1,MENTION,2086006663711179158
1368786964074295296,1754341689269923840,Directed,1,RETWEET,2086006663711179158
1409296260125892608,1020515988272533511,Directed,1,MENTION,2086006660087042230
1409296260125892608,1020515988272533511,Directed,1,RETWEET,2086006660087042230
1521808109190393859,1552261308581613569,Directed,2,MENTION,2086006633172500766
1521808109190393859,1552261308581613569,Directed,2,RETWEET,2086006633172500766
2075464754957578240,250784343,Directed,1,MENTION,2086006614931230807
2075464754957578240,250784343,Directed,1,REPLY,2086006614931230807
1744055633916416000,1552261308581613569,Directed,1,MENTION,2086006591636099126
1744055633916416000,1552261308581613569,Directed,1,RETWEET,2086006591636099126
1454017166425088000,1308197060458565633,Directed,1,MENTION,2086006536619385035
1454017166425088000,1308197060458565633,Directed,1,RETWEET,2086006536619385035
1455325752925241344,1199401739482320896,Directed,1,MENTION,2086006534459236541
1455325752925241344,1199401739482320896,Directed,1,RETWEET,2086006534459236541
1412875656036327428,1519081398497382401,Directed,1,MENTION,2086006522773934217
1412875656036327428,1519081398497382401,Directed,1,RETWEET,2086006522773934217
1278502003061198848,1308197060458565633,Directed,1,MENTION,2086006520848822584
1278502003061198848,1308197060458565633,Directed,1,RETWEET,2086006520848822584
1776006873734676480,1455325752925241344,Directed,1,MENTION,2086006518156021860
1776006873734676480,1455325752925241344,Directed,1,RETWEET,2086006518156021860
771860168225222656,2470976880,Directed,1,MENTION,2086006465945387071
771860168225222656,2470976880,Directed,1,RETWEET,2086006465945387071
1627940750645161984,1186803601600966656,Directed,1,MENTION,2086006465131676117
1627940750645161984,1186803601600966656,Directed,1,RETWEET,2086006465131676117
1412875656036327428,1665914818077814785,Directed,1,MENTION,2086006445481312765
1412875656036327428,1665914818077814785,Directed,1,RETWEET,2086006445481312765
769950743717564417,1961913900041150464,Directed,2,MENTION,2086006436186694120
769950743717564417,1961913900041150464,Directed,2,REPLY,2086006436186694120
202741437,1020515988272533511,Directed,1,MENTION,2086006427508789571
202741437,1020515988272533511,Directed,1,RETWEET,2086006427508789571
1724617344151113728,1857575001593098242,Directed,1,MENTION,2086006358495703495
1724617344151113728,1857575001593098242,Directed,1,RETWEET,2086006358495703495
716786021577437184,1702854716856692736,Directed,1,MENTION,2086006323750093124
716786021577437184,1702854716856692736,Directed,1,RETWEET,2086006323750093124
250784343,1312051299865620480,Directed,1,QUOTE,2086006318322639205
1690988460952395776,1554546826568769536,Directed,1,MENTION,2086006315739136146
1690988460952395776,1554546826568769536,Directed,1,RETWEET,2086006315739136146
1477356576,1279515361734537222,Directed,1,MENTION,2086006281765105866
1477356576,1279515361734537222,Directed,1,RETWEET,2086006281765105866
1606104975624605697,1132718767979532295,Directed,1,MENTION,2086006267181453593
1606104975624605697,1132718767979532295,Directed,1,RETWEET,2086006267181453593
1209136532516421633,1702854716856692736,Directed,1,MENTION,2086006260760019119
1209136532516421633,1702854716856692736,Directed,1,RETWEET,2086006260760019119
1502773200937267200,1761634182654992384,Directed,1,MENTION,2086006257647800607
1502773200937267200,1761634182654992384,Directed,1,RETWEET,2086006257647800607
1531392565341192194,1490193015566184448,Directed,1,MENTION,2086006256393662791
1531392565341192194,1490193015566184448,Directed,1,RETWEET,2086006256393662791
3755490318,309469832,Directed,1,MENTION,2086006242221412614
3755490318,309469832,Directed,1,RETWEET,2086006242221412614
1949705896101371904,1702854716856692736,Directed,1,MENTION,2086006217462214802
1949705896101371904,1702854716856692736,Directed,1,RETWEET,2086006217462214802
1298094672959610881,1819567785472937984,Directed,1,MENTION,2086006198600421447
1298094672959610881,1819567785472937984,Directed,1,RETWEET,2086006198600421447
2040373205643198464,1150470446485135361,Directed,1,MENTION,2086006196129931471
2040373205643198464,1150470446485135361,Directed,1,RETWEET,2086006196129931471
1132786354465714176,4212406623,Directed,1,MENTION,2086006158607651204
1132786354465714176,4212406623,Directed,1,RETWEET,2086006158607651204
822947586235662336,1580253934773485568,Directed,1,QUOTE,2086006152026861582
1417390454232944640,722520493392281600,Directed,1,MENTION,2086006122566316455
1417390454232944640,722520493392281600,Directed,1,RETWEET,2086006122566316455
2034793497551900672,2063023806772334592,Directed,1,MENTION,2086006114638770667
2034793497551900672,2063023806772334592,Directed,1,RETWEET,2086006114638770667
1745559779680907264,1199401739482320896,Directed,1,MENTION,2086006102345339216
1745559779680907264,1199401739482320896,Directed,1,RETWEET,2086006102345339216
2075464754957578240,1312051299865620480,Directed,1,MENTION,2086006074012758110
2075464754957578240,1312051299865620480,Directed,1,REPLY,2086006074012758110
258139954,1199401739482320896,Directed,1,MENTION,2086006058569326991
258139954,1199401739482320896,Directed,1,RETWEET,2086006058569326991
1776006873734676480,1199401739482320896,Directed,1,MENTION,2086006046296850661
1776006873734676480,1199401739482320896,Directed,1,RETWEET,2086006046296850661
1627034092922613762,1199401739482320896,Directed,1,MENTION,2086006024813650129
1627034092922613762,1199401739482320896,Directed,1,RETWEET,2086006024813650129
1815916256509452288,1186803601600966656,Directed,1,MENTION,2086005989019389998
1815916256509452288,1186803601600966656,Directed,1,RETWEET,2086005989019389998
1803580854385405952,1157499353596141568,Directed,1,MENTION,2086005981167718807
1803580854385405952,1157499353596141568,Directed,1,RETWEET,2086005981167718807
1815916256509452288,1559550642397626369,Directed,1,MENTION,2086005969410998665
1815916256509452288,1559550642397626369,Directed,1,RETWEET,2086005969410998665
1127820607062589440,1199401739482320896,Directed,1,MENTION,2086005959420416117
1127820607062589440,1199401739482320896,Directed,1,RETWEET,2086005959420416117
1417024896593444864,581196043,Directed,1,MENTION,2086005941993197654
1417024896593444864,581196043,Directed,1,RETWEET,2086005941993197654
1209136532516421633,1054887274289065984,Directed,4,MENTION,2086005905313644673
1209136532516421633,1054887274289065984,Directed,4,RETWEET,2086005905313644673
1209136532516421633,1020515988272533511,Directed,1,MENTION,2086005880131067984
1209136532516421633,1020515988272533511,Directed,1,RETWEET,2086005880131067984
1949705896101371904,1054887274289065984,Directed,1,MENTION,2086005868345147813
1949705896101371904,1054887274289065984,Directed,1,RETWEET,2086005868345147813
1490543547946307587,2075992470714753024,Directed,1,MENTION,2086005860552118728
1490543547946307587,2075992470714753024,Directed,1,RETWEET,2086005860552118728
1556186511380553728,1054887274289065984,Directed,1,MENTION,2086005844802461697
1556186511380553728,1054887274289065984,Directed,1,RETWEET,2086005844802461697
1971335274337636353,1864888823022284800,Directed,1,MENTION,2086005839123386781
1971335274337636353,1864888823022284800,Directed,1,RETWEET,2086005839123386781
40319108,113263315,Directed,1,MENTION,2086005813089308713
40319108,113263315,Directed,1,REPLY,2086005813089308713
1412875656036327428,1148315507252256769,Directed,1,MENTION,2086005812292436088
1412875656036327428,1148315507252256769,Directed,1,RETWEET,2086005812292436088
3160591267,867606333033336833,Directed,1,MENTION,2086005801542431156
3160591267,867606333033336833,Directed,1,RETWEET,2086005801542431156
1815916256509452288,1665914818077814785,Directed,1,MENTION,2086005782731014518
1815916256509452288,1665914818077814785,Directed,1,RETWEET,2086005782731014518
1606104975624605697,1544456333667094529,Directed,1,MENTION,2086005764544438477
1606104975624605697,1544456333667094529,Directed,1,RETWEET,2086005764544438477
1521808109190393859,1322278910495698947,Directed,1,MENTION,2086005745317974418
1521808109190393859,1322278910495698947,Directed,1,RETWEET,2086005745317974418
1521808109190393859,1813024973919035393,Directed,1,MENTION,2086005732466725020
1521808109190393859,1813024973919035393,Directed,1,RETWEET,2086005732466725020
732686802910216193,867606333033336833,Directed,1,MENTION,2086005721255256131
732686802910216193,867606333033336833,Directed,1,RETWEET,2086005721255256131
1229016834550181891,309469832,Directed,1,QUOTE,2086005710949654710
2255893998,1391108158035087362,Directed,1,MENTION,2086005570138767382
2255893998,1391108158035087362,Directed,1,RETWEET,2086005570138767382
1815916256509452288,1150470446485135361,Directed,2,MENTION,2086005534625247304
1815916256509452288,1150470446485135361,Directed,2,RETWEET,2086005534625247304
83253104,189998617,Directed,1,MENTION,2086005521157419479
83253104,189998617,Directed,1,RETWEET,2086005521157419479
1209136532516421633,867606333033336833,Directed,2,MENTION,2086005517701296144
1209136532516421633,867606333033336833,Directed,2,RETWEET,2086005517701296144
832680459695828992,1930727958483959808,Directed,1,MENTION,2086005489721360522
832680459695828992,1930727958483959808,Directed,1,RETWEET,2086005489721360522
1724617344151113728,1147291933078970369,Directed,1,MENTION,2086005467034120592
1724617344151113728,1147291933078970369,Directed,1,RETWEET,2086005467034120592
1814424594054557698,1652137872,Directed,1,MENTION,2086005454975783177
1814424594054557698,1652137872,Directed,1,RETWEET,2086005454975783177
1814424594054557698,714687271769935874,Directed,1,MENTION,2086005419873583400
1814424594054557698,714687271769935874,Directed,1,RETWEET,2086005419873583400
2054543442944868353,2076702131415842816,Directed,2,MENTION,2086005412919181374
1142254592937332737,1054887274289065984,Directed,1,MENTION,2086005398104924522
1142254592937332737,1054887274289065984,Directed,1,RETWEET,2086005398104924522
576004334,1544456333667094529,Directed,1,MENTION,2086005377892487654
576004334,1544456333667094529,Directed,1,RETWEET,2086005377892487654
1479910894360485888,867606333033336833,Directed,1,MENTION,2086005322934563143
1479910894360485888,867606333033336833,Directed,1,RETWEET,2086005322934563143
3073793973,867606333033336833,Directed,1,MENTION,2086005321768559033
3073793973,867606333033336833,Directed,1,RETWEET,2086005321768559033
1332625371255230464,2337989638,Directed,1,MENTION,2086005313266647313
1332625371255230464,2337989638,Directed,1,RETWEET,2086005313266647313
258139954,867606333033336833,Directed,2,MENTION,2086005309596745860
258139954,867606333033336833,Directed,2,RETWEET,2086005309596745860
1473436509160103939,1943461975868215298,Directed,1,MENTION,2086005292911989041
1473436509160103939,1943461975868215298,Directed,1,REPLY,2086005292911989041
1428918168110649352,189998617,Directed,1,MENTION,2086005268492493191
1428918168110649352,189998617,Directed,1,RETWEET,2086005268492493191
57871352,3076079852,Directed,1,MENTION,2086005253489725907
57871352,3076079852,Directed,1,REPLY,2086005253489725907
258139954,189998617,Directed,1,MENTION,2086005249370661176
258139954,189998617,Directed,1,RETWEET,2086005249370661176
1479910894360485888,1556186511380553728,Directed,1,MENTION,2086005243599319099
1479910894360485888,1556186511380553728,Directed,1,RETWEET,2086005243599319099
1428918168110649352,867606333033336833,Directed,1,MENTION,2086005238561927314
1428918168110649352,867606333033336833,Directed,1,RETWEET,2086005238561927314
1814424594054557698,1552109374688075777,Directed,1,MENTION,2086005224993599524
1814424594054557698,1552109374688075777,Directed,1,RETWEET,2086005224993599524
1142254592937332737,1229105645925826562,Directed,1,MENTION,2086005219020664870
1142254592937332737,1229105645925826562,Directed,1,RETWEET,2086005219020664870
1745559779680907264,189998617,Directed,1,MENTION,2086005209252143497
1745559779680907264,189998617,Directed,1,RETWEET,2086005209252143497
1724617344151113728,28262752,Directed,1,MENTION,2086005199584260546
1724617344151113728,28262752,Directed,1,RETWEET,2086005199584260546
1745559779680907264,867606333033336833,Directed,1,MENTION,2086005191409586328
1745559779680907264,867606333033336833,Directed,1,RETWEET,2086005191409586328
1744055633916416000,1627097500325941249,Directed,1,MENTION,2086005176327123225
1744055633916416000,1627097500325941249,Directed,1,RETWEET,2086005176327123225
2025095447044653056,309469832,Directed,1,MENTION,2086005126582714561
2025095447044653056,309469832,Directed,1,RETWEET,2086005126582714561
2025374798352621568,2165023678,Directed,1,MENTION,2086005092633764185
2025374798352621568,2165023678,Directed,1,RETWEET,2086005092633764185
2025374798352621568,1209136532516421633,Directed,1,MENTION,2086005068684267546
2025374798352621568,1209136532516421633,Directed,1,RETWEET,2086005068684267546
1690988460952395776,47519500,Directed,1,MENTION,2086005000300581237
1690988460952395776,47519500,Directed,1,RETWEET,2086005000300581237
768839836782297089,1776806914665410560,Directed,1,QUOTE,2086004999667036423
1209136532516421633,1949705896101371904,Directed,2,MENTION,2086004971779002428
1209136532516421633,1949705896101371904,Directed,2,RETWEET,2086004971779002428
2045981767211855872,2069708765780140032,Directed,1,MENTION,2086004966745858255
2045981767211855872,2069708765780140032,Directed,1,RETWEET,2086004966745858255
1191193719632023552,1150470446485135361,Directed,1,QUOTE,2086004961674993812
27964622,1490193015566184448,Directed,1,QUOTE,2086004954008100887
202741437,27964622,Directed,1,MENTION,2086004952128729481
202741437,27964622,Directed,1,RETWEET,2086004952128729481
3755490318,1943028531564548097,Directed,1,MENTION,2086004890862760308
3755490318,1943028531564548097,Directed,1,RETWEET,2086004890862760308
1744055633916416000,1839801095708606464,Directed,1,MENTION,2086004886207144037
1744055633916416000,1839801095708606464,Directed,1,RETWEET,2086004886207144037
519001833,1150470446485135361,Directed,1,QUOTE,2086004881303728428
1637885872052772876,1490193015566184448,Directed,1,MENTION,2086004870692119030
1637885872052772876,1490193015566184448,Directed,1,REPLY,2086004870692119030
941120878632407041,875946668985769985,Directed,1,MENTION,2086004853633847672
941120878632407041,875946668985769985,Directed,1,REPLY,2086004853633847672
27257661,1054887274289065984,Directed,1,QUOTE,2086004826249244846
768839836782297089,202741437,Directed,2,QUOTE,2086004808276664715
1332625371255230464,1949705896101371904,Directed,1,MENTION,2086004799930016183
1332625371255230464,1949705896101371904,Directed,1,RETWEET,2086004799930016183
1332625371255230464,1556186511380553728,Directed,1,MENTION,2086004781168861230
1332625371255230464,1556186511380553728,Directed,1,RETWEET,2086004781168861230
1332625371255230464,1054887274289065984,Directed,1,MENTION,2086004750315630666
1332625371255230464,1054887274289065984,Directed,1,RETWEET,2086004750315630666
1815916256509452288,1849980388065632256,Directed,1,MENTION,2086004738189848971
1815916256509452288,1849980388065632256,Directed,1,RETWEET,2086004738189848971
1489427812964519945,2068062862057054210,Directed,1,MENTION,2086004709605716041
1489427812964519945,2068062862057054210,Directed,1,RETWEET,2086004709605716041
746186512379711489,2074507117629698048,Directed,1,MENTION,2086004698473988131
746186512379711489,2074507117629698048,Directed,1,RETWEET,2086004698473988131
1209136532516421633,2075992470714753024,Directed,1,MENTION,2086004693721841825
1209136532516421633,2075992470714753024,Directed,1,RETWEET,2086004693721841825
1803580854385405952,1380986440172060679,Directed,1,MENTION,2086004645722235101
1803580854385405952,1380986440172060679,Directed,1,RETWEET,2086004645722235101
2040373205643198464,1045292622200393728,Directed,1,QUOTE,2086004629746159750
1627034092922613762,1054887274289065984,Directed,1,MENTION,2086004614931910675
1627034092922613762,1054887274289065984,Directed,1,RETWEET,2086004614931910675
1819567785472937984,1556186511380553728,Directed,1,MENTION,2086004613841330412
1819567785472937984,1556186511380553728,Directed,1,RETWEET,2086004613841330412
1724617344151113728,3013220259,Directed,1,MENTION,2086004596351115532
1724617344151113728,3013220259,Directed,1,RETWEET,2086004596351115532
1627034092922613762,1949705896101371904,Directed,1,MENTION,2086004580828021169
1627034092922613762,1949705896101371904,Directed,1,RETWEET,2086004580828021169
2801096797,1864888823022284800,Directed,1,MENTION,2086004546288140312
2801096797,1864888823022284800,Directed,1,RETWEET,2086004546288140312
1339490394678161410,1665880392765788164,Directed,1,MENTION,2086004521700876376
1339490394678161410,1665880392765788164,Directed,1,RETWEET,2086004521700876376
1454218414378024964,1404262856149725187,Directed,1,MENTION,2086004506870046833
1454218414378024964,1404262856149725187,Directed,1,RETWEET,2086004506870046833
1428918168110649352,1556186511380553728,Directed,1,MENTION,2086004501807345924
1428918168110649352,1556186511380553728,Directed,1,RETWEET,2086004501807345924
27964622,1556186511380553728,Directed,1,MENTION,2086004474599166449
27964622,1556186511380553728,Directed,1,RETWEET,2086004474599166449
1912024927290441728,1957115067326926848,Directed,1,MENTION,2086004439836393947
1912024927290441728,1957115067326926848,Directed,1,RETWEET,2086004439836393947
1657958401492541442,1642244011036495873,Directed,1,MENTION,2086004399059485044
1657958401492541442,1642244011036495873,Directed,1,RETWEET,2086004399059485044
1409296260125892608,4212406623,Directed,1,MENTION,2086004232105103680
1409296260125892608,4212406623,Directed,1,RETWEET,2086004232105103680
2040373205643198464,1290762938094166021,Directed,1,MENTION,2086004175410696380
2040373205643198464,1290762938094166021,Directed,1,RETWEET,2086004175410696380
1627940750645161984,1544456333667094529,Directed,1,MENTION,2086004156410495015
1627940750645161984,1544456333667094529,Directed,1,RETWEET,2086004156410495015
1412875656036327428,1186803601600966656,Directed,1,MENTION,2086004097409339669
1412875656036327428,1186803601600966656,Directed,1,RETWEET,2086004097409339669
1627940750645161984,1150470446485135361,Directed,1,MENTION,2086004092006981689
1627940750645161984,1150470446485135361,Directed,1,RETWEET,2086004092006981689
2016482057757564929,1949705896101371904,Directed,1,MENTION,2086004077624697154
2016482057757564929,1949705896101371904,Directed,1,RETWEET,2086004077624697154
202741437,1949705896101371904,Directed,1,MENTION,2086004058041585705
202741437,1949705896101371904,Directed,1,RETWEET,2086004058041585705
1637216377562972162,2165023678,Directed,1,MENTION,2086004031294509468
1637216377562972162,2165023678,Directed,1,RETWEET,2086004031294509468
1724617344151113728,1544456333667094529,Directed,1,MENTION,2086004027146240113
1724617344151113728,1544456333667094529,Directed,1,RETWEET,2086004027146240113
1152794267766743040,88234926,Directed,1,MENTION,2086004012160098441
1152794267766743040,88234926,Directed,1,RETWEET,2086004012160098441
1209136532516421633,2470976880,Directed,1,MENTION,2086003949929189857
1209136532516421633,2470976880,Directed,1,RETWEET,2086003949929189857
2611992158,783695611862351872,Directed,1,MENTION,2086003943868334587
2611992158,188559515,Directed,1,MENTION,2086003943868334587
2611992158,783695611862351872,Directed,1,RETWEET,2086003943868334587
2039448151157841921,1510716441103900673,Directed,1,MENTION,2086003943008502090
2039448151157841921,1510716441103900673,Directed,1,RETWEET,2086003943008502090
1296948646244528128,1665914818077814785,Directed,1,MENTION,2086003921395597754
1296948646244528128,1665914818077814785,Directed,1,RETWEET,2086003921395597754
2611992158,1348137321296781315,Directed,1,MENTION,2086003904748150811
2611992158,1348137321296781315,Directed,1,RETWEET,2086003904748150811
1877808731288678400,1627097500325941249,Directed,1,MENTION,2086003884749717994
1877808731288678400,1627097500325941249,Directed,1,RETWEET,2086003884749717994
1657958401492541442,1474872688585977863,Directed,1,MENTION,2086003883537535008
1657958401492541442,1474872688585977863,Directed,1,RETWEET,2086003883537535008
1142254592937332737,1150470446485135361,Directed,1,MENTION,2086003878307213746
1142254592937332737,1150470446485135361,Directed,1,RETWEET,2086003878307213746
1392380529882796040,581196043,Directed,1,MENTION,2086003823609594309
1392380529882796040,581196043,Directed,1,RETWEET,2086003823609594309
190649287,1856792415237021696,Directed,1,MENTION,2086003801178411471
190649287,1856792415237021696,Directed,1,RETWEET,2086003801178411471
2040373205643198464,1972825902649409536,Directed,1,MENTION,2086003784468025458
2040373205643198464,1972825902649409536,Directed,1,RETWEET,2086003784468025458
1697441121087975424,1957115067326926848,Directed,1,MENTION,2086003766889795915
1697441121087975424,1957115067326926848,Directed,1,RETWEET,2086003766889795915
161228711,1949705896101371904,Directed,1,MENTION,2086003763207111141
161228711,1949705896101371904,Directed,1,RETWEET,2086003763207111141
1433619070528761861,2079299103859621888,Directed,1,MENTION,2086003739580920016
1433619070528761861,2079299103859621888,Directed,1,RETWEET,2086003739580920016
1815916256509452288,113263315,Directed,1,MENTION,2086003678280925388
1815916256509452288,113263315,Directed,1,RETWEET,2086003678280925388
27964622,1054887274289065984,Directed,1,MENTION,2086003668432929272
27964622,1054887274289065984,Directed,1,RETWEET,2086003668432929272
1428918168110649352,1949705896101371904,Directed,2,MENTION,2086003650988573043
1428918168110649352,1949705896101371904,Directed,2,RETWEET,2086003650988573043
1332625371255230464,1307400688025116678,Directed,1,MENTION,2086003636941770958
1332625371255230464,1307400688025116678,Directed,1,RETWEET,2086003636941770958
1943461975868215298,1930727958483959808,Directed,1,MENTION,2086003633959662020
1943461975868215298,1930727958483959808,Directed,1,RETWEET,2086003633959662020
1392380529882796040,1552261308581613569,Directed,1,QUOTE,2086003632491929674
832680459695828992,387713305,Directed,1,MENTION,2086003629744689586
832680459695828992,387713305,Directed,1,RETWEET,2086003629744689586
1964084402264150017,714687271769935874,Directed,1,MENTION,2086003619535466899
1964084402264150017,714687271769935874,Directed,1,RETWEET,2086003619535466899
1574563770369810432,2470976880,Directed,1,MENTION,2086003589399363966
1574563770369810432,2470976880,Directed,1,RETWEET,2086003589399363966
1038903656,748175168716050432,Directed,1,QUOTE,2086003589181247746
1561929811760668674,1747979341655347200,Directed,1,MENTION,2086003578825506984
1561929811760668674,1747979341655347200,Directed,1,RETWEET,2086003578825506984
1815916256509452288,336029515,Directed,1,MENTION,2086003571254841447
1815916256509452288,336029515,Directed,1,RETWEET,2086003571254841447
250784343,2337989638,Directed,1,MENTION,2086003563646304394
250784343,2337989638,Directed,1,RETWEET,2086003563646304394
859796847992467456,70054190,Directed,1,MENTION,2086003540837679321
859796847992467456,70054190,Directed,1,RETWEET,2086003540837679321
2021235911447760896,787734636,Directed,1,MENTION,2086003510995530207
2021235911447760896,787734636,Directed,1,RETWEET,2086003510995530207
1332625371255230464,2075992470714753024,Directed,1,MENTION,2086003507979546921
1332625371255230464,2075992470714753024,Directed,1,RETWEET,2086003507979546921
1209136532516421633,1316933176426700804,Directed,1,MENTION,2086003483212120416
1209136532516421633,1316933176426700804,Directed,1,RETWEET,2086003483212120416
2470976880,867606333033336833,Directed,1,QUOTE,2086003479160447475
1724617344151113728,3645822496,Directed,1,MENTION,2086003421643968672
1724617344151113728,3645822496,Directed,1,RETWEET,2086003421643968672
8736022,1490193015566184448,Directed,1,MENTION,2086003405055562089
8736022,1490193015566184448,Directed,1,RETWEET,2086003405055562089
1513212462627233796,2337989638,Directed,1,MENTION,2086003387821101307
1513212462627233796,2337989638,Directed,1,RETWEET,2086003387821101307
1193748522098712576,1209136532516421633,Directed,1,MENTION,2086003383903686688
1193748522098712576,1209136532516421633,Directed,1,RETWEET,2086003383903686688
1454218414378024964,4760751141,Directed,1,MENTION,2086003362189963314
1454218414378024964,4760751141,Directed,1,RETWEET,2086003362189963314
1672428400621891584,1199401739482320896,Directed,1,MENTION,2086003350986752323
1672428400621891584,1199401739482320896,Directed,1,RETWEET,2086003350986752323
1209136532516421633,1510716441103900673,Directed,1,MENTION,2086003346880537027
1209136532516421633,1510716441103900673,Directed,1,RETWEET,2086003346880537027
1409296260125892608,1199401739482320896,Directed,1,MENTION,2086003325124628724
1409296260125892608,1199401739482320896,Directed,1,RETWEET,2086003325124628724
1739487320468766720,1199401739482320896,Directed,1,QUOTE,2086003315926618613
250784343,1229105645925826562,Directed,1,MENTION,2086003294913056778
250784343,1229105645925826562,Directed,1,RETWEET,2086003294913056778
1754297730799644672,1930727958483959808,Directed,1,MENTION,2086003283919868020
1754297730799644672,1930727958483959808,Directed,1,RETWEET,2086003283919868020
1428918168110649352,1316933176426700804,Directed,1,MENTION,2086003253901189358
1428918168110649352,1316933176426700804,Directed,1,RETWEET,2086003253901189358
8736022,1632496113243811842,Directed,1,MENTION,2086003197076803840
8736022,1632496113243811842,Directed,1,RETWEET,2086003197076803840
2598171332,1191193719632023552,Directed,1,MENTION,2086003181310366022
2598171332,1191193719632023552,Directed,1,RETWEET,2086003181310366022
1730389763348131840,1488990297308737539,Directed,1,MENTION,2086003179213246671
1730389763348131840,1488990297308737539,Directed,1,RETWEET,2086003179213246671
1559883605123350528,309469832,Directed,1,MENTION,2086003164105646509
1559883605123350528,309469832,Directed,1,RETWEET,2086003164105646509
250784343,1688571928317931520,Directed,1,MENTION,2086003158426267918
250784343,1688571928317931520,Directed,1,RETWEET,2086003158426267918
1815916256509452288,1943028531564548097,Directed,1,MENTION,2086003144140468246
1815916256509452288,1943028531564548097,Directed,1,RETWEET,2086003144140468246
2821983606,309469832,Directed,1,MENTION,2086003142412414982
2821983606,309469832,Directed,1,RETWEET,2086003142412414982
250784343,1632496113243811842,Directed,1,MENTION,2086003087966117987
250784343,1632496113243811842,Directed,1,RETWEET,2086003087966117987
1812380046377795584,1552261308581613569,Directed,1,MENTION,2086003036829196324
1812380046377795584,1552261308581613569,Directed,1,RETWEET,2086003036829196324
760768260094631936,1072577394232475649,Directed,1,MENTION,2086003011676176577
760768260094631936,1072577394232475649,Directed,1,RETWEET,2086003011676176577
190649287,1813024973919035393,Directed,1,MENTION,2086003007372829092
190649287,1813024973919035393,Directed,1,RETWEET,2086003007372829092
1781680014175666176,1930727958483959808,Directed,1,QUOTE,2086003005762245089
867606333033336833,1229105645925826562,Directed,1,MENTION,2086002972824346953
867606333033336833,1229105645925826562,Directed,1,RETWEET,2086002972824346953
1978751536923631616,1643434933317189635,Directed,1,MENTION,2086002959733674138
1978751536923631616,2081782688235544576,Directed,1,MENTION,2086002959733674138
1978751536923631616,1643434933317189635,Directed,1,RETWEET,2086002959733674138
2039572979353280512,188559515,Directed,1,MENTION,2086002940649591205
2039572979353280512,2081782688235544576,Directed,1,MENTION,2086002940649591205
2039572979353280512,188559515,Directed,1,RETWEET,2086002940649591205
1428918168110649352,2075464754957578240,Directed,2,MENTION,2086002924405072052
1428918168110649352,2075464754957578240,Directed,2,RETWEET,2086002924405072052
1431104688552755201,722520493392281600,Directed,1,MENTION,2086002857921450495
1431104688552755201,722520493392281600,Directed,1,RETWEET,2086002857921450495
1815916256509452288,52791522,Directed,1,MENTION,2086002814199697500
1815916256509452288,888489008002719745,Directed,1,MENTION,2086002814199697500
1815916256509452288,188559515,Directed,1,MENTION,2086002814199697500
1815916256509452288,52791522,Directed,1,RETWEET,2086002814199697500
1409296260125892608,1510716441103900673,Directed,1,MENTION,2086002795832840595
1409296260125892608,1510716441103900673,Directed,1,RETWEET,2086002795832840595
1781680014175666176,1930727958483959808,Directed,1,MENTION,2086002787029262368
1781680014175666176,1930727958483959808,Directed,1,RETWEET,2086002787029262368
1479910894360485888,1229105645925826562,Directed,1,MENTION,2086002782977368328
1479910894360485888,1229105645925826562,Directed,1,RETWEET,2086002782977368328
160801740,3275352889,Directed,1,MENTION,2086002770042343842
160801740,3275352889,Directed,1,RETWEET,2086002770042343842
832680459695828992,1229105645925826562,Directed,1,MENTION,2086002754934521982
832680459695828992,1229105645925826562,Directed,1,RETWEET,2086002754934521982
2199243890,1308197060458565633,Directed,1,MENTION,2086002736781242682
2199243890,1308197060458565633,Directed,1,RETWEET,2086002736781242682
40319108,1813024973919035393,Directed,1,MENTION,2086002736399540389
40319108,1813024973919035393,Directed,1,REPLY,2086002736399540389
823699625328656384,921558181767151616,Directed,1,MENTION,2086002730674381110
823699625328656384,921558181767151616,Directed,1,RETWEET,2086002730674381110
1815916256509452288,2230933184,Directed,1,MENTION,2086002696213926221
1815916256509452288,2230933184,Directed,1,RETWEET,2086002696213926221
1978751536923631616,720387818892238848,Directed,1,MENTION,2086002692309053869
1978751536923631616,720387818892238848,Directed,1,RETWEET,2086002692309053869
1428918168110649352,1739487320468766720,Directed,1,MENTION,2086002679558349151
1428918168110649352,1739487320468766720,Directed,1,RETWEET,2086002679558349151
823664271699558400,1565197932894232576,Directed,1,MENTION,2086002653872726204
823664271699558400,1565197932894232576,Directed,1,RETWEET,2086002653872726204
768839836782297089,1490193015566184448,Directed,1,QUOTE,2086002651267821801
823699625328656384,1813024973919035393,Directed,2,MENTION,2086002588885876820
823699625328656384,1813024973919035393,Directed,2,RETWEET,2086002588885876820
2084447596202893314,1159333442787524608,Directed,1,MENTION,2086002581382324601
2084447596202893314,1159333442787524608,Directed,1,RETWEET,2086002581382324601
1637216377562972162,1544456333667094529,Directed,1,MENTION,2086002571806675323
1637216377562972162,1544456333667094529,Directed,1,RETWEET,2086002571806675323
1390756383872651265,722520493392281600,Directed,1,MENTION,2086002559446065165
1390756383872651265,722520493392281600,Directed,1,RETWEET,2086002559446065165
2046243712439554049,1150470446485135361,Directed,1,MENTION,2086002545948766420
2046243712439554049,1150470446485135361,Directed,1,REPLY,2086002545948766420
894178052,2081782688235544576,Directed,1,MENTION,2086002545894334501
894178052,2081782688235544576,Directed,1,RETWEET,2086002545894334501
57871352,1694059021555122178,Directed,1,MENTION,2086002535949877752
57871352,1694059021555122178,Directed,1,RETWEET,2086002535949877752
2236741280,1864888823022284800,Directed,1,QUOTE,2086002491066319115
1368786964074295296,1229105645925826562,Directed,2,MENTION,2086002424154853723
1368786964074295296,1229105645925826562,Directed,1,REPLY,2086002424154853723
1142254592937332737,867606333033336833,Directed,1,MENTION,2086002409701069243
1142254592937332737,867606333033336833,Directed,1,RETWEET,2086002409701069243
3296717532,1229105645925826562,Directed,1,MENTION,2086002409541656683
3296717532,1229105645925826562,Directed,1,RETWEET,2086002409541656683
1390756383872651265,1665914818077814785,Directed,1,MENTION,2086002388045795343
1390756383872651265,1665914818077814785,Directed,1,RETWEET,2086002388045795343
1081763191661699073,1552261308581613569,Directed,1,MENTION,2086002363249098939
1081763191661699073,1552261308581613569,Directed,1,RETWEET,2086002363249098939
1964277315484975104,1972825902649409536,Directed,1,MENTION,2086002341002486044
1964277315484975104,1972825902649409536,Directed,1,RETWEET,2086002341002486044
202741437,2075464754957578240,Directed,1,MENTION,2086002336841822684
202741437,2075464754957578240,Directed,1,RETWEET,2086002336841822684
1422095418209472513,1150470446485135361,Directed,1,MENTION,2086002336648814629
1422095418209472513,1150470446485135361,Directed,1,RETWEET,2086002336648814629
1657958401492541442,1665880392765788164,Directed,1,MENTION,2086002297679630784
1657958401492541442,1665880392765788164,Directed,1,RETWEET,2086002297679630784
1146139928562151429,309469832,Directed,1,MENTION,2086002292843811043
1146139928562151429,309469832,Directed,1,RETWEET,2086002292843811043
1489427812964519945,1512884458273357829,Directed,1,MENTION,2086002289123246153
1489427812964519945,1512884458273357829,Directed,1,RETWEET,2086002289123246153
4046732533,1544456333667094529,Directed,1,MENTION,2086002286241677491
4046732533,1544456333667094529,Directed,1,RETWEET,2086002286241677491
1368786964074295296,1229105645925826562,Directed,1,RETWEET,2086002225378443396
2456189898,3076079852,Directed,1,MENTION,2086002207292284938
2456189898,3076079852,Directed,1,REPLY,2086002207292284938
1062762177524887560,1432209092161024004,Directed,1,MENTION,2086002192910065972
1062762177524887560,1755099827136765952,Directed,1,MENTION,2086002192910065972
1062762177524887560,1432209092161024004,Directed,1,RETWEET,2086002192910065972
1739487320468766720,1490193015566184448,Directed,1,QUOTE,2086002169472331890
1409296260125892608,1316933176426700804,Directed,1,MENTION,2086002150593761485
1409296260125892608,1316933176426700804,Directed,1,RETWEET,2086002150593761485
1152794267766743040,1977843932278214657,Directed,1,MENTION,2086002143257858157
1152794267766743040,1977843932278214657,Directed,1,RETWEET,2086002143257858157
1870401875008532480,1150470446485135361,Directed,1,MENTION,2086002141785985036
1870401875008532480,1150470446485135361,Directed,1,RETWEET,2086002141785985036
1906268187101913088,1655722748042149890,Directed,1,MENTION,2086002141559394306
1906268187101913088,1655722748042149890,Directed,1,RETWEET,2086002141559394306
1368786964074295296,1316933176426700804,Directed,1,MENTION,2086002132202012875
1368786964074295296,1316933176426700804,Directed,1,RETWEET,2086002132202012875
1409296260125892608,2075464754957578240,Directed,1,MENTION,2086002125964779724
1409296260125892608,2075464754957578240,Directed,1,RETWEET,2086002125964779724
1815916256509452288,2079299103859621888,Directed,1,MENTION,2086002109888057746
1815916256509452288,2079299103859621888,Directed,1,RETWEET,2086002109888057746
1757215926217326592,1839801095708606464,Directed,2,MENTION,2086002025720873214
1757215926217326592,1839801095708606464,Directed,2,RETWEET,2086002025720873214
4046732533,1312051299865620480,Directed,1,MENTION,2086001992913051947
4046732533,1312051299865620480,Directed,1,RETWEET,2086001992913051947
1815916256509452288,1312051299865620480,Directed,1,MENTION,2086001904027398200
1815916256509452288,1312051299865620480,Directed,1,RETWEET,2086001904027398200
1152794267766743040,884029424538193921,Directed,1,MENTION,2086001902907490358
1152794267766743040,884029424538193921,Directed,1,RETWEET,2086001902907490358
1147538980805795840,1490193015566184448,Directed,1,QUOTE,2086001896540525038
1961469164045873152,1747979341655347200,Directed,1,MENTION,2086001874163941550
1961469164045873152,1747979341655347200,Directed,1,RETWEET,2086001874163941550
1637885872052772876,875946668985769985,Directed,1,MENTION,2086001873442537600
1637885872052772876,875946668985769985,Directed,1,REPLY,2086001873442537600
3303817019,1150470446485135361,Directed,1,QUOTE,2086001870233899464
4046732533,1150470446485135361,Directed,2,MENTION,2086001857772519625
4046732533,1150470446485135361,Directed,2,RETWEET,2086001857772519625
1489427812964519945,2039448151157841921,Directed,1,MENTION,2086001760150176004
1489427812964519945,2039448151157841921,Directed,1,RETWEET,2086001760150176004
1146139928562151429,1943028531564548097,Directed,1,MENTION,2086001755637367153
1146139928562151429,1943028531564548097,Directed,1,RETWEET,2086001755637367153
2051856195355385864,2063023806772334592,Directed,1,MENTION,2086001683478270084
2051856195355385864,2063023806772334592,Directed,1,RETWEET,2086001683478270084
64508083,277457922,Directed,1,MENTION,2086001662129500597
64508083,277457922,Directed,1,RETWEET,2086001662129500597
2070947273261944832,1702663404685529088,Directed,1,MENTION,2086001620425277580
2070947273261944832,1702663404685529088,Directed,1,RETWEET,2086001620425277580
1428918168110649352,1819567785472937984,Directed,2,MENTION,2086001620085563662
1428918168110649352,1819567785472937984,Directed,2,RETWEET,2086001620085563662
950459437,1652137872,Directed,1,MENTION,2086001618370093309
950459437,1652137872,Directed,1,RETWEET,2086001618370093309
1993399401654763522,196345622,Directed,1,MENTION,2086001616663281692
1993399401654763522,191184478,Directed,1,MENTION,2086001616663281692
1993399401654763522,69151690,Directed,1,MENTION,2086001616663281692
1993399401654763522,600688540,Directed,1,QUOTE,2086001616663281692
160801740,1465545074201223169,Directed,1,MENTION,2086001607460921827
160801740,1465545074201223169,Directed,1,RETWEET,2086001607460921827
3304530374,2079299103859621888,Directed,1,MENTION,2086001565199151499
3304530374,2079299103859621888,Directed,1,RETWEET,2086001565199151499
258139954,1127820607062589440,Directed,1,MENTION,2086001539798155330
258139954,1127820607062589440,Directed,1,RETWEET,2086001539798155330
258139954,1556186511380553728,Directed,1,MENTION,2086001511578927341
258139954,1556186511380553728,Directed,1,RETWEET,2086001511578927341
1820260077179113473,1150470446485135361,Directed,1,MENTION,2086001460681019790
1820260077179113473,1150470446485135361,Directed,1,RETWEET,2086001460681019790
1409296260125892608,548118932,Directed,1,MENTION,2086001445690544351
1409296260125892608,548118932,Directed,1,RETWEET,2086001445690544351
30612477,1147615567022571520,Directed,1,QUOTE,2086001430083535281
1409296260125892608,1486435751441149957,Directed,1,MENTION,2086001393156919655
1409296260125892608,1486435751441149957,Directed,1,RETWEET,2086001393156919655
117220801,1544456333667094529,Directed,1,MENTION,2086001377990340754
117220801,1544456333667094529,Directed,1,RETWEET,2086001377990340754
1409296260125892608,202741437,Directed,2,MENTION,2086001371937952254
1409296260125892608,202741437,Directed,2,RETWEET,2086001371937952254
1489427812964519945,1015308064088608769,Directed,1,MENTION,2086001366644740294
1489427812964519945,1015308064088608769,Directed,1,RETWEET,2086001366644740294
1369366392840060938,189998617,Directed,1,MENTION,2086001360986616055
1369366392840060938,189998617,Directed,1,RETWEET,2086001360986616055
1086433327555448832,1690988460952395776,Directed,1,QUOTE,2086001334315012377
1860582256672116736,1552261308581613569,Directed,1,MENTION,2086001323946713166
1860582256672116736,1552261308581613569,Directed,1,RETWEET,2086001323946713166
773555307305926660,1552261308581613569,Directed,1,MENTION,2086001321862406575
773555307305926660,1552261308581613569,Directed,1,RETWEET,2086001321862406575
1627034092922613762,1637885872052772876,Directed,1,MENTION,2086001313809097157
1627034092922613762,1142651761716600832,Directed,1,MENTION,2086001313809097157
1627034092922613762,1637885872052772876,Directed,1,RETWEET,2086001313809097157
1368786964074295296,216277683,Directed,1,MENTION,2086001305814958251
1368786964074295296,216277683,Directed,1,RETWEET,2086001305814958251
1765872756300644352,1554546826568769536,Directed,1,MENTION,2086001299435204811
1765872756300644352,1554546826568769536,Directed,1,RETWEET,2086001299435204811
1473436509160103939,312427406,Directed,1,MENTION,2086001238156677498
1473436509160103939,312427406,Directed,1,REPLY,2086001238156677498
1752031491331350528,1488990297308737539,Directed,1,MENTION,2086001237619843137
1752031491331350528,1488990297308737539,Directed,1,RETWEET,2086001237619843137
1489427812964519945,1340734666953936897,Directed,1,MENTION,2086001227179982912
1489427812964519945,1340734666953936897,Directed,1,RETWEET,2086001227179982912
1217405556,1209136532516421633,Directed,1,MENTION,2086001181634031674
1217405556,1209136532516421633,Directed,1,RETWEET,2086001181634031674
2236741280,1665914818077814785,Directed,1,MENTION,2086001138533384701
2236741280,1665914818077814785,Directed,1,RETWEET,2086001138533384701
760282286,4212406623,Directed,1,MENTION,2086001138159985140
760282286,4212406623,Directed,1,RETWEET,2086001138159985140
714687271769935874,2074532489624956931,Directed,2,MENTION,2086001036553326977
714687271769935874,2074532489624956931,Directed,2,RETWEET,2086001036553326977
2023364875691417600,113263315,Directed,1,MENTION,2086001036037132447
2023364875691417600,113263315,Directed,1,RETWEET,2086001036037132447
1773367529282347008,2074758410931781632,Directed,1,MENTION,2086001025937207650
1773367529282347008,2074758410931781632,Directed,1,RETWEET,2086001025937207650
1690988460952395776,787734636,Directed,1,MENTION,2086001024784028009
1690988460952395776,787734636,Directed,1,RETWEET,2086001024784028009
1697441121087975424,4760751141,Directed,1,MENTION,2086001017036865849
1697441121087975424,4760751141,Directed,1,RETWEET,2086001017036865849
722258531437510656,277457922,Directed,1,QUOTE,2086000996006703119
1081763191661699073,787734636,Directed,1,MENTION,2086000990738637165
1081763191661699073,787734636,Directed,1,RETWEET,2086000990738637165
1489427812964519945,1665914818077814785,Directed,1,MENTION,2086000987441889393
1489427812964519945,1665914818077814785,Directed,1,RETWEET,2086000987441889393
1068960060880154624,70054190,Directed,1,MENTION,2086000960472601003
1068960060880154624,70054190,Directed,1,RETWEET,2086000960472601003
1278502003061198848,309469832,Directed,3,MENTION,2086000938926452741
1278502003061198848,309469832,Directed,3,RETWEET,2086000938926452741
1037046043949449216,1665914818077814785,Directed,1,MENTION,2086000915396640795
1037046043949449216,1665914818077814785,Directed,1,RETWEET,2086000915396640795
1489427812964519945,1488990297308737539,Directed,1,MENTION,2086000911256629728
1489427812964519945,1488990297308737539,Directed,1,RETWEET,2086000911256629728
1744203447379935232,581196043,Directed,1,MENTION,2086000864334864414
1744203447379935232,581196043,Directed,1,RETWEET,2086000864334864414
1209136532516421633,1490193015566184448,Directed,1,QUOTE,2086000862418055173
1870401875008532480,1544456333667094529,Directed,1,MENTION,2086000844345168255
1870401875008532480,1544456333667094529,Directed,1,RETWEET,2086000844345168255
1949705896101371904,45703396,Directed,1,MENTION,2086000839181672653
1949705896101371904,45703396,Directed,1,RETWEET,2086000839181672653
1559550642397626369,1957115067326926848,Directed,1,MENTION,2086000814821187865
1559550642397626369,1957115067326926848,Directed,1,RETWEET,2086000814821187865
1046774463617003520,1185126115091849217,Directed,1,MENTION,2086000783762522293
1046774463617003520,1185126115091849217,Directed,1,REPLY,2086000783762522293
1533647072842461185,1819567785472937984,Directed,1,MENTION,2086000766318170190
1533647072842461185,1819567785472937984,Directed,1,RETWEET,2086000766318170190
1256802159502307328,779836248013803521,Directed,1,MENTION,2086000763109818553
1256802159502307328,779836248013803521,Directed,1,RETWEET,2086000763109818553
1690988460952395776,1308197060458565633,Directed,1,MENTION,2086000749050568866
1690988460952395776,1308197060458565633,Directed,1,RETWEET,2086000749050568866
1744203447379935232,1973154790340435974,Directed,1,MENTION,2086000733065752797
1744203447379935232,1973154790340435974,Directed,1,RETWEET,2086000733065752797
161228711,1819567785472937984,Directed,1,MENTION,2086000725436301619
161228711,1819567785472937984,Directed,1,RETWEET,2086000725436301619
1332625371255230464,45703396,Directed,1,MENTION,2086000723427205362
1332625371255230464,45703396,Directed,1,RETWEET,2086000723427205362
1533647072842461185,176269774,Directed,1,MENTION,2086000700316639330
1533647072842461185,176269774,Directed,1,RETWEET,2086000700316639330
161228711,38971551,Directed,1,MENTION,2086000684671946947
161228711,38971551,Directed,1,RETWEET,2086000684671946947
1095893414,1819567785472937984,Directed,1,MENTION,2086000667924246906
1095893414,1819567785472937984,Directed,1,RETWEET,2086000667924246906
1489427812964519945,2079299103859621888,Directed,1,MENTION,2086000657119465495
1489427812964519945,2079299103859621888,Directed,1,RETWEET,2086000657119465495
769950743717564417,1147615567022571520,Directed,1,MENTION,2086000643999674773
769950743717564417,1147615567022571520,Directed,1,REPLY,2086000643999674773
1489427812964519945,1970958077810634752,Directed,1,MENTION,2086000642259050947
1489427812964519945,1970958077810634752,Directed,1,RETWEET,2086000642259050947
1428918168110649352,1510716441103900673,Directed,1,MENTION,2086000616556396655
1428918168110649352,1510716441103900673,Directed,1,RETWEET,2086000616556396655
1724617344151113728,1642244011036495873,Directed,3,MENTION,2086000587544432651
1724617344151113728,1642244011036495873,Directed,3,RETWEET,2086000587544432651
823699625328656384,309469832,Directed,1,MENTION,2086000550831591446
823699625328656384,309469832,Directed,1,RETWEET,2086000550831591446
161228711,827310656512626688,Directed,1,MENTION,2086000549938200900
161228711,827310656512626688,Directed,1,RETWEET,2086000549938200900
1792734328381689856,1380986440172060679,Directed,1,MENTION,2086000540459155530
1792734328381689856,1380986440172060679,Directed,1,RETWEET,2086000540459155530
1489427812964519945,2074532489624956931,Directed,1,MENTION,2086000507496124889
1489427812964519945,2074532489624956931,Directed,1,RETWEET,2086000507496124889
1543676756220997632,1864888823022284800,Directed,1,MENTION,2086000498201759819
1543676756220997632,1864888823022284800,Directed,1,RETWEET,2086000498201759819
1712682603638136833,2079654546683699200,Directed,1,MENTION,2086000466853245346
1712682603638136833,2079654546683699200,Directed,1,RETWEET,2086000466853245346
161228711,1977843932278214657,Directed,1,MENTION,2086000406610452711
161228711,1977843932278214657,Directed,1,RETWEET,2086000406610452711
1936651374240186368,827310656512626688,Directed,1,MENTION,2086000382912901221
1936651374240186368,827310656512626688,Directed,1,RETWEET,2086000382912901221
1185966944069046274,787734636,Directed,1,MENTION,2086000370812125190
1185966944069046274,787734636,Directed,1,RETWEET,2086000370812125190
1690988460952395776,1150470446485135361,Directed,1,QUOTE,2086000315674030317
1957115067326926848,1636298207159361538,Directed,1,MENTION,2086000303313240391
1957115067326926848,1636298207159361538,Directed,1,RETWEET,2086000303313240391
771510910170992641,1665914818077814785,Directed,1,MENTION,2086000272103313538
771510910170992641,1665914818077814785,Directed,1,RETWEET,2086000272103313538
2075464754957578240,176269774,Directed,1,MENTION,2086000264973090878
2075464754957578240,176269774,Directed,1,REPLY,2086000264973090878
1142254592937332737,707978040010080256,Directed,1,MENTION,2086000247835111665
1142254592937332737,707978040010080256,Directed,1,RETWEET,2086000247835111665
2069708765780140032,2076614019843047424,Directed,1,MENTION,2086000244219634057
2069708765780140032,2076614019843047424,Directed,1,REPLY,2086000244219634057
1209136532516421633,1486435751441149957,Directed,1,QUOTE,2086000185272910253
27964622,202741437,Directed,1,QUOTE,2086000176448307617
1769876363320668160,1150470446485135361,Directed,2,MENTION,2086000122463228212
1769876363320668160,1150470446485135361,Directed,2,RETWEET,2086000122463228212
771510910170992641,768839836782297089,Directed,1,MENTION,2086000118080176584
771510910170992641,768839836782297089,Directed,1,RETWEET,2086000118080176584
1937374977608785920,1665914818077814785,Directed,1,MENTION,2086000097075360191
1937374977608785920,1665914818077814785,Directed,1,RETWEET,2086000097075360191
25756016,1636298207159361538,Directed,1,MENTION,2086000085838766459
25756016,1636298207159361538,Directed,1,RETWEET,2086000085838766459
161228711,1020515988272533511,Directed,1,MENTION,2086000076627812843
161228711,1020515988272533511,Directed,1,RETWEET,2086000076627812843
161228711,1368786964074295296,Directed,1,MENTION,2086000013805572575
161228711,1368786964074295296,Directed,1,RETWEET,2086000013805572575
563487444,1888031981012926465,Directed,1,QUOTE,2086000002816434477
1786580870591074304,1627097500325941249,Directed,1,MENTION,2085999961733316800
1786580870591074304,1627097500325941249,Directed,1,RETWEET,2085999961733316800
2038370258524786688,2063023806772334592,Directed,1,MENTION,2085999950756769810
2038370258524786688,2063023806772334592,Directed,1,RETWEET,2085999950756769810
1637885872052772876,1949705896101371904,Directed,1,MENTION,2085999944381448609
1637885872052772876,1949705896101371904,Directed,1,REPLY,2085999944381448609
1817981239254781952,1552261308581613569,Directed,1,MENTION,2085999938853613725
1817981239254781952,1552261308581613569,Directed,1,RETWEET,2085999938853613725
14082108,18806446,Directed,1,MENTION,2085999883128086847
14082108,1175960270465830925,Directed,1,MENTION,2085999883128086847
14082108,52791522,Directed,1,MENTION,2085999883128086847
14082108,351259443,Directed,1,MENTION,2085999883128086847
14082108,18806446,Directed,1,REPLY,2085999883128086847
1817981239254781952,2254306980,Directed,1,MENTION,2085999838806868060
1817981239254781952,2254306980,Directed,1,RETWEET,2085999838806868060
1950640331470602240,1957115067326926848,Directed,1,MENTION,2085999812504121471
1950640331470602240,1957115067326926848,Directed,1,RETWEET,2085999812504121471
15324218,600688540,Directed,1,QUOTE,2085999794544341360
941120878632407041,784884534571470849,Directed,1,QUOTE,2085999791608115471
1724617344151113728,1406797878597726209,Directed,1,MENTION,2085999742031438027
1724617344151113728,1406797878597726209,Directed,1,RETWEET,2085999742031438027
4046732533,1994669825734709255,Directed,1,MENTION,2085999729691795578
4046732533,1994669825734709255,Directed,1,RETWEET,2085999729691795578
1736916896325292032,1824905569087504384,Directed,1,MENTION,2085999708128817500
1736916896325292032,1824905569087504384,Directed,1,RETWEET,2085999708128817500
2040373205643198464,1552109374688075777,Directed,1,MENTION,2085999707218710617
2040373205643198464,1552109374688075777,Directed,1,RETWEET,2085999707218710617
161228711,1739487320468766720,Directed,1,MENTION,2085999675769848109
161228711,1739487320468766720,Directed,1,RETWEET,2085999675769848109
1724617344151113728,33746442,Directed,1,MENTION,2085999630593008098
1724617344151113728,33746442,Directed,1,RETWEET,2085999630593008098
869807981055148032,3076079852,Directed,1,MENTION,2085999538989379802
869807981055148032,3076079852,Directed,1,REPLY,2085999538989379802
1088133089233158145,1580253934773485568,Directed,1,MENTION,2085999467300323744
1088133089233158145,1580253934773485568,Directed,1,RETWEET,2085999467300323744
1937374977608785920,1898921833673433088,Directed,1,MENTION,2085999449961345361
1937374977608785920,1898921833673433088,Directed,1,RETWEET,2085999449961345361
1411440251302711300,32262346,Directed,1,MENTION,2085999427332849838
1411440251302711300,32262346,Directed,1,RETWEET,2085999427332849838
1937374977608785920,1691489079567822852,Directed,1,MENTION,2085999337239371930
1937374977608785920,1691489079567822852,Directed,1,RETWEET,2085999337239371930
36533935,1972825902649409536,Directed,1,MENTION,2085999321925788072
36533935,1972825902649409536,Directed,1,RETWEET,2085999321925788072
161228711,1513212462627233796,Directed,1,MENTION,2085999267559182338
161228711,1513212462627233796,Directed,1,RETWEET,2085999267559182338
1768465282920861696,1159333442787524608,Directed,1,MENTION,2085999256188731629
1768465282920861696,1159333442787524608,Directed,1,RETWEET,2085999256188731629
1209136532516421633,1455325752925241344,Directed,2,MENTION,2085999253990649856
1209136532516421633,1455325752925241344,Directed,2,RETWEET,2085999253990649856
64508083,1150470446485135361,Directed,1,MENTION,2085999226832769329
64508083,1150470446485135361,Directed,1,RETWEET,2085999226832769329
1552369401793548290,1599512453947105281,Directed,1,MENTION,2085999216661274990
1552369401793548290,1599512453947105281,Directed,1,RETWEET,2085999216661274990
1561929811760668674,1072577394232475649,Directed,1,MENTION,2085999195324866988
1561929811760668674,1072577394232475649,Directed,1,RETWEET,2085999195324866988
161228711,1579184761813221377,Directed,1,MENTION,2085999187796123712
161228711,1579184761813221377,Directed,1,RETWEET,2085999187796123712
1857757452,3076079852,Directed,1,MENTION,2085999158528237913
1857757452,3076079852,Directed,1,REPLY,2085999158528237913
1844464066250555405,1150470446485135361,Directed,1,QUOTE,2085999155936166203
1209136532516421633,45703396,Directed,1,MENTION,2085999095647252697
1209136532516421633,45703396,Directed,1,RETWEET,2085999095647252697
2046478085625991168,1819567785472937984,Directed,1,MENTION,2085999084310241757
2046478085625991168,1819567785472937984,Directed,1,RETWEET,2085999084310241757
1391108158035087362,1739487320468766720,Directed,1,QUOTE,2085999069445632264
1792270993144037376,1544456333667094529,Directed,1,MENTION,2085999069437026338
1792270993144037376,1544456333667094529,Directed,1,RETWEET,2085999069437026338
1879392694499172352,4760751141,Directed,1,MENTION,2085999060230525041
1879392694499172352,4760751141,Directed,1,RETWEET,2085999060230525041
871291963215097856,70054190,Directed,1,MENTION,2085998997936759049
871291963215097856,70054190,Directed,1,RETWEET,2085998997936759049
1706930868785131520,872253422753468417,Directed,1,MENTION,2085998988298211751
1706930868785131520,872253422753468417,Directed,1,RETWEET,2085998988298211751
768839836782297089,784884534571470849,Directed,1,QUOTE,2085998920522506271
2046478085625991168,1404262856149725187,Directed,1,MENTION,2085998920451428773
2046478085625991168,1404262856149725187,Directed,1,RETWEET,2085998920451428773
2016482057757564929,1513212462627233796,Directed,1,MENTION,2085998903036366998
2016482057757564929,1513212462627233796,Directed,1,RETWEET,2085998903036366998
1706930868785131520,336029515,Directed,1,MENTION,2085998896765862000
1706930868785131520,336029515,Directed,1,RETWEET,2085998896765862000
2082231747517816833,1150470446485135361,Directed,1,MENTION,2085998855141700059
2082231747517816833,1150470446485135361,Directed,1,RETWEET,2085998855141700059
1957136373237895168,1702663404685529088,Directed,1,MENTION,2085998854114062568
1957136373237895168,1702663404685529088,Directed,1,RETWEET,2085998854114062568
64508083,1973157618567806976,Directed,1,MENTION,2085998820153077777
64508083,1973157618567806976,Directed,1,RETWEET,2085998820153077777
823664271699558400,4760751141,Directed,1,MENTION,2085998814004134030
823664271699558400,4760751141,Directed,1,RETWEET,2085998814004134030
1409296260125892608,452462337,Directed,1,MENTION,2085998806064087323
1409296260125892608,452462337,Directed,1,RETWEET,2085998806064087323
1666990315088097280,1665880392765788164,Directed,1,MENTION,2085998792617193969
1666990315088097280,1665880392765788164,Directed,1,RETWEET,2085998792617193969
1721640063845421056,2165023678,Directed,1,MENTION,2085998785331605766
1721640063845421056,2165023678,Directed,1,RETWEET,2085998785331605766
1811163760700350464,2063023806772334592,Directed,1,MENTION,2085998756021903566
1811163760700350464,2063023806772334592,Directed,1,RETWEET,2085998756021903566
3192461160,1552261308581613569,Directed,1,MENTION,2085998663285772291
3192461160,1552261308581613569,Directed,1,RETWEET,2085998663285772291
1757215926217326592,1627097500325941249,Directed,1,MENTION,2085998616691290532
1757215926217326592,1627097500325941249,Directed,1,RETWEET,2085998616691290532
522717108,1552261308581613569,Directed,1,MENTION,2085998606893600812
522717108,1552261308581613569,Directed,1,RETWEET,2085998606893600812
1952600774028222464,1632496113243811842,Directed,1,MENTION,2085998592607613164
1952600774028222464,1632496113243811842,Directed,1,RETWEET,2085998592607613164
1209136532516421633,1142651761716600832,Directed,1,MENTION,2085998581966672166
1292478146659397632,1375458509702242307,Directed,1,MENTION,2085998571724087763
1292478146659397632,1150470446485135361,Directed,1,MENTION,2085998571724087763
1292478146659397632,1375458509702242307,Directed,1,RETWEET,2085998571724087763
1844464066250555405,1653472457225846804,Directed,1,MENTION,2085998553101381673
1844464066250555405,1653472457225846804,Directed,1,RETWEET,2085998553101381673
768839836782297089,1167497850,Directed,1,QUOTE,2085998545778209262
1281798998718734336,1552261308581613569,Directed,1,MENTION,2085998542267809973
1281798998718734336,1552261308581613569,Directed,1,RETWEET,2085998542267809973
1473436509160103939,1015308064088608769,Directed,1,MENTION,2085998539986100276
1473436509160103939,1015308064088608769,Directed,1,REPLY,2085998539986100276
2075464754957578240,2045684936447836160,Directed,1,MENTION,2085998514560020523
2075464754957578240,2045684936447836160,Directed,1,REPLY,2085998514560020523
2016482057757564929,1886979073,Directed,1,MENTION,2085998502887260271
2016482057757564929,389665114,Directed,2,MENTION,2085998502887260271
2016482057757564929,1886979073,Directed,1,RETWEET,2085998502887260271
2016482057757564929,389665114,Directed,1,RETWEET,2085998487997399205
1591227824098230283,1206260915877928962,Directed,1,MENTION,2085998457378992436
1591227824098230283,1206260915877928962,Directed,1,RETWEET,2085998457378992436
791478629158957056,1556186511380553728,Directed,1,MENTION,2085998451926663673
791478629158957056,1556186511380553728,Directed,1,RETWEET,2085998451926663673
1095724647998545923,312427406,Directed,1,MENTION,2085998431781130474
1095724647998545923,312427406,Directed,1,RETWEET,2085998431781130474
867606333033336833,1632496113243811842,Directed,1,MENTION,2085998419018178563
867606333033336833,1632496113243811842,Directed,1,RETWEET,2085998419018178563
493768517,1513212462627233796,Directed,1,MENTION,2085998400349118495
493768517,1513212462627233796,Directed,1,RETWEET,2085998400349118495
2040373205643198464,884029424538193921,Directed,1,MENTION,2085998400164507898
2040373205643198464,884029424538193921,Directed,1,RETWEET,2085998400164507898
1744055633916416000,1777843452103061504,Directed,1,MENTION,2085998391906214003
1744055633916416000,1777843452103061504,Directed,1,RETWEET,2085998391906214003
945560472471965696,1637885872052772876,Directed,1,MENTION,2085998349165998233
945560472471965696,1142651761716600832,Directed,1,MENTION,2085998349165998233
945560472471965696,1637885872052772876,Directed,1,RETWEET,2085998349165998233
1901363631721480192,2063023806772334592,Directed,1,MENTION,2085998331797586313
1901363631721480192,2063023806772334592,Directed,1,RETWEET,2085998331797586313
19396064,1209136532516421633,Directed,1,MENTION,2085998320762388580
19396064,1209136532516421633,Directed,1,RETWEET,2085998320762388580
867606333033336833,1513212462627233796,Directed,1,MENTION,2085998312914903159
867606333033336833,1513212462627233796,Directed,1,RETWEET,2085998312914903159
1954257482819211264,1977843932278214657,Directed,1,MENTION,2085998303221620883
1954257482819211264,1977843932278214657,Directed,1,RETWEET,2085998303221620883
1637885872052772876,1142651761716600832,Directed,1,MENTION,2085998276550029357
1637885872052772876,1142651761716600832,Directed,1,REPLY,2085998276550029357
1691985447508176896,2069708765780140032,Directed,1,MENTION,2085998259584020754
1691985447508176896,2069708765780140032,Directed,1,RETWEET,2085998259584020754
726009333993996289,1513212462627233796,Directed,1,MENTION,2085998235764818310
726009333993996289,1513212462627233796,Directed,1,RETWEET,2085998235764818310
1731355987464863744,1513212462627233796,Directed,1,MENTION,2085998169436086732
1731355987464863744,1513212462627233796,Directed,1,RETWEET,2085998169436086732
2080398632482693120,1948264167649198080,Directed,1,MENTION,2085998132836303009
2080398632482693120,1948264167649198080,Directed,1,RETWEET,2085998132836303009
2576164464,1972825902649409536,Directed,1,MENTION,2085998066277241181
2576164464,1972825902649409536,Directed,1,RETWEET,2085998066277241181
823031364068917249,1943028531564548097,Directed,1,MENTION,2085998036489253333
823031364068917249,1943028531564548097,Directed,1,RETWEET,2085998036489253333
1185966944069046274,1552261308581613569,Directed,1,MENTION,2085998017769808035
1185966944069046274,1552261308581613569,Directed,1,RETWEET,2085998017769808035
1724617344151113728,1650933564358139938,Directed,1,MENTION,2085997991777677417
1724617344151113728,1650933564358139938,Directed,1,RETWEET,2085997991777677417
57871352,47519500,Directed,1,QUOTE,2085997979069252016
1730389763348131840,1544964425450266625,Directed,1,MENTION,2085997978221736379
1730389763348131840,1544964425450266625,Directed,1,RETWEET,2085997978221736379
1209136532516421633,1632496113243811842,Directed,1,MENTION,2085997974002303180
1209136532516421633,1632496113243811842,Directed,1,RETWEET,2085997974002303180
1140841136191410176,1655722748042149890,Directed,1,QUOTE,2085997938699104764
1886979073,389665114,Directed,1,MENTION,2085997928494326252
1886979073,389665114,Directed,1,REPLY,2085997928494326252
1209136532516421633,1513212462627233796,Directed,1,MENTION,2085997914296299946
1209136532516421633,1513212462627233796,Directed,1,RETWEET,2085997914296299946
771860168225222656,23686617,Directed,1,MENTION,2085997902615269488
771860168225222656,23686617,Directed,1,RETWEET,2085997902615269488
1281375643817648128,1813024973919035393,Directed,1,MENTION,2085997886618116570
1281375643817648128,1813024973919035393,Directed,1,RETWEET,2085997886618116570
2027874038115143680,1544456333667094529,Directed,1,MENTION,2085997885099814916
2027874038115143680,1544456333667094529,Directed,1,RETWEET,2085997885099814916
1556186511380553728,1513212462627233796,Directed,1,MENTION,2085997852338118755
1556186511380553728,1513212462627233796,Directed,1,RETWEET,2085997852338118755
771860168225222656,113263315,Directed,1,MENTION,2085997829013512504
771860168225222656,113263315,Directed,1,RETWEET,2085997829013512504
258139954,176597857,Directed,1,MENTION,2085997826685685909
258139954,176597857,Directed,1,RETWEET,2085997826685685909
2039448151157841921,1972825902649409536,Directed,1,MENTION,2085997810986496492
2039448151157841921,1972825902649409536,Directed,1,RETWEET,2085997810986496492
53293787,70054190,Directed,1,MENTION,2085997801780187449
53293787,70054190,Directed,1,RETWEET,2085997801780187449
258139954,1440470542344081409,Directed,1,MENTION,2085997779155931597
258139954,1440470542344081409,Directed,1,RETWEET,2085997779155931597
1411440251302711300,4760751141,Directed,1,MENTION,2085997764375187721
1411440251302711300,4760751141,Directed,1,RETWEET,2085997764375187721
258139954,600523277,Directed,1,MENTION,2085997762731004209
258139954,600523277,Directed,1,RETWEET,2085997762731004209
161228711,1440470542344081409,Directed,1,MENTION,2085997718418198848
161228711,1440470542344081409,Directed,1,RETWEET,2085997718418198848
1012375105,1556186511380553728,Directed,1,MENTION,2085997707202568277
1012375105,1556186511380553728,Directed,1,RETWEET,2085997707202568277
2027855035712081921,1054887274289065984,Directed,1,MENTION,2085997698193240439
2027855035712081921,1054887274289065984,Directed,1,RETWEET,2085997698193240439
791478629158957056,1322278910495698947,Directed,1,MENTION,2085997668170637384
791478629158957056,1322278910495698947,Directed,1,RETWEET,2085997668170637384
1025897453332000769,1943028531564548097,Directed,1,QUOTE,2085997647350186014
1781680014175666176,1512884458273357829,Directed,1,MENTION,2085997571647078512
1781680014175666176,1512884458273357829,Directed,1,RETWEET,2085997571647078512
1724617344151113728,94443035,Directed,1,MENTION,2085997557109469638
1724617344151113728,94443035,Directed,1,RETWEET,2085997557109469638
1693339173963390976,1552109374688075777,Directed,1,MENTION,2085997503292334262
1693339173963390976,1552109374688075777,Directed,1,RETWEET,2085997503292334262
1634047030224977921,1132718767979532295,Directed,1,MENTION,2085997499613855911
1634047030224977921,1132718767979532295,Directed,1,RETWEET,2085997499613855911
600523277,2045684936447836160,Directed,1,QUOTE,2085997491393106237
1840508641398738944,2230933184,Directed,1,MENTION,2085997443561161195
1840508641398738944,2230933184,Directed,1,RETWEET,2085997443561161195
287491492,1368786964074295296,Directed,1,MENTION,2085997412544323717
287491492,1368786964074295296,Directed,1,REPLY,2085997412544323717
2080398632482693120,1864888823022284800,Directed,1,MENTION,2085997412087185815
2080398632482693120,1864888823022284800,Directed,1,RETWEET,2085997412087185815
1752031491331350528,1465545074201223169,Directed,1,MENTION,2085997399001186455
1752031491331350528,1465545074201223169,Directed,1,RETWEET,2085997399001186455
2084845644833775616,52791522,Directed,1,MENTION,2085997126123762022
258139954,452462337,Directed,1,MENTION,2085997095001915892
258139954,452462337,Directed,1,RETWEET,2085997095001915892
1445440434013081608,1552261308581613569,Directed,1,MENTION,2085996747185164577
1445440434013081608,1552261308581613569,Directed,1,RETWEET,2085996747185164577
